{
    "ECS_p": 0.229891,
    "ECS_n": 0.261052,
    "APower_p": 0.278364,
    "APower_n": 0.280411,
    "RCS_p": 0.0155864,
    "TCS_n": 0.0260915
}