{
    "KDHartreeFock": {
        "V1_0": 59.6132,
        "V1_asymm": 14.1251,
        "V1_A": 0.0350862,
        "V2_0_n": 0.00784907,
        "V2_A_n": 1.02029e-05,
        "V3_0_n": 2.76863e-05,
        "V3_A_n": 5.36733e-08,
        "V2_0_p": 0.00796367,
        "V2_A_p": 1.27732e-06,
        "V3_0_p": 3.06157e-05,
        "V3_A_p": -1.12285e-08,
        "V4_0": 4.23126e-08,
        "r_0": 1.30435,
        "r_A": 0.493625,
        "a_0": 0.712691,
        "a_A": 0.000110642
    },
    "KDCoulomb": {
        "r_C_0": 1.17651,
        "r_C_A": 1.69061,
        "r_C_A2": 6.34499
    },
    "KDRealSpinOrbit": {
        "V1_0": 6.42681,
        "V1_A": 0.00468808,
        "V2_0": 0.00595884,
        "r_0": 1.30582,
        "r_A": 1.10236,
        "a_0": 0.588901
    },
    "KDImagSpinOrbit": {
        "W1_0": -2.7447,
        "W2_0": 406.104
    },
    "KDImagVolume": {
        "W1_0_n": 20.2137,
        "W1_A_n": -0.0174098,
        "W1_0_p": 15.6379,
        "W1_A_p": 0.0315255,
        "W2_0": 88.3201,
        "W2_A": -0.017152
    },
    "KDImagSurface": {
        "D1_0": 21.2821,
        "D1_asymm": 28.153,
        "D2_0": 0.0397562,
        "D2_A": -0.0069303,
        "D2_A2": 5.09893,
        "D2_A3": 358.704,
        "D3_0": 14.676,
        "r_0": 1.37252,
        "r_A": 0.0247288,
        "a_0_n": 0.52578,
        "a_A_n": -0.000656159,
        "a_0_p": 0.562973,
        "a_A_p": 0.000435148
    }
}