{
    "ECS_p": 0.28168,
    "ECS_n": 0.338716,
    "APower_p": 1.0188,
    "APower_n": 0.56821,
    "RCS_p": 0.0240355,
    "TCS_n": 0.0447965
}