{
    "KDHartreeFock": {
        "V1_0": 60.8651,
        "V1_asymm": 14.4776,
        "V1_A": 0.0221199,
        "V2_0_n": 0.008568,
        "V2_A_n": -4.72698e-06,
        "V3_0_n": 3.63289e-05,
        "V3_A_n": -2.97798e-08,
        "V2_0_p": 0.00951825,
        "V2_A_p": 1.31721e-06,
        "V3_0_p": 4.57546e-05,
        "V3_A_p": -1.53693e-09,
        "V4_0": 6.81622e-08,
        "r_0": 1.2579,
        "r_A": 0.279233,
        "a_0": 0.671609,
        "a_A": -0.000339346
    },
    "KDCoulomb": {
        "r_C_0": 1.27955,
        "r_C_A": 1.43387,
        "r_C_A2": 9.12494
    },
    "KDRealSpinOrbit": {
        "V1_0": 8.08243,
        "V1_A": -0.0249956,
        "V2_0": 0.0104033,
        "r_0": 1.25778,
        "r_A": 0.853134,
        "a_0": 0.535355
    },
    "KDImagSpinOrbit": {
        "W1_0": -5.03179,
        "W2_0": 248.607
    },
    "KDImagVolume": {
        "W1_0_n": 25.3605,
        "W1_A_n": -0.0271683,
        "W1_0_p": 20.5527,
        "W1_A_p": 0.00612059,
        "W2_0": 129.777,
        "W2_A": -0.166513
    },
    "KDImagSurface": {
        "D1_0": 30.454,
        "D1_asymm": 22.4029,
        "D2_0": 0.0320597,
        "D2_A": 0.00202169,
        "D2_A2": 8.29893,
        "D2_A3": 299.135,
        "D3_0": 23.7755,
        "r_0": 1.35645,
        "r_A": 0.0258914,
        "a_0_n": 0.554442,
        "a_A_n": -0.00107158,
        "a_0_p": 0.491514,
        "a_A_p": 0.00145773
    }
}