{
    "ECS_p": 0.308306,
    "ECS_n": 0.260198,
    "APower_p": 0.725658,
    "APower_n": 0.465069,
    "RCS_p": 0.0364856,
    "TCS_n": 0.0481709
}