{
    "KDHartreeFock": {
        "V1_0": 64.4718,
        "V1_asymm": 19.8232,
        "V1_A": 0.0542327,
        "V2_0_n": 0.00892982,
        "V2_A_n": 1.58419e-05,
        "V3_0_n": 3.52359e-05,
        "V3_A_n": 9.43839e-08,
        "V2_0_p": 0.00790906,
        "V2_A_p": 1.22308e-06,
        "V3_0_p": 2.86491e-05,
        "V3_A_p": 3.20821e-08,
        "V4_0": 4.6139e-08,
        "r_0": 1.30184,
        "r_A": 0.562587,
        "a_0": 0.667853,
        "a_A": -0.000202956
    },
    "KDCoulomb": {
        "r_C_0": 1.14544,
        "r_C_A": 0.95002,
        "r_C_A2": 58.8408
    },
    "KDRealSpinOrbit": {
        "V1_0": 6.35962,
        "V1_A": -0.0175358,
        "V2_0": 0.00346296,
        "r_0": 1.18583,
        "r_A": 0.720399,
        "a_0": 0.580713
    },
    "KDImagSpinOrbit": {
        "W1_0": -1.85426,
        "W2_0": 125.347
    },
    "KDImagVolume": {
        "W1_0_n": 26.4298,
        "W1_A_n": 0.0227698,
        "W1_0_p": 24.0083,
        "W1_A_p": 0.0227971,
        "W2_0": 104.841,
        "W2_A": 0.242657
    },
    "KDImagSurface": {
        "D1_0": 32.1954,
        "D1_asymm": 10.6419,
        "D2_0": -0.0300475,
        "D2_A": 0.0605862,
        "D2_A2": 8.94761,
        "D2_A3": 306.202,
        "D3_0": 28.1179,
        "r_0": 1.4523,
        "r_A": 0.0397976,
        "a_0_n": 0.52163,
        "a_A_n": -0.00149606,
        "a_0_p": 0.409739,
        "a_A_p": 0.00200864
    }
}