{
    "ECS_p": 0.298197,
    "ECS_n": 0.178613,
    "APower_p": 0.362531,
    "APower_n": 0.14215,
    "RCS_p": 0.00292992,
    "TCS_n": 0.0375121
}