{
    "KDHartreeFock": {
        "V1_0": 59.5724,
        "V1_asymm": 22.4488,
        "V1_A": 0.0221142,
        "V2_0_n": 0.00673066,
        "V2_A_n": 6.90463e-06,
        "V3_0_n": 1.39278e-05,
        "V3_A_n": 4.06652e-08,
        "V2_0_p": 0.00629615,
        "V2_A_p": 9.06903e-06,
        "V3_0_p": 7.58586e-06,
        "V3_A_p": 5.84695e-08,
        "V4_0": -5.02687e-09,
        "r_0": 1.22792,
        "r_A": 0.207857,
        "a_0": 0.657232,
        "a_A": -0.000283542
    },
    "KDCoulomb": {
        "r_C_0": 1.16147,
        "r_C_A": 0.595276,
        "r_C_A2": 18.9901
    },
    "KDRealSpinOrbit": {
        "V1_0": 5.63125,
        "V1_A": 0.00700304,
        "V2_0": 0.00276116,
        "r_0": 1.15546,
        "r_A": 0.554562,
        "a_0": 0.614306
    },
    "KDImagSpinOrbit": {
        "W1_0": -4.27,
        "W2_0": 304.235
    },
    "KDImagVolume": {
        "W1_0_n": 18.3068,
        "W1_A_n": -0.00720185,
        "W1_0_p": 13.3262,
        "W1_A_p": 0.0857099,
        "W2_0": 85.2485,
        "W2_A": 0.198976
    },
    "KDImagSurface": {
        "D1_0": 17.2214,
        "D1_asymm": 22.3424,
        "D2_0": 0.0460967,
        "D2_A": -0.0214543,
        "D2_A2": 3.54929,
        "D2_A3": 216.35,
        "D3_0": 14.7364,
        "r_0": 1.16437,
        "r_A": -0.0179951,
        "a_0_n": 0.49511,
        "a_A_n": -0.00178575,
        "a_0_p": 0.532615,
        "a_A_p": 0.00119513
    }
}