{
    "ECS_p": 0.284466,
    "ECS_n": 0.203538,
    "APower_p": 0.268952,
    "APower_n": 0.158692,
    "RCS_p": 0.00463637,
    "TCS_n": 0.0261907
}