{
    "KDHartreeFock": {
        "V1_0": 56.0287,
        "V1_asymm": 14.2603,
        "V1_A": 0.014807,
        "V2_0_n": 0.00340224,
        "V2_A_n": -9.71561e-06,
        "V3_0_n": -1.02181e-05,
        "V3_A_n": -4.93197e-08,
        "V2_0_p": 0.00587094,
        "V2_A_p": 4.4795e-06,
        "V3_0_p": 8.26179e-06,
        "V3_A_p": 1.43529e-09,
        "V4_0": -3.24114e-08,
        "r_0": 1.29058,
        "r_A": 0.463724,
        "a_0": 0.722098,
        "a_A": 3.45933e-06
    },
    "KDCoulomb": {
        "r_C_0": 1.2954,
        "r_C_A": 0.86152,
        "r_C_A2": 1.27764
    },
    "KDRealSpinOrbit": {
        "V1_0": 6.94448,
        "V1_A": 0.00435964,
        "V2_0": 0.0145768,
        "r_0": 1.21032,
        "r_A": 0.647209,
        "a_0": 0.536245
    },
    "KDImagSpinOrbit": {
        "W1_0": -3.73378,
        "W2_0": 159.612
    },
    "KDImagVolume": {
        "W1_0_n": 25.6238,
        "W1_A_n": -0.0108138,
        "W1_0_p": 19.0523,
        "W1_A_p": 0.0567971,
        "W2_0": 145.198,
        "W2_A": -0.220718
    },
    "KDImagSurface": {
        "D1_0": 19.3681,
        "D1_asymm": 28.6922,
        "D2_0": 0.0294035,
        "D2_A": 0.00663357,
        "D2_A2": -0.136947,
        "D2_A3": 420.97,
        "D3_0": 9.73821,
        "r_0": 1.39569,
        "r_A": 0.0243887,
        "a_0_n": 0.49274,
        "a_A_n": -0.000200543,
        "a_0_p": 0.536721,
        "a_A_p": 0.000686064
    }
}