{
    "ECS_p": 0.321485,
    "ECS_n": 0.21325,
    "APower_p": 0.652424,
    "APower_n": 0.514968,
    "RCS_p": 0.0385947,
    "TCS_n": 0.0327266
}