{
    "KDHartreeFock": {
        "V1_0": 56.2555,
        "V1_asymm": 14.4321,
        "V1_A": 0.0145435,
        "V2_0_n": 0.00551574,
        "V2_A_n": 1.32625e-06,
        "V3_0_n": 6.43246e-06,
        "V3_A_n": 1.41912e-08,
        "V2_0_p": 0.00707417,
        "V2_A_p": 6.03359e-06,
        "V3_0_p": 7.68337e-06,
        "V3_A_p": 9.94161e-08,
        "V4_0": -1.14862e-08,
        "r_0": 1.23731,
        "r_A": 0.145793,
        "a_0": 0.640167,
        "a_A": -0.000476904
    },
    "KDCoulomb": {
        "r_C_0": 1.05055,
        "r_C_A": 0.903138,
        "r_C_A2": 20.4638
    },
    "KDRealSpinOrbit": {
        "V1_0": 4.56499,
        "V1_A": -0.0042614,
        "V2_0": 0.00649441,
        "r_0": 1.19227,
        "r_A": 0.450905,
        "a_0": 0.498088
    },
    "KDImagSpinOrbit": {
        "W1_0": -4.02342,
        "W2_0": 257.616
    },
    "KDImagVolume": {
        "W1_0_n": 18.0217,
        "W1_A_n": 0.0410983,
        "W1_0_p": 16.6648,
        "W1_A_p": 0.0463099,
        "W2_0": 111.786,
        "W2_A": 0.252976
    },
    "KDImagSurface": {
        "D1_0": 15.4788,
        "D1_asymm": 26.5097,
        "D2_0": 0.0241528,
        "D2_A": 0.00180475,
        "D2_A2": 13.4032,
        "D2_A3": -11.5606,
        "D3_0": 9.14735,
        "r_0": 1.42137,
        "r_A": 0.036535,
        "a_0_n": 0.530904,
        "a_A_n": -0.000379242,
        "a_0_p": 0.491107,
        "a_A_p": 0.000939136
    }
}