{
    "ECS_p": 0.345125,
    "ECS_n": 0.321504,
    "APower_p": 0.768138,
    "APower_n": 0.723827,
    "RCS_p": 0.0347362,
    "TCS_n": 0.0574581
}