{
    "KDHartreeFock": {
        "V1_0": 54.506,
        "V1_asymm": 17.7923,
        "V1_A": 0.0218034,
        "V2_0_n": 0.00539231,
        "V2_A_n": 1.69319e-05,
        "V3_0_n": -1.53589e-05,
        "V3_A_n": 6.17874e-08,
        "V2_0_p": 0.00564783,
        "V2_A_p": 1.2301e-05,
        "V3_0_p": -4.97352e-06,
        "V3_A_p": 6.73964e-08,
        "V4_0": -7.50313e-08,
        "r_0": 1.29693,
        "r_A": 0.330427,
        "a_0": 0.650134,
        "a_A": -0.000488949
    },
    "KDCoulomb": {
        "r_C_0": 1.26358,
        "r_C_A": 1.12361,
        "r_C_A2": 1.11914
    },
    "KDRealSpinOrbit": {
        "V1_0": 7.15815,
        "V1_A": -0.0168737,
        "V2_0": 0.00412249,
        "r_0": 1.19286,
        "r_A": 0.572738,
        "a_0": 0.601548
    },
    "KDImagSpinOrbit": {
        "W1_0": -2.78658,
        "W2_0": 305.465
    },
    "KDImagVolume": {
        "W1_0_n": 21.5687,
        "W1_A_n": -0.0108058,
        "W1_0_p": 15.8054,
        "W1_A_p": -0.00231719,
        "W2_0": 59.0436,
        "W2_A": 0.113245
    },
    "KDImagSurface": {
        "D1_0": 25.9389,
        "D1_asymm": 21.1673,
        "D2_0": 0.0542862,
        "D2_A": -0.0103889,
        "D2_A2": -3.25549,
        "D2_A3": -4.58813,
        "D3_0": 16.9495,
        "r_0": 1.33141,
        "r_A": 0.00348485,
        "a_0_n": 0.5366,
        "a_A_n": -6.80924e-05,
        "a_0_p": 0.46179,
        "a_A_p": 0.00151731
    }
}