{
    "ECS_p": 0.548441,
    "ECS_n": 0.326478,
    "APower_p": 0.943701,
    "APower_n": 0.522937,
    "RCS_p": 0.0572978,
    "TCS_n": 0.0266211
}