{
    "KDHartreeFock": {
        "V1_0": 55.7217,
        "V1_asymm": 7.55066,
        "V1_A": 0.0293447,
        "V2_0_n": 0.00405289,
        "V2_A_n": -3.92438e-06,
        "V3_0_n": -6.8931e-06,
        "V3_A_n": -2.85445e-08,
        "V2_0_p": 0.00502643,
        "V2_A_p": 8.47988e-06,
        "V3_0_p": 2.83381e-06,
        "V3_A_p": 8.08248e-08,
        "V4_0": -2.64637e-08,
        "r_0": 1.3616,
        "r_A": 0.653073,
        "a_0": 0.731936,
        "a_A": 0.000748543
    },
    "KDCoulomb": {
        "r_C_0": 1.04201,
        "r_C_A": 0.823463,
        "r_C_A2": 14.1202
    },
    "KDRealSpinOrbit": {
        "V1_0": 8.36033,
        "V1_A": -0.0278184,
        "V2_0": 0.0100973,
        "r_0": 1.25069,
        "r_A": 0.838618,
        "a_0": 0.574304
    },
    "KDImagSpinOrbit": {
        "W1_0": -3.22099,
        "W2_0": 229.362
    },
    "KDImagVolume": {
        "W1_0_n": 23.2689,
        "W1_A_n": -0.0324339,
        "W1_0_p": 18.2668,
        "W1_A_p": -0.0247717,
        "W2_0": 86.3631,
        "W2_A": -0.0535846
    },
    "KDImagSurface": {
        "D1_0": 33.4581,
        "D1_asymm": 27.3733,
        "D2_0": -0.018546,
        "D2_A": 0.0635794,
        "D2_A2": 19.1378,
        "D2_A3": 250.173,
        "D3_0": 23.2352,
        "r_0": 1.3995,
        "r_A": 0.0311177,
        "a_0_n": 0.543454,
        "a_A_n": -0.000282899,
        "a_0_p": 0.529063,
        "a_A_p": 0.00220317
    }
}