{
    "ECS_p": 0.61345,
    "ECS_n": 0.28283,
    "APower_p": 0.86824,
    "APower_n": 0.517034,
    "RCS_p": 0.0352087,
    "TCS_n": 0.0543799
}