{
    "KDHartreeFock": {
        "V1_0": 60.9212,
        "V1_asymm": 12.1172,
        "V1_A": 0.0451193,
        "V2_0_n": 0.00660335,
        "V2_A_n": 7.03377e-06,
        "V3_0_n": 1.17004e-05,
        "V3_A_n": 8.58517e-08,
        "V2_0_p": 0.00535142,
        "V2_A_p": 1.21445e-05,
        "V3_0_p": 2.25512e-06,
        "V3_A_p": 8.22087e-08,
        "V4_0": -3.1011e-08,
        "r_0": 1.32103,
        "r_A": 0.602354,
        "a_0": 0.661045,
        "a_A": -0.000251611
    },
    "KDCoulomb": {
        "r_C_0": 1.30625,
        "r_C_A": 1.60426,
        "r_C_A2": -12.1313
    },
    "KDRealSpinOrbit": {
        "V1_0": 4.45133,
        "V1_A": 0.00772544,
        "V2_0": 0.00791105,
        "r_0": 1.17566,
        "r_A": 0.705606,
        "a_0": 0.644229
    },
    "KDImagSpinOrbit": {
        "W1_0": -1.28937,
        "W2_0": 105.225
    },
    "KDImagVolume": {
        "W1_0_n": 17.6643,
        "W1_A_n": 0.0248028,
        "W1_0_p": 18.8338,
        "W1_A_p": -0.0190596,
        "W2_0": 111.703,
        "W2_A": -0.15605
    },
    "KDImagSurface": {
        "D1_0": 30.0198,
        "D1_asymm": 10.5287,
        "D2_0": 0.00144728,
        "D2_A": 0.0265703,
        "D2_A2": 10.3267,
        "D2_A3": 371.997,
        "D3_0": 23.2871,
        "r_0": 1.17692,
        "r_A": -0.023134,
        "a_0_n": 0.591981,
        "a_A_n": 0.000532004,
        "a_0_p": 0.505448,
        "a_A_p": 0.000531106
    }
}