{
    "ECS_p": 0.339458,
    "ECS_n": 0.235349,
    "APower_p": 0.304108,
    "APower_n": 0.249152,
    "RCS_p": 0.0175689,
    "TCS_n": 0.0365185
}