{
    "KDHartreeFock": {
        "V1_0": 59.6747,
        "V1_asymm": 12.7767,
        "V1_A": 0.0225531,
        "V2_0_n": 0.0060926,
        "V2_A_n": -4.67585e-06,
        "V3_0_n": 1.57951e-05,
        "V3_A_n": 3.23038e-09,
        "V2_0_p": 0.00810101,
        "V2_A_p": -5.42514e-06,
        "V3_0_p": 2.47906e-05,
        "V3_A_p": -5.56019e-08,
        "V4_0": 8.08901e-09,
        "r_0": 1.24035,
        "r_A": 0.296018,
        "a_0": 0.684836,
        "a_A": -0.000166784
    },
    "KDCoulomb": {
        "r_C_0": 1.38752,
        "r_C_A": 0.740563,
        "r_C_A2": 11.2503
    },
    "KDRealSpinOrbit": {
        "V1_0": 3.95644,
        "V1_A": 0.0248375,
        "V2_0": 0.0058009,
        "r_0": 1.26383,
        "r_A": 0.915459,
        "a_0": 0.618372
    },
    "KDImagSpinOrbit": {
        "W1_0": -0.900285,
        "W2_0": 131.132
    },
    "KDImagVolume": {
        "W1_0_n": 15.782,
        "W1_A_n": 0.0149841,
        "W1_0_p": 17.7662,
        "W1_A_p": 0.0106118,
        "W2_0": 60.2141,
        "W2_A": 0.00128583
    },
    "KDImagSurface": {
        "D1_0": 29.2718,
        "D1_asymm": -9.75815,
        "D2_0": 0.0431468,
        "D2_A": 0.024201,
        "D2_A2": 24.2742,
        "D2_A3": -22.0729,
        "D3_0": 19.3094,
        "r_0": 1.45249,
        "r_A": 0.0194728,
        "a_0_n": 0.512087,
        "a_A_n": 0.001284,
        "a_0_p": 0.486243,
        "a_A_p": 0.000725908
    }
}