{
    "ECS_p": 0.385111,
    "ECS_n": 0.255013,
    "APower_p": 0.579909,
    "APower_n": 0.490245,
    "RCS_p": 0.0540025,
    "TCS_n": 0.0700848
}