{
    "KDHartreeFock": {
        "V1_0": 57.0106,
        "V1_asymm": 14.2688,
        "V1_A": 0.0178951,
        "V2_0_n": 0.0056699,
        "V2_A_n": 6.36294e-06,
        "V3_0_n": -1.87182e-06,
        "V3_A_n": 2.40869e-08,
        "V2_0_p": 0.00606718,
        "V2_A_p": 2.88013e-07,
        "V3_0_p": 7.46986e-06,
        "V3_A_p": 1.03291e-08,
        "V4_0": -2.11809e-08,
        "r_0": 1.25898,
        "r_A": 0.288438,
        "a_0": 0.602767,
        "a_A": -0.00061061
    },
    "KDCoulomb": {
        "r_C_0": 1.09025,
        "r_C_A": 0.496719,
        "r_C_A2": 10.6119
    },
    "KDRealSpinOrbit": {
        "V1_0": 5.06067,
        "V1_A": -0.00861123,
        "V2_0": 0.00154072,
        "r_0": 1.08011,
        "r_A": -0.0533954,
        "a_0": 0.59605
    },
    "KDImagSpinOrbit": {
        "W1_0": -2.24419,
        "W2_0": 201.553
    },
    "KDImagVolume": {
        "W1_0_n": 24.4552,
        "W1_A_n": -0.0399691,
        "W1_0_p": 16.9377,
        "W1_A_p": 0.00916076,
        "W2_0": 115.978,
        "W2_A": -0.227934
    },
    "KDImagSurface": {
        "D1_0": 10.4608,
        "D1_asymm": 10.9482,
        "D2_0": 0.0405091,
        "D2_A": -0.0236265,
        "D2_A2": 12.2813,
        "D2_A3": 246.796,
        "D3_0": 5.3787,
        "r_0": 1.32025,
        "r_A": 0.0171751,
        "a_0_n": 0.603702,
        "a_A_n": 0.000269939,
        "a_0_p": 0.562812,
        "a_A_p": 0.00149318
    }
}