{
    "ECS_p": 0.371688,
    "ECS_n": 0.255239,
    "APower_p": 0.777377,
    "APower_n": 0.554539,
    "RCS_p": 0.0164224,
    "TCS_n": 0.0511969
}