{
    "KDHartreeFock": {
        "V1_0": 56.0985,
        "V1_asymm": -1.50951,
        "V1_A": 0.0386557,
        "V2_0_n": 0.00620237,
        "V2_A_n": -7.98587e-06,
        "V3_0_n": 1.83734e-05,
        "V3_A_n": 1.88155e-08,
        "V2_0_p": 0.00688756,
        "V2_A_p": -5.27791e-06,
        "V3_0_p": 2.52908e-05,
        "V3_A_p": -7.44562e-08,
        "V4_0": 9.65533e-09,
        "r_0": 1.3563,
        "r_A": 0.534495,
        "a_0": 0.693304,
        "a_A": 6.56549e-05
    },
    "KDCoulomb": {
        "r_C_0": 1.19514,
        "r_C_A": 1.19695,
        "r_C_A2": -7.08571
    },
    "KDRealSpinOrbit": {
        "V1_0": 2.98072,
        "V1_A": 0.0119563,
        "V2_0": 0.00227496,
        "r_0": 1.25912,
        "r_A": 0.801437,
        "a_0": 0.63333
    },
    "KDImagSpinOrbit": {
        "W1_0": -2.2136,
        "W2_0": 305.524
    },
    "KDImagVolume": {
        "W1_0_n": 11.3698,
        "W1_A_n": 0.127866,
        "W1_0_p": 19.7576,
        "W1_A_p": 0.000308465,
        "W2_0": 158.951,
        "W2_A": -0.0310674
    },
    "KDImagSurface": {
        "D1_0": 19.4658,
        "D1_asymm": 17.975,
        "D2_0": 0.00869113,
        "D2_A": 0.0125537,
        "D2_A2": 5.67226,
        "D2_A3": 328.7,
        "D3_0": 13.9856,
        "r_0": 1.28786,
        "r_A": -0.00181813,
        "a_0_n": 0.52339,
        "a_A_n": 0.000318524,
        "a_0_p": 0.444189,
        "a_A_p": 0.00100371
    }
}