{
    "ECS_p": 0.435797,
    "ECS_n": 0.206351,
    "APower_p": 0.407654,
    "APower_n": 0.27946,
    "RCS_p": 0.0184731,
    "TCS_n": 0.0196836
}