{
    "KDHartreeFock": {
        "V1_0": 60.7834,
        "V1_asymm": 25.4608,
        "V1_A": 0.0262929,
        "V2_0_n": 0.00702191,
        "V2_A_n": 2.03531e-06,
        "V3_0_n": 2.49668e-05,
        "V3_A_n": 2.15634e-08,
        "V2_0_p": 0.00948399,
        "V2_A_p": -1.91081e-06,
        "V3_0_p": 4.03305e-05,
        "V3_A_p": 9.79157e-09,
        "V4_0": 3.61834e-08,
        "r_0": 1.26943,
        "r_A": 0.364596,
        "a_0": 0.620506,
        "a_A": -0.0005125
    },
    "KDCoulomb": {
        "r_C_0": 1.19974,
        "r_C_A": 1.10131,
        "r_C_A2": 23.1984
    },
    "KDRealSpinOrbit": {
        "V1_0": 10.7008,
        "V1_A": -0.016591,
        "V2_0": 0.0229392,
        "r_0": 1.20816,
        "r_A": 0.713922,
        "a_0": 0.589118
    },
    "KDImagSpinOrbit": {
        "W1_0": -3.27692,
        "W2_0": 525.529
    },
    "KDImagVolume": {
        "W1_0_n": 21.393,
        "W1_A_n": 0.0176653,
        "W1_0_p": 27.4673,
        "W1_A_p": 0.0278367,
        "W2_0": 108.991,
        "W2_A": 0.20719
    },
    "KDImagSurface": {
        "D1_0": 22.4988,
        "D1_asymm": 7.39392,
        "D2_0": 0.0310844,
        "D2_A": 0.000734768,
        "D2_A2": 4.55181,
        "D2_A3": -34.3424,
        "D3_0": 17.47,
        "r_0": 1.3482,
        "r_A": 0.0202696,
        "a_0_n": 0.564003,
        "a_A_n": -0.000329709,
        "a_0_p": 0.485261,
        "a_A_p": 0.0015686
    }
}