{
    "ECS_p": 0.256803,
    "ECS_n": 0.235632,
    "APower_p": 0.337747,
    "APower_n": 0.19027,
    "RCS_p": 0.00946896,
    "TCS_n": 0.0247429
}