{
    "KDHartreeFock": {
        "V1_0": 59.7604,
        "V1_asymm": 16.1065,
        "V1_A": 0.0247153,
        "V2_0_n": 0.00718808,
        "V2_A_n": 5.77753e-06,
        "V3_0_n": 2.06146e-05,
        "V3_A_n": 5.36141e-08,
        "V2_0_p": 0.00751335,
        "V2_A_p": -1.77405e-07,
        "V3_0_p": 2.21326e-05,
        "V3_A_p": -1.71402e-08,
        "V4_0": 5.41421e-09,
        "r_0": 1.239,
        "r_A": 0.281403,
        "a_0": 0.731756,
        "a_A": -1.52871e-05
    },
    "KDCoulomb": {
        "r_C_0": 1.5449,
        "r_C_A": 1.83737,
        "r_C_A2": -11.7831
    },
    "KDRealSpinOrbit": {
        "V1_0": 6.90541,
        "V1_A": -0.000657025,
        "V2_0": 0.00695466,
        "r_0": 1.18894,
        "r_A": 0.711844,
        "a_0": 0.582083
    },
    "KDImagSpinOrbit": {
        "W1_0": -3.23054,
        "W2_0": 140.992
    },
    "KDImagVolume": {
        "W1_0_n": 15.4822,
        "W1_A_n": 0.0448066,
        "W1_0_p": 26.0907,
        "W1_A_p": 0.0331704,
        "W2_0": 130.8,
        "W2_A": 0.0515745
    },
    "KDImagSurface": {
        "D1_0": 15.7196,
        "D1_asymm": 16.8234,
        "D2_0": -0.0405083,
        "D2_A": 0.0617477,
        "D2_A2": 0.581929,
        "D2_A3": 314.965,
        "D3_0": 12.0863,
        "r_0": 1.28056,
        "r_A": 0.00715315,
        "a_0_n": 0.559955,
        "a_A_n": -0.00047916,
        "a_0_p": 0.550346,
        "a_A_p": 0.000602244
    }
}