{
    "ECS_p": 0.331511,
    "ECS_n": 0.304909,
    "APower_p": 0.752393,
    "APower_n": 0.552432,
    "RCS_p": 0.0305758,
    "TCS_n": 0.0404209
}