{
    "KDHartreeFock": {
        "V1_0": 55.9543,
        "V1_asymm": 6.97645,
        "V1_A": 0.0218387,
        "V2_0_n": 0.00424093,
        "V2_A_n": -4.74379e-06,
        "V3_0_n": -6.32749e-06,
        "V3_A_n": 5.29423e-09,
        "V2_0_p": 0.0042936,
        "V2_A_p": 1.3905e-05,
        "V3_0_p": -9.05696e-06,
        "V3_A_p": 5.83674e-08,
        "V4_0": -5.11099e-08,
        "r_0": 1.28742,
        "r_A": 0.355028,
        "a_0": 0.608897,
        "a_A": -0.000446079
    },
    "KDCoulomb": {
        "r_C_0": 1.18984,
        "r_C_A": 1.54457,
        "r_C_A2": 25.2919
    },
    "KDRealSpinOrbit": {
        "V1_0": 3.84367,
        "V1_A": 0.000579445,
        "V2_0": 0.000342891,
        "r_0": 1.2441,
        "r_A": 1.06204,
        "a_0": 0.608198
    },
    "KDImagSpinOrbit": {
        "W1_0": -1.55154,
        "W2_0": 211.844
    },
    "KDImagVolume": {
        "W1_0_n": 14.1583,
        "W1_A_n": 0.0565648,
        "W1_0_p": 16.5628,
        "W1_A_p": 0.0684845,
        "W2_0": 56.8088,
        "W2_A": 0.422432
    },
    "KDImagSurface": {
        "D1_0": 20.4489,
        "D1_asymm": 12.8817,
        "D2_0": 0.028037,
        "D2_A": 0.0220416,
        "D2_A2": 19.2041,
        "D2_A3": 1.94203,
        "D3_0": 15.2082,
        "r_0": 1.36003,
        "r_A": 0.0211936,
        "a_0_n": 0.552964,
        "a_A_n": -0.000146341,
        "a_0_p": 0.45184,
        "a_A_p": 0.00183163
    }
}