{
    "ECS_p": 0.202728,
    "ECS_n": 0.197529,
    "APower_p": 0.375756,
    "APower_n": 0.321995,
    "RCS_p": 0.0124833,
    "TCS_n": 0.0240533
}