{
    "KDHartreeFock": {
        "V1_0": 56.1037,
        "V1_asymm": 21.0998,
        "V1_A": 0.00773609,
        "V2_0_n": 0.00533784,
        "V2_A_n": 1.09001e-07,
        "V3_0_n": 4.57389e-06,
        "V3_A_n": 4.15025e-09,
        "V2_0_p": 0.00675862,
        "V2_A_p": 3.81583e-06,
        "V3_0_p": 1.13916e-05,
        "V3_A_p": 1.85084e-08,
        "V4_0": -1.76913e-08,
        "r_0": 1.2977,
        "r_A": 0.420689,
        "a_0": 0.696258,
        "a_A": 0.000312339
    },
    "KDCoulomb": {
        "r_C_0": 1.08436,
        "r_C_A": 0.118416,
        "r_C_A2": 16.3031
    },
    "KDRealSpinOrbit": {
        "V1_0": 6.4254,
        "V1_A": 0.0026613,
        "V2_0": 0.00278963,
        "r_0": 1.13355,
        "r_A": 0.489225,
        "a_0": 0.665497
    },
    "KDImagSpinOrbit": {
        "W1_0": -1.33074,
        "W2_0": 333.066
    },
    "KDImagVolume": {
        "W1_0_n": 16.8315,
        "W1_A_n": -0.00773485,
        "W1_0_p": 13.9939,
        "W1_A_p": 0.043056,
        "W2_0": 80.4717,
        "W2_A": -0.0900934
    },
    "KDImagSurface": {
        "D1_0": 20.4969,
        "D1_asymm": 18.9781,
        "D2_0": 0.0462946,
        "D2_A": -0.01052,
        "D2_A2": 3.08326,
        "D2_A3": 263.659,
        "D3_0": 14.2034,
        "r_0": 1.46555,
        "r_A": 0.0396105,
        "a_0_n": 0.554044,
        "a_A_n": -6.72921e-05,
        "a_0_p": 0.56435,
        "a_A_p": 0.000363227
    }
}