{
    "ECS_p": 0.281757,
    "ECS_n": 0.216387,
    "APower_p": 0.390765,
    "APower_n": 0.137022,
    "RCS_p": 0.0170151,
    "TCS_n": 0.0260519
}