{
    "KDHartreeFock": {
        "V1_0": 61.6005,
        "V1_asymm": 10.804,
        "V1_A": 0.0279025,
        "V2_0_n": 0.00772853,
        "V2_A_n": -3.61876e-07,
        "V3_0_n": 2.88974e-05,
        "V3_A_n": -8.45131e-09,
        "V2_0_p": 0.00917042,
        "V2_A_p": -8.22975e-06,
        "V3_0_p": 4.01492e-05,
        "V3_A_p": -2.90361e-08,
        "V4_0": 5.20057e-08,
        "r_0": 1.19494,
        "r_A": 0.0723435,
        "a_0": 0.647307,
        "a_A": -0.000485817
    },
    "KDCoulomb": {
        "r_C_0": 1.16953,
        "r_C_A": 0.877934,
        "r_C_A2": 20.1841
    },
    "KDRealSpinOrbit": {
        "V1_0": 6.83046,
        "V1_A": -0.00516891,
        "V2_0": 0.00526827,
        "r_0": 1.14935,
        "r_A": 0.687636,
        "a_0": 0.52903
    },
    "KDImagSpinOrbit": {
        "W1_0": -5.75962,
        "W2_0": 247.234
    },
    "KDImagVolume": {
        "W1_0_n": 22.9162,
        "W1_A_n": 0.0668634,
        "W1_0_p": 27.811,
        "W1_A_p": 0.100207,
        "W2_0": 118.359,
        "W2_A": 0.529214
    },
    "KDImagSurface": {
        "D1_0": 18.8847,
        "D1_asymm": -1.44003,
        "D2_0": 0.0703515,
        "D2_A": -0.0474169,
        "D2_A2": 8.0985,
        "D2_A3": 248.865,
        "D3_0": 16.9661,
        "r_0": 1.24563,
        "r_A": 0.0038042,
        "a_0_n": 0.576431,
        "a_A_n": -0.000142021,
        "a_0_p": 0.51203,
        "a_A_p": 0.00206416
    }
}