{
    "ECS_p": 0.339468,
    "ECS_n": 0.284846,
    "APower_p": 0.595745,
    "APower_n": 0.726023,
    "RCS_p": 0.0244733,
    "TCS_n": 0.0370884
}