{
    "KDHartreeFock": {
        "V1_0": 63.962,
        "V1_asymm": 15.6303,
        "V1_A": 0.0425432,
        "V2_0_n": 0.00950238,
        "V2_A_n": 5.20961e-06,
        "V3_0_n": 4.50386e-05,
        "V3_A_n": 3.66089e-08,
        "V2_0_p": 0.0103614,
        "V2_A_p": -9.27004e-06,
        "V3_0_p": 4.6251e-05,
        "V3_A_p": -2.64673e-08,
        "V4_0": 7.52725e-08,
        "r_0": 1.30508,
        "r_A": 0.484738,
        "a_0": 0.659908,
        "a_A": -0.000120179
    },
    "KDCoulomb": {
        "r_C_0": 1.13511,
        "r_C_A": -0.827671,
        "r_C_A2": -0.90093
    },
    "KDRealSpinOrbit": {
        "V1_0": 7.01268,
        "V1_A": -0.0234052,
        "V2_0": 0.00478475,
        "r_0": 1.11918,
        "r_A": 0.266158,
        "a_0": 0.588718
    },
    "KDImagSpinOrbit": {
        "W1_0": -0.681736,
        "W2_0": 123.93
    },
    "KDImagVolume": {
        "W1_0_n": 19.1433,
        "W1_A_n": 0.00695151,
        "W1_0_p": 16.0316,
        "W1_A_p": 0.0298506,
        "W2_0": 103.8,
        "W2_A": 0.0634741
    },
    "KDImagSurface": {
        "D1_0": 29.4328,
        "D1_asymm": 12.2296,
        "D2_0": 0.029716,
        "D2_A": 0.00276972,
        "D2_A2": 0.898978,
        "D2_A3": 388.427,
        "D3_0": 19.8474,
        "r_0": 1.2933,
        "r_A": 0.00482986,
        "a_0_n": 0.547578,
        "a_A_n": 0.000152073,
        "a_0_p": 0.479621,
        "a_A_p": 0.000839157
    }
}