{
    "ECS_p": 0.277752,
    "ECS_n": 0.19726,
    "APower_p": 0.441949,
    "APower_n": 0.245223,
    "RCS_p": 0.00959825,
    "TCS_n": 0.0251118
}