{
    "KDHartreeFock": {
        "V1_0": 59.2179,
        "V1_asymm": 15.8247,
        "V1_A": 0.0135473,
        "V2_0_n": 0.0064726,
        "V2_A_n": -1.2578e-06,
        "V3_0_n": 1.64864e-05,
        "V3_A_n": -7.52191e-09,
        "V2_0_p": 0.00888009,
        "V2_A_p": -6.89835e-06,
        "V3_0_p": 3.22087e-05,
        "V3_A_p": -5.00129e-08,
        "V4_0": 1.94161e-08,
        "r_0": 1.27002,
        "r_A": 0.407904,
        "a_0": 0.7254,
        "a_A": 0.000355825
    },
    "KDCoulomb": {
        "r_C_0": 1.37886,
        "r_C_A": -0.479143,
        "r_C_A2": 17.1082
    },
    "KDRealSpinOrbit": {
        "V1_0": 5.34542,
        "V1_A": 0.00485812,
        "V2_0": 0.00788204,
        "r_0": 1.2533,
        "r_A": 0.99489,
        "a_0": 0.531537
    },
    "KDImagSpinOrbit": {
        "W1_0": -3.23408,
        "W2_0": 196.727
    },
    "KDImagVolume": {
        "W1_0_n": 22.4869,
        "W1_A_n": 0.0255248,
        "W1_0_p": 16.6655,
        "W1_A_p": 0.0851543,
        "W2_0": 129.282,
        "W2_A": 0.100548
    },
    "KDImagSurface": {
        "D1_0": 16.5131,
        "D1_asymm": 10.9444,
        "D2_0": 0.0189842,
        "D2_A": 0.00815134,
        "D2_A2": 13.7716,
        "D2_A3": 63.8397,
        "D3_0": 15.294,
        "r_0": 1.39584,
        "r_A": 0.0337334,
        "a_0_n": 0.586557,
        "a_A_n": -0.000106035,
        "a_0_p": 0.553316,
        "a_A_p": 0.00143603
    }
}