{
    "ECS_p": 0.320295,
    "ECS_n": 0.215478,
    "APower_p": 0.714317,
    "APower_n": 0.805871,
    "RCS_p": 0.0328947,
    "TCS_n": 0.0346782
}