{
    "KDHartreeFock": {
        "V1_0": 55.3571,
        "V1_asymm": 18.4887,
        "V1_A": 0.00208492,
        "V2_0_n": 0.0055713,
        "V2_A_n": 9.33573e-07,
        "V3_0_n": 1.90519e-06,
        "V3_A_n": -3.57833e-09,
        "V2_0_p": 0.00728968,
        "V2_A_p": 1.96973e-06,
        "V3_0_p": 6.94858e-06,
        "V3_A_p": 5.74585e-08,
        "V4_0": -2.67983e-08,
        "r_0": 1.23194,
        "r_A": 0.101957,
        "a_0": 0.650627,
        "a_A": -0.000243449
    },
    "KDCoulomb": {
        "r_C_0": 1.16731,
        "r_C_A": 0.643001,
        "r_C_A2": -23.0351
    },
    "KDRealSpinOrbit": {
        "V1_0": 5.5627,
        "V1_A": -0.00980213,
        "V2_0": 0.0023213,
        "r_0": 1.16909,
        "r_A": 0.546347,
        "a_0": 0.564536
    },
    "KDImagSpinOrbit": {
        "W1_0": -3.32678,
        "W2_0": 178.599
    },
    "KDImagVolume": {
        "W1_0_n": 22.0167,
        "W1_A_n": -0.0430913,
        "W1_0_p": 17.8978,
        "W1_A_p": 0.0126154,
        "W2_0": 127.18,
        "W2_A": -0.224729
    },
    "KDImagSurface": {
        "D1_0": 19.9718,
        "D1_asymm": -1.16431,
        "D2_0": 0.0644231,
        "D2_A": -0.0392633,
        "D2_A2": 20.9349,
        "D2_A3": 410.624,
        "D3_0": 17.1161,
        "r_0": 1.49549,
        "r_A": 0.0542892,
        "a_0_n": 0.539851,
        "a_A_n": -0.000153083,
        "a_0_p": 0.468591,
        "a_A_p": 0.00101747
    }
}