{
    "ECS_p": 0.217807,
    "ECS_n": 0.213858,
    "APower_p": 0.437386,
    "APower_n": 0.147942,
    "RCS_p": 0.00634967,
    "TCS_n": 0.0277435
}