{
    "KDHartreeFock": {
        "V1_0": 60.2011,
        "V1_asymm": 13.2244,
        "V1_A": 0.0356445,
        "V2_0_n": 0.00618003,
        "V2_A_n": 1.83231e-06,
        "V3_0_n": 1.09621e-05,
        "V3_A_n": 1.62062e-08,
        "V2_0_p": 0.0054395,
        "V2_A_p": 1.11206e-05,
        "V3_0_p": 1.17518e-05,
        "V3_A_p": 3.82268e-08,
        "V4_0": 8.19634e-10,
        "r_0": 1.32888,
        "r_A": 0.623002,
        "a_0": 0.66846,
        "a_A": 0.000178115
    },
    "KDCoulomb": {
        "r_C_0": 1.29616,
        "r_C_A": 0.364972,
        "r_C_A2": 6.82462
    },
    "KDRealSpinOrbit": {
        "V1_0": 7.4992,
        "V1_A": 0.00508615,
        "V2_0": 0.0108451,
        "r_0": 1.26482,
        "r_A": 0.942518,
        "a_0": 0.562061
    },
    "KDImagSpinOrbit": {
        "W1_0": -5.04845,
        "W2_0": 145.222
    },
    "KDImagVolume": {
        "W1_0_n": 29.2754,
        "W1_A_n": 0.036392,
        "W1_0_p": 26.2897,
        "W1_A_p": 0.111899,
        "W2_0": 158.603,
        "W2_A": 0.146817
    },
    "KDImagSurface": {
        "D1_0": 15.9335,
        "D1_asymm": 0.245515,
        "D2_0": 0.0549535,
        "D2_A": -0.0368913,
        "D2_A2": 9.53793,
        "D2_A3": 539.694,
        "D3_0": 15.5338,
        "r_0": 1.33433,
        "r_A": 0.0137917,
        "a_0_n": 0.558622,
        "a_A_n": 7.92606e-05,
        "a_0_p": 0.465029,
        "a_A_p": 0.00178867
    }
}