{
    "ECS_p": 0.394759,
    "ECS_n": 0.375692,
    "APower_p": 0.757508,
    "APower_n": 0.719186,
    "RCS_p": 0.0417281,
    "TCS_n": 0.061642
}