{
    "KDHartreeFock": {
        "V1_0": 58.9254,
        "V1_asymm": 17.2283,
        "V1_A": 0.0261094,
        "V2_0_n": 0.00706717,
        "V2_A_n": -2.22122e-06,
        "V3_0_n": 2.76331e-05,
        "V3_A_n": -1.48602e-08,
        "V2_0_p": 0.00722587,
        "V2_A_p": 8.11591e-06,
        "V3_0_p": 2.92381e-05,
        "V3_A_p": 6.54916e-08,
        "V4_0": 6.79145e-08,
        "r_0": 1.23844,
        "r_A": 0.176287,
        "a_0": 0.631034,
        "a_A": -0.000545295
    },
    "KDCoulomb": {
        "r_C_0": 1.30623,
        "r_C_A": -0.285156,
        "r_C_A2": 8.24506
    },
    "KDRealSpinOrbit": {
        "V1_0": 3.27611,
        "V1_A": -0.00885103,
        "V2_0": 0.000592659,
        "r_0": 1.20431,
        "r_A": 0.630342,
        "a_0": 0.565029
    },
    "KDImagSpinOrbit": {
        "W1_0": -8.13011,
        "W2_0": 316.378
    },
    "KDImagVolume": {
        "W1_0_n": 19.4171,
        "W1_A_n": 0.0241482,
        "W1_0_p": 20.4748,
        "W1_A_p": 0.014226,
        "W2_0": 71.3524,
        "W2_A": 0.103165
    },
    "KDImagSurface": {
        "D1_0": 24.605,
        "D1_asymm": 24.3459,
        "D2_0": 0.0198281,
        "D2_A": 0.0190954,
        "D2_A2": 4.91504,
        "D2_A3": 302.562,
        "D3_0": 19.3832,
        "r_0": 1.3129,
        "r_A": 0.0206282,
        "a_0_n": 0.574153,
        "a_A_n": -0.000890958,
        "a_0_p": 0.543714,
        "a_A_p": 0.000791037
    }
}