{
    "ECS_p": 0.392304,
    "ECS_n": 0.204906,
    "APower_p": 0.34766,
    "APower_n": 0.0786586,
    "RCS_p": 0.00555149,
    "TCS_n": 0.0200935
}