{
    "KDHartreeFock": {
        "V1_0": 56.0851,
        "V1_asymm": 12.5641,
        "V1_A": 0.0130867,
        "V2_0_n": 0.00551241,
        "V2_A_n": -3.50767e-06,
        "V3_0_n": 2.46052e-06,
        "V3_A_n": -1.97973e-09,
        "V2_0_p": 0.00657239,
        "V2_A_p": 2.88177e-06,
        "V3_0_p": 1.01271e-05,
        "V3_A_p": 8.64361e-09,
        "V4_0": -3.26031e-08,
        "r_0": 1.25505,
        "r_A": 0.264508,
        "a_0": 0.692957,
        "a_A": -5.31952e-05
    },
    "KDCoulomb": {
        "r_C_0": 1.05488,
        "r_C_A": 1.50992,
        "r_C_A2": 2.54298
    },
    "KDRealSpinOrbit": {
        "V1_0": 6.50831,
        "V1_A": 0.0111503,
        "V2_0": 0.0104365,
        "r_0": 1.24126,
        "r_A": 0.622229,
        "a_0": 0.576533
    },
    "KDImagSpinOrbit": {
        "W1_0": -5.87042,
        "W2_0": 257.729
    },
    "KDImagVolume": {
        "W1_0_n": 19.0387,
        "W1_A_n": -0.00265458,
        "W1_0_p": 19.6113,
        "W1_A_p": -0.0396033,
        "W2_0": 134.551,
        "W2_A": -0.259572
    },
    "KDImagSurface": {
        "D1_0": 9.45555,
        "D1_asymm": 7.72481,
        "D2_0": -0.00060229,
        "D2_A": 0.0125258,
        "D2_A2": 4.96803,
        "D2_A3": 467.662,
        "D3_0": 6.17687,
        "r_0": 1.40221,
        "r_A": 0.0333855,
        "a_0_n": 0.576521,
        "a_A_n": -0.000207039,
        "a_0_p": 0.500604,
        "a_A_p": 0.00204288
    }
}