{
    "ECS_p": 0.45153,
    "ECS_n": 0.255682,
    "APower_p": 0.504687,
    "APower_n": 0.597921,
    "RCS_p": 0.0351459,
    "TCS_n": 0.0412678
}