{
    "KDHartreeFock": {
        "V1_0": 61.4199,
        "V1_asymm": 11.5613,
        "V1_A": 0.0381163,
        "V2_0_n": 0.00703955,
        "V2_A_n": 5.54159e-06,
        "V3_0_n": 1.38861e-05,
        "V3_A_n": 5.83281e-08,
        "V2_0_p": 0.00687059,
        "V2_A_p": -3.49022e-06,
        "V3_0_p": 1.44661e-05,
        "V3_A_p": -2.39385e-08,
        "V4_0": 1.53573e-09,
        "r_0": 1.27347,
        "r_A": 0.413132,
        "a_0": 0.704848,
        "a_A": -9.10613e-05
    },
    "KDCoulomb": {
        "r_C_0": 1.3506,
        "r_C_A": -0.391961,
        "r_C_A2": 20.5003
    },
    "KDRealSpinOrbit": {
        "V1_0": 3.02054,
        "V1_A": 0.0235099,
        "V2_0": 0.00124171,
        "r_0": 1.13657,
        "r_A": 0.342998,
        "a_0": 0.595862
    },
    "KDImagSpinOrbit": {
        "W1_0": -3.50043,
        "W2_0": 204.523
    },
    "KDImagVolume": {
        "W1_0_n": 22.9917,
        "W1_A_n": -0.0161843,
        "W1_0_p": 18.174,
        "W1_A_p": 0.034536,
        "W2_0": 90.9173,
        "W2_A": 0.245752
    },
    "KDImagSurface": {
        "D1_0": 11.967,
        "D1_asymm": 12.8945,
        "D2_0": 0.0139228,
        "D2_A": 0.00575351,
        "D2_A2": 11.3399,
        "D2_A3": 109.436,
        "D3_0": 10.0627,
        "r_0": 1.44664,
        "r_A": 0.0411884,
        "a_0_n": 0.574609,
        "a_A_n": -0.000349126,
        "a_0_p": 0.505424,
        "a_A_p": 0.00114395
    }
}