{
    "ECS_p": 0.364972,
    "ECS_n": 0.305344,
    "APower_p": 0.802203,
    "APower_n": 0.398639,
    "RCS_p": 0.0585602,
    "TCS_n": 0.0350248
}