{
    "KDHartreeFock": {
        "V1_0": 60.3057,
        "V1_asymm": 11.5549,
        "V1_A": 0.0360161,
        "V2_0_n": 0.00545916,
        "V2_A_n": -9.24102e-06,
        "V3_0_n": 7.5414e-06,
        "V3_A_n": -5.88088e-08,
        "V2_0_p": 0.00670185,
        "V2_A_p": 2.9416e-06,
        "V3_0_p": 1.5449e-05,
        "V3_A_p": 7.16702e-08,
        "V4_0": 9.3681e-09,
        "r_0": 1.33894,
        "r_A": 0.642867,
        "a_0": 0.668327,
        "a_A": -0.000112255
    },
    "KDCoulomb": {
        "r_C_0": 1.04185,
        "r_C_A": 1.16629,
        "r_C_A2": 17.0363
    },
    "KDRealSpinOrbit": {
        "V1_0": 7.14492,
        "V1_A": -0.0135889,
        "V2_0": 0.0116747,
        "r_0": 1.16237,
        "r_A": 0.434606,
        "a_0": 0.526533
    },
    "KDImagSpinOrbit": {
        "W1_0": -3.86944,
        "W2_0": 182.221
    },
    "KDImagVolume": {
        "W1_0_n": 22.3414,
        "W1_A_n": 0.0440691,
        "W1_0_p": 18.0122,
        "W1_A_p": 0.0745788,
        "W2_0": 86.2274,
        "W2_A": 0.696011
    },
    "KDImagSurface": {
        "D1_0": 17.9837,
        "D1_asymm": 29.8332,
        "D2_0": 0.0123146,
        "D2_A": 0.0107481,
        "D2_A2": 6.15234,
        "D2_A3": 217.997,
        "D3_0": 12.0524,
        "r_0": 1.37845,
        "r_A": 0.0337878,
        "a_0_n": 0.496677,
        "a_A_n": -0.00140169,
        "a_0_p": 0.479377,
        "a_A_p": 0.000961008
    }
}