{
    "ECS_p": 0.268337,
    "ECS_n": 0.207575,
    "APower_p": 0.389056,
    "APower_n": 0.141486,
    "RCS_p": 0.0110146,
    "TCS_n": 0.0226326
}