{
    "KDHartreeFock": {
        "V1_0": 58.4854,
        "V1_asymm": 7.70566,
        "V1_A": 0.0280634,
        "V2_0_n": 0.00740001,
        "V2_A_n": -1.67922e-07,
        "V3_0_n": 2.5971e-05,
        "V3_A_n": 4.1969e-09,
        "V2_0_p": 0.00718444,
        "V2_A_p": 5.44188e-06,
        "V3_0_p": 2.36114e-05,
        "V3_A_p": 3.9341e-08,
        "V4_0": 4.10768e-08,
        "r_0": 1.29554,
        "r_A": 0.457613,
        "a_0": 0.702154,
        "a_A": 0.000129594
    },
    "KDCoulomb": {
        "r_C_0": 0.909065,
        "r_C_A": 0.560488,
        "r_C_A2": 30.9877
    },
    "KDRealSpinOrbit": {
        "V1_0": 8.10857,
        "V1_A": -0.0163479,
        "V2_0": 0.00656749,
        "r_0": 1.17942,
        "r_A": 0.556668,
        "a_0": 0.567208
    },
    "KDImagSpinOrbit": {
        "W1_0": -5.13942,
        "W2_0": 224.671
    },
    "KDImagVolume": {
        "W1_0_n": 26.6112,
        "W1_A_n": 0.0208561,
        "W1_0_p": 26.4729,
        "W1_A_p": 0.0301732,
        "W2_0": 154.406,
        "W2_A": 0.137746
    },
    "KDImagSurface": {
        "D1_0": 20.6014,
        "D1_asymm": 9.89991,
        "D2_0": 0.0255897,
        "D2_A": 0.00797035,
        "D2_A2": -7.76113,
        "D2_A3": 513.315,
        "D3_0": 17.3611,
        "r_0": 1.44076,
        "r_A": 0.0311265,
        "a_0_n": 0.486715,
        "a_A_n": -0.000597728,
        "a_0_p": 0.392347,
        "a_A_p": 0.00236951
    }
}