{
    "ECS_p": 0.255104,
    "ECS_n": 0.180925,
    "APower_p": 0.371342,
    "APower_n": 0.194281,
    "RCS_p": 0.0105018,
    "TCS_n": 0.0243212
}