{
    "KDHartreeFock": {
        "V1_0": 57.398,
        "V1_asymm": 18.1769,
        "V1_A": 0.0270735,
        "V2_0_n": 0.00553744,
        "V2_A_n": 8.49942e-06,
        "V3_0_n": 3.0612e-07,
        "V3_A_n": 3.80101e-08,
        "V2_0_p": 0.00587527,
        "V2_A_p": 6.89664e-06,
        "V3_0_p": 9.41903e-06,
        "V3_A_p": 3.46451e-09,
        "V4_0": -2.75056e-08,
        "r_0": 1.29379,
        "r_A": 0.425595,
        "a_0": 0.700475,
        "a_A": 0.000107084
    },
    "KDCoulomb": {
        "r_C_0": 1.3372,
        "r_C_A": -0.0956597,
        "r_C_A2": 33.5761
    },
    "KDRealSpinOrbit": {
        "V1_0": 3.96959,
        "V1_A": 0.0100041,
        "V2_0": 0.00397634,
        "r_0": 1.30746,
        "r_A": 1.26246,
        "a_0": 0.56356
    },
    "KDImagSpinOrbit": {
        "W1_0": -7.45173,
        "W2_0": 346.499
    },
    "KDImagVolume": {
        "W1_0_n": 20.8,
        "W1_A_n": 0.0058434,
        "W1_0_p": 16.7478,
        "W1_A_p": 0.0421143,
        "W2_0": 69.5882,
        "W2_A": 0.162478
    },
    "KDImagSurface": {
        "D1_0": 16.0096,
        "D1_asymm": 11.5557,
        "D2_0": 0.108463,
        "D2_A": -0.0838979,
        "D2_A2": 0.0493251,
        "D2_A3": 213.123,
        "D3_0": 11.243,
        "r_0": 1.25714,
        "r_A": -0.00341337,
        "a_0_n": 0.489608,
        "a_A_n": -5.1364e-05,
        "a_0_p": 0.482248,
        "a_A_p": 0.000998991
    }
}