{
    "ECS_p": 0.341653,
    "ECS_n": 0.32884,
    "APower_p": 0.798547,
    "APower_n": 0.676389,
    "RCS_p": 0.0332762,
    "TCS_n": 0.0562914
}