{
    "KDHartreeFock": {
        "V1_0": 58.1471,
        "V1_asymm": 7.66537,
        "V1_A": 0.0246771,
        "V2_0_n": 0.00593936,
        "V2_A_n": 6.12186e-06,
        "V3_0_n": 1.15896e-05,
        "V3_A_n": 3.38852e-08,
        "V2_0_p": 0.00674222,
        "V2_A_p": 2.49336e-07,
        "V3_0_p": 1.07919e-05,
        "V3_A_p": 1.95295e-08,
        "V4_0": -5.75008e-09,
        "r_0": 1.27337,
        "r_A": 0.344207,
        "a_0": 0.69455,
        "a_A": 0.000227443
    },
    "KDCoulomb": {
        "r_C_0": 1.2309,
        "r_C_A": 1.14721,
        "r_C_A2": 28.2174
    },
    "KDRealSpinOrbit": {
        "V1_0": 5.65391,
        "V1_A": 0.00218874,
        "V2_0": 0.00363676,
        "r_0": 1.21675,
        "r_A": 0.750243,
        "a_0": 0.53277
    },
    "KDImagSpinOrbit": {
        "W1_0": -1.91583,
        "W2_0": 320.679
    },
    "KDImagVolume": {
        "W1_0_n": 13.3576,
        "W1_A_n": 0.0161852,
        "W1_0_p": 20.6577,
        "W1_A_p": 0.00613865,
        "W2_0": 119.257,
        "W2_A": -0.237743
    },
    "KDImagSurface": {
        "D1_0": 34.2608,
        "D1_asymm": 11.9618,
        "D2_0": 0.0383086,
        "D2_A": -0.0041202,
        "D2_A2": 17.7386,
        "D2_A3": 115.535,
        "D3_0": 24.4391,
        "r_0": 1.39875,
        "r_A": 0.027883,
        "a_0_n": 0.542553,
        "a_A_n": 0.000438226,
        "a_0_p": 0.430695,
        "a_A_p": 0.00156218
    }
}