{
    "ECS_p": 0.305147,
    "ECS_n": 0.319024,
    "APower_p": 0.649395,
    "APower_n": 0.867881,
    "RCS_p": 0.0369988,
    "TCS_n": 0.0489495
}