{
    "KDHartreeFock": {
        "V1_0": 56.4629,
        "V1_asymm": 17.3005,
        "V1_A": 0.0125951,
        "V2_0_n": 0.00354831,
        "V2_A_n": -1.09759e-05,
        "V3_0_n": -9.0632e-06,
        "V3_A_n": -5.72879e-08,
        "V2_0_p": 0.00529005,
        "V2_A_p": 9.24798e-06,
        "V3_0_p": 1.20781e-06,
        "V3_A_p": 5.57536e-08,
        "V4_0": -2.25239e-08,
        "r_0": 1.27488,
        "r_A": 0.375244,
        "a_0": 0.648017,
        "a_A": -0.000156853
    },
    "KDCoulomb": {
        "r_C_0": 1.1377,
        "r_C_A": 0.80047,
        "r_C_A2": 28.7173
    },
    "KDRealSpinOrbit": {
        "V1_0": 6.02077,
        "V1_A": -0.0151946,
        "V2_0": 0.00123321,
        "r_0": 1.22074,
        "r_A": 0.730859,
        "a_0": 0.609133
    },
    "KDImagSpinOrbit": {
        "W1_0": -0.734197,
        "W2_0": 55.498
    },
    "KDImagVolume": {
        "W1_0_n": 13.9271,
        "W1_A_n": 0.099237,
        "W1_0_p": 17.1693,
        "W1_A_p": 0.0476865,
        "W2_0": 53.6906,
        "W2_A": 0.508706
    },
    "KDImagSurface": {
        "D1_0": 24.2253,
        "D1_asymm": 6.15895,
        "D2_0": 0.0619889,
        "D2_A": -0.0291869,
        "D2_A2": 17.8011,
        "D2_A3": 451.162,
        "D3_0": 22.2421,
        "r_0": 1.3435,
        "r_A": 0.009027,
        "a_0_n": 0.49444,
        "a_A_n": -0.000635619,
        "a_0_p": 0.465592,
        "a_A_p": 0.00201684
    }
}