{
    "ECS_p": 0.364345,
    "ECS_n": 0.216842,
    "APower_p": 0.367711,
    "APower_n": 0.108884,
    "RCS_p": 0.00943678,
    "TCS_n": 0.0188743
}