{
    "KDHartreeFock": {
        "V1_0": 58.1613,
        "V1_asymm": 6.82091,
        "V1_A": 0.0284155,
        "V2_0_n": 0.0066538,
        "V2_A_n": 1.48108e-06,
        "V3_0_n": 1.53108e-05,
        "V3_A_n": 6.63446e-09,
        "V2_0_p": 0.00552443,
        "V2_A_p": 6.67964e-06,
        "V3_0_p": 1.1377e-05,
        "V3_A_p": 5.76047e-08,
        "V4_0": 8.55662e-09,
        "r_0": 1.28812,
        "r_A": 0.430359,
        "a_0": 0.694131,
        "a_A": 0.000330559
    },
    "KDCoulomb": {
        "r_C_0": 1.30273,
        "r_C_A": 1.66554,
        "r_C_A2": 10.8576
    },
    "KDRealSpinOrbit": {
        "V1_0": 7.8701,
        "V1_A": -0.00640422,
        "V2_0": 0.0117733,
        "r_0": 1.27362,
        "r_A": 1.07213,
        "a_0": 0.597029
    },
    "KDImagSpinOrbit": {
        "W1_0": -5.99145,
        "W2_0": 191.377
    },
    "KDImagVolume": {
        "W1_0_n": 28.1869,
        "W1_A_n": -0.00182665,
        "W1_0_p": 24.3701,
        "W1_A_p": 0.0368692,
        "W2_0": 155.8,
        "W2_A": -0.0109293
    },
    "KDImagSurface": {
        "D1_0": 15.4348,
        "D1_asymm": 21.2073,
        "D2_0": 0.0340091,
        "D2_A": -0.0157645,
        "D2_A2": 11.7826,
        "D2_A3": 464.016,
        "D3_0": 12.9092,
        "r_0": 1.39449,
        "r_A": 0.0329367,
        "a_0_n": 0.510767,
        "a_A_n": -0.00051045,
        "a_0_p": 0.539074,
        "a_A_p": 0.00115985
    }
}