{
    "ECS_p": 0.392284,
    "ECS_n": 0.39873,
    "APower_p": 0.664435,
    "APower_n": 0.7629,
    "RCS_p": 0.0243145,
    "TCS_n": 0.0460892
}