{
    "KDHartreeFock": {
        "V1_0": 62.5727,
        "V1_asymm": 2.67115,
        "V1_A": 0.0574121,
        "V2_0_n": 0.00753471,
        "V2_A_n": 6.49107e-06,
        "V3_0_n": 2.25266e-05,
        "V3_A_n": 4.38667e-08,
        "V2_0_p": 0.00882482,
        "V2_A_p": -1.81229e-05,
        "V3_0_p": 2.72591e-05,
        "V3_A_p": -9.99132e-08,
        "V4_0": 1.41038e-08,
        "r_0": 1.32779,
        "r_A": 0.585596,
        "a_0": 0.712425,
        "a_A": 0.000279679
    },
    "KDCoulomb": {
        "r_C_0": 1.27168,
        "r_C_A": 0.76839,
        "r_C_A2": 1.4702
    },
    "KDRealSpinOrbit": {
        "V1_0": 8.66737,
        "V1_A": -0.0366364,
        "V2_0": 0.00563951,
        "r_0": 1.11481,
        "r_A": 0.186,
        "a_0": 0.573916
    },
    "KDImagSpinOrbit": {
        "W1_0": -2.19067,
        "W2_0": 299.647
    },
    "KDImagVolume": {
        "W1_0_n": 16.5242,
        "W1_A_n": 0.0252463,
        "W1_0_p": 15.0058,
        "W1_A_p": 0.0602039,
        "W2_0": 59.366,
        "W2_A": 0.202378
    },
    "KDImagSurface": {
        "D1_0": 44.1343,
        "D1_asymm": -2.83506,
        "D2_0": 0.0340233,
        "D2_A": 0.00806342,
        "D2_A2": 3.76689,
        "D2_A3": 312.785,
        "D3_0": 31.5625,
        "r_0": 1.27999,
        "r_A": 0.0133895,
        "a_0_n": 0.552765,
        "a_A_n": -0.00163683,
        "a_0_p": 0.446904,
        "a_A_p": 0.00245895
    }
}