{
    "ECS_p": 0.409661,
    "ECS_n": 0.383367,
    "APower_p": 0.879402,
    "APower_n": 0.521818,
    "RCS_p": 0.0322758,
    "TCS_n": 0.0360397
}