{
    "KDHartreeFock": {
        "V1_0": 54.8927,
        "V1_asymm": 16.521,
        "V1_A": 0.00385529,
        "V2_0_n": 0.00557817,
        "V2_A_n": -3.14476e-06,
        "V3_0_n": 7.8409e-06,
        "V3_A_n": -4.53593e-09,
        "V2_0_p": 0.00787396,
        "V2_A_p": 1.64999e-06,
        "V3_0_p": 1.83727e-05,
        "V3_A_p": 2.55822e-08,
        "V4_0": -9.62699e-09,
        "r_0": 1.26486,
        "r_A": 0.195584,
        "a_0": 0.647369,
        "a_A": 0.000170184
    },
    "KDCoulomb": {
        "r_C_0": 1.13685,
        "r_C_A": 0.00199427,
        "r_C_A2": -4.65733
    },
    "KDRealSpinOrbit": {
        "V1_0": 6.6898,
        "V1_A": -0.0197181,
        "V2_0": 0.00633924,
        "r_0": 1.24746,
        "r_A": 0.83992,
        "a_0": 0.615775
    },
    "KDImagSpinOrbit": {
        "W1_0": -1.46531,
        "W2_0": 291.336
    },
    "KDImagVolume": {
        "W1_0_n": 13.2412,
        "W1_A_n": 0.0521852,
        "W1_0_p": 14.2835,
        "W1_A_p": 0.00883728,
        "W2_0": 66.2992,
        "W2_A": 0.297132
    },
    "KDImagSurface": {
        "D1_0": 30.6366,
        "D1_asymm": 28.7947,
        "D2_0": 0.0134953,
        "D2_A": 0.0242054,
        "D2_A2": 12.6643,
        "D2_A3": 225.444,
        "D3_0": 23.2931,
        "r_0": 1.37175,
        "r_A": 0.027464,
        "a_0_n": 0.520403,
        "a_A_n": -0.000647193,
        "a_0_p": 0.483001,
        "a_A_p": 0.00205196
    }
}