{
    "ECS_p": 0.293627,
    "ECS_n": 0.219227,
    "APower_p": 0.366876,
    "APower_n": 0.279855,
    "RCS_p": 0.0162032,
    "TCS_n": 0.0212876
}