{
    "KDHartreeFock": {
        "V1_0": 64.5109,
        "V1_asymm": 17.0968,
        "V1_A": 0.0419555,
        "V2_0_n": 0.00797319,
        "V2_A_n": 8.88604e-06,
        "V3_0_n": 2.52831e-05,
        "V3_A_n": 3.5521e-08,
        "V2_0_p": 0.00957904,
        "V2_A_p": -9.46398e-06,
        "V3_0_p": 3.80561e-05,
        "V3_A_p": -4.97116e-08,
        "V4_0": 2.64636e-08,
        "r_0": 1.27472,
        "r_A": 0.519745,
        "a_0": 0.710155,
        "a_A": 0.000148888
    },
    "KDCoulomb": {
        "r_C_0": 1.00042,
        "r_C_A": 0.328108,
        "r_C_A2": 9.27522
    },
    "KDRealSpinOrbit": {
        "V1_0": 9.0635,
        "V1_A": -0.0145108,
        "V2_0": 0.0129269,
        "r_0": 1.18455,
        "r_A": 0.479905,
        "a_0": 0.552152
    },
    "KDImagSpinOrbit": {
        "W1_0": -3.88606,
        "W2_0": 157.255
    },
    "KDImagVolume": {
        "W1_0_n": 30.6026,
        "W1_A_n": -0.0232944,
        "W1_0_p": 30.8278,
        "W1_A_p": 0.0146947,
        "W2_0": 184.074,
        "W2_A": -0.117719
    },
    "KDImagSurface": {
        "D1_0": 9.35747,
        "D1_asymm": -2.93176,
        "D2_0": -0.0391413,
        "D2_A": 0.0510297,
        "D2_A2": 3.98385,
        "D2_A3": 373.848,
        "D3_0": 9.33301,
        "r_0": 1.38012,
        "r_A": 0.0336538,
        "a_0_n": 0.604688,
        "a_A_n": -0.000136577,
        "a_0_p": 0.538381,
        "a_A_p": 0.00240279
    }
}