{
    "ECS_p": 0.279282,
    "ECS_n": 0.199109,
    "APower_p": 0.369794,
    "APower_n": 0.189849,
    "RCS_p": 0.0255825,
    "TCS_n": 0.0269196
}