{
    "KDHartreeFock": {
        "V1_0": 58.5555,
        "V1_asymm": 14.1112,
        "V1_A": 0.0253695,
        "V2_0_n": 0.004588,
        "V2_A_n": -1.3992e-05,
        "V3_0_n": -1.08379e-06,
        "V3_A_n": -8.20837e-08,
        "V2_0_p": 0.00443932,
        "V2_A_p": 2.02913e-05,
        "V3_0_p": 2.40365e-06,
        "V3_A_p": 1.12194e-07,
        "V4_0": -1.11355e-08,
        "r_0": 1.34754,
        "r_A": 0.700193,
        "a_0": 0.689431,
        "a_A": -0.000207177
    },
    "KDCoulomb": {
        "r_C_0": 1.10758,
        "r_C_A": -0.335745,
        "r_C_A2": 12.6248
    },
    "KDRealSpinOrbit": {
        "V1_0": 5.58711,
        "V1_A": 0.0203813,
        "V2_0": 0.00912625,
        "r_0": 1.26461,
        "r_A": 0.832217,
        "a_0": 0.59169
    },
    "KDImagSpinOrbit": {
        "W1_0": -2.01101,
        "W2_0": 131.189
    },
    "KDImagVolume": {
        "W1_0_n": 25.4199,
        "W1_A_n": -0.0649559,
        "W1_0_p": 17.0316,
        "W1_A_p": -0.035725,
        "W2_0": 130.742,
        "W2_A": -0.399428
    },
    "KDImagSurface": {
        "D1_0": 12.0484,
        "D1_asymm": 0.932074,
        "D2_0": 0.000850865,
        "D2_A": 0.0149063,
        "D2_A2": 10.3446,
        "D2_A3": 341.094,
        "D3_0": 10.7368,
        "r_0": 1.18912,
        "r_A": -0.0219643,
        "a_0_n": 0.611041,
        "a_A_n": 0.00125496,
        "a_0_p": 0.584543,
        "a_A_p": 0.000120126
    }
}