{
    "ECS_p": 0.270945,
    "ECS_n": 0.211644,
    "APower_p": 0.680021,
    "APower_n": 0.56557,
    "RCS_p": 0.0330115,
    "TCS_n": 0.0440985
}