{
    "KDHartreeFock": {
        "V1_0": 55.5054,
        "V1_asymm": 15.4515,
        "V1_A": 0.00968131,
        "V2_0_n": 0.00627925,
        "V2_A_n": 1.34114e-06,
        "V3_0_n": 1.20188e-05,
        "V3_A_n": 2.65138e-08,
        "V2_0_p": 0.00521003,
        "V2_A_p": 9.31286e-06,
        "V3_0_p": 6.40056e-06,
        "V3_A_p": 5.00206e-08,
        "V4_0": -3.94382e-09,
        "r_0": 1.25438,
        "r_A": 0.246814,
        "a_0": 0.629239,
        "a_A": -0.000269198
    },
    "KDCoulomb": {
        "r_C_0": 1.19661,
        "r_C_A": 1.50264,
        "r_C_A2": 6.14193
    },
    "KDRealSpinOrbit": {
        "V1_0": 3.85393,
        "V1_A": 0.0222897,
        "V2_0": 0.0052989,
        "r_0": 1.21927,
        "r_A": 0.671499,
        "a_0": 0.60666
    },
    "KDImagSpinOrbit": {
        "W1_0": -1.70377,
        "W2_0": 109.427
    },
    "KDImagVolume": {
        "W1_0_n": 18.79,
        "W1_A_n": 0.0243367,
        "W1_0_p": 14.8923,
        "W1_A_p": 0.0270072,
        "W2_0": 47.0141,
        "W2_A": 0.420504
    },
    "KDImagSurface": {
        "D1_0": 10.243,
        "D1_asymm": 7.56871,
        "D2_0": 0.00484983,
        "D2_A": 0.0177296,
        "D2_A2": 6.76096,
        "D2_A3": 214.107,
        "D3_0": 0.505491,
        "r_0": 1.40743,
        "r_A": 0.0253026,
        "a_0_n": 0.49349,
        "a_A_n": -9.1257e-05,
        "a_0_p": 0.437378,
        "a_A_p": 0.00190245
    }
}