{
    "ECS_p": 0.33635,
    "ECS_n": 0.191494,
    "APower_p": 0.402305,
    "APower_n": 0.188999,
    "RCS_p": 0.0254083,
    "TCS_n": 0.0229389
}