{
    "KDHartreeFock": {
        "V1_0": 64.5497,
        "V1_asymm": 18.4522,
        "V1_A": 0.0427843,
        "V2_0_n": 0.0081118,
        "V2_A_n": 1.21167e-05,
        "V3_0_n": 2.69802e-05,
        "V3_A_n": 6.96618e-08,
        "V2_0_p": 0.00727085,
        "V2_A_p": -7.02409e-07,
        "V3_0_p": 2.21857e-05,
        "V3_A_p": 8.43009e-10,
        "V4_0": 1.8451e-08,
        "r_0": 1.28148,
        "r_A": 0.573268,
        "a_0": 0.64176,
        "a_A": -0.000410169
    },
    "KDCoulomb": {
        "r_C_0": 1.05172,
        "r_C_A": 0.0944737,
        "r_C_A2": 26.9007
    },
    "KDRealSpinOrbit": {
        "V1_0": 7.4587,
        "V1_A": -0.00185438,
        "V2_0": 0.00931284,
        "r_0": 1.32236,
        "r_A": 1.12713,
        "a_0": 0.557164
    },
    "KDImagSpinOrbit": {
        "W1_0": -1.10644,
        "W2_0": 61.9428
    },
    "KDImagVolume": {
        "W1_0_n": 19.5461,
        "W1_A_n": 0.0290836,
        "W1_0_p": 20.5393,
        "W1_A_p": 0.0288079,
        "W2_0": 131.948,
        "W2_A": 0.313596
    },
    "KDImagSurface": {
        "D1_0": 10.2251,
        "D1_asymm": 16.8889,
        "D2_0": 0.0135058,
        "D2_A": -0.00251216,
        "D2_A2": 5.87908,
        "D2_A3": 441.179,
        "D3_0": 9.32544,
        "r_0": 1.52946,
        "r_A": 0.0623092,
        "a_0_n": 0.540511,
        "a_A_n": -0.00142088,
        "a_0_p": 0.493773,
        "a_A_p": 0.00191869
    }
}