{
    "ECS_p": 0.356599,
    "ECS_n": 0.223947,
    "APower_p": 0.497293,
    "APower_n": 0.469269,
    "RCS_p": 0.0274838,
    "TCS_n": 0.0253751
}