{
    "KDHartreeFock": {
        "V1_0": 57.7322,
        "V1_asymm": 9.83433,
        "V1_A": 0.0241369,
        "V2_0_n": 0.00665588,
        "V2_A_n": -1.39199e-06,
        "V3_0_n": 1.56349e-05,
        "V3_A_n": 1.30044e-08,
        "V2_0_p": 0.00640508,
        "V2_A_p": 9.20539e-06,
        "V3_0_p": 1.3668e-05,
        "V3_A_p": 3.76393e-08,
        "V4_0": 1.06575e-09,
        "r_0": 1.29004,
        "r_A": 0.353942,
        "a_0": 0.698256,
        "a_A": 6.89029e-05
    },
    "KDCoulomb": {
        "r_C_0": 1.27009,
        "r_C_A": 0.813329,
        "r_C_A2": 52.5216
    },
    "KDRealSpinOrbit": {
        "V1_0": 5.46654,
        "V1_A": -0.00563293,
        "V2_0": 0.00471234,
        "r_0": 1.20517,
        "r_A": 0.506506,
        "a_0": 0.550756
    },
    "KDImagSpinOrbit": {
        "W1_0": -4.74987,
        "W2_0": 209.055
    },
    "KDImagVolume": {
        "W1_0_n": 15.7151,
        "W1_A_n": 0.0233401,
        "W1_0_p": 17.4798,
        "W1_A_p": 0.00121768,
        "W2_0": 99.2521,
        "W2_A": -0.151521
    },
    "KDImagSurface": {
        "D1_0": 14.2544,
        "D1_asymm": 8.51147,
        "D2_0": 0.0425959,
        "D2_A": -0.0187778,
        "D2_A2": 15.1811,
        "D2_A3": 370.532,
        "D3_0": 13.5623,
        "r_0": 1.43238,
        "r_A": 0.0393094,
        "a_0_n": 0.574137,
        "a_A_n": -0.000167588,
        "a_0_p": 0.459396,
        "a_A_p": 0.00185164
    }
}