{
    "ECS_p": 0.301015,
    "ECS_n": 0.207357,
    "APower_p": 0.608077,
    "APower_n": 0.430841,
    "RCS_p": 0.0235939,
    "TCS_n": 0.0376451
}