{
    "KDHartreeFock": {
        "V1_0": 59.0026,
        "V1_asymm": 14.4228,
        "V1_A": 0.0280815,
        "V2_0_n": 0.00618283,
        "V2_A_n": 3.33162e-06,
        "V3_0_n": 1.07992e-05,
        "V3_A_n": 3.19773e-09,
        "V2_0_p": 0.00725499,
        "V2_A_p": 3.56358e-06,
        "V3_0_p": 1.88784e-05,
        "V3_A_p": 3.74081e-08,
        "V4_0": 1.18608e-08,
        "r_0": 1.31195,
        "r_A": 0.559906,
        "a_0": 0.69975,
        "a_A": -0.000117278
    },
    "KDCoulomb": {
        "r_C_0": 1.34171,
        "r_C_A": 1.89008,
        "r_C_A2": 7.79998
    },
    "KDRealSpinOrbit": {
        "V1_0": 6.93353,
        "V1_A": -0.00716208,
        "V2_0": 0.00303025,
        "r_0": 1.23764,
        "r_A": 0.896247,
        "a_0": 0.634979
    },
    "KDImagSpinOrbit": {
        "W1_0": -3.14632,
        "W2_0": 450.911
    },
    "KDImagVolume": {
        "W1_0_n": 20.0925,
        "W1_A_n": -0.00464275,
        "W1_0_p": 15.7589,
        "W1_A_p": 0.0209031,
        "W2_0": 87.8961,
        "W2_A": 0.127493
    },
    "KDImagSurface": {
        "D1_0": 26.0889,
        "D1_asymm": 24.675,
        "D2_0": 0.0302737,
        "D2_A": 0.00509786,
        "D2_A2": 5.97167,
        "D2_A3": 187.449,
        "D3_0": 17.7467,
        "r_0": 1.45275,
        "r_A": 0.0315693,
        "a_0_n": 0.638121,
        "a_A_n": 0.000814547,
        "a_0_p": 0.488378,
        "a_A_p": 0.00121494
    }
}