{
    "ECS_p": 0.208924,
    "ECS_n": 0.182945,
    "APower_p": 0.48784,
    "APower_n": 0.147614,
    "RCS_p": 0.0233039,
    "TCS_n": 0.0262297
}