{
    "KDHartreeFock": {
        "V1_0": 57.6971,
        "V1_asymm": 17.7006,
        "V1_A": 0.0114826,
        "V2_0_n": 0.00731027,
        "V2_A_n": 4.30651e-07,
        "V3_0_n": 2.21307e-05,
        "V3_A_n": -1.02645e-09,
        "V2_0_p": 0.0081819,
        "V2_A_p": -4.19959e-06,
        "V3_0_p": 2.8141e-05,
        "V3_A_p": -8.33175e-09,
        "V4_0": 2.38482e-08,
        "r_0": 1.19299,
        "r_A": -0.0176993,
        "a_0": 0.6608,
        "a_A": -0.00052307
    },
    "KDCoulomb": {
        "r_C_0": 1.2213,
        "r_C_A": 0.501361,
        "r_C_A2": 16.3873
    },
    "KDRealSpinOrbit": {
        "V1_0": 6.588,
        "V1_A": -0.00150493,
        "V2_0": 0.00576519,
        "r_0": 1.18334,
        "r_A": 0.547721,
        "a_0": 0.598568
    },
    "KDImagSpinOrbit": {
        "W1_0": -4.9035,
        "W2_0": 263.702
    },
    "KDImagVolume": {
        "W1_0_n": 19.4039,
        "W1_A_n": 0.00152205,
        "W1_0_p": 20.1573,
        "W1_A_p": 0.0243096,
        "W2_0": 125.526,
        "W2_A": -0.0620844
    },
    "KDImagSurface": {
        "D1_0": 14.8716,
        "D1_asymm": 12.3791,
        "D2_0": 0.0678029,
        "D2_A": -0.0486124,
        "D2_A2": -1.7768,
        "D2_A3": -59.4972,
        "D3_0": 10.1661,
        "r_0": 1.37808,
        "r_A": 0.0234154,
        "a_0_n": 0.451415,
        "a_A_n": -0.000607003,
        "a_0_p": 0.475001,
        "a_A_p": 0.0011446
    }
}