{
    "ECS_p": 0.308474,
    "ECS_n": 0.142252,
    "APower_p": 0.400328,
    "APower_n": 0.314227,
    "RCS_p": 0.00207736,
    "TCS_n": 0.0284788
}