{
    "KDHartreeFock": {
        "V1_0": 58.0089,
        "V1_asymm": 19.4152,
        "V1_A": 0.0220852,
        "V2_0_n": 0.00621555,
        "V2_A_n": 7.96653e-06,
        "V3_0_n": 5.97198e-06,
        "V3_A_n": 4.91938e-08,
        "V2_0_p": 0.0067744,
        "V2_A_p": 6.99949e-06,
        "V3_0_p": 1.29441e-05,
        "V3_A_p": 7.99945e-09,
        "V4_0": -2.33375e-08,
        "r_0": 1.29342,
        "r_A": 0.408061,
        "a_0": 0.684524,
        "a_A": 0.000125387
    },
    "KDCoulomb": {
        "r_C_0": 1.26682,
        "r_C_A": 1.56516,
        "r_C_A2": -5.26582
    },
    "KDRealSpinOrbit": {
        "V1_0": 6.45983,
        "V1_A": 0.0087792,
        "V2_0": 0.00411472,
        "r_0": 1.31371,
        "r_A": 1.16604,
        "a_0": 0.610496
    },
    "KDImagSpinOrbit": {
        "W1_0": -1.32398,
        "W2_0": 197.103
    },
    "KDImagVolume": {
        "W1_0_n": 19.5147,
        "W1_A_n": 0.00950182,
        "W1_0_p": 20.5074,
        "W1_A_p": 0.00188726,
        "W2_0": 98.0748,
        "W2_A": -0.0524418
    },
    "KDImagSurface": {
        "D1_0": 12.4267,
        "D1_asymm": 10.0742,
        "D2_0": 0.0201941,
        "D2_A": 0.0074006,
        "D2_A2": 12.2466,
        "D2_A3": -137.34,
        "D3_0": 11.208,
        "r_0": 1.28998,
        "r_A": 0.00358951,
        "a_0_n": 0.607882,
        "a_A_n": 0.000171487,
        "a_0_p": 0.522839,
        "a_A_p": 0.000753287
    }
}