{
    "ECS_p": 0.295426,
    "ECS_n": 0.263867,
    "APower_p": 0.762299,
    "APower_n": 0.765844,
    "RCS_p": 0.0165436,
    "TCS_n": 0.0525955
}