{
    "KDHartreeFock": {
        "V1_0": 61.08,
        "V1_asymm": 11.6837,
        "V1_A": 0.0432069,
        "V2_0_n": 0.00480847,
        "V2_A_n": -3.88642e-06,
        "V3_0_n": -3.09061e-06,
        "V3_A_n": 5.47393e-09,
        "V2_0_p": 0.00725964,
        "V2_A_p": 3.60054e-06,
        "V3_0_p": 1.04663e-05,
        "V3_A_p": 2.82425e-08,
        "V4_0": -3.67325e-08,
        "r_0": 1.3414,
        "r_A": 0.666153,
        "a_0": 0.713534,
        "a_A": 0.000154842
    },
    "KDCoulomb": {
        "r_C_0": 1.44307,
        "r_C_A": 0.916802,
        "r_C_A2": -30.3972
    },
    "KDRealSpinOrbit": {
        "V1_0": 7.21152,
        "V1_A": -0.0221843,
        "V2_0": 0.0036385,
        "r_0": 1.26219,
        "r_A": 1.01645,
        "a_0": 0.602676
    },
    "KDImagSpinOrbit": {
        "W1_0": -0.317108,
        "W2_0": 144.984
    },
    "KDImagVolume": {
        "W1_0_n": 20.8438,
        "W1_A_n": -0.00277537,
        "W1_0_p": 16.1472,
        "W1_A_p": 0.00198126,
        "W2_0": 64.5776,
        "W2_A": -0.0749785
    },
    "KDImagSurface": {
        "D1_0": 34.6714,
        "D1_asymm": -12.8693,
        "D2_0": 0.0343575,
        "D2_A": 0.00925043,
        "D2_A2": 5.18107,
        "D2_A3": 233.581,
        "D3_0": 23.9502,
        "r_0": 1.25788,
        "r_A": -0.00383832,
        "a_0_n": 0.543569,
        "a_A_n": 0.000326373,
        "a_0_p": 0.45205,
        "a_A_p": 0.00208922
    }
}