{
    "ECS_p": 0.264582,
    "ECS_n": 0.205044,
    "APower_p": 0.5376,
    "APower_n": 0.249303,
    "RCS_p": 0.0184009,
    "TCS_n": 0.0197665
}