{
    "KDHartreeFock": {
        "V1_0": 56.9538,
        "V1_asymm": 20.1492,
        "V1_A": 0.00713047,
        "V2_0_n": 0.00673636,
        "V2_A_n": 2.21869e-06,
        "V3_0_n": 1.56784e-05,
        "V3_A_n": -3.02313e-09,
        "V2_0_p": 0.0085707,
        "V2_A_p": -9.76352e-06,
        "V3_0_p": 3.03427e-05,
        "V3_A_p": -6.45388e-08,
        "V4_0": 1.76799e-08,
        "r_0": 1.25169,
        "r_A": 0.20435,
        "a_0": 0.684468,
        "a_A": 7.781e-05
    },
    "KDCoulomb": {
        "r_C_0": 1.1078,
        "r_C_A": 2.08989,
        "r_C_A2": 12.0428
    },
    "KDRealSpinOrbit": {
        "V1_0": 5.83862,
        "V1_A": -0.00308526,
        "V2_0": 0.0044631,
        "r_0": 1.37545,
        "r_A": 1.45387,
        "a_0": 0.573098
    },
    "KDImagSpinOrbit": {
        "W1_0": -0.628387,
        "W2_0": 156.888
    },
    "KDImagVolume": {
        "W1_0_n": 20.5499,
        "W1_A_n": -0.013424,
        "W1_0_p": 23.2789,
        "W1_A_p": -0.0267235,
        "W2_0": 98.4084,
        "W2_A": -0.0490407
    },
    "KDImagSurface": {
        "D1_0": 14.5059,
        "D1_asymm": 14.3714,
        "D2_0": 0.0186814,
        "D2_A": 0.00653689,
        "D2_A2": 7.13696,
        "D2_A3": 145.581,
        "D3_0": 11.7245,
        "r_0": 1.34812,
        "r_A": 0.029271,
        "a_0_n": 0.529367,
        "a_A_n": -0.000647455,
        "a_0_p": 0.52637,
        "a_A_p": 0.00176831
    }
}