{
    "ECS_p": 0.317476,
    "ECS_n": 0.207991,
    "APower_p": 0.294727,
    "APower_n": 0.207431,
    "RCS_p": 0.00788005,
    "TCS_n": 0.0217408
}