{
    "KDHartreeFock": {
        "V1_0": 57.8197,
        "V1_asymm": 14.6374,
        "V1_A": 0.0242404,
        "V2_0_n": 0.00470714,
        "V2_A_n": -6.12276e-06,
        "V3_0_n": -3.19639e-06,
        "V3_A_n": -3.86001e-08,
        "V2_0_p": 0.00692172,
        "V2_A_p": 1.89004e-06,
        "V3_0_p": 1.39005e-05,
        "V3_A_p": -7.18896e-10,
        "V4_0": -2.05107e-08,
        "r_0": 1.27758,
        "r_A": 0.361308,
        "a_0": 0.675158,
        "a_A": -0.000120036
    },
    "KDCoulomb": {
        "r_C_0": 1.19598,
        "r_C_A": 0.696222,
        "r_C_A2": -1.85344
    },
    "KDRealSpinOrbit": {
        "V1_0": 5.99565,
        "V1_A": 0.00706566,
        "V2_0": 0.00656587,
        "r_0": 1.18708,
        "r_A": 0.538773,
        "a_0": 0.558726
    },
    "KDImagSpinOrbit": {
        "W1_0": -4.43033,
        "W2_0": 273.876
    },
    "KDImagVolume": {
        "W1_0_n": 23.0353,
        "W1_A_n": -0.00815432,
        "W1_0_p": 14.751,
        "W1_A_p": 0.0138087,
        "W2_0": 113.507,
        "W2_A": -0.0870414
    },
    "KDImagSurface": {
        "D1_0": 14.8828,
        "D1_asymm": 5.66473,
        "D2_0": 0.024322,
        "D2_A": -0.00172581,
        "D2_A2": 8.78583,
        "D2_A3": 216.281,
        "D3_0": 13.2405,
        "r_0": 1.27225,
        "r_A": 0.00113577,
        "a_0_n": 0.572377,
        "a_A_n": 0.000231158,
        "a_0_p": 0.563043,
        "a_A_p": 0.00140488
    }
}