{
    "ECS_p": 0.3644,
    "ECS_n": 0.223267,
    "APower_p": 0.665754,
    "APower_n": 0.733445,
    "RCS_p": 0.0285433,
    "TCS_n": 0.0611852
}