{
    "KDHartreeFock": {
        "V1_0": 58.3288,
        "V1_asymm": 10.3489,
        "V1_A": 0.0256576,
        "V2_0_n": 0.00669831,
        "V2_A_n": -1.44163e-06,
        "V3_0_n": 1.81727e-05,
        "V3_A_n": 4.36553e-08,
        "V2_0_p": 0.00790551,
        "V2_A_p": -2.99843e-06,
        "V3_0_p": 2.39749e-05,
        "V3_A_p": -3.32495e-08,
        "V4_0": 1.31021e-08,
        "r_0": 1.25493,
        "r_A": 0.2359,
        "a_0": 0.630693,
        "a_A": -0.000530524
    },
    "KDCoulomb": {
        "r_C_0": 1.14552,
        "r_C_A": -0.485904,
        "r_C_A2": -22.7129
    },
    "KDRealSpinOrbit": {
        "V1_0": 5.76934,
        "V1_A": 0.00513334,
        "V2_0": 0.00262694,
        "r_0": 1.2478,
        "r_A": 0.852589,
        "a_0": 0.627386
    },
    "KDImagSpinOrbit": {
        "W1_0": -1.23567,
        "W2_0": 170.141
    },
    "KDImagVolume": {
        "W1_0_n": 14.313,
        "W1_A_n": 0.0344546,
        "W1_0_p": 13.606,
        "W1_A_p": 0.0408522,
        "W2_0": 47.673,
        "W2_A": 0.127457
    },
    "KDImagSurface": {
        "D1_0": 59.1475,
        "D1_asymm": 8.30901,
        "D2_0": 0.0838266,
        "D2_A": -0.0271694,
        "D2_A2": 0.100049,
        "D2_A3": 232.361,
        "D3_0": 28.8308,
        "r_0": 1.54512,
        "r_A": 0.0551394,
        "a_0_n": 0.573328,
        "a_A_n": 0.00024078,
        "a_0_p": 0.397644,
        "a_A_p": 0.00184913
    }
}