{
    "ECS_p": 0.40416,
    "ECS_n": 0.183296,
    "APower_p": 0.578096,
    "APower_n": 0.714235,
    "RCS_p": 0.0230355,
    "TCS_n": 0.0656552
}