{
    "KDHartreeFock": {
        "V1_0": 63.8586,
        "V1_asymm": 7.56822,
        "V1_A": 0.0445494,
        "V2_0_n": 0.00654895,
        "V2_A_n": -1.37019e-05,
        "V3_0_n": 1.84895e-05,
        "V3_A_n": -5.07592e-08,
        "V2_0_p": 0.00639387,
        "V2_A_p": 1.10973e-05,
        "V3_0_p": 9.03931e-06,
        "V3_A_p": 9.3627e-08,
        "V4_0": 3.52582e-08,
        "r_0": 1.30032,
        "r_A": 0.551027,
        "a_0": 0.657166,
        "a_A": -0.000738163
    },
    "KDCoulomb": {
        "r_C_0": 1.01308,
        "r_C_A": 0.0470487,
        "r_C_A2": 3.39617
    },
    "KDRealSpinOrbit": {
        "V1_0": 4.86707,
        "V1_A": -0.0104112,
        "V2_0": 1.74094e-05,
        "r_0": 1.31437,
        "r_A": 1.12415,
        "a_0": 0.545943
    },
    "KDImagSpinOrbit": {
        "W1_0": -3.49885,
        "W2_0": 230.04
    },
    "KDImagVolume": {
        "W1_0_n": 15.0994,
        "W1_A_n": 0.0847056,
        "W1_0_p": 23.8038,
        "W1_A_p": 0.000326699,
        "W2_0": 120.324,
        "W2_A": -0.0360557
    },
    "KDImagSurface": {
        "D1_0": 18.3747,
        "D1_asymm": 10.3266,
        "D2_0": 0.0618957,
        "D2_A": -0.0353963,
        "D2_A2": 10.5888,
        "D2_A3": 435.223,
        "D3_0": 12.9702,
        "r_0": 1.29972,
        "r_A": 0.000302111,
        "a_0_n": 0.547428,
        "a_A_n": 0.000219974,
        "a_0_p": 0.481703,
        "a_A_p": 0.000831224
    }
}