{
    "ECS_p": 0.2842,
    "ECS_n": 0.1844,
    "APower_p": 0.306438,
    "APower_n": 0.226954,
    "RCS_p": 0.0199585,
    "TCS_n": 0.0219485
}