{
    "KDHartreeFock": {
        "V1_0": 62.5004,
        "V1_asymm": 8.49517,
        "V1_A": 0.0444377,
        "V2_0_n": 0.00623012,
        "V2_A_n": -1.12659e-06,
        "V3_0_n": 1.19768e-05,
        "V3_A_n": 4.48043e-09,
        "V2_0_p": 0.00681959,
        "V2_A_p": -6.09894e-07,
        "V3_0_p": 1.71418e-05,
        "V3_A_p": -6.09971e-09,
        "V4_0": 5.08324e-09,
        "r_0": 1.28901,
        "r_A": 0.546947,
        "a_0": 0.668967,
        "a_A": -0.000383707
    },
    "KDCoulomb": {
        "r_C_0": 1.27573,
        "r_C_A": 0.956275,
        "r_C_A2": 25.6481
    },
    "KDRealSpinOrbit": {
        "V1_0": 5.3372,
        "V1_A": 0.0089207,
        "V2_0": 0.0035575,
        "r_0": 1.28003,
        "r_A": 1.13457,
        "a_0": 0.606718
    },
    "KDImagSpinOrbit": {
        "W1_0": -5.13192,
        "W2_0": 194.143
    },
    "KDImagVolume": {
        "W1_0_n": 29.2171,
        "W1_A_n": -0.0130959,
        "W1_0_p": 36.1078,
        "W1_A_p": -0.0324462,
        "W2_0": 160.389,
        "W2_A": -0.0566854
    },
    "KDImagSurface": {
        "D1_0": 12.4945,
        "D1_asymm": 11.2451,
        "D2_0": -0.0254174,
        "D2_A": 0.0421393,
        "D2_A2": 12.1964,
        "D2_A3": 344.45,
        "D3_0": 10.7238,
        "r_0": 1.36228,
        "r_A": 0.0223407,
        "a_0_n": 0.578454,
        "a_A_n": -0.00030971,
        "a_0_p": 0.517264,
        "a_A_p": 0.00164475
    }
}