{
    "ECS_p": 0.301327,
    "ECS_n": 0.209655,
    "APower_p": 0.357459,
    "APower_n": 0.154435,
    "RCS_p": 0.0143559,
    "TCS_n": 0.0223833
}