{
    "KDHartreeFock": {
        "V1_0": 57.3467,
        "V1_asymm": 8.98631,
        "V1_A": 0.0256302,
        "V2_0_n": 0.00565736,
        "V2_A_n": -8.30234e-07,
        "V3_0_n": 4.00371e-06,
        "V3_A_n": -3.89948e-09,
        "V2_0_p": 0.00472006,
        "V2_A_p": 1.3538e-05,
        "V3_0_p": 2.92662e-06,
        "V3_A_p": 4.22517e-08,
        "V4_0": -1.64e-08,
        "r_0": 1.28845,
        "r_A": 0.424027,
        "a_0": 0.693761,
        "a_A": -0.000117194
    },
    "KDCoulomb": {
        "r_C_0": 1.26889,
        "r_C_A": 0.929139,
        "r_C_A2": 25.3053
    },
    "KDRealSpinOrbit": {
        "V1_0": 2.6108,
        "V1_A": 0.0217361,
        "V2_0": 0.00300391,
        "r_0": 1.22711,
        "r_A": 0.675989,
        "a_0": 0.569275
    },
    "KDImagSpinOrbit": {
        "W1_0": -2.17846,
        "W2_0": 127.931
    },
    "KDImagVolume": {
        "W1_0_n": 23.5082,
        "W1_A_n": -0.0244254,
        "W1_0_p": 20.4786,
        "W1_A_p": 0.00905987,
        "W2_0": 125.765,
        "W2_A": -0.066435
    },
    "KDImagSurface": {
        "D1_0": 16.4164,
        "D1_asymm": 18.0708,
        "D2_0": 0.011525,
        "D2_A": 0.00888354,
        "D2_A2": 0.209905,
        "D2_A3": 217.904,
        "D3_0": 11.8403,
        "r_0": 1.36935,
        "r_A": 0.0212294,
        "a_0_n": 0.545391,
        "a_A_n": 7.22034e-05,
        "a_0_p": 0.497264,
        "a_A_p": 0.00118689
    }
}