{
    "ECS_p": 0.288489,
    "ECS_n": 0.234441,
    "APower_p": 0.314776,
    "APower_n": 0.215442,
    "RCS_p": 0.0179753,
    "TCS_n": 0.0316556
}