{
    "KDHartreeFock": {
        "V1_0": 60.0479,
        "V1_asymm": 17.9855,
        "V1_A": 0.0295232,
        "V2_0_n": 0.00701658,
        "V2_A_n": 1.14105e-05,
        "V3_0_n": 1.76715e-05,
        "V3_A_n": 8.12533e-08,
        "V2_0_p": 0.00618122,
        "V2_A_p": 7.03158e-06,
        "V3_0_p": 1.31859e-05,
        "V3_A_p": 5.91927e-08,
        "V4_0": 6.19312e-09,
        "r_0": 1.25803,
        "r_A": 0.389271,
        "a_0": 0.682294,
        "a_A": -0.000504273
    },
    "KDCoulomb": {
        "r_C_0": 1.2784,
        "r_C_A": 1.33134,
        "r_C_A2": 11.2749
    },
    "KDRealSpinOrbit": {
        "V1_0": 7.25976,
        "V1_A": -0.0159636,
        "V2_0": 0.00566732,
        "r_0": 1.2558,
        "r_A": 0.8992,
        "a_0": 0.601732
    },
    "KDImagSpinOrbit": {
        "W1_0": -3.88098,
        "W2_0": 198.498
    },
    "KDImagVolume": {
        "W1_0_n": 18.7376,
        "W1_A_n": 0.0216812,
        "W1_0_p": 17.441,
        "W1_A_p": 0.0191724,
        "W2_0": 79.9964,
        "W2_A": 0.042454
    },
    "KDImagSurface": {
        "D1_0": 10.3685,
        "D1_asymm": 9.91854,
        "D2_0": 0.0201917,
        "D2_A": -0.00319426,
        "D2_A2": 2.50575,
        "D2_A3": 343.459,
        "D3_0": 12.6219,
        "r_0": 1.26639,
        "r_A": -0.0083055,
        "a_0_n": 0.659528,
        "a_A_n": -0.000172236,
        "a_0_p": 0.604613,
        "a_A_p": -0.000478589
    }
}