{
    "ECS_p": 0.466966,
    "ECS_n": 0.279971,
    "APower_p": 0.842977,
    "APower_n": 0.63243,
    "RCS_p": 0.0268876,
    "TCS_n": 0.0324415
}