{
    "KDHartreeFock": {
        "V1_0": 59.9621,
        "V1_asymm": 11.875,
        "V1_A": 0.050927,
        "V2_0_n": 0.00537789,
        "V2_A_n": 4.04248e-06,
        "V3_0_n": -6.98856e-06,
        "V3_A_n": 2.4425e-08,
        "V2_0_p": 0.00690773,
        "V2_A_p": 5.61523e-06,
        "V3_0_p": 5.14979e-06,
        "V3_A_p": 5.6322e-08,
        "V4_0": -5.11644e-08,
        "r_0": 1.32306,
        "r_A": 0.485472,
        "a_0": 0.659838,
        "a_A": -0.000199591
    },
    "KDCoulomb": {
        "r_C_0": 1.18189,
        "r_C_A": 0.905964,
        "r_C_A2": 19.0416
    },
    "KDRealSpinOrbit": {
        "V1_0": 6.87822,
        "V1_A": -0.0188174,
        "V2_0": 0.00372617,
        "r_0": 1.24317,
        "r_A": 0.81377,
        "a_0": 0.596872
    },
    "KDImagSpinOrbit": {
        "W1_0": -2.5411,
        "W2_0": 312.086
    },
    "KDImagVolume": {
        "W1_0_n": 19.6495,
        "W1_A_n": -0.00609872,
        "W1_0_p": 13.7535,
        "W1_A_p": -0.00201198,
        "W2_0": 70.6069,
        "W2_A": -0.127749
    },
    "KDImagSurface": {
        "D1_0": 14.6218,
        "D1_asymm": 21.4527,
        "D2_0": 0.037797,
        "D2_A": -0.012153,
        "D2_A2": 14.9564,
        "D2_A3": 196.007,
        "D3_0": 14.4013,
        "r_0": 1.40352,
        "r_A": 0.015451,
        "a_0_n": 0.512665,
        "a_A_n": -0.000106076,
        "a_0_p": 0.472135,
        "a_A_p": 0.000948375
    }
}