{
    "ECS_p": 0.359024,
    "ECS_n": 0.188856,
    "APower_p": 0.349824,
    "APower_n": 0.186903,
    "RCS_p": 0.00898917,
    "TCS_n": 0.0286081
}