{
    "KDHartreeFock": {
        "V1_0": 59.0055,
        "V1_asymm": 7.67404,
        "V1_A": 0.0391058,
        "V2_0_n": 0.00518001,
        "V2_A_n": 4.35732e-06,
        "V3_0_n": 3.12596e-06,
        "V3_A_n": 3.5754e-08,
        "V2_0_p": 0.00623885,
        "V2_A_p": -1.88312e-06,
        "V3_0_p": 1.03068e-05,
        "V3_A_p": -1.04485e-08,
        "V4_0": -1.82119e-08,
        "r_0": 1.2918,
        "r_A": 0.513685,
        "a_0": 0.702845,
        "a_A": 2.7404e-05
    },
    "KDCoulomb": {
        "r_C_0": 1.03927,
        "r_C_A": 0.759314,
        "r_C_A2": -6.66144
    },
    "KDRealSpinOrbit": {
        "V1_0": 5.18392,
        "V1_A": 0.00964523,
        "V2_0": 0.00330622,
        "r_0": 1.12565,
        "r_A": 0.488947,
        "a_0": 0.606459
    },
    "KDImagSpinOrbit": {
        "W1_0": -3.3599,
        "W2_0": 214.296
    },
    "KDImagVolume": {
        "W1_0_n": 30.1571,
        "W1_A_n": -0.0385274,
        "W1_0_p": 23.1606,
        "W1_A_p": 0.0441041,
        "W2_0": 175.066,
        "W2_A": -0.282024
    },
    "KDImagSurface": {
        "D1_0": 17.247,
        "D1_asymm": 12.7497,
        "D2_0": -0.0247897,
        "D2_A": 0.0483949,
        "D2_A2": 5.50783,
        "D2_A3": 224.345,
        "D3_0": 13.5647,
        "r_0": 1.41702,
        "r_A": 0.0262645,
        "a_0_n": 0.542707,
        "a_A_n": -5.74116e-05,
        "a_0_p": 0.470888,
        "a_A_p": 0.00204317
    }
}