{
    "ECS_p": 0.491708,
    "ECS_n": 0.302925,
    "APower_p": 0.74346,
    "APower_n": 0.677087,
    "RCS_p": 0.0468582,
    "TCS_n": 0.0345957
}