{
    "KDHartreeFock": {
        "V1_0": 59.1783,
        "V1_asymm": 21.0824,
        "V1_A": 0.0210596,
        "V2_0_n": 0.00538778,
        "V2_A_n": -1.19199e-05,
        "V3_0_n": 1.18629e-05,
        "V3_A_n": -4.91769e-08,
        "V2_0_p": 0.00862049,
        "V2_A_p": -1.97058e-06,
        "V3_0_p": 2.52586e-05,
        "V3_A_p": 2.28983e-08,
        "V4_0": 2.23112e-08,
        "r_0": 1.26452,
        "r_A": 0.356911,
        "a_0": 0.683242,
        "a_A": -0.000121599
    },
    "KDCoulomb": {
        "r_C_0": 1.16781,
        "r_C_A": 0.296909,
        "r_C_A2": 4.84396
    },
    "KDRealSpinOrbit": {
        "V1_0": 4.04875,
        "V1_A": 0.00373859,
        "V2_0": 0.00395333,
        "r_0": 1.16724,
        "r_A": 0.392111,
        "a_0": 0.547468
    },
    "KDImagSpinOrbit": {
        "W1_0": -1.01525,
        "W2_0": 119.668
    },
    "KDImagVolume": {
        "W1_0_n": 18.5665,
        "W1_A_n": 0.0231171,
        "W1_0_p": 12.6516,
        "W1_A_p": 0.0518701,
        "W2_0": 53.9887,
        "W2_A": 0.235474
    },
    "KDImagSurface": {
        "D1_0": 18.9136,
        "D1_asymm": 9.65725,
        "D2_0": 0.0310127,
        "D2_A": 0.0164453,
        "D2_A2": 14.6199,
        "D2_A3": -156.631,
        "D3_0": 16.4365,
        "r_0": 1.09642,
        "r_A": -0.029933,
        "a_0_n": 0.589213,
        "a_A_n": -0.000538928,
        "a_0_p": 0.572903,
        "a_A_p": 0.00150124
    }
}