{
    "ECS_p": 0.3023,
    "ECS_n": 0.46973,
    "APower_p": 0.545707,
    "APower_n": 0.65638,
    "RCS_p": 0.0420189,
    "TCS_n": 0.0343996
}