{
    "KDHartreeFock": {
        "V1_0": 56.9934,
        "V1_asymm": 11.707,
        "V1_A": 0.0277219,
        "V2_0_n": 0.00562167,
        "V2_A_n": 7.54293e-07,
        "V3_0_n": 3.64347e-06,
        "V3_A_n": 3.50541e-09,
        "V2_0_p": 0.00691771,
        "V2_A_p": 1.0348e-05,
        "V3_0_p": 1.24759e-05,
        "V3_A_p": 6.85797e-08,
        "V4_0": -1.20602e-08,
        "r_0": 1.34673,
        "r_A": 0.561825,
        "a_0": 0.659007,
        "a_A": 3.03732e-05
    },
    "KDCoulomb": {
        "r_C_0": 1.18611,
        "r_C_A": 0.401899,
        "r_C_A2": 2.80092
    },
    "KDRealSpinOrbit": {
        "V1_0": 5.45556,
        "V1_A": -0.00421494,
        "V2_0": 0.00297734,
        "r_0": 1.22682,
        "r_A": 0.802115,
        "a_0": 0.624144
    },
    "KDImagSpinOrbit": {
        "W1_0": -2.21437,
        "W2_0": 227.827
    },
    "KDImagVolume": {
        "W1_0_n": 20.7072,
        "W1_A_n": -0.0221292,
        "W1_0_p": 17.288,
        "W1_A_p": -0.00375017,
        "W2_0": 91.7842,
        "W2_A": -0.222093
    },
    "KDImagSurface": {
        "D1_0": 36.8382,
        "D1_asymm": 19.8489,
        "D2_0": 0.0759756,
        "D2_A": -0.0315997,
        "D2_A2": 6.59914,
        "D2_A3": 320.79,
        "D3_0": 23.9313,
        "r_0": 1.47674,
        "r_A": 0.0468835,
        "a_0_n": 0.607892,
        "a_A_n": -0.00013297,
        "a_0_p": 0.523633,
        "a_A_p": 0.0014849
    }
}