{
    "ECS_p": 0.42988,
    "ECS_n": 0.355431,
    "APower_p": 0.62607,
    "APower_n": 0.665113,
    "RCS_p": 0.0355197,
    "TCS_n": 0.0570815
}