{
    "KDHartreeFock": {
        "V1_0": 55.4219,
        "V1_asymm": 28.457,
        "V1_A": -0.00566656,
        "V2_0_n": 0.00594807,
        "V2_A_n": 7.51282e-06,
        "V3_0_n": -1.17193e-06,
        "V3_A_n": 8.31558e-09,
        "V2_0_p": 0.00523879,
        "V2_A_p": 2.11973e-05,
        "V3_0_p": -2.89648e-06,
        "V3_A_p": 1.47754e-07,
        "V4_0": -3.67687e-08,
        "r_0": 1.24437,
        "r_A": 0.184302,
        "a_0": 0.634256,
        "a_A": -4.65621e-05
    },
    "KDCoulomb": {
        "r_C_0": 1.00738,
        "r_C_A": -0.79781,
        "r_C_A2": 15.7215
    },
    "KDRealSpinOrbit": {
        "V1_0": 3.80747,
        "V1_A": -0.00820533,
        "V2_0": 0.00286882,
        "r_0": 1.24622,
        "r_A": 0.749029,
        "a_0": 0.541078
    },
    "KDImagSpinOrbit": {
        "W1_0": -8.07761,
        "W2_0": 333.527
    },
    "KDImagVolume": {
        "W1_0_n": 22.9108,
        "W1_A_n": -0.0377526,
        "W1_0_p": 17.0889,
        "W1_A_p": 0.00899167,
        "W2_0": 99.951,
        "W2_A": -0.268307
    },
    "KDImagSurface": {
        "D1_0": 28.9179,
        "D1_asymm": 41.6446,
        "D2_0": -0.00758883,
        "D2_A": 0.0459107,
        "D2_A2": 0.634837,
        "D2_A3": 343.733,
        "D3_0": 17.3881,
        "r_0": 1.3719,
        "r_A": 0.0248935,
        "a_0_n": 0.567757,
        "a_A_n": 0.000149764,
        "a_0_p": 0.495861,
        "a_A_p": 0.000422029
    }
}