{
    "ECS_p": 0.187215,
    "ECS_n": 0.204533,
    "APower_p": 0.431595,
    "APower_n": 0.200132,
    "RCS_p": 0.014845,
    "TCS_n": 0.0150614
}