{
    "KDHartreeFock": {
        "V1_0": 58.6339,
        "V1_asymm": 14.1003,
        "V1_A": 0.0268125,
        "V2_0_n": 0.00597986,
        "V2_A_n": -1.25232e-06,
        "V3_0_n": 7.22582e-06,
        "V3_A_n": -1.5139e-08,
        "V2_0_p": 0.00803029,
        "V2_A_p": -6.42096e-06,
        "V3_0_p": 2.01565e-05,
        "V3_A_p": -5.13991e-08,
        "V4_0": -8.48166e-09,
        "r_0": 1.27195,
        "r_A": 0.348215,
        "a_0": 0.690038,
        "a_A": 3.34588e-06
    },
    "KDCoulomb": {
        "r_C_0": 1.28831,
        "r_C_A": 1.27057,
        "r_C_A2": 0.0560586
    },
    "KDRealSpinOrbit": {
        "V1_0": 6.08993,
        "V1_A": -0.00443604,
        "V2_0": 0.0028644,
        "r_0": 1.21334,
        "r_A": 0.87271,
        "a_0": 0.617249
    },
    "KDImagSpinOrbit": {
        "W1_0": -6.02737,
        "W2_0": 321.839
    },
    "KDImagVolume": {
        "W1_0_n": 22.3002,
        "W1_A_n": -0.0360866,
        "W1_0_p": 21.8634,
        "W1_A_p": 0.00733986,
        "W2_0": 102.405,
        "W2_A": -0.0244162
    },
    "KDImagSurface": {
        "D1_0": 26.125,
        "D1_asymm": 18.1877,
        "D2_0": 0.0555257,
        "D2_A": -0.0216698,
        "D2_A2": 15.6224,
        "D2_A3": 258.323,
        "D3_0": 17.6291,
        "r_0": 1.37966,
        "r_A": 0.0218095,
        "a_0_n": 0.526124,
        "a_A_n": -7.51352e-05,
        "a_0_p": 0.455622,
        "a_A_p": 0.00160376
    }
}