{
    "ECS_p": 0.33826,
    "ECS_n": 0.281137,
    "APower_p": 0.668437,
    "APower_n": 0.464455,
    "RCS_p": 0.0392435,
    "TCS_n": 0.0234537
}