{
    "KDHartreeFock": {
        "V1_0": 60.2799,
        "V1_asymm": 5.29705,
        "V1_A": 0.0454722,
        "V2_0_n": 0.00590603,
        "V2_A_n": -8.27266e-06,
        "V3_0_n": 8.62492e-06,
        "V3_A_n": -4.7145e-08,
        "V2_0_p": 0.00698935,
        "V2_A_p": -1.56688e-06,
        "V3_0_p": 1.78986e-05,
        "V3_A_p": -2.867e-08,
        "V4_0": 9.00549e-10,
        "r_0": 1.32088,
        "r_A": 0.507434,
        "a_0": 0.66802,
        "a_A": 0.000146192
    },
    "KDCoulomb": {
        "r_C_0": 1.2817,
        "r_C_A": 0.262584,
        "r_C_A2": 18.6794
    },
    "KDRealSpinOrbit": {
        "V1_0": 5.99103,
        "V1_A": 0.00366387,
        "V2_0": 0.00940351,
        "r_0": 1.11815,
        "r_A": 0.302396,
        "a_0": 0.547685
    },
    "KDImagSpinOrbit": {
        "W1_0": -5.19736,
        "W2_0": 200.627
    },
    "KDImagVolume": {
        "W1_0_n": 25.2411,
        "W1_A_n": -0.0261172,
        "W1_0_p": 14.0175,
        "W1_A_p": 0.137139,
        "W2_0": 98.5429,
        "W2_A": 0.115737
    },
    "KDImagSurface": {
        "D1_0": 33.7616,
        "D1_asymm": 25.7588,
        "D2_0": 0.0347752,
        "D2_A": -0.000109141,
        "D2_A2": 5.03105,
        "D2_A3": 246.713,
        "D3_0": 24.1687,
        "r_0": 1.31036,
        "r_A": 0.0113128,
        "a_0_n": 0.582892,
        "a_A_n": -0.000329582,
        "a_0_p": 0.472794,
        "a_A_p": 0.00152648
    }
}