{
    "ECS_p": 0.486166,
    "ECS_n": 0.305745,
    "APower_p": 0.737266,
    "APower_n": 0.829677,
    "RCS_p": 0.0342444,
    "TCS_n": 0.044373
}