{
    "KDHartreeFock": {
        "V1_0": 65.0,
        "V1_asymm": 23.3766,
        "V1_A": 0.0570745,
        "V2_0_n": 0.00617618,
        "V2_A_n": 1.29534e-05,
        "V3_0_n": 2.72464e-06,
        "V3_A_n": 6.52171e-08,
        "V2_0_p": 0.00368657,
        "V2_A_p": 7.60252e-06,
        "V3_0_p": -1.4435e-05,
        "V3_A_p": 4.71488e-08,
        "V4_0": -4.23767e-08,
        "r_0": 1.31741,
        "r_A": 0.729821,
        "a_0": 0.641759,
        "a_A": -0.000469167
    },
    "KDCoulomb": {
        "r_C_0": 1.13125,
        "r_C_A": 0.311801,
        "r_C_A2": 7.16407
    },
    "KDRealSpinOrbit": {
        "V1_0": 4.93966,
        "V1_A": -0.00825103,
        "V2_0": 0.00247887,
        "r_0": 1.2053,
        "r_A": 0.527362,
        "a_0": 0.610382
    },
    "KDImagSpinOrbit": {
        "W1_0": -2.50365,
        "W2_0": 356.94
    },
    "KDImagVolume": {
        "W1_0_n": 21.4806,
        "W1_A_n": -0.0123572,
        "W1_0_p": 18.6383,
        "W1_A_p": 0.0314745,
        "W2_0": 98.6593,
        "W2_A": 0.135871
    },
    "KDImagSurface": {
        "D1_0": 10.1085,
        "D1_asymm": 13.0695,
        "D2_0": 0.0137733,
        "D2_A": -0.000799756,
        "D2_A2": 7.6476,
        "D2_A3": 116.074,
        "D3_0": 9.21887,
        "r_0": 1.37646,
        "r_A": 0.042559,
        "a_0_n": 0.623805,
        "a_A_n": -0.00148306,
        "a_0_p": 0.543958,
        "a_A_p": 0.00202175
    }
}