{
    "ECS_p": 0.308877,
    "ECS_n": 0.183238,
    "APower_p": 0.35711,
    "APower_n": 0.349135,
    "RCS_p": 0.0130046,
    "TCS_n": 0.0263786
}