{
    "KDHartreeFock": {
        "V1_0": 59.1833,
        "V1_asymm": 16.1687,
        "V1_A": 0.0247591,
        "V2_0_n": 0.0062338,
        "V2_A_n": 1.16097e-06,
        "V3_0_n": 1.35632e-05,
        "V3_A_n": 1.00587e-08,
        "V2_0_p": 0.00787943,
        "V2_A_p": -2.05486e-06,
        "V3_0_p": 2.83772e-05,
        "V3_A_p": -4.46717e-08,
        "V4_0": 1.32796e-08,
        "r_0": 1.27619,
        "r_A": 0.389816,
        "a_0": 0.678479,
        "a_A": 5.0896e-05
    },
    "KDCoulomb": {
        "r_C_0": 1.23304,
        "r_C_A": -0.182673,
        "r_C_A2": 4.37198
    },
    "KDRealSpinOrbit": {
        "V1_0": 5.66328,
        "V1_A": 0.00634443,
        "V2_0": 0.00640901,
        "r_0": 1.28214,
        "r_A": 1.17819,
        "a_0": 0.577265
    },
    "KDImagSpinOrbit": {
        "W1_0": -4.26197,
        "W2_0": 238.379
    },
    "KDImagVolume": {
        "W1_0_n": 25.1042,
        "W1_A_n": -0.0109275,
        "W1_0_p": 26.9016,
        "W1_A_p": 0.00593421,
        "W2_0": 124.412,
        "W2_A": -0.0481767
    },
    "KDImagSurface": {
        "D1_0": 21.8308,
        "D1_asymm": 15.4142,
        "D2_0": 0.0543844,
        "D2_A": -0.0221494,
        "D2_A2": -6.74424,
        "D2_A3": -112.715,
        "D3_0": 15.6276,
        "r_0": 1.34739,
        "r_A": 0.0200362,
        "a_0_n": 0.526854,
        "a_A_n": -0.00023458,
        "a_0_p": 0.559308,
        "a_A_p": 0.000646688
    }
}