{
    "ECS_p": 0.29344,
    "ECS_n": 0.214012,
    "APower_p": 0.362629,
    "APower_n": 0.302248,
    "RCS_p": 0.0061192,
    "TCS_n": 0.0181324
}