{
    "KDHartreeFock": {
        "V1_0": 54.386,
        "V1_asymm": 13.8846,
        "V1_A": 0.00564769,
        "V2_0_n": 0.00539116,
        "V2_A_n": -2.23573e-06,
        "V3_0_n": 3.95048e-07,
        "V3_A_n": -2.30305e-08,
        "V2_0_p": 0.00644812,
        "V2_A_p": 4.72379e-06,
        "V3_0_p": 1.02043e-05,
        "V3_A_p": 2.33831e-08,
        "V4_0": -2.37506e-08,
        "r_0": 1.29014,
        "r_A": 0.335093,
        "a_0": 0.663382,
        "a_A": 0.000177773
    },
    "KDCoulomb": {
        "r_C_0": 1.32782,
        "r_C_A": -0.130428,
        "r_C_A2": 20.8649
    },
    "KDRealSpinOrbit": {
        "V1_0": 5.05672,
        "V1_A": 0.0106313,
        "V2_0": 0.00436234,
        "r_0": 1.16805,
        "r_A": 0.598435,
        "a_0": 0.576851
    },
    "KDImagSpinOrbit": {
        "W1_0": -2.13908,
        "W2_0": -102.661
    },
    "KDImagVolume": {
        "W1_0_n": 21.6491,
        "W1_A_n": -0.0454863,
        "W1_0_p": 15.1373,
        "W1_A_p": 0.0203159,
        "W2_0": 94.3082,
        "W2_A": 0.0492872
    },
    "KDImagSurface": {
        "D1_0": 11.5714,
        "D1_asymm": 13.8256,
        "D2_0": -0.0309486,
        "D2_A": 0.0457484,
        "D2_A2": 4.83743,
        "D2_A3": 325.786,
        "D3_0": 8.23088,
        "r_0": 1.55481,
        "r_A": 0.0711606,
        "a_0_n": 0.450391,
        "a_A_n": -0.000995181,
        "a_0_p": 0.459999,
        "a_A_p": 0.00154121
    }
}