{
    "ECS_p": 0.325541,
    "ECS_n": 0.207932,
    "APower_p": 0.738959,
    "APower_n": 0.743372,
    "RCS_p": 0.0266663,
    "TCS_n": 0.0323146
}