{
    "KDHartreeFock": {
        "V1_0": 63.5216,
        "V1_asymm": 1.38019,
        "V1_A": 0.0490471,
        "V2_0_n": 0.00909789,
        "V2_A_n": 3.89317e-06,
        "V3_0_n": 4.40356e-05,
        "V3_A_n": 2.85547e-08,
        "V2_0_p": 0.00934315,
        "V2_A_p": -8.24941e-06,
        "V3_0_p": 4.36279e-05,
        "V3_A_p": -7.02135e-09,
        "V4_0": 8.56041e-08,
        "r_0": 1.30012,
        "r_A": 0.516025,
        "a_0": 0.694672,
        "a_A": -5.62441e-05
    },
    "KDCoulomb": {
        "r_C_0": 1.24243,
        "r_C_A": 0.751308,
        "r_C_A2": 6.95558
    },
    "KDRealSpinOrbit": {
        "V1_0": 6.40589,
        "V1_A": -0.0255656,
        "V2_0": 0.00284745,
        "r_0": 1.11791,
        "r_A": 0.45937,
        "a_0": 0.632573
    },
    "KDImagSpinOrbit": {
        "W1_0": -0.444028,
        "W2_0": 40.2647
    },
    "KDImagVolume": {
        "W1_0_n": 18.9451,
        "W1_A_n": 0.0353165,
        "W1_0_p": 14.0187,
        "W1_A_p": 0.085498,
        "W2_0": 79.782,
        "W2_A": 0.548524
    },
    "KDImagSurface": {
        "D1_0": 17.0863,
        "D1_asymm": 0.0607318,
        "D2_0": 0.0369707,
        "D2_A": -0.0133843,
        "D2_A2": 2.23105,
        "D2_A3": 220.679,
        "D3_0": 11.9078,
        "r_0": 1.31767,
        "r_A": 0.0140314,
        "a_0_n": 0.561899,
        "a_A_n": 0.000486506,
        "a_0_p": 0.447094,
        "a_A_p": 0.00220223
    }
}