{
    "ECS_p": 0.230984,
    "ECS_n": 0.204784,
    "APower_p": 0.317895,
    "APower_n": 0.313629,
    "RCS_p": 0.00348844,
    "TCS_n": 0.0297611
}