{
    "KDHartreeFock": {
        "V1_0": 57.0688,
        "V1_asymm": 6.6976,
        "V1_A": 0.0212222,
        "V2_0_n": 0.00658142,
        "V2_A_n": 8.36899e-06,
        "V3_0_n": 1.20319e-05,
        "V3_A_n": 6.58983e-08,
        "V2_0_p": 0.00625054,
        "V2_A_p": -5.07821e-07,
        "V3_0_p": 1.25907e-05,
        "V3_A_p": -7.28706e-09,
        "V4_0": -1.65657e-08,
        "r_0": 1.19361,
        "r_A": 0.0374267,
        "a_0": 0.613613,
        "a_A": -0.000662378
    },
    "KDCoulomb": {
        "r_C_0": 1.21038,
        "r_C_A": 0.620295,
        "r_C_A2": -3.22067
    },
    "KDRealSpinOrbit": {
        "V1_0": 5.11059,
        "V1_A": 0.0193692,
        "V2_0": 0.0105776,
        "r_0": 1.34709,
        "r_A": 1.30213,
        "a_0": 0.611851
    },
    "KDImagSpinOrbit": {
        "W1_0": -4.37882,
        "W2_0": 116.678
    },
    "KDImagVolume": {
        "W1_0_n": 15.5038,
        "W1_A_n": 0.0532991,
        "W1_0_p": 11.1555,
        "W1_A_p": 0.0764011,
        "W2_0": 77.0582,
        "W2_A": 0.0927772
    },
    "KDImagSurface": {
        "D1_0": 12.8368,
        "D1_asymm": 8.99609,
        "D2_0": 0.0198192,
        "D2_A": 0.00736186,
        "D2_A2": 14.8156,
        "D2_A3": -87.4752,
        "D3_0": 13.2497,
        "r_0": 1.19425,
        "r_A": -0.0251876,
        "a_0_n": 0.547819,
        "a_A_n": 5.91349e-06,
        "a_0_p": 0.514353,
        "a_A_p": 0.00135655
    }
}