{
    "ECS_p": 0.282446,
    "ECS_n": 0.216819,
    "APower_p": 0.364226,
    "APower_n": 0.19113,
    "RCS_p": 0.0145058,
    "TCS_n": 0.0287586
}