{
    "KDHartreeFock": {
        "V1_0": 58.302,
        "V1_asymm": 10.1343,
        "V1_A": 0.018074,
        "V2_0_n": 0.00483651,
        "V2_A_n": -8.78821e-06,
        "V3_0_n": 2.74063e-06,
        "V3_A_n": -3.89574e-08,
        "V2_0_p": 0.00403896,
        "V2_A_p": 9.48693e-06,
        "V3_0_p": -7.61796e-07,
        "V3_A_p": 6.46193e-08,
        "V4_0": -8.317e-09,
        "r_0": 1.26339,
        "r_A": 0.388749,
        "a_0": 0.674624,
        "a_A": -0.000364355
    },
    "KDCoulomb": {
        "r_C_0": 1.11592,
        "r_C_A": 0.853659,
        "r_C_A2": 30.4916
    },
    "KDRealSpinOrbit": {
        "V1_0": 5.37478,
        "V1_A": -0.00274094,
        "V2_0": 0.00451948,
        "r_0": 1.25187,
        "r_A": 0.975362,
        "a_0": 0.558558
    },
    "KDImagSpinOrbit": {
        "W1_0": -3.57567,
        "W2_0": 230.659
    },
    "KDImagVolume": {
        "W1_0_n": 23.5339,
        "W1_A_n": -0.0155772,
        "W1_0_p": 25.5115,
        "W1_A_p": -0.000828602,
        "W2_0": 120.658,
        "W2_A": -0.0559629
    },
    "KDImagSurface": {
        "D1_0": 14.5775,
        "D1_asymm": 9.09259,
        "D2_0": -0.00759672,
        "D2_A": 0.0297391,
        "D2_A2": 5.26645,
        "D2_A3": 249.094,
        "D3_0": 13.2563,
        "r_0": 1.25235,
        "r_A": -0.00282869,
        "a_0_n": 0.603885,
        "a_A_n": 0.000191387,
        "a_0_p": 0.511428,
        "a_A_p": 0.00164011
    }
}