{
    "ECS_p": 0.340847,
    "ECS_n": 0.216684,
    "APower_p": 0.268602,
    "APower_n": 0.19551,
    "RCS_p": 0.0328951,
    "TCS_n": 0.0229206
}