{
    "KDHartreeFock": {
        "V1_0": 57.0785,
        "V1_asymm": 21.4534,
        "V1_A": 0.0176152,
        "V2_0_n": 0.00502446,
        "V2_A_n": -1.98895e-06,
        "V3_0_n": -2.31667e-06,
        "V3_A_n": -1.33729e-08,
        "V2_0_p": 0.00690026,
        "V2_A_p": 7.88338e-06,
        "V3_0_p": 1.32047e-05,
        "V3_A_p": 1.0764e-08,
        "V4_0": -2.58194e-08,
        "r_0": 1.29345,
        "r_A": 0.379705,
        "a_0": 0.724131,
        "a_A": 0.00027199
    },
    "KDCoulomb": {
        "r_C_0": 1.31558,
        "r_C_A": 0.826481,
        "r_C_A2": 21.3432
    },
    "KDRealSpinOrbit": {
        "V1_0": 5.13177,
        "V1_A": 0.00402329,
        "V2_0": 0.00336632,
        "r_0": 1.15655,
        "r_A": 0.434333,
        "a_0": 0.576817
    },
    "KDImagSpinOrbit": {
        "W1_0": -7.88359,
        "W2_0": 415.568
    },
    "KDImagVolume": {
        "W1_0_n": 19.5908,
        "W1_A_n": 0.00294426,
        "W1_0_p": 16.653,
        "W1_A_p": 0.0106941,
        "W2_0": 98.5146,
        "W2_A": -0.0794521
    },
    "KDImagSurface": {
        "D1_0": 22.2711,
        "D1_asymm": 2.73101,
        "D2_0": 0.0297964,
        "D2_A": -0.00259927,
        "D2_A2": 4.71676,
        "D2_A3": 343.799,
        "D3_0": 15.9765,
        "r_0": 1.35296,
        "r_A": 0.0214551,
        "a_0_n": 0.525757,
        "a_A_n": 0.000347017,
        "a_0_p": 0.566967,
        "a_A_p": -0.00038968
    }
}