{
    "ECS_p": 0.546906,
    "ECS_n": 0.286509,
    "APower_p": 0.840476,
    "APower_n": 0.754885,
    "RCS_p": 0.0432441,
    "TCS_n": 0.052161
}