{
    "KDHartreeFock": {
        "V1_0": 61.3925,
        "V1_asymm": 12.2387,
        "V1_A": 0.0265541,
        "V2_0_n": 0.00930398,
        "V2_A_n": 2.76194e-06,
        "V3_0_n": 4.09237e-05,
        "V3_A_n": 3.10187e-08,
        "V2_0_p": 0.0097219,
        "V2_A_p": -2.85415e-06,
        "V3_0_p": 4.32534e-05,
        "V3_A_p": -3.4401e-08,
        "V4_0": 6.5679e-08,
        "r_0": 1.26594,
        "r_A": 0.235838,
        "a_0": 0.707573,
        "a_A": 0.000248997
    },
    "KDCoulomb": {
        "r_C_0": 1.30547,
        "r_C_A": -0.0750945,
        "r_C_A2": 15.383
    },
    "KDRealSpinOrbit": {
        "V1_0": 3.17507,
        "V1_A": 0.0114356,
        "V2_0": 0.00249863,
        "r_0": 1.24418,
        "r_A": 0.780495,
        "a_0": 0.588461
    },
    "KDImagSpinOrbit": {
        "W1_0": -2.77376,
        "W2_0": 319.854
    },
    "KDImagVolume": {
        "W1_0_n": 17.4125,
        "W1_A_n": -0.0311647,
        "W1_0_p": 15.6178,
        "W1_A_p": 0.00614217,
        "W2_0": 79.1789,
        "W2_A": -0.23523
    },
    "KDImagSurface": {
        "D1_0": 13.7895,
        "D1_asymm": 30.6767,
        "D2_0": 0.024664,
        "D2_A": 0.00796731,
        "D2_A2": 11.3978,
        "D2_A3": 15.7779,
        "D3_0": 8.91621,
        "r_0": 1.41423,
        "r_A": 0.0413976,
        "a_0_n": 0.551746,
        "a_A_n": -0.001146,
        "a_0_p": 0.471888,
        "a_A_p": 3.72952e-06
    }
}