{
    "ECS_p": 0.305296,
    "ECS_n": 0.329818,
    "APower_p": 0.88807,
    "APower_n": 0.695655,
    "RCS_p": 0.0473697,
    "TCS_n": 0.0624777
}