{
    "KDHartreeFock": {
        "V1_0": 60.3844,
        "V1_asymm": 12.8792,
        "V1_A": 0.0415208,
        "V2_0_n": 0.00789877,
        "V2_A_n": 7.37763e-06,
        "V3_0_n": 2.18065e-05,
        "V3_A_n": 6.8191e-08,
        "V2_0_p": 0.00832503,
        "V2_A_p": -6.41219e-06,
        "V3_0_p": 2.37961e-05,
        "V3_A_p": -1.77056e-08,
        "V4_0": 7.38562e-10,
        "r_0": 1.30156,
        "r_A": 0.483339,
        "a_0": 0.675883,
        "a_A": -0.000539315
    },
    "KDCoulomb": {
        "r_C_0": 1.25229,
        "r_C_A": -0.342832,
        "r_C_A2": 6.95207
    },
    "KDRealSpinOrbit": {
        "V1_0": 7.11397,
        "V1_A": -0.00701331,
        "V2_0": 0.00563976,
        "r_0": 1.28203,
        "r_A": 1.04529,
        "a_0": 0.600789
    },
    "KDImagSpinOrbit": {
        "W1_0": -4.93537,
        "W2_0": 226.672
    },
    "KDImagVolume": {
        "W1_0_n": 18.1702,
        "W1_A_n": -0.00900015,
        "W1_0_p": 19.6348,
        "W1_A_p": -0.00729906,
        "W2_0": 106.222,
        "W2_A": -0.224853
    },
    "KDImagSurface": {
        "D1_0": 22.9213,
        "D1_asymm": 17.0905,
        "D2_0": 0.0274162,
        "D2_A": 0.000516345,
        "D2_A2": 7.30849,
        "D2_A3": 116.625,
        "D3_0": 19.0939,
        "r_0": 1.38859,
        "r_A": 0.01645,
        "a_0_n": 0.471575,
        "a_A_n": -0.00044895,
        "a_0_p": 0.507684,
        "a_A_p": -7.20352e-05
    }
}