{
    "ECS_p": 0.250859,
    "ECS_n": 0.312228,
    "APower_p": 0.635998,
    "APower_n": 0.580303,
    "RCS_p": 0.00807152,
    "TCS_n": 0.0390396
}