{
    "KDHartreeFock": {
        "V1_0": 59.6145,
        "V1_asymm": 16.4927,
        "V1_A": 0.0314077,
        "V2_0_n": 0.00621225,
        "V2_A_n": 1.20242e-05,
        "V3_0_n": 1.0353e-05,
        "V3_A_n": 8.84901e-08,
        "V2_0_p": 0.00700286,
        "V2_A_p": -1.66316e-06,
        "V3_0_p": 1.31439e-05,
        "V3_A_p": -1.92536e-08,
        "V4_0": -2.33069e-08,
        "r_0": 1.24636,
        "r_A": 0.288074,
        "a_0": 0.635832,
        "a_A": -0.000535392
    },
    "KDCoulomb": {
        "r_C_0": 1.33048,
        "r_C_A": 0.36127,
        "r_C_A2": -2.47744
    },
    "KDRealSpinOrbit": {
        "V1_0": 6.39216,
        "V1_A": 0.00460416,
        "V2_0": 0.00675394,
        "r_0": 1.20358,
        "r_A": 0.609135,
        "a_0": 0.548702
    },
    "KDImagSpinOrbit": {
        "W1_0": -2.32524,
        "W2_0": 157.605
    },
    "KDImagVolume": {
        "W1_0_n": 10.0234,
        "W1_A_n": 0.118279,
        "W1_0_p": 10.979,
        "W1_A_p": 0.147559,
        "W2_0": 63.1301,
        "W2_A": 0.66568
    },
    "KDImagSurface": {
        "D1_0": 16.7431,
        "D1_asymm": 13.3892,
        "D2_0": 0.0675776,
        "D2_A": -0.044488,
        "D2_A2": 3.19732,
        "D2_A3": 301.252,
        "D3_0": 12.6843,
        "r_0": 1.37814,
        "r_A": 0.0176626,
        "a_0_n": 0.542924,
        "a_A_n": 0.000235803,
        "a_0_p": 0.424902,
        "a_A_p": 0.00165124
    }
}