{
    "ECS_p": 0.460308,
    "ECS_n": 0.23521,
    "APower_p": 0.776427,
    "APower_n": 0.733341,
    "RCS_p": 0.0268754,
    "TCS_n": 0.0583555
}