{
    "KDHartreeFock": {
        "V1_0": 63.3423,
        "V1_asymm": 18.5646,
        "V1_A": 0.0487959,
        "V2_0_n": 0.00667507,
        "V2_A_n": 3.92874e-07,
        "V3_0_n": 1.53353e-05,
        "V3_A_n": 7.16639e-09,
        "V2_0_p": 0.00623186,
        "V2_A_p": 7.01353e-06,
        "V3_0_p": 1.36731e-05,
        "V3_A_p": 4.73978e-08,
        "V4_0": 1.81856e-08,
        "r_0": 1.27467,
        "r_A": 0.468028,
        "a_0": 0.644657,
        "a_A": -0.000901446
    },
    "KDCoulomb": {
        "r_C_0": 1.17435,
        "r_C_A": 1.81891,
        "r_C_A2": 26.4051
    },
    "KDRealSpinOrbit": {
        "V1_0": 7.12263,
        "V1_A": -0.0110056,
        "V2_0": 0.00242149,
        "r_0": 1.25608,
        "r_A": 0.795533,
        "a_0": 0.546604
    },
    "KDImagSpinOrbit": {
        "W1_0": -1.77393,
        "W2_0": 129.895
    },
    "KDImagVolume": {
        "W1_0_n": 20.205,
        "W1_A_n": -0.00782266,
        "W1_0_p": 18.3569,
        "W1_A_p": 0.0132473,
        "W2_0": 53.5628,
        "W2_A": 0.224998
    },
    "KDImagSurface": {
        "D1_0": 19.0083,
        "D1_asymm": 3.70859,
        "D2_0": 0.0218811,
        "D2_A": 0.0100887,
        "D2_A2": 1.13427,
        "D2_A3": 162.413,
        "D3_0": 18.0745,
        "r_0": 1.28199,
        "r_A": -0.00524321,
        "a_0_n": 0.583881,
        "a_A_n": -6.53954e-07,
        "a_0_p": 0.476091,
        "a_A_p": 0.00114379
    }
}