{
    "ECS_p": 0.275346,
    "ECS_n": 0.194137,
    "APower_p": 0.404629,
    "APower_n": 0.25562,
    "RCS_p": 0.0154862,
    "TCS_n": 0.0192428
}