{
    "KDHartreeFock": {
        "V1_0": 62.035,
        "V1_asymm": 13.6562,
        "V1_A": 0.0410246,
        "V2_0_n": 0.00702677,
        "V2_A_n": 1.33099e-07,
        "V3_0_n": 2.05093e-05,
        "V3_A_n": 1.51854e-09,
        "V2_0_p": 0.00729373,
        "V2_A_p": 4.3827e-06,
        "V3_0_p": 2.41543e-05,
        "V3_A_p": 1.61288e-08,
        "V4_0": 2.93415e-08,
        "r_0": 1.3123,
        "r_A": 0.614714,
        "a_0": 0.706888,
        "a_A": 0.000249396
    },
    "KDCoulomb": {
        "r_C_0": 1.22092,
        "r_C_A": -0.00578901,
        "r_C_A2": 6.85102
    },
    "KDRealSpinOrbit": {
        "V1_0": 5.24289,
        "V1_A": 0.00302572,
        "V2_0": 0.00221164,
        "r_0": 1.16657,
        "r_A": 0.510429,
        "a_0": 0.615618
    },
    "KDImagSpinOrbit": {
        "W1_0": -0.640085,
        "W2_0": 252.417
    },
    "KDImagVolume": {
        "W1_0_n": 20.9397,
        "W1_A_n": 0.00278116,
        "W1_0_p": 18.5991,
        "W1_A_p": 0.0201416,
        "W2_0": 112.472,
        "W2_A": -0.0486947
    },
    "KDImagSurface": {
        "D1_0": 10.2055,
        "D1_asymm": 6.05274,
        "D2_0": -0.0304717,
        "D2_A": 0.0464073,
        "D2_A2": 13.3294,
        "D2_A3": 393.461,
        "D3_0": 9.80117,
        "r_0": 1.41551,
        "r_A": 0.036856,
        "a_0_n": 0.62087,
        "a_A_n": -0.000151459,
        "a_0_p": 0.448437,
        "a_A_p": 0.00370192
    }
}