{
    "ECS_p": 0.295093,
    "ECS_n": 0.199842,
    "APower_p": 0.34112,
    "APower_n": 0.301609,
    "RCS_p": 0.0131656,
    "TCS_n": 0.0312393
}