{
    "KDHartreeFock": {
        "V1_0": 62.4564,
        "V1_asymm": 19.9772,
        "V1_A": 0.0280656,
        "V2_0_n": 0.00681708,
        "V2_A_n": -5.71591e-07,
        "V3_0_n": 1.78902e-05,
        "V3_A_n": 1.8004e-08,
        "V2_0_p": 0.00692012,
        "V2_A_p": 2.5879e-06,
        "V3_0_p": 1.69665e-05,
        "V3_A_p": 4.38417e-09,
        "V4_0": -1.11162e-09,
        "r_0": 1.21062,
        "r_A": 0.216122,
        "a_0": 0.652354,
        "a_A": -0.000263079
    },
    "KDCoulomb": {
        "r_C_0": 1.20842,
        "r_C_A": -0.432415,
        "r_C_A2": 21.553
    },
    "KDRealSpinOrbit": {
        "V1_0": 6.55315,
        "V1_A": 0.00664538,
        "V2_0": 0.00434727,
        "r_0": 1.21453,
        "r_A": 0.992557,
        "a_0": 0.59806
    },
    "KDImagSpinOrbit": {
        "W1_0": -5.54438,
        "W2_0": 344.197
    },
    "KDImagVolume": {
        "W1_0_n": 10.5157,
        "W1_A_n": 0.0654282,
        "W1_0_p": 18.6447,
        "W1_A_p": 0.0970705,
        "W2_0": 57.8376,
        "W2_A": 0.395551
    },
    "KDImagSurface": {
        "D1_0": 25.3484,
        "D1_asymm": 13.8862,
        "D2_0": 0.037309,
        "D2_A": -0.00633335,
        "D2_A2": -0.220187,
        "D2_A3": 16.5824,
        "D3_0": 19.9911,
        "r_0": 1.23826,
        "r_A": 0.00142277,
        "a_0_n": 0.563269,
        "a_A_n": -0.000556793,
        "a_0_p": 0.484425,
        "a_A_p": 0.00169354
    }
}