{
    "ECS_p": 0.440821,
    "ECS_n": 0.148869,
    "APower_p": 0.785804,
    "APower_n": 0.694055,
    "RCS_p": 0.0371577,
    "TCS_n": 0.0313409
}