{
    "KDHartreeFock": {
        "V1_0": 61.4078,
        "V1_asymm": 16.1068,
        "V1_A": 0.040106,
        "V2_0_n": 0.00806457,
        "V2_A_n": 1.34591e-05,
        "V3_0_n": 2.90792e-05,
        "V3_A_n": 6.40586e-08,
        "V2_0_p": 0.00740392,
        "V2_A_p": 6.99491e-06,
        "V3_0_p": 2.54112e-05,
        "V3_A_p": 6.36177e-08,
        "V4_0": 4.37444e-08,
        "r_0": 1.27154,
        "r_A": 0.362458,
        "a_0": 0.64399,
        "a_A": -0.000192356
    },
    "KDCoulomb": {
        "r_C_0": 1.25069,
        "r_C_A": 0.134649,
        "r_C_A2": 19.2079
    },
    "KDRealSpinOrbit": {
        "V1_0": 6.8105,
        "V1_A": -0.00375085,
        "V2_0": 0.00495387,
        "r_0": 1.1624,
        "r_A": 0.506386,
        "a_0": 0.559042
    },
    "KDImagSpinOrbit": {
        "W1_0": -3.26678,
        "W2_0": 264.111
    },
    "KDImagVolume": {
        "W1_0_n": 25.774,
        "W1_A_n": -0.0259303,
        "W1_0_p": 23.0612,
        "W1_A_p": 0.00655965,
        "W2_0": 156.949,
        "W2_A": -0.0810863
    },
    "KDImagSurface": {
        "D1_0": 12.0689,
        "D1_asymm": -4.72412,
        "D2_0": 0.00112382,
        "D2_A": 0.0142671,
        "D2_A2": 23.7558,
        "D2_A3": 296.367,
        "D3_0": 11.161,
        "r_0": 1.27543,
        "r_A": 0.000560083,
        "a_0_n": 0.625146,
        "a_A_n": 0.000727123,
        "a_0_p": 0.486876,
        "a_A_p": 0.00240384
    }
}