{
    "ECS_p": 0.469206,
    "ECS_n": 0.211069,
    "APower_p": 0.379056,
    "APower_n": 0.246906,
    "RCS_p": 0.00502912,
    "TCS_n": 0.0219447
}