{
    "KDHartreeFock": {
        "V1_0": 58.445,
        "V1_asymm": 17.0175,
        "V1_A": 0.018302,
        "V2_0_n": 0.0062199,
        "V2_A_n": 3.62468e-06,
        "V3_0_n": 1.0665e-05,
        "V3_A_n": 1.98478e-08,
        "V2_0_p": 0.00706912,
        "V2_A_p": 7.28878e-06,
        "V3_0_p": 1.38771e-05,
        "V3_A_p": 4.24114e-08,
        "V4_0": 5.52434e-09,
        "r_0": 1.25564,
        "r_A": 0.312631,
        "a_0": 0.680941,
        "a_A": -0.000370946
    },
    "KDCoulomb": {
        "r_C_0": 1.23403,
        "r_C_A": -0.760994,
        "r_C_A2": -2.90657
    },
    "KDRealSpinOrbit": {
        "V1_0": 5.70053,
        "V1_A": 0.000669473,
        "V2_0": 0.00483348,
        "r_0": 1.22882,
        "r_A": 0.559145,
        "a_0": 0.572135
    },
    "KDImagSpinOrbit": {
        "W1_0": -3.29987,
        "W2_0": -191.502
    },
    "KDImagVolume": {
        "W1_0_n": 22.5535,
        "W1_A_n": -0.0157149,
        "W1_0_p": 15.2111,
        "W1_A_p": 0.0627601,
        "W2_0": 93.7549,
        "W2_A": -0.129824
    },
    "KDImagSurface": {
        "D1_0": 20.9268,
        "D1_asymm": -2.00233,
        "D2_0": 0.00902811,
        "D2_A": 0.0228592,
        "D2_A2": 11.7115,
        "D2_A3": 340.441,
        "D3_0": 15.3846,
        "r_0": 1.38647,
        "r_A": 0.0292195,
        "a_0_n": 0.522399,
        "a_A_n": 4.58863e-05,
        "a_0_p": 0.470852,
        "a_A_p": 0.00159201
    }
}