{
    "ECS_p": 0.219344,
    "ECS_n": 0.182479,
    "APower_p": 0.370231,
    "APower_n": 0.173735,
    "RCS_p": 0.0263598,
    "TCS_n": 0.0329477
}