{
    "KDHartreeFock": {
        "V1_0": 58.2861,
        "V1_asymm": 28.7984,
        "V1_A": 0.00424888,
        "V2_0_n": 0.00568964,
        "V2_A_n": -1.47815e-06,
        "V3_0_n": 9.10844e-06,
        "V3_A_n": -6.98583e-09,
        "V2_0_p": 0.00709389,
        "V2_A_p": 7.9126e-06,
        "V3_0_p": 1.69303e-05,
        "V3_A_p": 5.97866e-08,
        "V4_0": -2.04284e-09,
        "r_0": 1.20507,
        "r_A": 0.123215,
        "a_0": 0.675534,
        "a_A": -0.00021382
    },
    "KDCoulomb": {
        "r_C_0": 1.10704,
        "r_C_A": -0.0806063,
        "r_C_A2": 32.2265
    },
    "KDRealSpinOrbit": {
        "V1_0": 5.7246,
        "V1_A": 0.0132295,
        "V2_0": 0.0092698,
        "r_0": 1.23841,
        "r_A": 0.804124,
        "a_0": 0.564583
    },
    "KDImagSpinOrbit": {
        "W1_0": -2.69961,
        "W2_0": 87.2473
    },
    "KDImagVolume": {
        "W1_0_n": 21.8933,
        "W1_A_n": 0.00708244,
        "W1_0_p": 18.523,
        "W1_A_p": 0.068546,
        "W2_0": 138.438,
        "W2_A": -0.112452
    },
    "KDImagSurface": {
        "D1_0": 34.4818,
        "D1_asymm": 12.7638,
        "D2_0": 0.0671111,
        "D2_A": -0.0345236,
        "D2_A2": 9.97867,
        "D2_A3": 413.115,
        "D3_0": 23.7325,
        "r_0": 1.33016,
        "r_A": 0.0103472,
        "a_0_n": 0.495801,
        "a_A_n": -0.000427178,
        "a_0_p": 0.512355,
        "a_A_p": 0.000641665
    }
}