{
    "ECS_p": 0.4216,
    "ECS_n": 0.29018,
    "APower_p": 0.66168,
    "APower_n": 0.549503,
    "RCS_p": 0.0511964,
    "TCS_n": 0.0435728
}