{
    "KDHartreeFock": {
        "V1_0": 59.706,
        "V1_asymm": 10.2491,
        "V1_A": 0.0289949,
        "V2_0_n": 0.00707606,
        "V2_A_n": 3.34827e-06,
        "V3_0_n": 2.05263e-05,
        "V3_A_n": 3.2598e-08,
        "V2_0_p": 0.00801113,
        "V2_A_p": 2.99906e-06,
        "V3_0_p": 2.53046e-05,
        "V3_A_p": 2.50905e-08,
        "V4_0": 2.46963e-08,
        "r_0": 1.24989,
        "r_A": 0.264491,
        "a_0": 0.632117,
        "a_A": -0.00089665
    },
    "KDCoulomb": {
        "r_C_0": 1.41861,
        "r_C_A": 0.814973,
        "r_C_A2": 10.7261
    },
    "KDRealSpinOrbit": {
        "V1_0": 5.74673,
        "V1_A": 0.000635431,
        "V2_0": 0.00602362,
        "r_0": 1.23645,
        "r_A": 0.712246,
        "a_0": 0.565981
    },
    "KDImagSpinOrbit": {
        "W1_0": -2.03224,
        "W2_0": 143.963
    },
    "KDImagVolume": {
        "W1_0_n": 20.9493,
        "W1_A_n": -0.0223817,
        "W1_0_p": 19.8838,
        "W1_A_p": -0.00867447,
        "W2_0": 102.703,
        "W2_A": -0.0438989
    },
    "KDImagSurface": {
        "D1_0": 15.5815,
        "D1_asymm": 5.3817,
        "D2_0": 0.0642451,
        "D2_A": -0.0430001,
        "D2_A2": 18.5494,
        "D2_A3": 308.604,
        "D3_0": 15.2374,
        "r_0": 1.25779,
        "r_A": -0.00067214,
        "a_0_n": 0.537869,
        "a_A_n": -0.000514252,
        "a_0_p": 0.525274,
        "a_A_p": 0.0012334
    }
}