{
    "ECS_p": 0.324775,
    "ECS_n": 0.371969,
    "APower_p": 0.570727,
    "APower_n": 0.699997,
    "RCS_p": 0.0391147,
    "TCS_n": 0.0680829
}