{
    "KDHartreeFock": {
        "V1_0": 61.7356,
        "V1_asymm": 15.4573,
        "V1_A": 0.0499226,
        "V2_0_n": 0.00481579,
        "V2_A_n": 1.0212e-06,
        "V3_0_n": -2.53581e-07,
        "V3_A_n": 2.97001e-08,
        "V2_0_p": 0.0044856,
        "V2_A_p": 1.63301e-05,
        "V3_0_p": -1.05686e-05,
        "V3_A_p": 9.4765e-08,
        "V4_0": -3.93331e-08,
        "r_0": 1.3537,
        "r_A": 0.79036,
        "a_0": 0.709635,
        "a_A": -0.000263088
    },
    "KDCoulomb": {
        "r_C_0": 1.28173,
        "r_C_A": 0.612791,
        "r_C_A2": 5.34431
    },
    "KDRealSpinOrbit": {
        "V1_0": 6.02742,
        "V1_A": -0.0119521,
        "V2_0": 0.000583557,
        "r_0": 1.18911,
        "r_A": 0.49637,
        "a_0": 0.626894
    },
    "KDImagSpinOrbit": {
        "W1_0": -0.343968,
        "W2_0": 233.889
    },
    "KDImagVolume": {
        "W1_0_n": 10.2609,
        "W1_A_n": 0.00198675,
        "W1_0_p": 16.3153,
        "W1_A_p": 0.0320165,
        "W2_0": 93.0002,
        "W2_A": -0.119463
    },
    "KDImagSurface": {
        "D1_0": 33.8568,
        "D1_asymm": 20.4014,
        "D2_0": -0.00997191,
        "D2_A": 0.0472184,
        "D2_A2": 13.7343,
        "D2_A3": 304.734,
        "D3_0": 21.8441,
        "r_0": 1.37758,
        "r_A": 0.0177351,
        "a_0_n": 0.517242,
        "a_A_n": -0.000328266,
        "a_0_p": 0.497011,
        "a_A_p": 6.72182e-05
    }
}