{
    "ECS_p": 0.495532,
    "ECS_n": 0.426748,
    "APower_p": 0.805502,
    "APower_n": 0.628824,
    "RCS_p": 0.0393311,
    "TCS_n": 0.0350308
}