{
    "KDHartreeFock": {
        "V1_0": 55.6385,
        "V1_asymm": 4.48944,
        "V1_A": 0.0211932,
        "V2_0_n": 0.00724282,
        "V2_A_n": 6.55237e-06,
        "V3_0_n": 1.84699e-05,
        "V3_A_n": 3.91984e-08,
        "V2_0_p": 0.0069935,
        "V2_A_p": -7.5662e-07,
        "V3_0_p": 1.99032e-05,
        "V3_A_p": -5.00489e-08,
        "V4_0": 1.46107e-08,
        "r_0": 1.28869,
        "r_A": 0.322065,
        "a_0": 0.659854,
        "a_A": 3.1142e-05
    },
    "KDCoulomb": {
        "r_C_0": 1.09795,
        "r_C_A": 1.2046,
        "r_C_A2": 9.56461
    },
    "KDRealSpinOrbit": {
        "V1_0": 5.60563,
        "V1_A": -0.0141647,
        "V2_0": 0.00478417,
        "r_0": 1.13913,
        "r_A": 0.227703,
        "a_0": 0.50492
    },
    "KDImagSpinOrbit": {
        "W1_0": -4.22437,
        "W2_0": 185.907
    },
    "KDImagVolume": {
        "W1_0_n": 21.9274,
        "W1_A_n": -0.0116684,
        "W1_0_p": 16.0409,
        "W1_A_p": 0.02494,
        "W2_0": 105.311,
        "W2_A": -0.16865
    },
    "KDImagSurface": {
        "D1_0": 29.2554,
        "D1_asymm": 28.2958,
        "D2_0": 0.0462266,
        "D2_A": -0.0112635,
        "D2_A2": 18.0467,
        "D2_A3": 352.108,
        "D3_0": 21.8409,
        "r_0": 1.35737,
        "r_A": 0.0137781,
        "a_0_n": 0.514375,
        "a_A_n": -7.01953e-05,
        "a_0_p": 0.481697,
        "a_A_p": 0.00099286
    }
}