{
    "ECS_p": 0.382065,
    "ECS_n": 0.253889,
    "APower_p": 0.862693,
    "APower_n": 0.498486,
    "RCS_p": 0.0549556,
    "TCS_n": 0.021686
}