{
    "KDHartreeFock": {
        "V1_0": 58.7267,
        "V1_asymm": 13.5527,
        "V1_A": 0.0315948,
        "V2_0_n": 0.00610042,
        "V2_A_n": -1.94475e-06,
        "V3_0_n": 8.94352e-06,
        "V3_A_n": -9.10932e-09,
        "V2_0_p": 0.00651935,
        "V2_A_p": 4.85649e-06,
        "V3_0_p": 1.32184e-05,
        "V3_A_p": 2.67839e-08,
        "V4_0": -1.0182e-08,
        "r_0": 1.27155,
        "r_A": 0.344246,
        "a_0": 0.639053,
        "a_A": -0.000463146
    },
    "KDCoulomb": {
        "r_C_0": 0.977173,
        "r_C_A": 0.929294,
        "r_C_A2": 15.5948
    },
    "KDRealSpinOrbit": {
        "V1_0": 4.86887,
        "V1_A": -0.000713363,
        "V2_0": 0.000971903,
        "r_0": 1.19093,
        "r_A": 0.653485,
        "a_0": 0.577184
    },
    "KDImagSpinOrbit": {
        "W1_0": -0.524507,
        "W2_0": -27.8636
    },
    "KDImagVolume": {
        "W1_0_n": 17.5471,
        "W1_A_n": -0.0200586,
        "W1_0_p": 15.4924,
        "W1_A_p": -0.000143564,
        "W2_0": 89.5166,
        "W2_A": -0.0924014
    },
    "KDImagSurface": {
        "D1_0": 13.3809,
        "D1_asymm": 0.777751,
        "D2_0": 0.0204493,
        "D2_A": 0.00246347,
        "D2_A2": 20.4849,
        "D2_A3": -147.676,
        "D3_0": 10.1063,
        "r_0": 1.32316,
        "r_A": 0.004231,
        "a_0_n": 0.579203,
        "a_A_n": 0.00108001,
        "a_0_p": 0.498891,
        "a_A_p": 0.000835403
    }
}