{
    "ECS_p": 0.346392,
    "ECS_n": 0.199416,
    "APower_p": 0.457779,
    "APower_n": 0.296607,
    "RCS_p": 0.0100481,
    "TCS_n": 0.0278503
}