{
    "KDHartreeFock": {
        "V1_0": 57.9065,
        "V1_asymm": 13.9644,
        "V1_A": 0.0210927,
        "V2_0_n": 0.00591764,
        "V2_A_n": -2.741e-06,
        "V3_0_n": 9.26838e-06,
        "V3_A_n": 1.57033e-08,
        "V2_0_p": 0.00594852,
        "V2_A_p": 4.89548e-06,
        "V3_0_p": 9.38494e-06,
        "V3_A_p": 1.69155e-08,
        "V4_0": -1.46935e-08,
        "r_0": 1.30551,
        "r_A": 0.479533,
        "a_0": 0.720984,
        "a_A": 0.000390592
    },
    "KDCoulomb": {
        "r_C_0": 1.15067,
        "r_C_A": 0.676291,
        "r_C_A2": 16.4936
    },
    "KDRealSpinOrbit": {
        "V1_0": 4.90978,
        "V1_A": -0.00120797,
        "V2_0": 0.00323263,
        "r_0": 1.22475,
        "r_A": 0.75622,
        "a_0": 0.612641
    },
    "KDImagSpinOrbit": {
        "W1_0": -4.48336,
        "W2_0": 229.071
    },
    "KDImagVolume": {
        "W1_0_n": 16.3461,
        "W1_A_n": 0.0388677,
        "W1_0_p": 19.2473,
        "W1_A_p": 0.0323653,
        "W2_0": 105.607,
        "W2_A": 0.144541
    },
    "KDImagSurface": {
        "D1_0": 20.2465,
        "D1_asymm": -2.06349,
        "D2_0": -0.00938687,
        "D2_A": 0.0323186,
        "D2_A2": 9.01491,
        "D2_A3": 381.829,
        "D3_0": 16.0994,
        "r_0": 1.40377,
        "r_A": 0.02573,
        "a_0_n": 0.475775,
        "a_A_n": 1.32685e-05,
        "a_0_p": 0.452387,
        "a_A_p": 0.00139938
    }
}