{
    "ECS_p": 0.380622,
    "ECS_n": 0.234382,
    "APower_p": 0.655225,
    "APower_n": 0.517261,
    "RCS_p": 0.0522054,
    "TCS_n": 0.0575667
}