{
    "KDHartreeFock": {
        "V1_0": 62.4286,
        "V1_asymm": 17.1591,
        "V1_A": 0.0393002,
        "V2_0_n": 0.00549214,
        "V2_A_n": -4.99482e-06,
        "V3_0_n": 7.59404e-06,
        "V3_A_n": -1.635e-08,
        "V2_0_p": 0.00907809,
        "V2_A_p": -9.27631e-06,
        "V3_0_p": 2.62261e-05,
        "V3_A_p": -8.36334e-10,
        "V4_0": -1.0636e-08,
        "r_0": 1.25338,
        "r_A": 0.362382,
        "a_0": 0.614061,
        "a_A": -0.000718923
    },
    "KDCoulomb": {
        "r_C_0": 1.21292,
        "r_C_A": 1.00104,
        "r_C_A2": 26.6395
    },
    "KDRealSpinOrbit": {
        "V1_0": 8.56346,
        "V1_A": 0.00553857,
        "V2_0": 0.0193657,
        "r_0": 1.17866,
        "r_A": 0.552529,
        "a_0": 0.494162
    },
    "KDImagSpinOrbit": {
        "W1_0": -7.41899,
        "W2_0": 304.156
    },
    "KDImagVolume": {
        "W1_0_n": 24.5128,
        "W1_A_n": 0.0224015,
        "W1_0_p": 22.6015,
        "W1_A_p": 0.0361537,
        "W2_0": 156.996,
        "W2_A": 0.0752393
    },
    "KDImagSurface": {
        "D1_0": 18.5092,
        "D1_asymm": 6.89679,
        "D2_0": 0.042075,
        "D2_A": -0.0182038,
        "D2_A2": 2.4519,
        "D2_A3": 394.737,
        "D3_0": 16.5948,
        "r_0": 1.41815,
        "r_A": 0.0314837,
        "a_0_n": 0.551748,
        "a_A_n": -0.000904116,
        "a_0_p": 0.48657,
        "a_A_p": 0.00218538
    }
}