{
    "ECS_p": 0.308179,
    "ECS_n": 0.149876,
    "APower_p": 0.536644,
    "APower_n": 0.242642,
    "RCS_p": 0.019829,
    "TCS_n": 0.0263909
}