{
    "KDHartreeFock": {
        "V1_0": 60.8794,
        "V1_asymm": 12.2112,
        "V1_A": 0.0283017,
        "V2_0_n": 0.00581086,
        "V2_A_n": 2.26439e-07,
        "V3_0_n": 1.02057e-05,
        "V3_A_n": 2.69856e-09,
        "V2_0_p": 0.00464658,
        "V2_A_p": 3.05395e-06,
        "V3_0_p": -2.79251e-06,
        "V3_A_p": 2.39122e-08,
        "V4_0": -7.68019e-09,
        "r_0": 1.23148,
        "r_A": 0.351901,
        "a_0": 0.688945,
        "a_A": -0.000459395
    },
    "KDCoulomb": {
        "r_C_0": 1.33067,
        "r_C_A": -0.487131,
        "r_C_A2": -7.44862
    },
    "KDRealSpinOrbit": {
        "V1_0": 5.05291,
        "V1_A": 0.00579404,
        "V2_0": 0.00582268,
        "r_0": 1.15798,
        "r_A": 0.392455,
        "a_0": 0.596281
    },
    "KDImagSpinOrbit": {
        "W1_0": -3.63938,
        "W2_0": 289.428
    },
    "KDImagVolume": {
        "W1_0_n": 20.4504,
        "W1_A_n": -0.0498008,
        "W1_0_p": 24.5712,
        "W1_A_p": 0.0287588,
        "W2_0": 147.134,
        "W2_A": -0.34912
    },
    "KDImagSurface": {
        "D1_0": 26.2618,
        "D1_asymm": 22.9155,
        "D2_0": 0.0291029,
        "D2_A": 0.00939592,
        "D2_A2": 15.8489,
        "D2_A3": -71.119,
        "D3_0": 18.2864,
        "r_0": 1.27059,
        "r_A": 0.00327993,
        "a_0_n": 0.553825,
        "a_A_n": -3.23131e-05,
        "a_0_p": 0.609102,
        "a_A_p": -0.000493856
    }
}