{
    "ECS_p": 0.296887,
    "ECS_n": 0.154897,
    "APower_p": 0.342828,
    "APower_n": 0.125735,
    "RCS_p": 0.0206205,
    "TCS_n": 0.0187409
}