{
    "KDHartreeFock": {
        "V1_0": 55.8603,
        "V1_asymm": 19.37,
        "V1_A": 0.0126097,
        "V2_0_n": 0.00374062,
        "V2_A_n": 1.08714e-06,
        "V3_0_n": -1.74248e-05,
        "V3_A_n": 5.57879e-09,
        "V2_0_p": 0.00431576,
        "V2_A_p": 7.74437e-06,
        "V3_0_p": -1.36454e-05,
        "V3_A_p": 7.36263e-08,
        "V4_0": -7.52136e-08,
        "r_0": 1.22773,
        "r_A": 0.212486,
        "a_0": 0.691878,
        "a_A": -0.000312036
    },
    "KDCoulomb": {
        "r_C_0": 1.1329,
        "r_C_A": 0.719423,
        "r_C_A2": 40.4333
    },
    "KDRealSpinOrbit": {
        "V1_0": 5.29443,
        "V1_A": 0.00755862,
        "V2_0": 0.00596828,
        "r_0": 1.20883,
        "r_A": 0.625293,
        "a_0": 0.579888
    },
    "KDImagSpinOrbit": {
        "W1_0": -2.46263,
        "W2_0": 196.04
    },
    "KDImagVolume": {
        "W1_0_n": 19.5455,
        "W1_A_n": -0.00211583,
        "W1_0_p": 18.1286,
        "W1_A_p": 0.0293386,
        "W2_0": 81.9888,
        "W2_A": -0.00986337
    },
    "KDImagSurface": {
        "D1_0": 21.6863,
        "D1_asymm": 10.4002,
        "D2_0": 0.0351375,
        "D2_A": -0.00336845,
        "D2_A2": 4.95243,
        "D2_A3": 359.961,
        "D3_0": 17.8923,
        "r_0": 1.28954,
        "r_A": -0.000615919,
        "a_0_n": 0.55739,
        "a_A_n": 8.01141e-05,
        "a_0_p": 0.553616,
        "a_A_p": 0.000590086
    }
}