{
    "ECS_p": 0.252787,
    "ECS_n": 0.185036,
    "APower_p": 0.292338,
    "APower_n": 0.118962,
    "RCS_p": 0.00674868,
    "TCS_n": 0.0241288
}