{
    "KDHartreeFock": {
        "V1_0": 57.3533,
        "V1_asymm": 17.6608,
        "V1_A": 0.0131908,
        "V2_0_n": 0.00624852,
        "V2_A_n": 6.00906e-06,
        "V3_0_n": 1.07866e-05,
        "V3_A_n": 4.56094e-08,
        "V2_0_p": 0.00705513,
        "V2_A_p": 2.38134e-07,
        "V3_0_p": 1.31089e-05,
        "V3_A_p": 3.41386e-08,
        "V4_0": -1.5403e-08,
        "r_0": 1.23062,
        "r_A": 0.189212,
        "a_0": 0.66121,
        "a_A": -0.000252344
    },
    "KDCoulomb": {
        "r_C_0": 1.1923,
        "r_C_A": 0.290527,
        "r_C_A2": -0.16279
    },
    "KDRealSpinOrbit": {
        "V1_0": 6.22162,
        "V1_A": -0.00390794,
        "V2_0": 0.00541251,
        "r_0": 1.2359,
        "r_A": 0.91358,
        "a_0": 0.624292
    },
    "KDImagSpinOrbit": {
        "W1_0": -5.29448,
        "W2_0": 212.949
    },
    "KDImagVolume": {
        "W1_0_n": 16.0418,
        "W1_A_n": 0.0496744,
        "W1_0_p": 15.9023,
        "W1_A_p": 0.0802606,
        "W2_0": 98.7332,
        "W2_A": 0.211996
    },
    "KDImagSurface": {
        "D1_0": 23.9658,
        "D1_asymm": 32.6517,
        "D2_0": 0.0118093,
        "D2_A": 0.0206995,
        "D2_A2": 12.8077,
        "D2_A3": 237.401,
        "D3_0": 18.1141,
        "r_0": 1.47597,
        "r_A": 0.0481774,
        "a_0_n": 0.528168,
        "a_A_n": -0.0012839,
        "a_0_p": 0.501834,
        "a_A_p": 0.00180796
    }
}