{
    "ECS_p": 0.352252,
    "ECS_n": 0.191676,
    "APower_p": 0.338625,
    "APower_n": 0.292646,
    "RCS_p": 0.0130138,
    "TCS_n": 0.033058
}