{
    "KDHartreeFock": {
        "V1_0": 59.3747,
        "V1_asymm": 13.1625,
        "V1_A": 0.0222338,
        "V2_0_n": 0.00712987,
        "V2_A_n": 1.22791e-06,
        "V3_0_n": 2.27903e-05,
        "V3_A_n": 3.4838e-08,
        "V2_0_p": 0.00593432,
        "V2_A_p": 4.99056e-06,
        "V3_0_p": 1.51043e-05,
        "V3_A_p": 1.70364e-08,
        "V4_0": 2.38708e-08,
        "r_0": 1.2667,
        "r_A": 0.371914,
        "a_0": 0.697114,
        "a_A": 0.000133303
    },
    "KDCoulomb": {
        "r_C_0": 1.11625,
        "r_C_A": 1.17036,
        "r_C_A2": -1.67299
    },
    "KDRealSpinOrbit": {
        "V1_0": 4.24232,
        "V1_A": 0.0174999,
        "V2_0": 0.00401175,
        "r_0": 1.21009,
        "r_A": 0.670206,
        "a_0": 0.573729
    },
    "KDImagSpinOrbit": {
        "W1_0": -3.83587,
        "W2_0": 218.344
    },
    "KDImagVolume": {
        "W1_0_n": 20.6354,
        "W1_A_n": 0.0373566,
        "W1_0_p": 20.0564,
        "W1_A_p": 0.0469505,
        "W2_0": 118.596,
        "W2_A": 0.0135579
    },
    "KDImagSurface": {
        "D1_0": 22.3523,
        "D1_asymm": 25.5897,
        "D2_0": 0.045644,
        "D2_A": -0.017355,
        "D2_A2": 1.82578,
        "D2_A3": 223.726,
        "D3_0": 14.6258,
        "r_0": 1.37281,
        "r_A": 0.0255459,
        "a_0_n": 0.485236,
        "a_A_n": -0.00045591,
        "a_0_p": 0.491658,
        "a_A_p": 0.000653462
    }
}