{
    "ECS_p": 0.336398,
    "ECS_n": 0.230831,
    "APower_p": 0.396466,
    "APower_n": 0.229454,
    "RCS_p": 0.00045163,
    "TCS_n": 0.0265064
}