{
    "KDHartreeFock": {
        "V1_0": 58.0634,
        "V1_asymm": 12.9298,
        "V1_A": 0.0281382,
        "V2_0_n": 0.00459626,
        "V2_A_n": 1.05163e-06,
        "V3_0_n": -1.17899e-05,
        "V3_A_n": 7.30929e-09,
        "V2_0_p": 0.00428739,
        "V2_A_p": 5.9802e-06,
        "V3_0_p": -1.56625e-05,
        "V3_A_p": 1.0057e-07,
        "V4_0": -6.45859e-08,
        "r_0": 1.28663,
        "r_A": 0.42899,
        "a_0": 0.627622,
        "a_A": -0.000499886
    },
    "KDCoulomb": {
        "r_C_0": 0.956164,
        "r_C_A": -0.275517,
        "r_C_A2": 29.2605
    },
    "KDRealSpinOrbit": {
        "V1_0": 7.68296,
        "V1_A": -0.0162837,
        "V2_0": 0.00553735,
        "r_0": 1.30058,
        "r_A": 1.01617,
        "a_0": 0.652103
    },
    "KDImagSpinOrbit": {
        "W1_0": -2.93174,
        "W2_0": 82.9713
    },
    "KDImagVolume": {
        "W1_0_n": 25.9762,
        "W1_A_n": -0.0298329,
        "W1_0_p": 21.374,
        "W1_A_p": -0.00419245,
        "W2_0": 136.523,
        "W2_A": -0.336712
    },
    "KDImagSurface": {
        "D1_0": 11.9003,
        "D1_asymm": 17.3273,
        "D2_0": -0.0741763,
        "D2_A": 0.0913142,
        "D2_A2": 5.611,
        "D2_A3": 307.497,
        "D3_0": 10.6917,
        "r_0": 1.33054,
        "r_A": 0.0130752,
        "a_0_n": 0.621884,
        "a_A_n": 0.000195198,
        "a_0_p": 0.564638,
        "a_A_p": 0.00085735
    }
}