{
    "ECS_p": 0.30294,
    "ECS_n": 0.264031,
    "APower_p": 0.599613,
    "APower_n": 0.838126,
    "RCS_p": 0.0230964,
    "TCS_n": 0.0328756
}