{
    "KDHartreeFock": {
        "V1_0": 62.4963,
        "V1_asymm": 18.2294,
        "V1_A": 0.0551371,
        "V2_0_n": 0.00700306,
        "V2_A_n": 1.52747e-05,
        "V3_0_n": 1.46998e-05,
        "V3_A_n": 6.66486e-08,
        "V2_0_p": 0.00957061,
        "V2_A_p": -2.00581e-05,
        "V3_0_p": 2.69665e-05,
        "V3_A_p": -1.03056e-07,
        "V4_0": -7.48897e-09,
        "r_0": 1.2693,
        "r_A": 0.383312,
        "a_0": 0.689222,
        "a_A": -0.000173296
    },
    "KDCoulomb": {
        "r_C_0": 1.42192,
        "r_C_A": 0.926455,
        "r_C_A2": 14.5548
    },
    "KDRealSpinOrbit": {
        "V1_0": 6.18112,
        "V1_A": -0.00922455,
        "V2_0": 0.00564248,
        "r_0": 1.27426,
        "r_A": 0.87065,
        "a_0": 0.538616
    },
    "KDImagSpinOrbit": {
        "W1_0": -0.22214,
        "W2_0": 117.802
    },
    "KDImagVolume": {
        "W1_0_n": 17.2444,
        "W1_A_n": 0.0378379,
        "W1_0_p": 16.7313,
        "W1_A_p": 0.0428533,
        "W2_0": 66.8217,
        "W2_A": 0.522159
    },
    "KDImagSurface": {
        "D1_0": 21.4025,
        "D1_asymm": 27.7638,
        "D2_0": 0.030116,
        "D2_A": 0.00328966,
        "D2_A2": 2.0538,
        "D2_A3": 97.6311,
        "D3_0": 15.4728,
        "r_0": 1.34726,
        "r_A": 0.0142358,
        "a_0_n": 0.564916,
        "a_A_n": -0.000821727,
        "a_0_p": 0.482657,
        "a_A_p": 0.00126159
    }
}