{
    "ECS_p": 0.344653,
    "ECS_n": 0.205222,
    "APower_p": 0.790621,
    "APower_n": 0.518418,
    "RCS_p": 0.0143737,
    "TCS_n": 0.0539821
}