{
    "KDHartreeFock": {
        "V1_0": 61.6521,
        "V1_asymm": 10.9887,
        "V1_A": 0.0367277,
        "V2_0_n": 0.00752118,
        "V2_A_n": -5.40234e-06,
        "V3_0_n": 2.67699e-05,
        "V3_A_n": -3.06443e-08,
        "V2_0_p": 0.0086647,
        "V2_A_p": -9.45331e-07,
        "V3_0_p": 3.41796e-05,
        "V3_A_p": 1.67226e-08,
        "V4_0": 5.08279e-08,
        "r_0": 1.32457,
        "r_A": 0.544597,
        "a_0": 0.639193,
        "a_A": -0.000116988
    },
    "KDCoulomb": {
        "r_C_0": 1.05159,
        "r_C_A": 0.093573,
        "r_C_A2": 25.406
    },
    "KDRealSpinOrbit": {
        "V1_0": 3.53331,
        "V1_A": 0.0320993,
        "V2_0": 0.00777298,
        "r_0": 1.25286,
        "r_A": 0.758676,
        "a_0": 0.539439
    },
    "KDImagSpinOrbit": {
        "W1_0": -4.16511,
        "W2_0": 170.313
    },
    "KDImagVolume": {
        "W1_0_n": 25.2982,
        "W1_A_n": 0.0734465,
        "W1_0_p": 21.4287,
        "W1_A_p": 0.0726066,
        "W2_0": 140.567,
        "W2_A": 0.310661
    },
    "KDImagSurface": {
        "D1_0": 17.7068,
        "D1_asymm": 1.6909,
        "D2_0": 0.0462144,
        "D2_A": -0.0259888,
        "D2_A2": -2.18835,
        "D2_A3": -67.0081,
        "D3_0": 16.1029,
        "r_0": 1.25542,
        "r_A": 0.000901666,
        "a_0_n": 0.514803,
        "a_A_n": -0.000209554,
        "a_0_p": 0.50803,
        "a_A_p": 0.00139074
    }
}