{
    "ECS_p": 0.33858,
    "ECS_n": 0.169083,
    "APower_p": 0.840534,
    "APower_n": 0.735008,
    "RCS_p": 0.0459508,
    "TCS_n": 0.0473847
}