{
    "KDHartreeFock": {
        "V1_0": 54.4376,
        "V1_asymm": 16.2617,
        "V1_A": 0.0107515,
        "V2_0_n": 0.00393427,
        "V2_A_n": -9.54241e-06,
        "V3_0_n": -1.81304e-06,
        "V3_A_n": -3.22357e-08,
        "V2_0_p": 0.00218202,
        "V2_A_p": 4.36287e-05,
        "V3_0_p": -6.30146e-06,
        "V3_A_p": 1.97901e-07,
        "V4_0": -1.20409e-08,
        "r_0": 1.33286,
        "r_A": 0.499523,
        "a_0": 0.658199,
        "a_A": -0.000154204
    },
    "KDCoulomb": {
        "r_C_0": 1.25936,
        "r_C_A": 0.550706,
        "r_C_A2": 20.9939
    },
    "KDRealSpinOrbit": {
        "V1_0": 10.8809,
        "V1_A": 0.00355986,
        "V2_0": 0.0370029,
        "r_0": 1.2917,
        "r_A": 0.956432,
        "a_0": 0.511535
    },
    "KDImagSpinOrbit": {
        "W1_0": -4.94597,
        "W2_0": 213.243
    },
    "KDImagVolume": {
        "W1_0_n": 23.1986,
        "W1_A_n": -0.0294053,
        "W1_0_p": 10.4419,
        "W1_A_p": 0.111855,
        "W2_0": 108.334,
        "W2_A": -0.234943
    },
    "KDImagSurface": {
        "D1_0": 14.9325,
        "D1_asymm": 9.82164,
        "D2_0": 0.0223988,
        "D2_A": -0.00181432,
        "D2_A2": 5.7446,
        "D2_A3": 239.743,
        "D3_0": 11.0107,
        "r_0": 1.35674,
        "r_A": 0.0116683,
        "a_0_n": 0.537769,
        "a_A_n": 0.000129889,
        "a_0_p": 0.481577,
        "a_A_p": -0.000475859
    }
}