{
    "ECS_p": 0.375711,
    "ECS_n": 0.148187,
    "APower_p": 0.340272,
    "APower_n": 0.278907,
    "RCS_p": 0.0117645,
    "TCS_n": 0.0249959
}