{
    "KDHartreeFock": {
        "V1_0": 57.3186,
        "V1_asymm": 28.2832,
        "V1_A": 0.0115056,
        "V2_0_n": 0.0068861,
        "V2_A_n": 1.72129e-05,
        "V3_0_n": 1.55011e-05,
        "V3_A_n": 9.07872e-08,
        "V2_0_p": 0.008083,
        "V2_A_p": -3.16305e-06,
        "V3_0_p": 2.54691e-05,
        "V3_A_p": 1.13666e-08,
        "V4_0": 1.28134e-09,
        "r_0": 1.19391,
        "r_A": -0.0303047,
        "a_0": 0.640069,
        "a_A": -0.000232995
    },
    "KDCoulomb": {
        "r_C_0": 1.11518,
        "r_C_A": 0.267651,
        "r_C_A2": -16.2868
    },
    "KDRealSpinOrbit": {
        "V1_0": 6.17557,
        "V1_A": 0.0133654,
        "V2_0": 0.0165181,
        "r_0": 1.1523,
        "r_A": 0.392112,
        "a_0": 0.585761
    },
    "KDImagSpinOrbit": {
        "W1_0": -2.95782,
        "W2_0": 498.943
    },
    "KDImagVolume": {
        "W1_0_n": 19.241,
        "W1_A_n": 0.0214337,
        "W1_0_p": 16.9803,
        "W1_A_p": 0.0684479,
        "W2_0": 100.359,
        "W2_A": -0.0421469
    },
    "KDImagSurface": {
        "D1_0": 16.9451,
        "D1_asymm": 25.5329,
        "D2_0": 0.0287441,
        "D2_A": -0.00366406,
        "D2_A2": 13.044,
        "D2_A3": 111.217,
        "D3_0": 15.2237,
        "r_0": 1.31873,
        "r_A": 0.0209661,
        "a_0_n": 0.566305,
        "a_A_n": -0.00126536,
        "a_0_p": 0.504428,
        "a_A_p": 0.000388822
    }
}