{
    "ECS_p": 0.371844,
    "ECS_n": 0.364034,
    "APower_p": 0.691171,
    "APower_n": 0.775872,
    "RCS_p": 0.0319664,
    "TCS_n": 0.0232527
}