{
    "KDHartreeFock": {
        "V1_0": 57.7619,
        "V1_asymm": 13.9134,
        "V1_A": 0.0256892,
        "V2_0_n": 0.00578613,
        "V2_A_n": 8.82167e-06,
        "V3_0_n": 2.23778e-06,
        "V3_A_n": 3.3754e-08,
        "V2_0_p": 0.00749289,
        "V2_A_p": -4.96408e-06,
        "V3_0_p": 1.93674e-05,
        "V3_A_p": -5.19186e-08,
        "V4_0": -2.0443e-08,
        "r_0": 1.23121,
        "r_A": 0.159296,
        "a_0": 0.645093,
        "a_A": -0.000365149
    },
    "KDCoulomb": {
        "r_C_0": 1.14863,
        "r_C_A": 0.629156,
        "r_C_A2": 6.49932
    },
    "KDRealSpinOrbit": {
        "V1_0": 4.11278,
        "V1_A": 0.0164169,
        "V2_0": 0.00658377,
        "r_0": 1.20761,
        "r_A": 0.59964,
        "a_0": 0.545253
    },
    "KDImagSpinOrbit": {
        "W1_0": -2.34338,
        "W2_0": 207.24
    },
    "KDImagVolume": {
        "W1_0_n": 20.7326,
        "W1_A_n": 0.00644715,
        "W1_0_p": 16.63,
        "W1_A_p": 0.0377291,
        "W2_0": 83.4622,
        "W2_A": -0.000273289
    },
    "KDImagSurface": {
        "D1_0": 36.5765,
        "D1_asymm": 0.304288,
        "D2_0": 0.00603561,
        "D2_A": 0.0348216,
        "D2_A2": 4.91213,
        "D2_A3": 330.518,
        "D3_0": 27.1842,
        "r_0": 1.41881,
        "r_A": 0.024981,
        "a_0_n": 0.617166,
        "a_A_n": 0.00053313,
        "a_0_p": 0.475664,
        "a_A_p": 0.00138998
    }
}