{
    "ECS_p": 0.337869,
    "ECS_n": 0.308252,
    "APower_p": 0.826402,
    "APower_n": 0.619842,
    "RCS_p": 0.0256556,
    "TCS_n": 0.0366485
}