{
    "KDHartreeFock": {
        "V1_0": 58.7239,
        "V1_asymm": 22.0119,
        "V1_A": 0.0338354,
        "V2_0_n": 0.0057602,
        "V2_A_n": 9.77895e-06,
        "V3_0_n": 6.50181e-06,
        "V3_A_n": 7.36406e-08,
        "V2_0_p": 0.00599568,
        "V2_A_p": 1.28785e-05,
        "V3_0_p": 1.49251e-05,
        "V3_A_p": 2.30082e-08,
        "V4_0": -2.37651e-08,
        "r_0": 1.35688,
        "r_A": 0.686969,
        "a_0": 0.699882,
        "a_A": 5.91179e-06
    },
    "KDCoulomb": {
        "r_C_0": 1.29743,
        "r_C_A": -1.10664,
        "r_C_A2": 24.5505
    },
    "KDRealSpinOrbit": {
        "V1_0": 5.2078,
        "V1_A": 0.00394341,
        "V2_0": 0.00763957,
        "r_0": 1.18769,
        "r_A": 0.279033,
        "a_0": 0.485425
    },
    "KDImagSpinOrbit": {
        "W1_0": -1.477,
        "W2_0": 338.18
    },
    "KDImagVolume": {
        "W1_0_n": 16.6539,
        "W1_A_n": 0.018373,
        "W1_0_p": 18.72,
        "W1_A_p": -0.0204407,
        "W2_0": 72.3626,
        "W2_A": 0.0008832
    },
    "KDImagSurface": {
        "D1_0": 21.8898,
        "D1_asymm": 11.0706,
        "D2_0": -0.0312636,
        "D2_A": 0.062963,
        "D2_A2": 16.2282,
        "D2_A3": 473.859,
        "D3_0": 15.0007,
        "r_0": 1.22999,
        "r_A": 0.00773265,
        "a_0_n": 0.566278,
        "a_A_n": -0.000553609,
        "a_0_p": 0.531501,
        "a_A_p": 0.00111806
    }
}