{
    "ECS_p": 0.286861,
    "ECS_n": 0.20049,
    "APower_p": 0.369201,
    "APower_n": 0.25082,
    "RCS_p": 0.0213708,
    "TCS_n": 0.0237899
}