{
    "KDHartreeFock": {
        "V1_0": 60.1486,
        "V1_asymm": 4.84365,
        "V1_A": 0.0455823,
        "V2_0_n": 0.00590707,
        "V2_A_n": -1.1631e-05,
        "V3_0_n": 1.40879e-05,
        "V3_A_n": -6.36733e-08,
        "V2_0_p": 0.00741335,
        "V2_A_p": -7.22142e-06,
        "V3_0_p": 2.27704e-05,
        "V3_A_p": -3.04216e-08,
        "V4_0": 2.59069e-08,
        "r_0": 1.31597,
        "r_A": 0.560354,
        "a_0": 0.657781,
        "a_A": -0.000204221
    },
    "KDCoulomb": {
        "r_C_0": 1.19314,
        "r_C_A": 0.650021,
        "r_C_A2": 35.2937
    },
    "KDRealSpinOrbit": {
        "V1_0": 5.76657,
        "V1_A": 0.00593356,
        "V2_0": 0.00991944,
        "r_0": 1.26878,
        "r_A": 0.787741,
        "a_0": 0.537898
    },
    "KDImagSpinOrbit": {
        "W1_0": -1.36136,
        "W2_0": 156.354
    },
    "KDImagVolume": {
        "W1_0_n": 24.1382,
        "W1_A_n": -0.0118307,
        "W1_0_p": 17.8934,
        "W1_A_p": -0.0118648,
        "W2_0": 96.6599,
        "W2_A": 0.199762
    },
    "KDImagSurface": {
        "D1_0": 24.5377,
        "D1_asymm": 7.84669,
        "D2_0": 0.00379984,
        "D2_A": 0.0256381,
        "D2_A2": 11.8379,
        "D2_A3": 232.638,
        "D3_0": 20.0113,
        "r_0": 1.4259,
        "r_A": 0.0288483,
        "a_0_n": 0.507361,
        "a_A_n": -0.000493828,
        "a_0_p": 0.471258,
        "a_A_p": 0.0013709
    }
}