{
    "ECS_p": 0.195898,
    "ECS_n": 0.16566,
    "APower_p": 0.369779,
    "APower_n": 0.284854,
    "RCS_p": 0.00198703,
    "TCS_n": 0.0298019
}