{
    "KDHartreeFock": {
        "V1_0": 56.7682,
        "V1_asymm": 10.4768,
        "V1_A": 0.0201216,
        "V2_0_n": 0.00542036,
        "V2_A_n": -3.67191e-06,
        "V3_0_n": -1.4405e-06,
        "V3_A_n": -3.01042e-08,
        "V2_0_p": 0.00680916,
        "V2_A_p": 2.29191e-06,
        "V3_0_p": 1.04035e-05,
        "V3_A_p": -1.23404e-09,
        "V4_0": -2.47788e-08,
        "r_0": 1.27632,
        "r_A": 0.320193,
        "a_0": 0.641296,
        "a_A": -0.000231777
    },
    "KDCoulomb": {
        "r_C_0": 1.34917,
        "r_C_A": 0.606641,
        "r_C_A2": -5.53125
    },
    "KDRealSpinOrbit": {
        "V1_0": 5.76735,
        "V1_A": -0.000432654,
        "V2_0": 0.00305457,
        "r_0": 1.23543,
        "r_A": 0.725522,
        "a_0": 0.641016
    },
    "KDImagSpinOrbit": {
        "W1_0": -1.1191,
        "W2_0": 248.932
    },
    "KDImagVolume": {
        "W1_0_n": 22.0076,
        "W1_A_n": -0.0248831,
        "W1_0_p": 16.0753,
        "W1_A_p": -0.00728651,
        "W2_0": 95.7333,
        "W2_A": -0.0854231
    },
    "KDImagSurface": {
        "D1_0": 16.4751,
        "D1_asymm": 15.8834,
        "D2_0": -0.0257825,
        "D2_A": 0.0510191,
        "D2_A2": 24.1584,
        "D2_A3": 329.5,
        "D3_0": 13.6361,
        "r_0": 1.47608,
        "r_A": 0.0469228,
        "a_0_n": 0.533652,
        "a_A_n": -0.000555693,
        "a_0_p": 0.510775,
        "a_A_p": 0.00136506
    }
}