{
    "ECS_p": 0.387248,
    "ECS_n": 0.204365,
    "APower_p": 0.736304,
    "APower_n": 0.641645,
    "RCS_p": 0.029542,
    "TCS_n": 0.0486193
}