{
    "KDHartreeFock": {
        "V1_0": 58.4347,
        "V1_asymm": 16.0879,
        "V1_A": 0.0268396,
        "V2_0_n": 0.00607908,
        "V2_A_n": -7.56501e-06,
        "V3_0_n": 1.75733e-05,
        "V3_A_n": -3.52097e-08,
        "V2_0_p": 0.00509423,
        "V2_A_p": 1.24191e-05,
        "V3_0_p": 2.00687e-05,
        "V3_A_p": 7.06071e-08,
        "V4_0": 3.11803e-08,
        "r_0": 1.35261,
        "r_A": 0.728184,
        "a_0": 0.716041,
        "a_A": -2.92244e-05
    },
    "KDCoulomb": {
        "r_C_0": 1.1799,
        "r_C_A": 1.19198,
        "r_C_A2": -28.885
    },
    "KDRealSpinOrbit": {
        "V1_0": 8.71612,
        "V1_A": -0.0167434,
        "V2_0": 0.0229342,
        "r_0": 1.27228,
        "r_A": 0.955549,
        "a_0": 0.439322
    },
    "KDImagSpinOrbit": {
        "W1_0": -3.40023,
        "W2_0": 359.609
    },
    "KDImagVolume": {
        "W1_0_n": 25.0887,
        "W1_A_n": 0.0307666,
        "W1_0_p": 21.3582,
        "W1_A_p": 0.0080278,
        "W2_0": 161.716,
        "W2_A": 0.247382
    },
    "KDImagSurface": {
        "D1_0": 16.0828,
        "D1_asymm": 8.8084,
        "D2_0": 0.0440966,
        "D2_A": -0.0263436,
        "D2_A2": 17.9401,
        "D2_A3": 656.536,
        "D3_0": 13.6076,
        "r_0": 1.41369,
        "r_A": 0.0247147,
        "a_0_n": 0.548828,
        "a_A_n": -0.000443536,
        "a_0_p": 0.449008,
        "a_A_p": 0.00130516
    }
}