{
    "ECS_p": 0.310312,
    "ECS_n": 0.2065,
    "APower_p": 0.601406,
    "APower_n": 0.713209,
    "RCS_p": 0.0306803,
    "TCS_n": 0.056541
}