{
    "KDHartreeFock": {
        "V1_0": 61.657,
        "V1_asymm": 14.7922,
        "V1_A": 0.0234499,
        "V2_0_n": 0.00563739,
        "V2_A_n": -9.28333e-06,
        "V3_0_n": 1.15313e-05,
        "V3_A_n": -2.49776e-08,
        "V2_0_p": 0.00607098,
        "V2_A_p": 2.32151e-06,
        "V3_0_p": 1.27497e-05,
        "V3_A_p": -3.01923e-09,
        "V4_0": 9.52179e-09,
        "r_0": 1.25572,
        "r_A": 0.454049,
        "a_0": 0.707691,
        "a_A": -0.000402881
    },
    "KDCoulomb": {
        "r_C_0": 1.25617,
        "r_C_A": 0.879173,
        "r_C_A2": 6.66145
    },
    "KDRealSpinOrbit": {
        "V1_0": 5.58942,
        "V1_A": -0.00563815,
        "V2_0": 0.00346403,
        "r_0": 1.20671,
        "r_A": 0.822017,
        "a_0": 0.584236
    },
    "KDImagSpinOrbit": {
        "W1_0": -2.56762,
        "W2_0": 243.521
    },
    "KDImagVolume": {
        "W1_0_n": 21.1729,
        "W1_A_n": 0.0953263,
        "W1_0_p": 20.6386,
        "W1_A_p": 0.117575,
        "W2_0": 130.694,
        "W2_A": 0.226727
    },
    "KDImagSurface": {
        "D1_0": 18.0527,
        "D1_asymm": 18.1045,
        "D2_0": 0.0241351,
        "D2_A": -0.0374531,
        "D2_A2": 10.0427,
        "D2_A3": -10.2378,
        "D3_0": 15.3372,
        "r_0": 1.39712,
        "r_A": 0.0328203,
        "a_0_n": 0.529377,
        "a_A_n": -0.000880158,
        "a_0_p": 0.463829,
        "a_A_p": 0.0019089
    }
}