{
    "ECS_p": 0.370369,
    "ECS_n": 0.280507,
    "APower_p": 0.344972,
    "APower_n": 0.195615,
    "RCS_p": 0.0278841,
    "TCS_n": 0.0240599
}