{
    "KDHartreeFock": {
        "V1_0": 59.079,
        "V1_asymm": 8.31039,
        "V1_A": 0.0382404,
        "V2_0_n": 0.00489965,
        "V2_A_n": -3.65042e-06,
        "V3_0_n": 1.43719e-06,
        "V3_A_n": -1.85979e-08,
        "V2_0_p": 0.0057603,
        "V2_A_p": 6.23194e-06,
        "V3_0_p": 2.71717e-06,
        "V3_A_p": 5.36194e-08,
        "V4_0": -1.39289e-08,
        "r_0": 1.30947,
        "r_A": 0.529949,
        "a_0": 0.703159,
        "a_A": 0.00049326
    },
    "KDCoulomb": {
        "r_C_0": 1.09592,
        "r_C_A": 0.929686,
        "r_C_A2": 7.19956
    },
    "KDRealSpinOrbit": {
        "V1_0": 5.73345,
        "V1_A": 0.00467268,
        "V2_0": 0.00493625,
        "r_0": 1.26903,
        "r_A": 0.915866,
        "a_0": 0.57634
    },
    "KDImagSpinOrbit": {
        "W1_0": -2.27453,
        "W2_0": 397.24
    },
    "KDImagVolume": {
        "W1_0_n": 21.5984,
        "W1_A_n": 0.00257605,
        "W1_0_p": 26.3603,
        "W1_A_p": -0.0376531,
        "W2_0": 98.8193,
        "W2_A": 0.170828
    },
    "KDImagSurface": {
        "D1_0": 29.5659,
        "D1_asymm": 10.9796,
        "D2_0": 0.0163355,
        "D2_A": 0.0177172,
        "D2_A2": 11.0986,
        "D2_A3": 228.837,
        "D3_0": 22.6494,
        "r_0": 1.23927,
        "r_A": -0.00682742,
        "a_0_n": 0.622509,
        "a_A_n": -2.9296e-05,
        "a_0_p": 0.545026,
        "a_A_p": 0.00233939
    }
}