{
    "ECS_p": 0.305397,
    "ECS_n": 0.162212,
    "APower_p": 0.281837,
    "APower_n": 0.137261,
    "RCS_p": 0.0183528,
    "TCS_n": 0.0261511
}