{
    "KDHartreeFock": {
        "V1_0": 59.5994,
        "V1_asymm": 15.3761,
        "V1_A": 0.0252253,
        "V2_0_n": 0.00559267,
        "V2_A_n": 9.56574e-07,
        "V3_0_n": 3.82406e-06,
        "V3_A_n": 2.28391e-09,
        "V2_0_p": 0.00584266,
        "V2_A_p": 6.10836e-06,
        "V3_0_p": 6.93343e-06,
        "V3_A_p": 4.78179e-08,
        "V4_0": -7.10688e-09,
        "r_0": 1.24775,
        "r_A": 0.344924,
        "a_0": 0.691854,
        "a_A": -0.000268263
    },
    "KDCoulomb": {
        "r_C_0": 1.17251,
        "r_C_A": 1.68192,
        "r_C_A2": 25.5409
    },
    "KDRealSpinOrbit": {
        "V1_0": 6.06073,
        "V1_A": -0.00208021,
        "V2_0": 0.00420248,
        "r_0": 1.23947,
        "r_A": 0.78006,
        "a_0": 0.626497
    },
    "KDImagSpinOrbit": {
        "W1_0": -4.44767,
        "W2_0": 235.303
    },
    "KDImagVolume": {
        "W1_0_n": 21.5802,
        "W1_A_n": 0.00705384,
        "W1_0_p": 16.5671,
        "W1_A_p": 0.0505992,
        "W2_0": 72.2612,
        "W2_A": 0.228162
    },
    "KDImagSurface": {
        "D1_0": 20.8866,
        "D1_asymm": 15.5074,
        "D2_0": 0.00717855,
        "D2_A": 0.0240199,
        "D2_A2": 18.4965,
        "D2_A3": 226.099,
        "D3_0": 16.2851,
        "r_0": 1.34181,
        "r_A": 0.0119383,
        "a_0_n": 0.528549,
        "a_A_n": -0.000308757,
        "a_0_p": 0.48559,
        "a_A_p": 0.00089207
    }
}