{
    "ECS_p": 0.259052,
    "ECS_n": 0.259612,
    "APower_p": 0.276795,
    "APower_n": 0.177588,
    "RCS_p": 0.010277,
    "TCS_n": 0.0248488
}