{
    "KDHartreeFock": {
        "V1_0": 56.427,
        "V1_asymm": 24.3659,
        "V1_A": 0.00241394,
        "V2_0_n": 0.00211375,
        "V2_A_n": -5.84558e-06,
        "V3_0_n": -2.92319e-05,
        "V3_A_n": 5.28211e-09,
        "V2_0_p": 0.00268269,
        "V2_A_p": 2.1692e-05,
        "V3_0_p": -2.61986e-05,
        "V3_A_p": 1.24624e-07,
        "V4_0": -1.00303e-07,
        "r_0": 1.25096,
        "r_A": 0.433267,
        "a_0": 0.676741,
        "a_A": -0.000428192
    },
    "KDCoulomb": {
        "r_C_0": 1.06604,
        "r_C_A": 0.410226,
        "r_C_A2": 5.59235
    },
    "KDRealSpinOrbit": {
        "V1_0": 3.82428,
        "V1_A": 0.0176898,
        "V2_0": 0.00267384,
        "r_0": 1.18422,
        "r_A": 0.765006,
        "a_0": 0.68349
    },
    "KDImagSpinOrbit": {
        "W1_0": -7.36422,
        "W2_0": 200.701
    },
    "KDImagVolume": {
        "W1_0_n": 25.9636,
        "W1_A_n": -4.03745e-05,
        "W1_0_p": 22.2658,
        "W1_A_p": 0.0315766,
        "W2_0": 124.924,
        "W2_A": -0.186086
    },
    "KDImagSurface": {
        "D1_0": 12.8867,
        "D1_asymm": 19.7174,
        "D2_0": 0.0216446,
        "D2_A": -0.00303876,
        "D2_A2": 4.32296,
        "D2_A3": 201.791,
        "D3_0": 10.8669,
        "r_0": 1.29106,
        "r_A": -0.00530991,
        "a_0_n": 0.546676,
        "a_A_n": -0.000213844,
        "a_0_p": 0.608331,
        "a_A_p": 0.000438698
    }
}