{
    "ECS_p": 0.604243,
    "ECS_n": 0.40808,
    "APower_p": 0.784308,
    "APower_n": 0.645389,
    "RCS_p": 0.0431249,
    "TCS_n": 0.0304446
}