{
    "KDHartreeFock": {
        "V1_0": 58.3814,
        "V1_asymm": 21.1437,
        "V1_A": 0.0216286,
        "V2_0_n": 0.00409977,
        "V2_A_n": -7.90734e-06,
        "V3_0_n": -4.36892e-06,
        "V3_A_n": -4.32945e-08,
        "V2_0_p": 0.00635416,
        "V2_A_p": 1.06665e-05,
        "V3_0_p": 1.42141e-05,
        "V3_A_p": 3.22244e-08,
        "V4_0": -1.79674e-08,
        "r_0": 1.34022,
        "r_A": 0.676696,
        "a_0": 0.717337,
        "a_A": 3.74091e-05
    },
    "KDCoulomb": {
        "r_C_0": 1.27597,
        "r_C_A": 0.647267,
        "r_C_A2": -17.498
    },
    "KDRealSpinOrbit": {
        "V1_0": 6.59548,
        "V1_A": 0.0249977,
        "V2_0": 0.0175615,
        "r_0": 1.29293,
        "r_A": 1.00083,
        "a_0": 0.563638
    },
    "KDImagSpinOrbit": {
        "W1_0": -2.66147,
        "W2_0": 248.911
    },
    "KDImagVolume": {
        "W1_0_n": 22.4335,
        "W1_A_n": 0.000830706,
        "W1_0_p": 16.8175,
        "W1_A_p": 0.0839103,
        "W2_0": 101.208,
        "W2_A": 0.00467675
    },
    "KDImagSurface": {
        "D1_0": 18.8176,
        "D1_asymm": -9.58742,
        "D2_0": 0.0335892,
        "D2_A": -0.01862,
        "D2_A2": -6.48099,
        "D2_A3": 316.374,
        "D3_0": 13.6445,
        "r_0": 1.44772,
        "r_A": 0.0333006,
        "a_0_n": 0.511931,
        "a_A_n": 0.000113979,
        "a_0_p": 0.476811,
        "a_A_p": 0.00164312
    }
}