{
    "ECS_p": 0.483721,
    "ECS_n": 0.275002,
    "APower_p": 0.696819,
    "APower_n": 0.642721,
    "RCS_p": 0.0203403,
    "TCS_n": 0.036472
}