{
    "KDHartreeFock": {
        "V1_0": 61.0883,
        "V1_asymm": 5.1485,
        "V1_A": 0.0387244,
        "V2_0_n": 0.00718056,
        "V2_A_n": -4.4147e-06,
        "V3_0_n": 2.40576e-05,
        "V3_A_n": -1.48314e-08,
        "V2_0_p": 0.00696568,
        "V2_A_p": -2.95659e-06,
        "V3_0_p": 2.30938e-05,
        "V3_A_p": -3.16639e-08,
        "V4_0": 3.53369e-08,
        "r_0": 1.31425,
        "r_A": 0.554702,
        "a_0": 0.682006,
        "a_A": 1.38161e-05
    },
    "KDCoulomb": {
        "r_C_0": 1.02355,
        "r_C_A": 1.83435,
        "r_C_A2": 6.96237
    },
    "KDRealSpinOrbit": {
        "V1_0": 4.33006,
        "V1_A": -0.0072845,
        "V2_0": 0.000191644,
        "r_0": 1.23046,
        "r_A": 0.75399,
        "a_0": 0.568057
    },
    "KDImagSpinOrbit": {
        "W1_0": -2.28839,
        "W2_0": 108.585
    },
    "KDImagVolume": {
        "W1_0_n": 18.8025,
        "W1_A_n": 0.0949831,
        "W1_0_p": 20.8337,
        "W1_A_p": 0.115203,
        "W2_0": 181.523,
        "W2_A": 0.501817
    },
    "KDImagSurface": {
        "D1_0": 16.7529,
        "D1_asymm": 6.22625,
        "D2_0": 0.0137364,
        "D2_A": 0.00233662,
        "D2_A2": 2.16011,
        "D2_A3": 122.623,
        "D3_0": 14.1974,
        "r_0": 1.26628,
        "r_A": 0.00897595,
        "a_0_n": 0.59127,
        "a_A_n": -0.000131988,
        "a_0_p": 0.493474,
        "a_A_p": 0.00145084
    }
}