{
    "ECS_p": 0.296581,
    "ECS_n": 0.404063,
    "APower_p": 0.649408,
    "APower_n": 0.712494,
    "RCS_p": 0.0192283,
    "TCS_n": 0.0444308
}