{
    "KDHartreeFock": {
        "V1_0": 59.37,
        "V1_asymm": 15.6898,
        "V1_A": 0.0234068,
        "V2_0_n": 0.00741373,
        "V2_A_n": 5.56052e-06,
        "V3_0_n": 2.09889e-05,
        "V3_A_n": 2.22087e-08,
        "V2_0_p": 0.00698345,
        "V2_A_p": 7.6703e-06,
        "V3_0_p": 2.1212e-05,
        "V3_A_p": 6.54628e-08,
        "V4_0": 2.36723e-08,
        "r_0": 1.22153,
        "r_A": 0.172434,
        "a_0": 0.67924,
        "a_A": -0.00020338
    },
    "KDCoulomb": {
        "r_C_0": 1.10596,
        "r_C_A": 1.74266,
        "r_C_A2": 28.1906
    },
    "KDRealSpinOrbit": {
        "V1_0": 8.21661,
        "V1_A": 0.0157975,
        "V2_0": 0.01272,
        "r_0": 1.23975,
        "r_A": 0.752397,
        "a_0": 0.588548
    },
    "KDImagSpinOrbit": {
        "W1_0": -3.20365,
        "W2_0": 182.734
    },
    "KDImagVolume": {
        "W1_0_n": 17.0326,
        "W1_A_n": 0.0642036,
        "W1_0_p": 14.0961,
        "W1_A_p": 0.110629,
        "W2_0": 69.9534,
        "W2_A": 0.56026
    },
    "KDImagSurface": {
        "D1_0": 16.8278,
        "D1_asymm": 11.0099,
        "D2_0": -0.0609346,
        "D2_A": 0.086342,
        "D2_A2": -6.96074,
        "D2_A3": -57.0604,
        "D3_0": 16.2443,
        "r_0": 1.4848,
        "r_A": 0.0428448,
        "a_0_n": 0.578578,
        "a_A_n": -0.000516618,
        "a_0_p": 0.413364,
        "a_A_p": 0.00276796
    }
}