{
    "ECS_p": 0.281045,
    "ECS_n": 0.210069,
    "APower_p": 0.389743,
    "APower_n": 0.299404,
    "RCS_p": 0.00589903,
    "TCS_n": 0.0272272
}