{
    "KDHartreeFock": {
        "V1_0": 59.8483,
        "V1_asymm": 15.828,
        "V1_A": 0.0297341,
        "V2_0_n": 0.006158,
        "V2_A_n": -1.19945e-06,
        "V3_0_n": 1.5021e-05,
        "V3_A_n": 6.22422e-10,
        "V2_0_p": 0.00776927,
        "V2_A_p": -2.27846e-06,
        "V3_0_p": 2.61412e-05,
        "V3_A_p": -1.83932e-08,
        "V4_0": 2.15152e-08,
        "r_0": 1.26214,
        "r_A": 0.362562,
        "a_0": 0.696321,
        "a_A": -0.000230805
    },
    "KDCoulomb": {
        "r_C_0": 1.01072,
        "r_C_A": 0.680742,
        "r_C_A2": 37.6069
    },
    "KDRealSpinOrbit": {
        "V1_0": 7.8478,
        "V1_A": -0.000580131,
        "V2_0": 0.00889134,
        "r_0": 1.21627,
        "r_A": 0.689384,
        "a_0": 0.599483
    },
    "KDImagSpinOrbit": {
        "W1_0": -7.13075,
        "W2_0": 268.337
    },
    "KDImagVolume": {
        "W1_0_n": 21.9204,
        "W1_A_n": 0.0378757,
        "W1_0_p": 21.9755,
        "W1_A_p": 0.0327119,
        "W2_0": 105.756,
        "W2_A": 0.238386
    },
    "KDImagSurface": {
        "D1_0": 16.6599,
        "D1_asymm": 21.3954,
        "D2_0": 0.0185021,
        "D2_A": 0.00810984,
        "D2_A2": 22.495,
        "D2_A3": 242.573,
        "D3_0": 12.3696,
        "r_0": 1.37373,
        "r_A": 0.0148119,
        "a_0_n": 0.540555,
        "a_A_n": -0.00032658,
        "a_0_p": 0.549955,
        "a_A_p": 0.000247719
    }
}