{
    "ECS_p": 0.296119,
    "ECS_n": 0.263299,
    "APower_p": 0.799721,
    "APower_n": 0.736224,
    "RCS_p": 0.026548,
    "TCS_n": 0.0618197
}