{
    "KDHartreeFock": {
        "V1_0": 61.8667,
        "V1_asymm": 12.6515,
        "V1_A": 0.0389176,
        "V2_0_n": 0.00558241,
        "V2_A_n": -5.20414e-07,
        "V3_0_n": 1.40587e-05,
        "V3_A_n": 4.586e-08,
        "V2_0_p": 0.00660086,
        "V2_A_p": 4.29213e-06,
        "V3_0_p": 1.78578e-05,
        "V3_A_p": 5.23999e-08,
        "V4_0": -5.74178e-09,
        "r_0": 1.33421,
        "r_A": 0.725406,
        "a_0": 0.642902,
        "a_A": -0.00043531
    },
    "KDCoulomb": {
        "r_C_0": 1.20483,
        "r_C_A": 1.29324,
        "r_C_A2": 0.437127
    },
    "KDRealSpinOrbit": {
        "V1_0": 6.68357,
        "V1_A": 0.011779,
        "V2_0": 0.0171398,
        "r_0": 1.24286,
        "r_A": 0.823473,
        "a_0": 0.510961
    },
    "KDImagSpinOrbit": {
        "W1_0": -4.1906,
        "W2_0": 282.592
    },
    "KDImagVolume": {
        "W1_0_n": 7.78721,
        "W1_A_n": 0.205811,
        "W1_0_p": 37.8361,
        "W1_A_p": -0.0140172,
        "W2_0": 180.6,
        "W2_A": 0.201275
    },
    "KDImagSurface": {
        "D1_0": 15.7217,
        "D1_asymm": 19.2911,
        "D2_0": 0.0181987,
        "D2_A": 0.0018085,
        "D2_A2": 15.9156,
        "D2_A3": 223.376,
        "D3_0": 13.3044,
        "r_0": 1.34123,
        "r_A": 0.0159355,
        "a_0_n": 0.531471,
        "a_A_n": -0.000293374,
        "a_0_p": 0.507305,
        "a_A_p": 0.00131403
    }
}