{
    "ECS_p": 0.293215,
    "ECS_n": 0.288701,
    "APower_p": 0.887321,
    "APower_n": 0.716774,
    "RCS_p": 0.0573068,
    "TCS_n": 0.0347344
}