{
    "KDHartreeFock": {
        "V1_0": 59.451,
        "V1_asymm": 8.81765,
        "V1_A": 0.0493495,
        "V2_0_n": 0.00543015,
        "V2_A_n": 3.4974e-06,
        "V3_0_n": 3.51722e-06,
        "V3_A_n": 2.69746e-08,
        "V2_0_p": 0.00642444,
        "V2_A_p": 2.63097e-06,
        "V3_0_p": 9.3077e-06,
        "V3_A_p": -5.71236e-09,
        "V4_0": -2.67155e-08,
        "r_0": 1.33134,
        "r_A": 0.647637,
        "a_0": 0.675089,
        "a_A": -1.9632e-05
    },
    "KDCoulomb": {
        "r_C_0": 1.43041,
        "r_C_A": 1.45371,
        "r_C_A2": 8.0073
    },
    "KDRealSpinOrbit": {
        "V1_0": 5.06785,
        "V1_A": 0.0085935,
        "V2_0": 0.00268742,
        "r_0": 1.15591,
        "r_A": 0.569382,
        "a_0": 0.596716
    },
    "KDImagSpinOrbit": {
        "W1_0": -3.47356,
        "W2_0": 214.179
    },
    "KDImagVolume": {
        "W1_0_n": 18.5232,
        "W1_A_n": 0.00386444,
        "W1_0_p": 28.6348,
        "W1_A_p": -0.0223831,
        "W2_0": 120.52,
        "W2_A": -0.118083
    },
    "KDImagSurface": {
        "D1_0": 18.9788,
        "D1_asymm": 24.5789,
        "D2_0": 0.0266076,
        "D2_A": -0.0145205,
        "D2_A2": 5.29459,
        "D2_A3": -99.0878,
        "D3_0": 12.6882,
        "r_0": 1.40976,
        "r_A": 0.0239516,
        "a_0_n": 0.529093,
        "a_A_n": -0.00022201,
        "a_0_p": 0.470595,
        "a_A_p": 0.000995979
    }
}