{
    "ECS_p": 0.520667,
    "ECS_n": 0.301373,
    "APower_p": 0.6561,
    "APower_n": 0.569868,
    "RCS_p": 0.0451159,
    "TCS_n": 0.0422337
}