{
    "KDHartreeFock": {
        "V1_0": 61.3137,
        "V1_asymm": -6.96451,
        "V1_A": 0.0554664,
        "V2_0_n": 0.00777435,
        "V2_A_n": 1.21147e-06,
        "V3_0_n": 2.7551e-05,
        "V3_A_n": 2.69112e-08,
        "V2_0_p": 0.00471348,
        "V2_A_p": -4.23061e-06,
        "V3_0_p": 5.22283e-06,
        "V3_A_p": 3.74277e-08,
        "V4_0": 2.40785e-08,
        "r_0": 1.30658,
        "r_A": 0.594192,
        "a_0": 0.702882,
        "a_A": -1.51515e-05
    },
    "KDCoulomb": {
        "r_C_0": 1.18854,
        "r_C_A": 0.592327,
        "r_C_A2": 11.2123
    },
    "KDRealSpinOrbit": {
        "V1_0": 6.12029,
        "V1_A": -0.0249779,
        "V2_0": 0.00291143,
        "r_0": 1.19754,
        "r_A": 0.636228,
        "a_0": 0.644344
    },
    "KDImagSpinOrbit": {
        "W1_0": -3.52521,
        "W2_0": 382.826
    },
    "KDImagVolume": {
        "W1_0_n": 21.2269,
        "W1_A_n": 0.0539088,
        "W1_0_p": 27.5658,
        "W1_A_p": 0.0889765,
        "W2_0": 208.745,
        "W2_A": 0.328946
    },
    "KDImagSurface": {
        "D1_0": 10.6256,
        "D1_asymm": -0.134177,
        "D2_0": 0.0135061,
        "D2_A": 0.000851034,
        "D2_A2": 7.47108,
        "D2_A3": 117.808,
        "D3_0": 8.38778,
        "r_0": 1.37065,
        "r_A": 0.0235973,
        "a_0_n": 0.536457,
        "a_A_n": -0.00048877,
        "a_0_p": 0.497644,
        "a_A_p": 0.00220228
    }
}