{
    "ECS_p": 0.468802,
    "ECS_n": 0.381376,
    "APower_p": 0.706373,
    "APower_n": 0.528521,
    "RCS_p": 0.0307151,
    "TCS_n": 0.0313954
}