{
    "KDHartreeFock": {
        "V1_0": 59.4564,
        "V1_asymm": 11.953,
        "V1_A": 0.025332,
        "V2_0_n": 0.00622611,
        "V2_A_n": 1.08442e-05,
        "V3_0_n": 5.23861e-06,
        "V3_A_n": 4.85084e-08,
        "V2_0_p": 0.00705037,
        "V2_A_p": -7.02608e-07,
        "V3_0_p": 1.05486e-05,
        "V3_A_p": 2.86105e-08,
        "V4_0": -2.5959e-08,
        "r_0": 1.21895,
        "r_A": 0.206514,
        "a_0": 0.666261,
        "a_A": -0.000407629
    },
    "KDCoulomb": {
        "r_C_0": 1.17631,
        "r_C_A": -0.273027,
        "r_C_A2": 8.33305
    },
    "KDRealSpinOrbit": {
        "V1_0": 6.42311,
        "V1_A": -0.0173123,
        "V2_0": 0.0060009,
        "r_0": 1.21306,
        "r_A": 0.646041,
        "a_0": 0.556194
    },
    "KDImagSpinOrbit": {
        "W1_0": -5.72146,
        "W2_0": 335.068
    },
    "KDImagVolume": {
        "W1_0_n": 18.9969,
        "W1_A_n": 0.0349107,
        "W1_0_p": 14.2009,
        "W1_A_p": 0.0809466,
        "W2_0": 78.9212,
        "W2_A": 0.335802
    },
    "KDImagSurface": {
        "D1_0": 14.2161,
        "D1_asymm": 7.78738,
        "D2_0": 0.0173977,
        "D2_A": 0.00360256,
        "D2_A2": 9.80034,
        "D2_A3": 302.507,
        "D3_0": 12.872,
        "r_0": 1.46672,
        "r_A": 0.0378708,
        "a_0_n": 0.562473,
        "a_A_n": -0.00015169,
        "a_0_p": 0.423783,
        "a_A_p": 0.00203453
    }
}