{
    "ECS_p": 0.32088,
    "ECS_n": 0.383695,
    "APower_p": 0.57877,
    "APower_n": 0.47725,
    "RCS_p": 0.0333663,
    "TCS_n": 0.0333781
}