{
    "KDHartreeFock": {
        "V1_0": 57.2678,
        "V1_asymm": 10.0811,
        "V1_A": 0.0211608,
        "V2_0_n": 0.00669286,
        "V2_A_n": -2.49543e-06,
        "V3_0_n": 1.35416e-05,
        "V3_A_n": -1.088e-09,
        "V2_0_p": 0.00620461,
        "V2_A_p": 1.46365e-05,
        "V3_0_p": 6.89206e-06,
        "V3_A_p": 1.12929e-07,
        "V4_0": -3.22617e-09,
        "r_0": 1.30744,
        "r_A": 0.435189,
        "a_0": 0.66792,
        "a_A": -0.000355942
    },
    "KDCoulomb": {
        "r_C_0": 1.06789,
        "r_C_A": 2.41992,
        "r_C_A2": 31.676
    },
    "KDRealSpinOrbit": {
        "V1_0": 5.55046,
        "V1_A": -0.0110539,
        "V2_0": 0.00386922,
        "r_0": 1.2419,
        "r_A": 0.704646,
        "a_0": 0.516461
    },
    "KDImagSpinOrbit": {
        "W1_0": -2.4763,
        "W2_0": 152.279
    },
    "KDImagVolume": {
        "W1_0_n": 23.187,
        "W1_A_n": -0.02935,
        "W1_0_p": 22.3963,
        "W1_A_p": -0.0513884,
        "W2_0": 119.452,
        "W2_A": -0.286186
    },
    "KDImagSurface": {
        "D1_0": 17.41,
        "D1_asymm": 19.1116,
        "D2_0": -0.00630962,
        "D2_A": 0.0314485,
        "D2_A2": 16.2046,
        "D2_A3": 334.726,
        "D3_0": 10.5507,
        "r_0": 1.39926,
        "r_A": 0.019595,
        "a_0_n": 0.588859,
        "a_A_n": 0.000975471,
        "a_0_p": 0.473748,
        "a_A_p": 0.000539451
    }
}