{
    "ECS_p": 0.366045,
    "ECS_n": 0.290729,
    "APower_p": 0.755135,
    "APower_n": 0.830394,
    "RCS_p": 0.0254928,
    "TCS_n": 0.0417786
}