{
    "KDHartreeFock": {
        "V1_0": 57.07,
        "V1_asymm": 9.01838,
        "V1_A": 0.0126854,
        "V2_0_n": 0.00860892,
        "V2_A_n": 7.40005e-06,
        "V3_0_n": 3.5615e-05,
        "V3_A_n": 5.8198e-08,
        "V2_0_p": 0.00735681,
        "V2_A_p": 1.283e-06,
        "V3_0_p": 2.93501e-05,
        "V3_A_p": -2.4798e-08,
        "V4_0": 4.44397e-08,
        "r_0": 1.22371,
        "r_A": 0.114477,
        "a_0": 0.648919,
        "a_A": -0.000358757
    },
    "KDCoulomb": {
        "r_C_0": 1.16782,
        "r_C_A": 0.127269,
        "r_C_A2": -17.3697
    },
    "KDRealSpinOrbit": {
        "V1_0": 3.40933,
        "V1_A": 0.0125897,
        "V2_0": 0.00207693,
        "r_0": 1.26565,
        "r_A": 1.04413,
        "a_0": 0.589341
    },
    "KDImagSpinOrbit": {
        "W1_0": -3.26345,
        "W2_0": 288.743
    },
    "KDImagVolume": {
        "W1_0_n": 15.8278,
        "W1_A_n": 0.0189928,
        "W1_0_p": 14.0527,
        "W1_A_p": 0.0421037,
        "W2_0": 105.408,
        "W2_A": -0.0100339
    },
    "KDImagSurface": {
        "D1_0": 15.8332,
        "D1_asymm": 14.0982,
        "D2_0": 0.0362132,
        "D2_A": -0.0163282,
        "D2_A2": 12.6448,
        "D2_A3": 332.274,
        "D3_0": 15.3514,
        "r_0": 1.41049,
        "r_A": 0.0295454,
        "a_0_n": 0.557657,
        "a_A_n": -0.000754484,
        "a_0_p": 0.477364,
        "a_A_p": 0.00161969
    }
}