{
    "ECS_p": 0.362361,
    "ECS_n": 0.278993,
    "APower_p": 0.542908,
    "APower_n": 0.563139,
    "RCS_p": 0.0318639,
    "TCS_n": 0.0650192
}