{
    "KDHartreeFock": {
        "V1_0": 59.4789,
        "V1_asymm": 20.2575,
        "V1_A": 0.0330924,
        "V2_0_n": 0.00486778,
        "V2_A_n": 5.8601e-06,
        "V3_0_n": -5.07554e-06,
        "V3_A_n": 2.37679e-08,
        "V2_0_p": 0.00623806,
        "V2_A_p": 8.62521e-06,
        "V3_0_p": 3.46488e-06,
        "V3_A_p": 4.52104e-08,
        "V4_0": -2.6411e-08,
        "r_0": 1.33323,
        "r_A": 0.68564,
        "a_0": 0.69629,
        "a_A": -7.49623e-05
    },
    "KDCoulomb": {
        "r_C_0": 1.24915,
        "r_C_A": 1.4904,
        "r_C_A2": 26.2772
    },
    "KDRealSpinOrbit": {
        "V1_0": 3.68304,
        "V1_A": 0.0204659,
        "V2_0": 0.000221065,
        "r_0": 1.22217,
        "r_A": 0.913974,
        "a_0": 0.643738
    },
    "KDImagSpinOrbit": {
        "W1_0": -5.96301,
        "W2_0": 166.559
    },
    "KDImagVolume": {
        "W1_0_n": 30.2642,
        "W1_A_n": -0.072292,
        "W1_0_p": 21.6039,
        "W1_A_p": 0.0549608,
        "W2_0": 122.113,
        "W2_A": 0.0939925
    },
    "KDImagSurface": {
        "D1_0": 32.1883,
        "D1_asymm": 11.4759,
        "D2_0": 0.021515,
        "D2_A": 0.0151099,
        "D2_A2": 16.6559,
        "D2_A3": 92.1065,
        "D3_0": 23.4234,
        "r_0": 1.36684,
        "r_A": 0.0195022,
        "a_0_n": 0.551936,
        "a_A_n": 9.06278e-05,
        "a_0_p": 0.518343,
        "a_A_p": 0.00054494
    }
}