{
    "ECS_p": 0.226052,
    "ECS_n": 0.16859,
    "APower_p": 0.353628,
    "APower_n": 0.201448,
    "RCS_p": 0.00317566,
    "TCS_n": 0.0145165
}