{
    "KDHartreeFock": {
        "V1_0": 57.9381,
        "V1_asymm": 10.5009,
        "V1_A": 0.0246378,
        "V2_0_n": 0.00662216,
        "V2_A_n": -1.59809e-06,
        "V3_0_n": 1.62513e-05,
        "V3_A_n": 2.23899e-09,
        "V2_0_p": 0.00668689,
        "V2_A_p": 4.36617e-06,
        "V3_0_p": 1.76285e-05,
        "V3_A_p": 2.27756e-08,
        "V4_0": 1.80754e-08,
        "r_0": 1.2638,
        "r_A": 0.287307,
        "a_0": 0.665839,
        "a_A": -9.75861e-06
    },
    "KDCoulomb": {
        "r_C_0": 1.32307,
        "r_C_A": 1.74332,
        "r_C_A2": 36.6599
    },
    "KDRealSpinOrbit": {
        "V1_0": 5.94658,
        "V1_A": -0.00604819,
        "V2_0": 0.000800544,
        "r_0": 1.21242,
        "r_A": 0.766463,
        "a_0": 0.631407
    },
    "KDImagSpinOrbit": {
        "W1_0": -2.96837,
        "W2_0": 208.22
    },
    "KDImagVolume": {
        "W1_0_n": 19.8544,
        "W1_A_n": -0.00592906,
        "W1_0_p": 21.4924,
        "W1_A_p": -0.0204902,
        "W2_0": 142.631,
        "W2_A": -0.328191
    },
    "KDImagSurface": {
        "D1_0": 13.6607,
        "D1_asymm": 0.345085,
        "D2_0": 0.0162704,
        "D2_A": 0.00527751,
        "D2_A2": 16.0431,
        "D2_A3": -62.7911,
        "D3_0": 13.0541,
        "r_0": 1.23791,
        "r_A": -0.00904782,
        "a_0_n": 0.584805,
        "a_A_n": 0.000658762,
        "a_0_p": 0.515908,
        "a_A_p": 0.000493026
    }
}