{
    "ECS_p": 0.346776,
    "ECS_n": 0.207852,
    "APower_p": 0.468832,
    "APower_n": 0.137263,
    "RCS_p": 0.0125921,
    "TCS_n": 0.019953
}