{
    "KDHartreeFock": {
        "V1_0": 55.6184,
        "V1_asymm": 4.80263,
        "V1_A": 0.0344412,
        "V2_0_n": 0.00478227,
        "V2_A_n": -1.13896e-06,
        "V3_0_n": -9.62534e-07,
        "V3_A_n": 2.58253e-09,
        "V2_0_p": 0.00465724,
        "V2_A_p": 1.33956e-05,
        "V3_0_p": 4.41568e-07,
        "V3_A_p": 9.44858e-08,
        "V4_0": -2.4787e-08,
        "r_0": 1.35855,
        "r_A": 0.639272,
        "a_0": 0.724201,
        "a_A": 0.00033633
    },
    "KDCoulomb": {
        "r_C_0": 1.29389,
        "r_C_A": 0.137745,
        "r_C_A2": 3.78169
    },
    "KDRealSpinOrbit": {
        "V1_0": 7.12065,
        "V1_A": 0.0108642,
        "V2_0": 0.0153167,
        "r_0": 1.14834,
        "r_A": 0.423706,
        "a_0": 0.49999
    },
    "KDImagSpinOrbit": {
        "W1_0": -3.87718,
        "W2_0": 207.224
    },
    "KDImagVolume": {
        "W1_0_n": 22.9095,
        "W1_A_n": -0.0253128,
        "W1_0_p": 18.3276,
        "W1_A_p": -0.0295901,
        "W2_0": 110.561,
        "W2_A": -0.202962
    },
    "KDImagSurface": {
        "D1_0": 40.1172,
        "D1_asymm": 9.19169,
        "D2_0": 0.042844,
        "D2_A": 0.0284164,
        "D2_A2": 14.5549,
        "D2_A3": 14.4993,
        "D3_0": 20.7146,
        "r_0": 1.49555,
        "r_A": 0.0418428,
        "a_0_n": 0.491123,
        "a_A_n": 0.000529243,
        "a_0_p": 0.446777,
        "a_A_p": 0.00185949
    }
}