{
    "ECS_p": 0.452102,
    "ECS_n": 0.337914,
    "APower_p": 0.805432,
    "APower_n": 0.737284,
    "RCS_p": 0.064282,
    "TCS_n": 0.0342905
}