{
    "KDHartreeFock": {
        "V1_0": 56.7368,
        "V1_asymm": 15.7682,
        "V1_A": 0.00815235,
        "V2_0_n": 0.00666875,
        "V2_A_n": -2.98323e-06,
        "V3_0_n": 1.41373e-05,
        "V3_A_n": -1.9389e-08,
        "V2_0_p": 0.00727409,
        "V2_A_p": 3.73529e-06,
        "V3_0_p": 1.67712e-05,
        "V3_A_p": 4.29939e-08,
        "V4_0": 2.75678e-10,
        "r_0": 1.24953,
        "r_A": 0.179911,
        "a_0": 0.680613,
        "a_A": 0.000321289
    },
    "KDCoulomb": {
        "r_C_0": 1.02122,
        "r_C_A": 0.403043,
        "r_C_A2": 16.0579
    },
    "KDRealSpinOrbit": {
        "V1_0": 7.5263,
        "V1_A": -0.0275384,
        "V2_0": 0.00250393,
        "r_0": 1.1838,
        "r_A": 0.615803,
        "a_0": 0.59269
    },
    "KDImagSpinOrbit": {
        "W1_0": -3.2633,
        "W2_0": 261.625
    },
    "KDImagVolume": {
        "W1_0_n": 13.9294,
        "W1_A_n": 0.00251727,
        "W1_0_p": 15.7846,
        "W1_A_p": 0.048811,
        "W2_0": 74.7963,
        "W2_A": 0.0980587
    },
    "KDImagSurface": {
        "D1_0": 25.8484,
        "D1_asymm": 17.2176,
        "D2_0": 0.0467515,
        "D2_A": -0.0108399,
        "D2_A2": 11.2716,
        "D2_A3": 211.635,
        "D3_0": 21.5387,
        "r_0": 1.29647,
        "r_A": 0.0187734,
        "a_0_n": 0.588366,
        "a_A_n": -0.00107183,
        "a_0_p": 0.496144,
        "a_A_p": 0.0026465
    }
}