{
    "ECS_p": 0.229477,
    "ECS_n": 0.174454,
    "APower_p": 0.453079,
    "APower_n": 0.287798,
    "RCS_p": 0.0132805,
    "TCS_n": 0.0144089
}