{
    "KDHartreeFock": {
        "V1_0": 58.5062,
        "V1_asymm": 7.70516,
        "V1_A": 0.0319264,
        "V2_0_n": 0.00614436,
        "V2_A_n": 1.11283e-06,
        "V3_0_n": 1.0522e-05,
        "V3_A_n": 1.2908e-08,
        "V2_0_p": 0.00559356,
        "V2_A_p": 8.98597e-06,
        "V3_0_p": 1.0153e-05,
        "V3_A_p": 4.36147e-08,
        "V4_0": 6.37413e-10,
        "r_0": 1.27622,
        "r_A": 0.382629,
        "a_0": 0.656615,
        "a_A": -8.20847e-05
    },
    "KDCoulomb": {
        "r_C_0": 1.2424,
        "r_C_A": 0.62914,
        "r_C_A2": -23.1352
    },
    "KDRealSpinOrbit": {
        "V1_0": 6.94911,
        "V1_A": 0.00167728,
        "V2_0": 0.00765961,
        "r_0": 1.26828,
        "r_A": 0.922931,
        "a_0": 0.589233
    },
    "KDImagSpinOrbit": {
        "W1_0": -5.45212,
        "W2_0": 312.18
    },
    "KDImagVolume": {
        "W1_0_n": 21.9799,
        "W1_A_n": 0.0237845,
        "W1_0_p": 18.5854,
        "W1_A_p": 0.00173462,
        "W2_0": 110.633,
        "W2_A": 0.062005
    },
    "KDImagSurface": {
        "D1_0": 11.9666,
        "D1_asymm": 1.87312,
        "D2_0": 0.0619251,
        "D2_A": -0.0458977,
        "D2_A2": 3.43402,
        "D2_A3": 290.07,
        "D3_0": 13.2499,
        "r_0": 1.2602,
        "r_A": 0.000414571,
        "a_0_n": 0.600229,
        "a_A_n": 0.000106009,
        "a_0_p": 0.552481,
        "a_A_p": 0.00145355
    }
}