{
    "ECS_p": 0.342311,
    "ECS_n": 0.212051,
    "APower_p": 0.695836,
    "APower_n": 0.59234,
    "RCS_p": 0.0183252,
    "TCS_n": 0.0493216
}