{
    "KDHartreeFock": {
        "V1_0": 59.8991,
        "V1_asymm": 14.8348,
        "V1_A": 0.0188669,
        "V2_0_n": 0.00655177,
        "V2_A_n": 1.83737e-07,
        "V3_0_n": 1.47037e-05,
        "V3_A_n": -5.19246e-09,
        "V2_0_p": 0.00821039,
        "V2_A_p": -1.07443e-06,
        "V3_0_p": 2.60674e-05,
        "V3_A_p": 2.78537e-08,
        "V4_0": 7.92084e-09,
        "r_0": 1.19126,
        "r_A": 0.0711061,
        "a_0": 0.653914,
        "a_A": -0.000547036
    },
    "KDCoulomb": {
        "r_C_0": 0.941986,
        "r_C_A": 1.48176,
        "r_C_A2": 20.0358
    },
    "KDRealSpinOrbit": {
        "V1_0": 4.47874,
        "V1_A": 0.010695,
        "V2_0": 0.0114328,
        "r_0": 1.15383,
        "r_A": 0.502482,
        "a_0": 0.566885
    },
    "KDImagSpinOrbit": {
        "W1_0": -5.49761,
        "W2_0": 258.747
    },
    "KDImagVolume": {
        "W1_0_n": 18.5463,
        "W1_A_n": 0.00768245,
        "W1_0_p": 14.2258,
        "W1_A_p": 0.0425717,
        "W2_0": 67.4246,
        "W2_A": 0.0903213
    },
    "KDImagSurface": {
        "D1_0": 41.4905,
        "D1_asymm": 26.3913,
        "D2_0": 0.0386441,
        "D2_A": 0.00647886,
        "D2_A2": 0.975249,
        "D2_A3": 215.684,
        "D3_0": 23.9521,
        "r_0": 1.41821,
        "r_A": 0.0305587,
        "a_0_n": 0.531766,
        "a_A_n": -0.00043397,
        "a_0_p": 0.453424,
        "a_A_p": 0.00185876
    }
}