{
    "ECS_p": 0.309122,
    "ECS_n": 0.447297,
    "APower_p": 0.734495,
    "APower_n": 0.643186,
    "RCS_p": 0.0468587,
    "TCS_n": 0.0520816
}