{
    "KDHartreeFock": {
        "V1_0": 57.3908,
        "V1_asymm": 17.5671,
        "V1_A": 0.0206378,
        "V2_0_n": 0.00625646,
        "V2_A_n": 1.00994e-06,
        "V3_0_n": 1.44024e-05,
        "V3_A_n": 3.63024e-08,
        "V2_0_p": 0.00771667,
        "V2_A_p": 2.22716e-06,
        "V3_0_p": 2.44399e-05,
        "V3_A_p": -2.99138e-09,
        "V4_0": 1.50862e-08,
        "r_0": 1.31019,
        "r_A": 0.469271,
        "a_0": 0.673585,
        "a_A": 7.41975e-05
    },
    "KDCoulomb": {
        "r_C_0": 1.16903,
        "r_C_A": 0.31946,
        "r_C_A2": 20.8902
    },
    "KDRealSpinOrbit": {
        "V1_0": 5.36554,
        "V1_A": 0.0125348,
        "V2_0": 0.00619802,
        "r_0": 1.22482,
        "r_A": 0.701357,
        "a_0": 0.534021
    },
    "KDImagSpinOrbit": {
        "W1_0": -6.13267,
        "W2_0": 346.281
    },
    "KDImagVolume": {
        "W1_0_n": 19.583,
        "W1_A_n": -0.0142321,
        "W1_0_p": 20.2438,
        "W1_A_p": -0.00839493,
        "W2_0": 84.5838,
        "W2_A": -0.143179
    },
    "KDImagSurface": {
        "D1_0": 9.6021,
        "D1_asymm": -11.6377,
        "D2_0": 0.0222261,
        "D2_A": 0.000977492,
        "D2_A2": 5.74265,
        "D2_A3": -13.8135,
        "D3_0": 7.00138,
        "r_0": 1.56197,
        "r_A": 0.0646368,
        "a_0_n": 0.54582,
        "a_A_n": 0.000229215,
        "a_0_p": 0.457178,
        "a_A_p": 0.00250525
    }
}