{
    "ECS_p": 0.315421,
    "ECS_n": 0.308761,
    "APower_p": 0.835809,
    "APower_n": 0.658967,
    "RCS_p": 0.0208274,
    "TCS_n": 0.0308495
}