{
    "KDHartreeFock": {
        "V1_0": 57.2063,
        "V1_asymm": 12.1811,
        "V1_A": 0.0264334,
        "V2_0_n": 0.00532705,
        "V2_A_n": 2.38721e-06,
        "V3_0_n": 1.72771e-06,
        "V3_A_n": 8.88581e-09,
        "V2_0_p": 0.00683374,
        "V2_A_p": -5.24052e-06,
        "V3_0_p": 3.83669e-06,
        "V3_A_p": 5.85653e-08,
        "V4_0": -1.61314e-08,
        "r_0": 1.30058,
        "r_A": 0.414463,
        "a_0": 0.705973,
        "a_A": 0.000248656
    },
    "KDCoulomb": {
        "r_C_0": 1.1828,
        "r_C_A": 0.834232,
        "r_C_A2": 42.9665
    },
    "KDRealSpinOrbit": {
        "V1_0": 8.54055,
        "V1_A": -0.0274463,
        "V2_0": 0.00645582,
        "r_0": 1.01846,
        "r_A": -0.0860569,
        "a_0": 0.548118
    },
    "KDImagSpinOrbit": {
        "W1_0": -2.9796,
        "W2_0": 249.583
    },
    "KDImagVolume": {
        "W1_0_n": 17.935,
        "W1_A_n": 0.0179467,
        "W1_0_p": 10.2368,
        "W1_A_p": 0.0902174,
        "W2_0": 68.2803,
        "W2_A": 0.124316
    },
    "KDImagSurface": {
        "D1_0": 15.285,
        "D1_asymm": 2.43767,
        "D2_0": 0.00731921,
        "D2_A": 0.0201608,
        "D2_A2": 4.22194,
        "D2_A3": 293.953,
        "D3_0": 10.5951,
        "r_0": 1.3179,
        "r_A": 0.00998691,
        "a_0_n": 0.582792,
        "a_A_n": 0.000778595,
        "a_0_p": 0.528485,
        "a_A_p": 0.000756328
    }
}