{
    "ECS_p": 0.470675,
    "ECS_n": 0.298164,
    "APower_p": 0.550415,
    "APower_n": 0.689663,
    "RCS_p": 0.0397824,
    "TCS_n": 0.0297256
}