{
    "KDHartreeFock": {
        "V1_0": 59.5434,
        "V1_asymm": 10.8045,
        "V1_A": 0.0417652,
        "V2_0_n": 0.00553146,
        "V2_A_n": 5.87833e-06,
        "V3_0_n": -2.82442e-07,
        "V3_A_n": 1.14919e-08,
        "V2_0_p": 0.00401528,
        "V2_A_p": 7.72504e-06,
        "V3_0_p": -7.55442e-06,
        "V3_A_p": 8.5337e-08,
        "V4_0": -2.02642e-08,
        "r_0": 1.28847,
        "r_A": 0.540746,
        "a_0": 0.686165,
        "a_A": -0.000788105
    },
    "KDCoulomb": {
        "r_C_0": 1.22919,
        "r_C_A": 0.845765,
        "r_C_A2": 36.9686
    },
    "KDRealSpinOrbit": {
        "V1_0": 6.97111,
        "V1_A": 0.000626702,
        "V2_0": 0.00736033,
        "r_0": 1.27169,
        "r_A": 0.846779,
        "a_0": 0.56625
    },
    "KDImagSpinOrbit": {
        "W1_0": -3.40885,
        "W2_0": 249.019
    },
    "KDImagVolume": {
        "W1_0_n": 21.2683,
        "W1_A_n": 0.0167785,
        "W1_0_p": 15.1724,
        "W1_A_p": 0.0055634,
        "W2_0": 52.2787,
        "W2_A": 0.392068
    },
    "KDImagSurface": {
        "D1_0": 8.60499,
        "D1_asymm": 8.32299,
        "D2_0": 0.0141155,
        "D2_A": 0.00409194,
        "D2_A2": 13.5661,
        "D2_A3": 37.0232,
        "D3_0": 0.525733,
        "r_0": 1.41894,
        "r_A": 0.0173898,
        "a_0_n": 0.520472,
        "a_A_n": 2.11276e-05,
        "a_0_p": 0.46561,
        "a_A_p": 0.000871616
    }
}