{
    "ECS_p": 0.382032,
    "ECS_n": 0.228618,
    "APower_p": 0.820093,
    "APower_n": 0.432966,
    "RCS_p": 0.0625655,
    "TCS_n": 0.0434974
}