{
    "KDHartreeFock": {
        "V1_0": 59.6143,
        "V1_asymm": 7.32497,
        "V1_A": 0.0375483,
        "V2_0_n": 0.00775727,
        "V2_A_n": 8.36193e-06,
        "V3_0_n": 2.83172e-05,
        "V3_A_n": 3.8541e-08,
        "V2_0_p": 0.00685157,
        "V2_A_p": -7.80273e-07,
        "V3_0_p": 2.70204e-05,
        "V3_A_p": -3.48289e-08,
        "V4_0": 4.96115e-08,
        "r_0": 1.27492,
        "r_A": 0.376733,
        "a_0": 0.644201,
        "a_A": -0.000623109
    },
    "KDCoulomb": {
        "r_C_0": 1.18876,
        "r_C_A": 1.11706,
        "r_C_A2": 23.3979
    },
    "KDRealSpinOrbit": {
        "V1_0": 5.22117,
        "V1_A": -0.00128426,
        "V2_0": 0.00475892,
        "r_0": 1.19222,
        "r_A": 0.601488,
        "a_0": 0.552694
    },
    "KDImagSpinOrbit": {
        "W1_0": -3.51892,
        "W2_0": 337.352
    },
    "KDImagVolume": {
        "W1_0_n": 21.4339,
        "W1_A_n": -0.0242443,
        "W1_0_p": 16.5595,
        "W1_A_p": 0.0441398,
        "W2_0": 141.45,
        "W2_A": -0.0450966
    },
    "KDImagSurface": {
        "D1_0": 10.6528,
        "D1_asymm": 2.92159,
        "D2_0": -0.027557,
        "D2_A": 0.0410561,
        "D2_A2": 18.621,
        "D2_A3": 358.106,
        "D3_0": 9.23167,
        "r_0": 1.36845,
        "r_A": 0.0251792,
        "a_0_n": 0.584239,
        "a_A_n": -0.000281433,
        "a_0_p": 0.529147,
        "a_A_p": 0.00123702
    }
}