{
    "ECS_p": 0.447817,
    "ECS_n": 0.311807,
    "APower_p": 0.715473,
    "APower_n": 0.446437,
    "RCS_p": 0.057763,
    "TCS_n": 0.0469943
}