{
    "KDHartreeFock": {
        "V1_0": 58.5282,
        "V1_asymm": 15.591,
        "V1_A": 0.0292005,
        "V2_0_n": 0.00416825,
        "V2_A_n": 2.9782e-07,
        "V3_0_n": -9.0167e-06,
        "V3_A_n": -4.08051e-09,
        "V2_0_p": 0.00497368,
        "V2_A_p": 8.23214e-06,
        "V3_0_p": -1.08618e-05,
        "V3_A_p": 7.0624e-08,
        "V4_0": -3.93356e-08,
        "r_0": 1.30327,
        "r_A": 0.543535,
        "a_0": 0.677276,
        "a_A": -0.000383455
    },
    "KDCoulomb": {
        "r_C_0": 1.15609,
        "r_C_A": 0.650929,
        "r_C_A2": 10.1612
    },
    "KDRealSpinOrbit": {
        "V1_0": 5.8634,
        "V1_A": -0.00379121,
        "V2_0": 0.00218394,
        "r_0": 1.29544,
        "r_A": 1.01044,
        "a_0": 0.595531
    },
    "KDImagSpinOrbit": {
        "W1_0": -4.34315,
        "W2_0": 204.759
    },
    "KDImagVolume": {
        "W1_0_n": 23.7267,
        "W1_A_n": -0.00290628,
        "W1_0_p": 30.1577,
        "W1_A_p": -0.0566606,
        "W2_0": 142.404,
        "W2_A": -0.215695
    },
    "KDImagSurface": {
        "D1_0": 16.8451,
        "D1_asymm": -2.82139,
        "D2_0": 0.0253867,
        "D2_A": -0.00415142,
        "D2_A2": -1.62897,
        "D2_A3": 45.4008,
        "D3_0": 15.6878,
        "r_0": 1.31857,
        "r_A": 0.00871751,
        "a_0_n": 0.510152,
        "a_A_n": 0.000202258,
        "a_0_p": 0.590447,
        "a_A_p": 0.00043545
    }
}