{
    "ECS_p": 0.288579,
    "ECS_n": 0.221719,
    "APower_p": 0.449397,
    "APower_n": 0.100045,
    "RCS_p": 0.021592,
    "TCS_n": 0.0332997
}