{
    "KDHartreeFock": {
        "V1_0": 57.527,
        "V1_asymm": 14.0514,
        "V1_A": 0.0197532,
        "V2_0_n": 0.00672173,
        "V2_A_n": 8.89022e-06,
        "V3_0_n": 1.08238e-05,
        "V3_A_n": 3.1768e-08,
        "V2_0_p": 0.00678698,
        "V2_A_p": 5.08372e-06,
        "V3_0_p": 1.66602e-05,
        "V3_A_p": 2.38354e-08,
        "V4_0": -1.22229e-09,
        "r_0": 1.24636,
        "r_A": 0.150284,
        "a_0": 0.66793,
        "a_A": 0.000160815
    },
    "KDCoulomb": {
        "r_C_0": 1.16798,
        "r_C_A": 0.137564,
        "r_C_A2": 10.2121
    },
    "KDRealSpinOrbit": {
        "V1_0": 5.29695,
        "V1_A": -0.0027566,
        "V2_0": 0.00417473,
        "r_0": 1.21989,
        "r_A": 0.739692,
        "a_0": 0.571603
    },
    "KDImagSpinOrbit": {
        "W1_0": -3.44366,
        "W2_0": 234.011
    },
    "KDImagVolume": {
        "W1_0_n": 18.5847,
        "W1_A_n": 0.0675998,
        "W1_0_p": 11.2109,
        "W1_A_p": 0.162573,
        "W2_0": 85.6479,
        "W2_A": 0.746013
    },
    "KDImagSurface": {
        "D1_0": 13.4232,
        "D1_asymm": 8.28227,
        "D2_0": 0.022223,
        "D2_A": -0.00588886,
        "D2_A2": -2.8374,
        "D2_A3": -245.427,
        "D3_0": 11.064,
        "r_0": 1.31082,
        "r_A": 0.0210285,
        "a_0_n": 0.567662,
        "a_A_n": -0.000194987,
        "a_0_p": 0.473269,
        "a_A_p": 0.00166721
    }
}