{
    "ECS_p": 0.249378,
    "ECS_n": 0.242238,
    "APower_p": 0.609871,
    "APower_n": 0.555328,
    "RCS_p": 0.0564906,
    "TCS_n": 0.0565323
}