{
    "KDHartreeFock": {
        "V1_0": 62.097,
        "V1_asymm": 6.4102,
        "V1_A": 0.0333853,
        "V2_0_n": 0.00748318,
        "V2_A_n": -7.7861e-06,
        "V3_0_n": 2.98498e-05,
        "V3_A_n": -2.61832e-08,
        "V2_0_p": 0.00846984,
        "V2_A_p": -3.34741e-06,
        "V3_0_p": 2.79781e-05,
        "V3_A_p": 1.18542e-08,
        "V4_0": 5.84261e-08,
        "r_0": 1.32005,
        "r_A": 0.658648,
        "a_0": 0.724117,
        "a_A": -4.10459e-05
    },
    "KDCoulomb": {
        "r_C_0": 1.278,
        "r_C_A": 0.055747,
        "r_C_A2": 0.282442
    },
    "KDRealSpinOrbit": {
        "V1_0": 6.43966,
        "V1_A": -0.00226177,
        "V2_0": 0.00335789,
        "r_0": 1.15876,
        "r_A": 0.446511,
        "a_0": 0.587008
    },
    "KDImagSpinOrbit": {
        "W1_0": -4.93114,
        "W2_0": 251.83
    },
    "KDImagVolume": {
        "W1_0_n": 22.3977,
        "W1_A_n": 0.0480321,
        "W1_0_p": 20.9031,
        "W1_A_p": 0.0251961,
        "W2_0": 76.6029,
        "W2_A": 0.154078
    },
    "KDImagSurface": {
        "D1_0": 13.7951,
        "D1_asymm": 15.2404,
        "D2_0": 0.00563205,
        "D2_A": 0.0205555,
        "D2_A2": 2.78671,
        "D2_A3": 275.251,
        "D3_0": 10.8857,
        "r_0": 1.44501,
        "r_A": 0.0276657,
        "a_0_n": 0.563234,
        "a_A_n": 0.000196892,
        "a_0_p": 0.456845,
        "a_A_p": 0.00173278
    }
}