{
    "ECS_p": 0.216982,
    "ECS_n": 0.239445,
    "APower_p": 0.433197,
    "APower_n": 0.381188,
    "RCS_p": 0.0267546,
    "TCS_n": 0.0158456
}