{
    "KDHartreeFock": {
        "V1_0": 59.9065,
        "V1_asymm": 13.2492,
        "V1_A": 0.0349483,
        "V2_0_n": 0.00579489,
        "V2_A_n": 1.10392e-06,
        "V3_0_n": 7.11141e-06,
        "V3_A_n": 1.73846e-08,
        "V2_0_p": 0.00692169,
        "V2_A_p": 1.11909e-07,
        "V3_0_p": 1.13938e-05,
        "V3_A_p": 1.9324e-08,
        "V4_0": -9.47186e-09,
        "r_0": 1.28462,
        "r_A": 0.47108,
        "a_0": 0.708688,
        "a_A": -0.000160773
    },
    "KDCoulomb": {
        "r_C_0": 1.43389,
        "r_C_A": 0.139692,
        "r_C_A2": 19.9495
    },
    "KDRealSpinOrbit": {
        "V1_0": 4.72076,
        "V1_A": -0.00205284,
        "V2_0": 0.00296633,
        "r_0": 1.1941,
        "r_A": 0.627195,
        "a_0": 0.56788
    },
    "KDImagSpinOrbit": {
        "W1_0": -4.23441,
        "W2_0": 225.729
    },
    "KDImagVolume": {
        "W1_0_n": 22.2091,
        "W1_A_n": 0.0134919,
        "W1_0_p": 15.9484,
        "W1_A_p": 0.0638103,
        "W2_0": 112.076,
        "W2_A": 0.051139
    },
    "KDImagSurface": {
        "D1_0": 14.9721,
        "D1_asymm": 16.0867,
        "D2_0": 0.0248233,
        "D2_A": -0.000688567,
        "D2_A2": 4.60409,
        "D2_A3": 324.824,
        "D3_0": 10.7021,
        "r_0": 1.34851,
        "r_A": 0.0150077,
        "a_0_n": 0.534984,
        "a_A_n": -0.00033066,
        "a_0_p": 0.514379,
        "a_A_p": 0.000928813
    }
}