{
    "ECS_p": 0.311868,
    "ECS_n": 0.267647,
    "APower_p": 0.921347,
    "APower_n": 0.864788,
    "RCS_p": 0.0357909,
    "TCS_n": 0.0618233
}