{
    "KDHartreeFock": {
        "V1_0": 58.6971,
        "V1_asymm": 13.5172,
        "V1_A": 0.00917186,
        "V2_0_n": 0.00564917,
        "V2_A_n": -7.86681e-06,
        "V3_0_n": 8.99535e-06,
        "V3_A_n": -2.02889e-08,
        "V2_0_p": 0.00853818,
        "V2_A_p": -6.3024e-06,
        "V3_0_p": 2.3365e-05,
        "V3_A_p": -1.03361e-08,
        "V4_0": -5.01025e-09,
        "r_0": 1.20844,
        "r_A": 0.13163,
        "a_0": 0.661882,
        "a_A": -0.000377938
    },
    "KDCoulomb": {
        "r_C_0": 1.13748,
        "r_C_A": 0.139343,
        "r_C_A2": 25.4489
    },
    "KDRealSpinOrbit": {
        "V1_0": 5.25629,
        "V1_A": 0.00463426,
        "V2_0": 0.00627858,
        "r_0": 1.20776,
        "r_A": 0.638944,
        "a_0": 0.531018
    },
    "KDImagSpinOrbit": {
        "W1_0": -2.42557,
        "W2_0": 157.148
    },
    "KDImagVolume": {
        "W1_0_n": 20.6952,
        "W1_A_n": 0.0020199,
        "W1_0_p": 21.3834,
        "W1_A_p": 0.00056867,
        "W2_0": 114.115,
        "W2_A": -0.238298
    },
    "KDImagSurface": {
        "D1_0": 20.6048,
        "D1_asymm": -6.37893,
        "D2_0": -0.0294625,
        "D2_A": 0.0596872,
        "D2_A2": 8.89064,
        "D2_A3": 269.402,
        "D3_0": 18.6615,
        "r_0": 1.44618,
        "r_A": 0.0328614,
        "a_0_n": 0.650217,
        "a_A_n": 0.00140076,
        "a_0_p": 0.474868,
        "a_A_p": 0.0015385
    }
}