{
    "ECS_p": 0.314012,
    "ECS_n": 0.200139,
    "APower_p": 0.40363,
    "APower_n": 0.163456,
    "RCS_p": 0.0141272,
    "TCS_n": 0.0232434
}