{
    "KDHartreeFock": {
        "V1_0": 59.5964,
        "V1_asymm": 23.9893,
        "V1_A": 0.0222849,
        "V2_0_n": 0.00629764,
        "V2_A_n": 2.45751e-06,
        "V3_0_n": 4.87134e-06,
        "V3_A_n": -1.16096e-09,
        "V2_0_p": 0.00579876,
        "V2_A_p": 1.02604e-05,
        "V3_0_p": 9.37007e-07,
        "V3_A_p": 5.40757e-08,
        "V4_0": -2.29833e-08,
        "r_0": 1.31664,
        "r_A": 0.577017,
        "a_0": 0.727836,
        "a_A": 0.000133846
    },
    "KDCoulomb": {
        "r_C_0": 1.15305,
        "r_C_A": 1.19322,
        "r_C_A2": 5.40891
    },
    "KDRealSpinOrbit": {
        "V1_0": 7.77694,
        "V1_A": -0.00681147,
        "V2_0": 0.00302461,
        "r_0": 1.10793,
        "r_A": 0.425254,
        "a_0": 0.6429
    },
    "KDImagSpinOrbit": {
        "W1_0": -5.18622,
        "W2_0": 233.9
    },
    "KDImagVolume": {
        "W1_0_n": 23.4022,
        "W1_A_n": -0.0506937,
        "W1_0_p": 15.6571,
        "W1_A_p": 0.0436189,
        "W2_0": 109.066,
        "W2_A": -0.142062
    },
    "KDImagSurface": {
        "D1_0": 13.695,
        "D1_asymm": 9.00063,
        "D2_0": 0.0188918,
        "D2_A": 0.000498865,
        "D2_A2": 14.6337,
        "D2_A3": 191.684,
        "D3_0": 10.9597,
        "r_0": 1.34629,
        "r_A": 0.0188326,
        "a_0_n": 0.57715,
        "a_A_n": 0.000190359,
        "a_0_p": 0.576887,
        "a_A_p": -0.000205368
    }
}