{
    "ECS_p": 0.229075,
    "ECS_n": 0.209675,
    "APower_p": 0.355225,
    "APower_n": 0.373835,
    "RCS_p": 0.00322655,
    "TCS_n": 0.035114
}