{
    "KDHartreeFock": {
        "V1_0": 58.7791,
        "V1_asymm": 12.2803,
        "V1_A": 0.0288115,
        "V2_0_n": 0.00677332,
        "V2_A_n": 7.1296e-06,
        "V3_0_n": 1.80303e-05,
        "V3_A_n": 6.07865e-08,
        "V2_0_p": 0.0072544,
        "V2_A_p": 2.46505e-07,
        "V3_0_p": 1.70322e-05,
        "V3_A_p": -5.13196e-09,
        "V4_0": 2.21833e-09,
        "r_0": 1.26215,
        "r_A": 0.293805,
        "a_0": 0.69161,
        "a_A": -8.92668e-05
    },
    "KDCoulomb": {
        "r_C_0": 1.08787,
        "r_C_A": 1.5645,
        "r_C_A2": 22.0018
    },
    "KDRealSpinOrbit": {
        "V1_0": 5.45843,
        "V1_A": 0.0109542,
        "V2_0": 0.0036314,
        "r_0": 1.17222,
        "r_A": 0.524262,
        "a_0": 0.601024
    },
    "KDImagSpinOrbit": {
        "W1_0": -2.24825,
        "W2_0": 129.544
    },
    "KDImagVolume": {
        "W1_0_n": 9.75644,
        "W1_A_n": 0.0653643,
        "W1_0_p": 9.17904,
        "W1_A_p": 0.06862,
        "W2_0": 43.1601,
        "W2_A": 0.127483
    },
    "KDImagSurface": {
        "D1_0": 16.8938,
        "D1_asymm": 32.4086,
        "D2_0": 0.0732414,
        "D2_A": -0.0414423,
        "D2_A2": -2.1628,
        "D2_A3": -6.90943,
        "D3_0": 10.5622,
        "r_0": 1.36569,
        "r_A": 0.0161138,
        "a_0_n": 0.482661,
        "a_A_n": -0.000366062,
        "a_0_p": 0.456186,
        "a_A_p": 0.000597325
    }
}