{
    "ECS_p": 0.448583,
    "ECS_n": 0.205676,
    "APower_p": 0.955344,
    "APower_n": 0.73363,
    "RCS_p": 0.0345804,
    "TCS_n": 0.0403666
}