{
    "KDHartreeFock": {
        "V1_0": 60.8961,
        "V1_asymm": 4.01025,
        "V1_A": 0.0256361,
        "V2_0_n": 0.00796486,
        "V2_A_n": -4.1833e-06,
        "V3_0_n": 3.56252e-05,
        "V3_A_n": -2.25935e-08,
        "V2_0_p": 0.00589773,
        "V2_A_p": -2.24634e-06,
        "V3_0_p": 3.02961e-05,
        "V3_A_p": 5.26699e-09,
        "V4_0": 7.62163e-08,
        "r_0": 1.25183,
        "r_A": 0.402099,
        "a_0": 0.73425,
        "a_A": -0.000208643
    },
    "KDCoulomb": {
        "r_C_0": 1.1684,
        "r_C_A": 1.18576,
        "r_C_A2": -1.27025
    },
    "KDRealSpinOrbit": {
        "V1_0": 7.25634,
        "V1_A": -0.0260803,
        "V2_0": 0.017684,
        "r_0": 1.21532,
        "r_A": 0.787329,
        "a_0": 0.615831
    },
    "KDImagSpinOrbit": {
        "W1_0": -2.67771,
        "W2_0": 222.526
    },
    "KDImagVolume": {
        "W1_0_n": 20.4307,
        "W1_A_n": 0.0656417,
        "W1_0_p": 14.517,
        "W1_A_p": 0.115672,
        "W2_0": 89.3404,
        "W2_A": 0.807682
    },
    "KDImagSurface": {
        "D1_0": 12.3109,
        "D1_asymm": 21.3602,
        "D2_0": -0.0093004,
        "D2_A": 0.0258444,
        "D2_A2": 7.85202,
        "D2_A3": 315.869,
        "D3_0": 5.12631,
        "r_0": 1.36137,
        "r_A": 0.0321923,
        "a_0_n": 0.553835,
        "a_A_n": -0.000800124,
        "a_0_p": 0.451787,
        "a_A_p": 0.00199444
    }
}