{
    "ECS_p": 0.391626,
    "ECS_n": 0.259072,
    "APower_p": 0.591981,
    "APower_n": 0.60291,
    "RCS_p": 0.0344503,
    "TCS_n": 0.03196
}