{
    "KDHartreeFock": {
        "V1_0": 55.0739,
        "V1_asymm": 3.71798,
        "V1_A": 0.0253191,
        "V2_0_n": 0.00598974,
        "V2_A_n": 2.79388e-06,
        "V3_0_n": 1.15548e-05,
        "V3_A_n": 1.65323e-08,
        "V2_0_p": 0.00508119,
        "V2_A_p": 7.97487e-06,
        "V3_0_p": 9.57894e-06,
        "V3_A_p": 1.66542e-08,
        "V4_0": 8.93553e-09,
        "r_0": 1.26081,
        "r_A": 0.241,
        "a_0": 0.654521,
        "a_A": -0.000349561
    },
    "KDCoulomb": {
        "r_C_0": 1.23983,
        "r_C_A": 0.732145,
        "r_C_A2": 16.9157
    },
    "KDRealSpinOrbit": {
        "V1_0": 5.77654,
        "V1_A": -0.0130732,
        "V2_0": 0.00428708,
        "r_0": 1.25382,
        "r_A": 0.788062,
        "a_0": 0.574601
    },
    "KDImagSpinOrbit": {
        "W1_0": -2.94179,
        "W2_0": 386.276
    },
    "KDImagVolume": {
        "W1_0_n": 20.0805,
        "W1_A_n": 0.0733968,
        "W1_0_p": 20.6651,
        "W1_A_p": 0.0426297,
        "W2_0": 133.219,
        "W2_A": 0.411032
    },
    "KDImagSurface": {
        "D1_0": 21.8183,
        "D1_asymm": 4.10047,
        "D2_0": -0.0437335,
        "D2_A": 0.0709681,
        "D2_A2": 4.04373,
        "D2_A3": 221.21,
        "D3_0": 15.3716,
        "r_0": 1.36345,
        "r_A": 0.0157498,
        "a_0_n": 0.519892,
        "a_A_n": -3.77079e-05,
        "a_0_p": 0.462969,
        "a_A_p": 0.00193943
    }
}