{
    "ECS_p": 0.274097,
    "ECS_n": 0.220032,
    "APower_p": 0.3186,
    "APower_n": 0.19226,
    "RCS_p": 0.0219157,
    "TCS_n": 0.0273628
}