{
    "KDHartreeFock": {
        "V1_0": 61.1701,
        "V1_asymm": 8.83586,
        "V1_A": 0.0549837,
        "V2_0_n": 0.00616717,
        "V2_A_n": 3.35826e-06,
        "V3_0_n": 8.70144e-06,
        "V3_A_n": 2.7647e-08,
        "V2_0_p": 0.00831145,
        "V2_A_p": -1.4278e-05,
        "V3_0_p": 2.02058e-05,
        "V3_A_p": -9.46541e-08,
        "V4_0": -5.88077e-09,
        "r_0": 1.28044,
        "r_A": 0.356851,
        "a_0": 0.664168,
        "a_A": -0.000146066
    },
    "KDCoulomb": {
        "r_C_0": 1.33029,
        "r_C_A": 0.452847,
        "r_C_A2": 3.59702
    },
    "KDRealSpinOrbit": {
        "V1_0": 5.02641,
        "V1_A": 0.00434542,
        "V2_0": 0.00245514,
        "r_0": 1.21034,
        "r_A": 0.68904,
        "a_0": 0.613265
    },
    "KDImagSpinOrbit": {
        "W1_0": -3.82837,
        "W2_0": 332.975
    },
    "KDImagVolume": {
        "W1_0_n": 19.282,
        "W1_A_n": 0.00956365,
        "W1_0_p": 15.1025,
        "W1_A_p": 0.135356,
        "W2_0": 90.192,
        "W2_A": 0.0837465
    },
    "KDImagSurface": {
        "D1_0": 20.0169,
        "D1_asymm": -0.189786,
        "D2_0": 0.0318805,
        "D2_A": -0.0035054,
        "D2_A2": 3.52133,
        "D2_A3": 364.312,
        "D3_0": 15.2424,
        "r_0": 1.34154,
        "r_A": 0.0145519,
        "a_0_n": 0.520777,
        "a_A_n": -4.10794e-05,
        "a_0_p": 0.502988,
        "a_A_p": 0.000806772
    }
}