{
    "ECS_p": 0.356324,
    "ECS_n": 0.207245,
    "APower_p": 0.355032,
    "APower_n": 0.182334,
    "RCS_p": 0.0291174,
    "TCS_n": 0.0342503
}