{
    "KDHartreeFock": {
        "V1_0": 58.4792,
        "V1_asymm": 1.97025,
        "V1_A": 0.0470035,
        "V2_0_n": 0.00529886,
        "V2_A_n": -7.72143e-07,
        "V3_0_n": 2.0324e-06,
        "V3_A_n": 3.02653e-09,
        "V2_0_p": 0.00610198,
        "V2_A_p": -3.81618e-06,
        "V3_0_p": 8.29963e-06,
        "V3_A_p": -2.48431e-08,
        "V4_0": -2.31818e-08,
        "r_0": 1.34333,
        "r_A": 0.623781,
        "a_0": 0.705016,
        "a_A": 0.000551175
    },
    "KDCoulomb": {
        "r_C_0": 1.12581,
        "r_C_A": 1.33482,
        "r_C_A2": -2.64635
    },
    "KDRealSpinOrbit": {
        "V1_0": 5.51367,
        "V1_A": -0.00271556,
        "V2_0": 0.00490467,
        "r_0": 1.25193,
        "r_A": 0.870852,
        "a_0": 0.645275
    },
    "KDImagSpinOrbit": {
        "W1_0": -6.74482,
        "W2_0": 275.733
    },
    "KDImagVolume": {
        "W1_0_n": 22.9009,
        "W1_A_n": 0.00621141,
        "W1_0_p": 19.018,
        "W1_A_p": 0.0105221,
        "W2_0": 86.2659,
        "W2_A": 0.273995
    },
    "KDImagSurface": {
        "D1_0": 17.0201,
        "D1_asymm": 5.97316,
        "D2_0": -0.0350661,
        "D2_A": 0.0623081,
        "D2_A2": 10.4102,
        "D2_A3": 363.513,
        "D3_0": 13.8032,
        "r_0": 1.41567,
        "r_A": 0.0338093,
        "a_0_n": 0.505502,
        "a_A_n": -0.000677868,
        "a_0_p": 0.445445,
        "a_A_p": 0.00264921
    }
}