{
    "ECS_p": 0.304826,
    "ECS_n": 0.183543,
    "APower_p": 0.535379,
    "APower_n": 0.185844,
    "RCS_p": 0.0165633,
    "TCS_n": 0.0266442
}