{
    "KDHartreeFock": {
        "V1_0": 57.0704,
        "V1_asymm": 12.1815,
        "V1_A": 0.0159778,
        "V2_0_n": 0.00761512,
        "V2_A_n": 7.92591e-06,
        "V3_0_n": 2.53973e-05,
        "V3_A_n": 5.65006e-08,
        "V2_0_p": 0.006519,
        "V2_A_p": 1.1361e-05,
        "V3_0_p": 1.92505e-05,
        "V3_A_p": 8.84672e-08,
        "V4_0": 2.76234e-08,
        "r_0": 1.22837,
        "r_A": 0.136237,
        "a_0": 0.656819,
        "a_A": -0.000249034
    },
    "KDCoulomb": {
        "r_C_0": 1.31568,
        "r_C_A": 0.846383,
        "r_C_A2": 15.0314
    },
    "KDRealSpinOrbit": {
        "V1_0": 6.10004,
        "V1_A": -0.0131477,
        "V2_0": 0.0020038,
        "r_0": 1.11196,
        "r_A": 0.499852,
        "a_0": 0.531253
    },
    "KDImagSpinOrbit": {
        "W1_0": -4.62289,
        "W2_0": 288.038
    },
    "KDImagVolume": {
        "W1_0_n": 19.3581,
        "W1_A_n": 0.0248941,
        "W1_0_p": 28.7038,
        "W1_A_p": 0.0342534,
        "W2_0": 136.716,
        "W2_A": 0.0840195
    },
    "KDImagSurface": {
        "D1_0": 17.1527,
        "D1_asymm": -5.58174,
        "D2_0": 0.0209904,
        "D2_A": 0.00855161,
        "D2_A2": -6.44092,
        "D2_A3": 288.922,
        "D3_0": 18.4101,
        "r_0": 1.27214,
        "r_A": 0.0087379,
        "a_0_n": 0.657817,
        "a_A_n": 0.000548607,
        "a_0_p": 0.541426,
        "a_A_p": 0.00165009
    }
}