{
    "ECS_p": 0.337557,
    "ECS_n": 0.192648,
    "APower_p": 0.35057,
    "APower_n": 0.201774,
    "RCS_p": 8.72874e-05,
    "TCS_n": 0.0279087
}