{
    "KDHartreeFock": {
        "V1_0": 59.0521,
        "V1_asymm": 13.8219,
        "V1_A": 0.0243479,
        "V2_0_n": 0.00633559,
        "V2_A_n": 1.06133e-05,
        "V3_0_n": 8.35611e-06,
        "V3_A_n": 7.21642e-08,
        "V2_0_p": 0.00415798,
        "V2_A_p": 5.12806e-06,
        "V3_0_p": -6.71803e-06,
        "V3_A_p": 4.59801e-08,
        "V4_0": -2.63678e-08,
        "r_0": 1.2373,
        "r_A": 0.31332,
        "a_0": 0.715328,
        "a_A": -0.000106874
    },
    "KDCoulomb": {
        "r_C_0": 1.0753,
        "r_C_A": 0.411107,
        "r_C_A2": 2.39825
    },
    "KDRealSpinOrbit": {
        "V1_0": 7.32034,
        "V1_A": 0.000968996,
        "V2_0": 0.00974301,
        "r_0": 1.15042,
        "r_A": 0.441005,
        "a_0": 0.594918
    },
    "KDImagSpinOrbit": {
        "W1_0": -5.27343,
        "W2_0": 179.309
    },
    "KDImagVolume": {
        "W1_0_n": 16.258,
        "W1_A_n": 0.043735,
        "W1_0_p": 21.3112,
        "W1_A_p": 0.0204424,
        "W2_0": 81.9979,
        "W2_A": -0.0164221
    },
    "KDImagSurface": {
        "D1_0": 15.0374,
        "D1_asymm": 17.6901,
        "D2_0": 0.0239827,
        "D2_A": -0.000368832,
        "D2_A2": 11.6862,
        "D2_A3": 133.838,
        "D3_0": 9.47411,
        "r_0": 1.3782,
        "r_A": 0.0248464,
        "a_0_n": 0.554395,
        "a_A_n": 0.000261404,
        "a_0_p": 0.49235,
        "a_A_p": 0.00057124
    }
}