{
    "ECS_p": 0.251674,
    "ECS_n": 0.185897,
    "APower_p": 0.488274,
    "APower_n": 0.167777,
    "RCS_p": 0.00906025,
    "TCS_n": 0.0230294
}