{
    "KDHartreeFock": {
        "V1_0": 55.9466,
        "V1_asymm": 14.8651,
        "V1_A": 0.0240668,
        "V2_0_n": 0.00473344,
        "V2_A_n": 7.24776e-06,
        "V3_0_n": -9.49372e-06,
        "V3_A_n": 3.889e-08,
        "V2_0_p": 0.00478518,
        "V2_A_p": 2.00696e-06,
        "V3_0_p": -8.86389e-06,
        "V3_A_p": 1.59067e-09,
        "V4_0": -5.64138e-08,
        "r_0": 1.26212,
        "r_A": 0.284306,
        "a_0": 0.693172,
        "a_A": 2.11396e-05
    },
    "KDCoulomb": {
        "r_C_0": 1.31152,
        "r_C_A": 0.50995,
        "r_C_A2": 8.38008
    },
    "KDRealSpinOrbit": {
        "V1_0": 6.87123,
        "V1_A": -0.0129238,
        "V2_0": 0.00214048,
        "r_0": 1.1407,
        "r_A": 0.358629,
        "a_0": 0.607717
    },
    "KDImagSpinOrbit": {
        "W1_0": -3.37322,
        "W2_0": 201.585
    },
    "KDImagVolume": {
        "W1_0_n": 17.4092,
        "W1_A_n": 0.033306,
        "W1_0_p": 19.5918,
        "W1_A_p": 0.0078102,
        "W2_0": 84.4525,
        "W2_A": 0.144772
    },
    "KDImagSurface": {
        "D1_0": 16.9217,
        "D1_asymm": 8.77693,
        "D2_0": 0.0234479,
        "D2_A": 0.00657552,
        "D2_A2": 22.7287,
        "D2_A3": -104.022,
        "D3_0": 14.6215,
        "r_0": 1.24883,
        "r_A": -0.000508253,
        "a_0_n": 0.556239,
        "a_A_n": 0.000161884,
        "a_0_p": 0.492104,
        "a_A_p": 0.00197409
    }
}