{
    "ECS_p": 0.255302,
    "ECS_n": 0.159835,
    "APower_p": 0.340433,
    "APower_n": 0.189831,
    "RCS_p": 0.0329339,
    "TCS_n": 0.026596
}