{
    "KDHartreeFock": {
        "V1_0": 58.2136,
        "V1_asymm": 11.6832,
        "V1_A": 0.0318827,
        "V2_0_n": 0.00689642,
        "V2_A_n": 3.3226e-06,
        "V3_0_n": 1.48861e-05,
        "V3_A_n": 5.88872e-09,
        "V2_0_p": 0.00670076,
        "V2_A_p": 7.66569e-06,
        "V3_0_p": 1.57413e-05,
        "V3_A_p": 3.39586e-08,
        "V4_0": 1.17012e-08,
        "r_0": 1.28497,
        "r_A": 0.319975,
        "a_0": 0.67403,
        "a_A": -9.78264e-05
    },
    "KDCoulomb": {
        "r_C_0": 1.26618,
        "r_C_A": 0.723427,
        "r_C_A2": 18.4027
    },
    "KDRealSpinOrbit": {
        "V1_0": 6.56006,
        "V1_A": -0.00275387,
        "V2_0": 0.00351421,
        "r_0": 1.3125,
        "r_A": 1.20563,
        "a_0": 0.646863
    },
    "KDImagSpinOrbit": {
        "W1_0": -2.61581,
        "W2_0": 231.399
    },
    "KDImagVolume": {
        "W1_0_n": 19.4771,
        "W1_A_n": -0.0113668,
        "W1_0_p": 14.0864,
        "W1_A_p": 0.00570203,
        "W2_0": 89.7385,
        "W2_A": 0.0159464
    },
    "KDImagSurface": {
        "D1_0": 19.416,
        "D1_asymm": 3.2171,
        "D2_0": 0.0245848,
        "D2_A": 0.00753531,
        "D2_A2": 13.6139,
        "D2_A3": 111.957,
        "D3_0": 13.5012,
        "r_0": 1.28744,
        "r_A": 0.00574564,
        "a_0_n": 0.530658,
        "a_A_n": 0.00016787,
        "a_0_p": 0.524622,
        "a_A_p": 0.000979427
    }
}