{
    "ECS_p": 0.565681,
    "ECS_n": 0.211591,
    "APower_p": 0.621378,
    "APower_n": 0.642926,
    "RCS_p": 0.0238833,
    "TCS_n": 0.0369297
}