{
    "KDHartreeFock": {
        "V1_0": 57.0325,
        "V1_asymm": 13.7912,
        "V1_A": 0.031696,
        "V2_0_n": 0.00451205,
        "V2_A_n": 5.78765e-06,
        "V3_0_n": -1.48017e-05,
        "V3_A_n": 3.23438e-08,
        "V2_0_p": 0.00610259,
        "V2_A_p": 2.81745e-06,
        "V3_0_p": 2.49967e-07,
        "V3_A_p": -4.5284e-09,
        "V4_0": -6.79857e-08,
        "r_0": 1.28807,
        "r_A": 0.371986,
        "a_0": 0.683876,
        "a_A": -0.000140568
    },
    "KDCoulomb": {
        "r_C_0": 1.25943,
        "r_C_A": 2.52163,
        "r_C_A2": 7.61427
    },
    "KDRealSpinOrbit": {
        "V1_0": 3.21297,
        "V1_A": 0.0125268,
        "V2_0": 0.00221501,
        "r_0": 1.17413,
        "r_A": 0.535684,
        "a_0": 0.591578
    },
    "KDImagSpinOrbit": {
        "W1_0": -3.7852,
        "W2_0": 249.329
    },
    "KDImagVolume": {
        "W1_0_n": 22.9165,
        "W1_A_n": 0.00296985,
        "W1_0_p": 15.5577,
        "W1_A_p": 0.0536014,
        "W2_0": 88.0952,
        "W2_A": 0.172383
    },
    "KDImagSurface": {
        "D1_0": 34.4586,
        "D1_asymm": 8.71789,
        "D2_0": 0.037661,
        "D2_A": 0.00375809,
        "D2_A2": 3.52169,
        "D2_A3": 2.54443,
        "D3_0": 23.8794,
        "r_0": 1.39094,
        "r_A": 0.0186049,
        "a_0_n": 0.533625,
        "a_A_n": -6.82703e-05,
        "a_0_p": 0.438978,
        "a_A_p": 0.00182645
    }
}