{
    "ECS_p": 0.451557,
    "ECS_n": 0.343986,
    "APower_p": 0.792204,
    "APower_n": 0.758412,
    "RCS_p": 0.0356458,
    "TCS_n": 0.0279315
}