{
    "KDHartreeFock": {
        "V1_0": 57.8013,
        "V1_asymm": 2.12281,
        "V1_A": 0.0336771,
        "V2_0_n": 0.00580673,
        "V2_A_n": 4.97742e-07,
        "V3_0_n": 5.76077e-06,
        "V3_A_n": -3.3721e-09,
        "V2_0_p": 0.00625105,
        "V2_A_p": 4.79679e-06,
        "V3_0_p": 1.19335e-05,
        "V3_A_p": 7.04935e-08,
        "V4_0": -7.97821e-09,
        "r_0": 1.31004,
        "r_A": 0.506519,
        "a_0": 0.705811,
        "a_A": -0.000135436
    },
    "KDCoulomb": {
        "r_C_0": 1.25793,
        "r_C_A": 1.56344,
        "r_C_A2": 13.524
    },
    "KDRealSpinOrbit": {
        "V1_0": 6.19258,
        "V1_A": -0.0123574,
        "V2_0": 0.0108993,
        "r_0": 1.14269,
        "r_A": 0.499679,
        "a_0": 0.572582
    },
    "KDImagSpinOrbit": {
        "W1_0": -6.57916,
        "W2_0": 306.792
    },
    "KDImagVolume": {
        "W1_0_n": 22.26,
        "W1_A_n": -0.00927482,
        "W1_0_p": 14.5846,
        "W1_A_p": 0.0125207,
        "W2_0": 69.3276,
        "W2_A": 0.0311082
    },
    "KDImagSurface": {
        "D1_0": 16.438,
        "D1_asymm": 30.6589,
        "D2_0": 0.00318355,
        "D2_A": 0.0248806,
        "D2_A2": 13.7972,
        "D2_A3": 388.153,
        "D3_0": 10.6847,
        "r_0": 1.43637,
        "r_A": 0.0291263,
        "a_0_n": 0.522498,
        "a_A_n": -0.000228217,
        "a_0_p": 0.427707,
        "a_A_p": 0.00172152
    }
}