{
    "ECS_p": 0.403959,
    "ECS_n": 0.215603,
    "APower_p": 0.434676,
    "APower_n": 0.31278,
    "RCS_p": 0.0259074,
    "TCS_n": 0.0285153
}