{
    "KDHartreeFock": {
        "V1_0": 59.2679,
        "V1_asymm": 4.05284,
        "V1_A": 0.0535687,
        "V2_0_n": 0.0046749,
        "V2_A_n": -6.57079e-06,
        "V3_0_n": 1.38723e-06,
        "V3_A_n": -1.46279e-08,
        "V2_0_p": 0.00514596,
        "V2_A_p": 3.12029e-06,
        "V3_0_p": 7.88439e-06,
        "V3_A_p": -3.79455e-08,
        "V4_0": -1.60435e-08,
        "r_0": 1.34679,
        "r_A": 0.655036,
        "a_0": 0.693367,
        "a_A": -2.23578e-05
    },
    "KDCoulomb": {
        "r_C_0": 1.11955,
        "r_C_A": -1.96296,
        "r_C_A2": 8.5908
    },
    "KDRealSpinOrbit": {
        "V1_0": 7.84347,
        "V1_A": -0.00410842,
        "V2_0": 0.0141603,
        "r_0": 1.16785,
        "r_A": 0.468749,
        "a_0": 0.561914
    },
    "KDImagSpinOrbit": {
        "W1_0": -4.60301,
        "W2_0": 273.36
    },
    "KDImagVolume": {
        "W1_0_n": 22.5769,
        "W1_A_n": 0.00010115,
        "W1_0_p": 12.7657,
        "W1_A_p": 0.103394,
        "W2_0": 97.6107,
        "W2_A": 0.0927747
    },
    "KDImagSurface": {
        "D1_0": 19.5802,
        "D1_asymm": 0.9156,
        "D2_0": 0.028957,
        "D2_A": 0.00516524,
        "D2_A2": 12.2648,
        "D2_A3": 62.4325,
        "D3_0": 13.7622,
        "r_0": 1.37905,
        "r_A": 0.030206,
        "a_0_n": 0.527096,
        "a_A_n": -5.55678e-05,
        "a_0_p": 0.542764,
        "a_A_p": 0.00242791
    }
}