{
    "ECS_p": 0.440716,
    "ECS_n": 0.20109,
    "APower_p": 0.355703,
    "APower_n": 0.2138,
    "RCS_p": 0.0160006,
    "TCS_n": 0.0234841
}