{
    "KDHartreeFock": {
        "V1_0": 60.5935,
        "V1_asymm": 19.8797,
        "V1_A": 0.0303283,
        "V2_0_n": 0.00680867,
        "V2_A_n": 2.2746e-06,
        "V3_0_n": 1.37836e-05,
        "V3_A_n": 9.6566e-09,
        "V2_0_p": 0.00641391,
        "V2_A_p": 1.52745e-05,
        "V3_0_p": 1.56034e-05,
        "V3_A_p": 1.04426e-07,
        "V4_0": 7.03791e-09,
        "r_0": 1.3366,
        "r_A": 0.609136,
        "a_0": 0.697182,
        "a_A": -4.74512e-05
    },
    "KDCoulomb": {
        "r_C_0": 1.08421,
        "r_C_A": 0.0725103,
        "r_C_A2": 0.330228
    },
    "KDRealSpinOrbit": {
        "V1_0": 5.68786,
        "V1_A": 0.00911245,
        "V2_0": 0.00989406,
        "r_0": 1.23657,
        "r_A": 0.791149,
        "a_0": 0.593467
    },
    "KDImagSpinOrbit": {
        "W1_0": -5.4834,
        "W2_0": 228.34
    },
    "KDImagVolume": {
        "W1_0_n": 23.6983,
        "W1_A_n": -0.0259498,
        "W1_0_p": 17.5718,
        "W1_A_p": -0.00229929,
        "W2_0": 93.7387,
        "W2_A": -0.147685
    },
    "KDImagSurface": {
        "D1_0": 23.5917,
        "D1_asymm": -9.78837,
        "D2_0": 0.0364625,
        "D2_A": -0.00458938,
        "D2_A2": 23.4198,
        "D2_A3": 309.719,
        "D3_0": 18.1866,
        "r_0": 1.34103,
        "r_A": 0.00864946,
        "a_0_n": 0.508904,
        "a_A_n": 0.00050408,
        "a_0_p": 0.513197,
        "a_A_p": 9.51858e-05
    }
}