{
    "ECS_p": 0.480423,
    "ECS_n": 0.331038,
    "APower_p": 1.05916,
    "APower_n": 1.04105,
    "RCS_p": 0.0410704,
    "TCS_n": 0.0263402
}