{
    "KDHartreeFock": {
        "V1_0": 56.6601,
        "V1_asymm": 12.8346,
        "V1_A": 0.0236452,
        "V2_0_n": 0.00473874,
        "V2_A_n": -6.86525e-06,
        "V3_0_n": 5.00372e-07,
        "V3_A_n": -3.93731e-08,
        "V2_0_p": 0.00490498,
        "V2_A_p": 4.75967e-06,
        "V3_0_p": -7.65565e-06,
        "V3_A_p": 7.34447e-08,
        "V4_0": -1.03476e-08,
        "r_0": 1.32146,
        "r_A": 0.461156,
        "a_0": 0.633446,
        "a_A": 1.05408e-05
    },
    "KDCoulomb": {
        "r_C_0": 1.08589,
        "r_C_A": -0.0460908,
        "r_C_A2": 21.8863
    },
    "KDRealSpinOrbit": {
        "V1_0": 6.40926,
        "V1_A": -0.0246717,
        "V2_0": 0.00589982,
        "r_0": 1.23373,
        "r_A": 0.544062,
        "a_0": 0.541584
    },
    "KDImagSpinOrbit": {
        "W1_0": -3.63953,
        "W2_0": 310.393
    },
    "KDImagVolume": {
        "W1_0_n": 23.3815,
        "W1_A_n": -0.00596903,
        "W1_0_p": 15.8916,
        "W1_A_p": 0.139702,
        "W2_0": 105.404,
        "W2_A": 0.141851
    },
    "KDImagSurface": {
        "D1_0": 29.135,
        "D1_asymm": 27.4257,
        "D2_0": 0.0333008,
        "D2_A": 0.00341554,
        "D2_A2": 6.73613,
        "D2_A3": 56.4965,
        "D3_0": 22.0656,
        "r_0": 1.37121,
        "r_A": 0.0511222,
        "a_0_n": 0.588878,
        "a_A_n": -0.00187235,
        "a_0_p": 0.51719,
        "a_A_p": 0.00226443
    }
}