{
    "ECS_p": 0.246992,
    "ECS_n": 0.180324,
    "APower_p": 0.286897,
    "APower_n": 0.17855,
    "RCS_p": 0.0172117,
    "TCS_n": 0.0249467
}