{
    "KDHartreeFock": {
        "V1_0": 56.9173,
        "V1_asymm": 24.2199,
        "V1_A": 0.00795304,
        "V2_0_n": 0.00481051,
        "V2_A_n": -8.72973e-06,
        "V3_0_n": 2.61303e-06,
        "V3_A_n": -5.06465e-08,
        "V2_0_p": 0.0074368,
        "V2_A_p": 8.32278e-06,
        "V3_0_p": 1.94199e-05,
        "V3_A_p": 3.88914e-08,
        "V4_0": 3.54375e-09,
        "r_0": 1.32105,
        "r_A": 0.54295,
        "a_0": 0.678747,
        "a_A": 0.000135813
    },
    "KDCoulomb": {
        "r_C_0": 1.00821,
        "r_C_A": 0.973433,
        "r_C_A2": 18.375
    },
    "KDRealSpinOrbit": {
        "V1_0": 5.62599,
        "V1_A": 0.00472159,
        "V2_0": 0.00565101,
        "r_0": 1.24563,
        "r_A": 0.776106,
        "a_0": 0.561405
    },
    "KDImagSpinOrbit": {
        "W1_0": -6.93368,
        "W2_0": 334.324
    },
    "KDImagVolume": {
        "W1_0_n": 24.6108,
        "W1_A_n": -0.00269502,
        "W1_0_p": 16.9756,
        "W1_A_p": 0.0596201,
        "W2_0": 110.749,
        "W2_A": 0.124418
    },
    "KDImagSurface": {
        "D1_0": 13.2893,
        "D1_asymm": 9.49565,
        "D2_0": -0.00393378,
        "D2_A": 0.0237046,
        "D2_A2": 4.2702,
        "D2_A3": 443.274,
        "D3_0": 13.9024,
        "r_0": 1.34492,
        "r_A": 0.0174211,
        "a_0_n": 0.58906,
        "a_A_n": -0.000563369,
        "a_0_p": 0.578278,
        "a_A_p": 0.000920045
    }
}