{
    "ECS_p": 0.296899,
    "ECS_n": 0.214221,
    "APower_p": 0.74841,
    "APower_n": 0.63897,
    "RCS_p": 0.0404548,
    "TCS_n": 0.0350714
}