{
    "KDHartreeFock": {
        "V1_0": 58.1463,
        "V1_asymm": 13.4724,
        "V1_A": 0.0348592,
        "V2_0_n": 0.00570727,
        "V2_A_n": 2.63598e-06,
        "V3_0_n": -1.28492e-08,
        "V3_A_n": -3.36765e-09,
        "V2_0_p": 0.00845512,
        "V2_A_p": -7.76684e-06,
        "V3_0_p": 1.97556e-05,
        "V3_A_p": 1.00253e-09,
        "V4_0": -2.88092e-08,
        "r_0": 1.27083,
        "r_A": 0.286189,
        "a_0": 0.655814,
        "a_A": -0.000443715
    },
    "KDCoulomb": {
        "r_C_0": 1.20622,
        "r_C_A": 1.48879,
        "r_C_A2": 19.005
    },
    "KDRealSpinOrbit": {
        "V1_0": 6.82008,
        "V1_A": -0.000232074,
        "V2_0": 0.0152795,
        "r_0": 1.13646,
        "r_A": 0.277179,
        "a_0": 0.540473
    },
    "KDImagSpinOrbit": {
        "W1_0": -2.95557,
        "W2_0": 211.163
    },
    "KDImagVolume": {
        "W1_0_n": 20.9407,
        "W1_A_n": -0.00409104,
        "W1_0_p": 11.0273,
        "W1_A_p": 0.0544313,
        "W2_0": 72.5363,
        "W2_A": 0.280182
    },
    "KDImagSurface": {
        "D1_0": 30.2251,
        "D1_asymm": 19.3583,
        "D2_0": 0.0299629,
        "D2_A": 0.00848511,
        "D2_A2": 23.2608,
        "D2_A3": 186.615,
        "D3_0": 17.951,
        "r_0": 1.27257,
        "r_A": -0.00561733,
        "a_0_n": 0.548972,
        "a_A_n": 0.000742332,
        "a_0_p": 0.53179,
        "a_A_p": 0.000755427
    }
}