{
    "ECS_p": 0.360944,
    "ECS_n": 0.255927,
    "APower_p": 0.83497,
    "APower_n": 0.575533,
    "RCS_p": 0.0263294,
    "TCS_n": 0.0351533
}