{
    "KDHartreeFock": {
        "V1_0": 62.2337,
        "V1_asymm": 3.49085,
        "V1_A": 0.063015,
        "V2_0_n": 0.00690335,
        "V2_A_n": 6.04848e-06,
        "V3_0_n": 1.26007e-05,
        "V3_A_n": 3.59475e-08,
        "V2_0_p": 0.00579931,
        "V2_A_p": 3.59616e-06,
        "V3_0_p": 1.134e-05,
        "V3_A_p": -2.5137e-08,
        "V4_0": -4.57954e-09,
        "r_0": 1.35512,
        "r_A": 0.681411,
        "a_0": 0.653399,
        "a_A": -0.000214462
    },
    "KDCoulomb": {
        "r_C_0": 1.20736,
        "r_C_A": -0.38569,
        "r_C_A2": 6.6569
    },
    "KDRealSpinOrbit": {
        "V1_0": 3.77309,
        "V1_A": -0.00679175,
        "V2_0": -0.00202907,
        "r_0": 1.1787,
        "r_A": 0.682631,
        "a_0": 0.599133
    },
    "KDImagSpinOrbit": {
        "W1_0": -5.11246,
        "W2_0": 446.853
    },
    "KDImagVolume": {
        "W1_0_n": 17.6356,
        "W1_A_n": 0.0320194,
        "W1_0_p": 17.7701,
        "W1_A_p": 0.0440846,
        "W2_0": 103.11,
        "W2_A": 0.184385
    },
    "KDImagSurface": {
        "D1_0": 14.9492,
        "D1_asymm": 3.43696,
        "D2_0": 0.0310439,
        "D2_A": -0.0118266,
        "D2_A2": 0.0817414,
        "D2_A3": 213.305,
        "D3_0": 10.2307,
        "r_0": 1.3942,
        "r_A": 0.0220197,
        "a_0_n": 0.52321,
        "a_A_n": 0.000253414,
        "a_0_p": 0.424834,
        "a_A_p": 0.00131424
    }
}