{
    "ECS_p": 0.328371,
    "ECS_n": 0.205905,
    "APower_p": 0.395427,
    "APower_n": 0.306806,
    "RCS_p": 0.0161052,
    "TCS_n": 0.0266984
}