{
    "KDHartreeFock": {
        "V1_0": 62.7733,
        "V1_asymm": 15.4112,
        "V1_A": 0.0364438,
        "V2_0_n": 0.00725434,
        "V2_A_n": 1.46005e-06,
        "V3_0_n": 2.1799e-05,
        "V3_A_n": -8.93244e-10,
        "V2_0_p": 0.00960165,
        "V2_A_p": -1.28266e-05,
        "V3_0_p": 3.46914e-05,
        "V3_A_p": -7.04208e-08,
        "V4_0": 3.25948e-08,
        "r_0": 1.16715,
        "r_A": 0.0306411,
        "a_0": 0.686666,
        "a_A": -0.000697883
    },
    "KDCoulomb": {
        "r_C_0": 1.39722,
        "r_C_A": 0.150141,
        "r_C_A2": 2.0412
    },
    "KDRealSpinOrbit": {
        "V1_0": 6.38907,
        "V1_A": 0.00196098,
        "V2_0": 0.00501106,
        "r_0": 1.19688,
        "r_A": 0.678946,
        "a_0": 0.57233
    },
    "KDImagSpinOrbit": {
        "W1_0": -2.61458,
        "W2_0": 230.784
    },
    "KDImagVolume": {
        "W1_0_n": 19.4762,
        "W1_A_n": 0.0497692,
        "W1_0_p": 21.0368,
        "W1_A_p": 0.0791395,
        "W2_0": 109.243,
        "W2_A": 0.208234
    },
    "KDImagSurface": {
        "D1_0": 22.5035,
        "D1_asymm": 11.7034,
        "D2_0": 0.0312035,
        "D2_A": 0.00534922,
        "D2_A2": 8.13065,
        "D2_A3": -5.5746,
        "D3_0": 15.7713,
        "r_0": 1.26301,
        "r_A": -0.00320106,
        "a_0_n": 0.567964,
        "a_A_n": 0.000180587,
        "a_0_p": 0.508984,
        "a_A_p": 0.00149499
    }
}