{
    "ECS_p": 0.356594,
    "ECS_n": 0.239771,
    "APower_p": 0.34639,
    "APower_n": 0.133061,
    "RCS_p": 0.028285,
    "TCS_n": 0.0385833
}