{
    "KDHartreeFock": {
        "V1_0": 57.6332,
        "V1_asymm": 15.545,
        "V1_A": 0.0275913,
        "V2_0_n": 0.00546324,
        "V2_A_n": -1.55204e-06,
        "V3_0_n": 1.89591e-06,
        "V3_A_n": -1.48501e-08,
        "V2_0_p": 0.00501795,
        "V2_A_p": 1.32279e-05,
        "V3_0_p": 2.7869e-06,
        "V3_A_p": 8.20734e-08,
        "V4_0": -1.55153e-08,
        "r_0": 1.30175,
        "r_A": 0.437152,
        "a_0": 0.714282,
        "a_A": 0.000146667
    },
    "KDCoulomb": {
        "r_C_0": 1.17692,
        "r_C_A": 1.21717,
        "r_C_A2": 5.2393
    },
    "KDRealSpinOrbit": {
        "V1_0": 5.9715,
        "V1_A": 0.0101363,
        "V2_0": 0.00685677,
        "r_0": 1.24977,
        "r_A": 0.864121,
        "a_0": 0.603703
    },
    "KDImagSpinOrbit": {
        "W1_0": -2.03348,
        "W2_0": 99.7162
    },
    "KDImagVolume": {
        "W1_0_n": 20.9167,
        "W1_A_n": -0.00774205,
        "W1_0_p": 18.0636,
        "W1_A_p": 0.00748377,
        "W2_0": 92.1106,
        "W2_A": -0.0723906
    },
    "KDImagSurface": {
        "D1_0": 31.4038,
        "D1_asymm": 25.4054,
        "D2_0": 0.0358818,
        "D2_A": -0.00444527,
        "D2_A2": 6.99998,
        "D2_A3": -0.0417606,
        "D3_0": 23.3265,
        "r_0": 1.21001,
        "r_A": -0.0141725,
        "a_0_n": 0.562222,
        "a_A_n": -0.000129866,
        "a_0_p": 0.445197,
        "a_A_p": 0.00121081
    }
}