{
    "ECS_p": 0.296318,
    "ECS_n": 0.234857,
    "APower_p": 0.565079,
    "APower_n": 0.67316,
    "RCS_p": 0.0461375,
    "TCS_n": 0.0292801
}