{
    "KDHartreeFock": {
        "V1_0": 61.7611,
        "V1_asymm": 11.3955,
        "V1_A": 0.0427496,
        "V2_0_n": 0.00734398,
        "V2_A_n": 1.26217e-05,
        "V3_0_n": 2.09957e-05,
        "V3_A_n": 5.66032e-08,
        "V2_0_p": 0.00532647,
        "V2_A_p": 4.47531e-06,
        "V3_0_p": 9.82335e-06,
        "V3_A_p": 7.6199e-08,
        "V4_0": 2.50136e-08,
        "r_0": 1.21894,
        "r_A": 0.277489,
        "a_0": 0.687667,
        "a_A": -0.000468198
    },
    "KDCoulomb": {
        "r_C_0": 1.23128,
        "r_C_A": 0.207368,
        "r_C_A2": 15.1686
    },
    "KDRealSpinOrbit": {
        "V1_0": 5.8944,
        "V1_A": -0.00788284,
        "V2_0": 0.0060705,
        "r_0": 1.02186,
        "r_A": -0.114353,
        "a_0": 0.537364
    },
    "KDImagSpinOrbit": {
        "W1_0": -1.16606,
        "W2_0": 84.8833
    },
    "KDImagVolume": {
        "W1_0_n": 25.5492,
        "W1_A_n": 0.0365761,
        "W1_0_p": 18.4186,
        "W1_A_p": 0.140398,
        "W2_0": 125.678,
        "W2_A": 0.364908
    },
    "KDImagSurface": {
        "D1_0": 17.5181,
        "D1_asymm": 19.441,
        "D2_0": 0.0773138,
        "D2_A": -0.0558769,
        "D2_A2": 6.21868,
        "D2_A3": 260.059,
        "D3_0": 14.8583,
        "r_0": 1.3054,
        "r_A": 0.0100376,
        "a_0_n": 0.619663,
        "a_A_n": 7.8608e-05,
        "a_0_p": 0.450933,
        "a_A_p": 0.00204197
    }
}