{
    "ECS_p": 0.298171,
    "ECS_n": 0.200138,
    "APower_p": 0.388618,
    "APower_n": 0.244131,
    "RCS_p": 0.0110032,
    "TCS_n": 0.0260084
}