{
    "KDHartreeFock": {
        "V1_0": 58.2487,
        "V1_asymm": 10.0991,
        "V1_A": 0.0413027,
        "V2_0_n": 0.00725355,
        "V2_A_n": 8.26134e-06,
        "V3_0_n": 1.9568e-05,
        "V3_A_n": 4.50989e-08,
        "V2_0_p": 0.00830708,
        "V2_A_p": -4.38821e-06,
        "V3_0_p": 2.86868e-05,
        "V3_A_p": 8.26129e-10,
        "V4_0": 1.52732e-08,
        "r_0": 1.28024,
        "r_A": 0.338006,
        "a_0": 0.674658,
        "a_A": -0.000215536
    },
    "KDCoulomb": {
        "r_C_0": 1.24994,
        "r_C_A": 0.655982,
        "r_C_A2": 9.20623
    },
    "KDRealSpinOrbit": {
        "V1_0": 5.79179,
        "V1_A": 0.00902678,
        "V2_0": 0.00914438,
        "r_0": 1.13386,
        "r_A": 0.447627,
        "a_0": 0.585901
    },
    "KDImagSpinOrbit": {
        "W1_0": -2.57068,
        "W2_0": 87.1769
    },
    "KDImagVolume": {
        "W1_0_n": 23.012,
        "W1_A_n": -0.0176285,
        "W1_0_p": 22.0852,
        "W1_A_p": -0.0159786,
        "W2_0": 119.003,
        "W2_A": -0.173223
    },
    "KDImagSurface": {
        "D1_0": 16.3975,
        "D1_asymm": 13.4677,
        "D2_0": 0.0251389,
        "D2_A": -0.0118237,
        "D2_A2": -3.26683,
        "D2_A3": 536.923,
        "D3_0": 12.5047,
        "r_0": 1.32493,
        "r_A": 0.00969128,
        "a_0_n": 0.548513,
        "a_A_n": 0.000167257,
        "a_0_p": 0.545635,
        "a_A_p": 0.000872376
    }
}