{
    "ECS_p": 0.48882,
    "ECS_n": 0.254908,
    "APower_p": 0.6951,
    "APower_n": 0.842873,
    "RCS_p": 0.0524334,
    "TCS_n": 0.0375583
}