{
    "KDHartreeFock": {
        "V1_0": 60.5437,
        "V1_asymm": 12.4675,
        "V1_A": 0.0372864,
        "V2_0_n": 0.00609935,
        "V2_A_n": 1.07276e-06,
        "V3_0_n": 1.08277e-05,
        "V3_A_n": 1.39486e-08,
        "V2_0_p": 0.00544487,
        "V2_A_p": 1.08474e-05,
        "V3_0_p": 1.06179e-05,
        "V3_A_p": 1.37799e-08,
        "V4_0": -4.4397e-09,
        "r_0": 1.28681,
        "r_A": 0.487137,
        "a_0": 0.665943,
        "a_A": -0.000660645
    },
    "KDCoulomb": {
        "r_C_0": 1.33665,
        "r_C_A": 1.41226,
        "r_C_A2": 8.00932
    },
    "KDRealSpinOrbit": {
        "V1_0": 6.10606,
        "V1_A": 0.000715317,
        "V2_0": 0.00147061,
        "r_0": 1.15976,
        "r_A": 0.510998,
        "a_0": 0.638779
    },
    "KDImagSpinOrbit": {
        "W1_0": -1.23067,
        "W2_0": 324.149
    },
    "KDImagVolume": {
        "W1_0_n": 16.3868,
        "W1_A_n": -0.0101086,
        "W1_0_p": 9.96284,
        "W1_A_p": 0.0984088,
        "W2_0": 37.4734,
        "W2_A": 0.263151
    },
    "KDImagSurface": {
        "D1_0": 36.2286,
        "D1_asymm": -5.1189,
        "D2_0": 0.0355564,
        "D2_A": 0.0113007,
        "D2_A2": 4.99297,
        "D2_A3": 70.5206,
        "D3_0": 23.2246,
        "r_0": 1.42151,
        "r_A": 0.016131,
        "a_0_n": 0.544295,
        "a_A_n": 0.000572528,
        "a_0_p": 0.516207,
        "a_A_p": -0.00108385
    }
}