{
    "ECS_p": 0.560741,
    "ECS_n": 0.529478,
    "APower_p": 0.726886,
    "APower_n": 0.536564,
    "RCS_p": 0.0519813,
    "TCS_n": 0.0410067
}