{
    "KDHartreeFock": {
        "V1_0": 56.9014,
        "V1_asymm": 18.9854,
        "V1_A": 0.00975809,
        "V2_0_n": 0.00636855,
        "V2_A_n": -7.49629e-06,
        "V3_0_n": 9.21404e-06,
        "V3_A_n": -5.19444e-08,
        "V2_0_p": 0.00988182,
        "V2_A_p": -7.61603e-07,
        "V3_0_p": 3.14106e-05,
        "V3_A_p": 1.65947e-09,
        "V4_0": -1.1076e-09,
        "r_0": 1.25952,
        "r_A": 0.165471,
        "a_0": 0.651495,
        "a_A": -6.06603e-05
    },
    "KDCoulomb": {
        "r_C_0": 1.20472,
        "r_C_A": 0.787009,
        "r_C_A2": 8.43471
    },
    "KDRealSpinOrbit": {
        "V1_0": 6.25919,
        "V1_A": -0.0191299,
        "V2_0": 0.00277249,
        "r_0": 1.3153,
        "r_A": 1.01598,
        "a_0": 0.497924
    },
    "KDImagSpinOrbit": {
        "W1_0": -2.15029,
        "W2_0": 216.188
    },
    "KDImagVolume": {
        "W1_0_n": 18.2461,
        "W1_A_n": -0.00279109,
        "W1_0_p": 18.2686,
        "W1_A_p": 0.00361909,
        "W2_0": 105.457,
        "W2_A": 0.0593052
    },
    "KDImagSurface": {
        "D1_0": 17.4536,
        "D1_asymm": 0.272886,
        "D2_0": 0.0241379,
        "D2_A": -0.00753183,
        "D2_A2": -6.98355,
        "D2_A3": 301.297,
        "D3_0": 17.2522,
        "r_0": 1.30269,
        "r_A": 0.00900484,
        "a_0_n": 0.613754,
        "a_A_n": 0.000766743,
        "a_0_p": 0.505729,
        "a_A_p": 0.00103815
    }
}