{
    "ECS_p": 0.337507,
    "ECS_n": 0.252108,
    "APower_p": 0.740773,
    "APower_n": 0.526886,
    "RCS_p": 0.0221164,
    "TCS_n": 0.0547276
}