{
    "KDHartreeFock": {
        "V1_0": 61.5938,
        "V1_asymm": 12.3382,
        "V1_A": 0.0462395,
        "V2_0_n": 0.00855273,
        "V2_A_n": 1.48958e-05,
        "V3_0_n": 3.33587e-05,
        "V3_A_n": 9.66817e-08,
        "V2_0_p": 0.00760213,
        "V2_A_p": -1.32428e-06,
        "V3_0_p": 2.24031e-05,
        "V3_A_p": 1.85745e-08,
        "V4_0": 3.49843e-08,
        "r_0": 1.29228,
        "r_A": 0.444762,
        "a_0": 0.683664,
        "a_A": 1.87375e-05
    },
    "KDCoulomb": {
        "r_C_0": 1.3096,
        "r_C_A": 0.551102,
        "r_C_A2": 52.8565
    },
    "KDRealSpinOrbit": {
        "V1_0": 8.44388,
        "V1_A": -0.0136419,
        "V2_0": 0.012935,
        "r_0": 1.24582,
        "r_A": 0.680873,
        "a_0": 0.531155
    },
    "KDImagSpinOrbit": {
        "W1_0": -3.17778,
        "W2_0": 200.771
    },
    "KDImagVolume": {
        "W1_0_n": 13.018,
        "W1_A_n": 0.0479646,
        "W1_0_p": 21.1325,
        "W1_A_p": -0.00647028,
        "W2_0": 138.817,
        "W2_A": -0.133437
    },
    "KDImagSurface": {
        "D1_0": 20.0725,
        "D1_asymm": 0.122156,
        "D2_0": -0.00960406,
        "D2_A": 0.0321601,
        "D2_A2": -0.978696,
        "D2_A3": -47.7148,
        "D3_0": 20.5939,
        "r_0": 1.25837,
        "r_A": -0.00110672,
        "a_0_n": 0.627555,
        "a_A_n": 0.000128956,
        "a_0_p": 0.510047,
        "a_A_p": 0.00175233
    }
}