{
    "ECS_p": 0.266265,
    "ECS_n": 0.159575,
    "APower_p": 0.378534,
    "APower_n": 0.172852,
    "RCS_p": 0.0136266,
    "TCS_n": 0.0296549
}