{
    "KDHartreeFock": {
        "V1_0": 57.4538,
        "V1_asymm": 13.3025,
        "V1_A": 0.0168751,
        "V2_0_n": 0.00642401,
        "V2_A_n": 6.0441e-07,
        "V3_0_n": 1.18036e-05,
        "V3_A_n": 6.69972e-09,
        "V2_0_p": 0.00685116,
        "V2_A_p": 2.13807e-06,
        "V3_0_p": 1.97579e-05,
        "V3_A_p": 2.08592e-08,
        "V4_0": -2.08348e-09,
        "r_0": 1.26943,
        "r_A": 0.324049,
        "a_0": 0.692373,
        "a_A": 0.000152853
    },
    "KDCoulomb": {
        "r_C_0": 1.22621,
        "r_C_A": 1.09541,
        "r_C_A2": 13.4417
    },
    "KDRealSpinOrbit": {
        "V1_0": 4.9979,
        "V1_A": 0.0206095,
        "V2_0": 0.0105455,
        "r_0": 1.27495,
        "r_A": 0.947196,
        "a_0": 0.506572
    },
    "KDImagSpinOrbit": {
        "W1_0": -3.24762,
        "W2_0": 248.978
    },
    "KDImagVolume": {
        "W1_0_n": 18.3221,
        "W1_A_n": 0.0103113,
        "W1_0_p": 12.1487,
        "W1_A_p": 0.0549788,
        "W2_0": 54.492,
        "W2_A": 0.0273752
    },
    "KDImagSurface": {
        "D1_0": 17.3572,
        "D1_asymm": 15.0556,
        "D2_0": 0.0322883,
        "D2_A": 0.000523101,
        "D2_A2": 18.3029,
        "D2_A3": 239.393,
        "D3_0": 14.3376,
        "r_0": 1.4138,
        "r_A": 0.0262369,
        "a_0_n": 0.456757,
        "a_A_n": -0.000340612,
        "a_0_p": 0.511802,
        "a_A_p": 0.000160653
    }
}