{
    "ECS_p": 0.388804,
    "ECS_n": 0.537118,
    "APower_p": 0.727069,
    "APower_n": 0.55203,
    "RCS_p": 0.037052,
    "TCS_n": 0.0572594
}