{
    "KDHartreeFock": {
        "V1_0": 59.5789,
        "V1_asymm": 14.2318,
        "V1_A": 0.0298115,
        "V2_0_n": 0.0065186,
        "V2_A_n": 1.09815e-05,
        "V3_0_n": 1.25956e-05,
        "V3_A_n": 8.66866e-08,
        "V2_0_p": 0.00574596,
        "V2_A_p": 1.33467e-05,
        "V3_0_p": 1.25345e-06,
        "V3_A_p": 1.44812e-07,
        "V4_0": -1.51621e-08,
        "r_0": 1.25704,
        "r_A": 0.290526,
        "a_0": 0.604011,
        "a_A": -0.000566832
    },
    "KDCoulomb": {
        "r_C_0": 1.2776,
        "r_C_A": 0.466701,
        "r_C_A2": -0.997857
    },
    "KDRealSpinOrbit": {
        "V1_0": 4.09512,
        "V1_A": 0.0217494,
        "V2_0": 0.0136855,
        "r_0": 1.20742,
        "r_A": 0.657554,
        "a_0": 0.554498
    },
    "KDImagSpinOrbit": {
        "W1_0": -4.8535,
        "W2_0": 305.333
    },
    "KDImagVolume": {
        "W1_0_n": 14.6492,
        "W1_A_n": 0.0978836,
        "W1_0_p": 19.4538,
        "W1_A_p": 0.040941,
        "W2_0": 94.2881,
        "W2_A": 0.118692
    },
    "KDImagSurface": {
        "D1_0": 26.0508,
        "D1_asymm": 14.8593,
        "D2_0": 0.0297424,
        "D2_A": 0.00471761,
        "D2_A2": 11.4575,
        "D2_A3": 317.973,
        "D3_0": 16.5012,
        "r_0": 1.33508,
        "r_A": 0.0310759,
        "a_0_n": 0.58472,
        "a_A_n": -0.00038494,
        "a_0_p": 0.448785,
        "a_A_p": 0.00278259
    }
}