{
    "ECS_p": 0.340408,
    "ECS_n": 0.176912,
    "APower_p": 0.356337,
    "APower_n": 0.286474,
    "RCS_p": 0.0127398,
    "TCS_n": 0.0178728
}