{
    "KDHartreeFock": {
        "V1_0": 56.6604,
        "V1_asymm": 13.462,
        "V1_A": 0.0231721,
        "V2_0_n": 0.00505652,
        "V2_A_n": -8.4981e-07,
        "V3_0_n": -7.73429e-07,
        "V3_A_n": -6.11316e-09,
        "V2_0_p": 0.00516413,
        "V2_A_p": 6.66477e-06,
        "V3_0_p": 5.61846e-06,
        "V3_A_p": 4.73714e-09,
        "V4_0": -2.12123e-08,
        "r_0": 1.33617,
        "r_A": 0.615638,
        "a_0": 0.683766,
        "a_A": 9.66628e-05
    },
    "KDCoulomb": {
        "r_C_0": 1.37552,
        "r_C_A": 0.34826,
        "r_C_A2": 15.8329
    },
    "KDRealSpinOrbit": {
        "V1_0": 6.67411,
        "V1_A": 0.000614796,
        "V2_0": 0.00704608,
        "r_0": 1.20971,
        "r_A": 0.711848,
        "a_0": 0.625878
    },
    "KDImagSpinOrbit": {
        "W1_0": -6.1801,
        "W2_0": 246.813
    },
    "KDImagVolume": {
        "W1_0_n": 25.7493,
        "W1_A_n": -0.0243709,
        "W1_0_p": 21.8113,
        "W1_A_p": 0.00897184,
        "W2_0": 134.751,
        "W2_A": -0.14708
    },
    "KDImagSurface": {
        "D1_0": 9.56454,
        "D1_asymm": 6.32221,
        "D2_0": -0.00851764,
        "D2_A": 0.0209467,
        "D2_A2": 14.31,
        "D2_A3": 300.673,
        "D3_0": 7.09794,
        "r_0": 1.36361,
        "r_A": 0.0216093,
        "a_0_n": 0.593925,
        "a_A_n": 0.000110081,
        "a_0_p": 0.561518,
        "a_A_p": 0.000582755
    }
}