{
    "ECS_p": 0.258172,
    "ECS_n": 0.189389,
    "APower_p": 0.346432,
    "APower_n": 0.235064,
    "RCS_p": 0.0205956,
    "TCS_n": 0.0234832
}