{
    "KDHartreeFock": {
        "V1_0": 61.2968,
        "V1_asymm": 14.8425,
        "V1_A": 0.0321397,
        "V2_0_n": 0.00769185,
        "V2_A_n": 9.09826e-06,
        "V3_0_n": 2.50322e-05,
        "V3_A_n": 5.14382e-08,
        "V2_0_p": 0.00690474,
        "V2_A_p": 5.53042e-07,
        "V3_0_p": 2.20042e-05,
        "V3_A_p": 1.09127e-08,
        "V4_0": 2.776e-08,
        "r_0": 1.2566,
        "r_A": 0.351273,
        "a_0": 0.66852,
        "a_A": -0.000257639
    },
    "KDCoulomb": {
        "r_C_0": 1.33524,
        "r_C_A": 0.194609,
        "r_C_A2": 3.54649
    },
    "KDRealSpinOrbit": {
        "V1_0": 8.78275,
        "V1_A": -0.00735788,
        "V2_0": 0.00829392,
        "r_0": 1.20342,
        "r_A": 0.796948,
        "a_0": 0.61377
    },
    "KDImagSpinOrbit": {
        "W1_0": -0.905342,
        "W2_0": 95.2901
    },
    "KDImagVolume": {
        "W1_0_n": 22.575,
        "W1_A_n": 0.0257326,
        "W1_0_p": 21.6549,
        "W1_A_p": 0.0487414,
        "W2_0": 128.795,
        "W2_A": 0.135134
    },
    "KDImagSurface": {
        "D1_0": 17.1942,
        "D1_asymm": 14.5023,
        "D2_0": 0.035552,
        "D2_A": -0.0151252,
        "D2_A2": 17.5402,
        "D2_A3": 313.407,
        "D3_0": 14.5631,
        "r_0": 1.26682,
        "r_A": 0.0101931,
        "a_0_n": 0.549888,
        "a_A_n": -0.000486307,
        "a_0_p": 0.476701,
        "a_A_p": 0.00163284
    }
}