{
    "ECS_p": 0.408172,
    "ECS_n": 0.271593,
    "APower_p": 0.621439,
    "APower_n": 0.707992,
    "RCS_p": 0.0476451,
    "TCS_n": 0.0386432
}