{
    "KDHartreeFock": {
        "V1_0": 61.7906,
        "V1_asymm": 15.8013,
        "V1_A": 0.0474665,
        "V2_0_n": 0.0045288,
        "V2_A_n": -5.27761e-07,
        "V3_0_n": -1.41609e-06,
        "V3_A_n": 2.24471e-10,
        "V2_0_p": 0.00667448,
        "V2_A_p": -1.83961e-06,
        "V3_0_p": 1.90293e-05,
        "V3_A_p": -6.24446e-08,
        "V4_0": -1.87402e-08,
        "r_0": 1.31319,
        "r_A": 0.63713,
        "a_0": 0.693443,
        "a_A": -0.000390259
    },
    "KDCoulomb": {
        "r_C_0": 1.26427,
        "r_C_A": 0.692927,
        "r_C_A2": 10.0183
    },
    "KDRealSpinOrbit": {
        "V1_0": 5.74639,
        "V1_A": 0.0047358,
        "V2_0": 0.0050239,
        "r_0": 1.24241,
        "r_A": 0.674441,
        "a_0": 0.592839
    },
    "KDImagSpinOrbit": {
        "W1_0": -1.06447,
        "W2_0": 197.671
    },
    "KDImagVolume": {
        "W1_0_n": 23.6316,
        "W1_A_n": -0.00202945,
        "W1_0_p": 23.4412,
        "W1_A_p": -0.0326821,
        "W2_0": 106.004,
        "W2_A": 0.0242267
    },
    "KDImagSurface": {
        "D1_0": 25.8341,
        "D1_asymm": 30.534,
        "D2_0": 0.0216781,
        "D2_A": 0.0131531,
        "D2_A2": 4.09689,
        "D2_A3": 201.732,
        "D3_0": 17.9066,
        "r_0": 1.3783,
        "r_A": 0.0201336,
        "a_0_n": 0.502223,
        "a_A_n": -0.000645401,
        "a_0_p": 0.536381,
        "a_A_p": 0.000176385
    }
}