{
    "ECS_p": 0.337005,
    "ECS_n": 0.207197,
    "APower_p": 0.378493,
    "APower_n": 0.366799,
    "RCS_p": 0.0179662,
    "TCS_n": 0.0222663
}