{
    "KDHartreeFock": {
        "V1_0": 57.452,
        "V1_asymm": 9.44767,
        "V1_A": 0.0223498,
        "V2_0_n": 0.00531964,
        "V2_A_n": -2.09892e-06,
        "V3_0_n": 1.07195e-06,
        "V3_A_n": -4.38001e-09,
        "V2_0_p": 0.00508956,
        "V2_A_p": -5.19256e-06,
        "V3_0_p": 2.85452e-08,
        "V3_A_p": -3.02992e-08,
        "V4_0": -2.73585e-08,
        "r_0": 1.2564,
        "r_A": 0.314122,
        "a_0": 0.666258,
        "a_A": -0.000189625
    },
    "KDCoulomb": {
        "r_C_0": 1.02607,
        "r_C_A": 0.684195,
        "r_C_A2": 9.16751
    },
    "KDRealSpinOrbit": {
        "V1_0": 5.78198,
        "V1_A": 0.00837981,
        "V2_0": 0.00546163,
        "r_0": 1.24716,
        "r_A": 0.701702,
        "a_0": 0.593214
    },
    "KDImagSpinOrbit": {
        "W1_0": -2.84436,
        "W2_0": 116.796
    },
    "KDImagVolume": {
        "W1_0_n": 20.276,
        "W1_A_n": 0.00309748,
        "W1_0_p": 10.9946,
        "W1_A_p": 0.0824655,
        "W2_0": 80.8823,
        "W2_A": 0.245549
    },
    "KDImagSurface": {
        "D1_0": 15.5961,
        "D1_asymm": 15.9713,
        "D2_0": -0.031628,
        "D2_A": 0.0533222,
        "D2_A2": 3.74879,
        "D2_A3": 325.514,
        "D3_0": 13.5007,
        "r_0": 1.35093,
        "r_A": 0.021063,
        "a_0_n": 0.559529,
        "a_A_n": -0.000422873,
        "a_0_p": 0.47155,
        "a_A_p": 0.00167446
    }
}