{
    "ECS_p": 0.306925,
    "ECS_n": 0.159123,
    "APower_p": 0.34403,
    "APower_n": 0.271233,
    "RCS_p": 0.0148046,
    "TCS_n": 0.0197755
}