{
    "KDHartreeFock": {
        "V1_0": 60.0663,
        "V1_asymm": 5.42378,
        "V1_A": 0.0293194,
        "V2_0_n": 0.00758736,
        "V2_A_n": 5.97163e-07,
        "V3_0_n": 2.72916e-05,
        "V3_A_n": 8.52309e-09,
        "V2_0_p": 0.00821124,
        "V2_A_p": -8.56335e-06,
        "V3_0_p": 3.28538e-05,
        "V3_A_p": -2.87488e-08,
        "V4_0": 4.31893e-08,
        "r_0": 1.23306,
        "r_A": 0.239701,
        "a_0": 0.696994,
        "a_A": -0.000129342
    },
    "KDCoulomb": {
        "r_C_0": 1.33304,
        "r_C_A": 1.03696,
        "r_C_A2": 9.81542
    },
    "KDRealSpinOrbit": {
        "V1_0": 6.23567,
        "V1_A": 0.00949811,
        "V2_0": 0.0104053,
        "r_0": 1.15808,
        "r_A": 0.562345,
        "a_0": 0.578847
    },
    "KDImagSpinOrbit": {
        "W1_0": -7.27079,
        "W2_0": 234.762
    },
    "KDImagVolume": {
        "W1_0_n": 27.1977,
        "W1_A_n": 0.0271502,
        "W1_0_p": 28.0165,
        "W1_A_p": 0.0524819,
        "W2_0": 168.324,
        "W2_A": 0.102931
    },
    "KDImagSurface": {
        "D1_0": 14.1987,
        "D1_asymm": 2.65782,
        "D2_0": 0.0172897,
        "D2_A": 0.0136534,
        "D2_A2": 10.0105,
        "D2_A3": -6.83829,
        "D3_0": 13.273,
        "r_0": 1.26539,
        "r_A": -0.000956298,
        "a_0_n": 0.554639,
        "a_A_n": -0.000255081,
        "a_0_p": 0.536098,
        "a_A_p": 0.00130853
    }
}