{
    "ECS_p": 0.333116,
    "ECS_n": 0.23471,
    "APower_p": 0.458748,
    "APower_n": 0.409359,
    "RCS_p": 0.00985507,
    "TCS_n": 0.0203729
}