{
    "KDHartreeFock": {
        "V1_0": 59.4478,
        "V1_asymm": 11.3957,
        "V1_A": 0.02299,
        "V2_0_n": 0.00521235,
        "V2_A_n": -7.5714e-06,
        "V3_0_n": 7.08634e-06,
        "V3_A_n": -2.92137e-08,
        "V2_0_p": 0.00688858,
        "V2_A_p": 9.96465e-07,
        "V3_0_p": 1.84894e-05,
        "V3_A_p": 2.40264e-08,
        "V4_0": 4.62499e-10,
        "r_0": 1.27629,
        "r_A": 0.480541,
        "a_0": 0.695636,
        "a_A": -4.093e-05
    },
    "KDCoulomb": {
        "r_C_0": 1.31527,
        "r_C_A": 0.7665,
        "r_C_A2": 3.02103
    },
    "KDRealSpinOrbit": {
        "V1_0": 4.87978,
        "V1_A": 0.0344215,
        "V2_0": 0.0111602,
        "r_0": 1.28615,
        "r_A": 0.928892,
        "a_0": 0.584496
    },
    "KDImagSpinOrbit": {
        "W1_0": -2.8491,
        "W2_0": 207.139
    },
    "KDImagVolume": {
        "W1_0_n": 21.9275,
        "W1_A_n": 0.0204105,
        "W1_0_p": 18.969,
        "W1_A_p": 0.0220563,
        "W2_0": 102.947,
        "W2_A": 0.0298798
    },
    "KDImagSurface": {
        "D1_0": 16.8625,
        "D1_asymm": 18.5446,
        "D2_0": -0.0827512,
        "D2_A": 0.109404,
        "D2_A2": 3.07445,
        "D2_A3": 455.619,
        "D3_0": 15.5293,
        "r_0": 1.32725,
        "r_A": 0.0150989,
        "a_0_n": 0.550406,
        "a_A_n": -0.00111499,
        "a_0_p": 0.575468,
        "a_A_p": 0.0020247
    }
}