{
    "ECS_p": 0.252904,
    "ECS_n": 0.251388,
    "APower_p": 0.435497,
    "APower_n": 0.39558,
    "RCS_p": 0.0151475,
    "TCS_n": 0.0169842
}