{
    "KDHartreeFock": {
        "V1_0": 59.6662,
        "V1_asymm": 12.8153,
        "V1_A": 0.021835,
        "V2_0_n": 0.006527,
        "V2_A_n": -2.61177e-06,
        "V3_0_n": 1.45436e-05,
        "V3_A_n": -1.77277e-08,
        "V2_0_p": 0.00640781,
        "V2_A_p": -2.81472e-06,
        "V3_0_p": 2.1772e-05,
        "V3_A_p": -5.68864e-08,
        "V4_0": 9.28034e-09,
        "r_0": 1.26912,
        "r_A": 0.373262,
        "a_0": 0.675882,
        "a_A": 0.000291253
    },
    "KDCoulomb": {
        "r_C_0": 1.15933,
        "r_C_A": -0.350542,
        "r_C_A2": 3.96436
    },
    "KDRealSpinOrbit": {
        "V1_0": 7.02187,
        "V1_A": 0.0247215,
        "V2_0": 0.0120903,
        "r_0": 1.22143,
        "r_A": 0.981704,
        "a_0": 0.674521
    },
    "KDImagSpinOrbit": {
        "W1_0": -3.92832,
        "W2_0": 109.569
    },
    "KDImagVolume": {
        "W1_0_n": 27.4626,
        "W1_A_n": -0.0310983,
        "W1_0_p": 20.8183,
        "W1_A_p": 0.112659,
        "W2_0": 152.956,
        "W2_A": -0.0822042
    },
    "KDImagSurface": {
        "D1_0": 13.3603,
        "D1_asymm": 8.26735,
        "D2_0": 0.0420301,
        "D2_A": -0.0264071,
        "D2_A2": 13.1269,
        "D2_A3": 236.04,
        "D3_0": 13.865,
        "r_0": 1.36152,
        "r_A": 0.0327095,
        "a_0_n": 0.561753,
        "a_A_n": -0.000797676,
        "a_0_p": 0.490592,
        "a_A_p": 0.0020427
    }
}