{
    "ECS_p": 0.624028,
    "ECS_n": 0.320957,
    "APower_p": 1.07464,
    "APower_n": 0.892403,
    "RCS_p": 0.0562844,
    "TCS_n": 0.0213829
}