{
    "KDHartreeFock": {
        "V1_0": 56.2527,
        "V1_asymm": 11.3487,
        "V1_A": 0.0201713,
        "V2_0_n": 0.00531333,
        "V2_A_n": 4.46985e-06,
        "V3_0_n": 7.82578e-07,
        "V3_A_n": 3.2641e-08,
        "V2_0_p": 0.0036977,
        "V2_A_p": 1.36412e-05,
        "V3_0_p": -8.43792e-06,
        "V3_A_p": 6.74611e-08,
        "V4_0": -3.55048e-08,
        "r_0": 1.26607,
        "r_A": 0.358845,
        "a_0": 0.705895,
        "a_A": 0.000231092
    },
    "KDCoulomb": {
        "r_C_0": 1.25755,
        "r_C_A": 0.774877,
        "r_C_A2": 1.64698
    },
    "KDRealSpinOrbit": {
        "V1_0": 7.47653,
        "V1_A": -0.0337996,
        "V2_0": 0.00178734,
        "r_0": 1.22019,
        "r_A": 0.791336,
        "a_0": 0.594793
    },
    "KDImagSpinOrbit": {
        "W1_0": -0.308629,
        "W2_0": 297.85
    },
    "KDImagVolume": {
        "W1_0_n": 14.6821,
        "W1_A_n": 0.0301939,
        "W1_0_p": 15.0803,
        "W1_A_p": 0.0256618,
        "W2_0": 69.9678,
        "W2_A": 0.195072
    },
    "KDImagSurface": {
        "D1_0": 15.6105,
        "D1_asymm": 2.29574,
        "D2_0": 0.0277175,
        "D2_A": -0.0154527,
        "D2_A2": 11.4096,
        "D2_A3": -121.952,
        "D3_0": 10.3931,
        "r_0": 1.26202,
        "r_A": -0.0108628,
        "a_0_n": 0.533171,
        "a_A_n": 0.000636989,
        "a_0_p": 0.4836,
        "a_A_p": 0.000868161
    }
}