{
    "ECS_p": 0.427215,
    "ECS_n": 0.305826,
    "APower_p": 0.811023,
    "APower_n": 0.606359,
    "RCS_p": 0.0383197,
    "TCS_n": 0.0373353
}