{
    "KDHartreeFock": {
        "V1_0": 62.1387,
        "V1_asymm": 9.62477,
        "V1_A": 0.0421162,
        "V2_0_n": 0.00548169,
        "V2_A_n": -5.74609e-06,
        "V3_0_n": 3.78756e-06,
        "V3_A_n": -3.79219e-08,
        "V2_0_p": 0.00753561,
        "V2_A_p": -1.07486e-05,
        "V3_0_p": 1.56102e-05,
        "V3_A_p": -7.01898e-08,
        "V4_0": -8.99634e-09,
        "r_0": 1.31577,
        "r_A": 0.602847,
        "a_0": 0.694413,
        "a_A": -4.00499e-05
    },
    "KDCoulomb": {
        "r_C_0": 1.08459,
        "r_C_A": 1.06293,
        "r_C_A2": 15.3879
    },
    "KDRealSpinOrbit": {
        "V1_0": 7.10494,
        "V1_A": -0.00795605,
        "V2_0": 0.00350205,
        "r_0": 1.22658,
        "r_A": 0.627269,
        "a_0": 0.575429
    },
    "KDImagSpinOrbit": {
        "W1_0": -3.6171,
        "W2_0": 320.44
    },
    "KDImagVolume": {
        "W1_0_n": 19.882,
        "W1_A_n": 0.0251401,
        "W1_0_p": 15.0658,
        "W1_A_p": 0.0931277,
        "W2_0": 88.794,
        "W2_A": 0.186881
    },
    "KDImagSurface": {
        "D1_0": 22.2676,
        "D1_asymm": -6.17568,
        "D2_0": 0.0105505,
        "D2_A": 0.0229791,
        "D2_A2": 16.2688,
        "D2_A3": 249.058,
        "D3_0": 20.2785,
        "r_0": 1.48232,
        "r_A": 0.0449248,
        "a_0_n": 0.558069,
        "a_A_n": -0.000794644,
        "a_0_p": 0.5489,
        "a_A_p": 0.00133159
    }
}