{
    "ECS_p": 0.641439,
    "ECS_n": 0.241835,
    "APower_p": 0.482374,
    "APower_n": 0.573524,
    "RCS_p": 0.0372405,
    "TCS_n": 0.0281391
}