{
    "KDHartreeFock": {
        "V1_0": 60.347,
        "V1_asymm": 13.0217,
        "V1_A": 0.0215661,
        "V2_0_n": 0.00598144,
        "V2_A_n": -3.06553e-06,
        "V3_0_n": 1.08171e-05,
        "V3_A_n": -1.24421e-08,
        "V2_0_p": 0.00626295,
        "V2_A_p": 6.87747e-06,
        "V3_0_p": -1.23524e-05,
        "V3_A_p": 1.31146e-07,
        "V4_0": -3.54738e-09,
        "r_0": 1.26758,
        "r_A": 0.458949,
        "a_0": 0.711794,
        "a_A": -0.000138703
    },
    "KDCoulomb": {
        "r_C_0": 0.990716,
        "r_C_A": 0.442357,
        "r_C_A2": 18.8455
    },
    "KDRealSpinOrbit": {
        "V1_0": 4.87831,
        "V1_A": -0.00485091,
        "V2_0": -0.000171269,
        "r_0": 1.16061,
        "r_A": 0.538197,
        "a_0": 0.548656
    },
    "KDImagSpinOrbit": {
        "W1_0": -0.915503,
        "W2_0": 145.438
    },
    "KDImagVolume": {
        "W1_0_n": 12.8315,
        "W1_A_n": 0.00361603,
        "W1_0_p": 12.9465,
        "W1_A_p": 0.0717914,
        "W2_0": 64.6592,
        "W2_A": 0.0975062
    },
    "KDImagSurface": {
        "D1_0": 21.215,
        "D1_asymm": -10.1203,
        "D2_0": 0.034301,
        "D2_A": 0.00581901,
        "D2_A2": -7.26956,
        "D2_A3": 203.679,
        "D3_0": 16.0276,
        "r_0": 1.55117,
        "r_A": 0.0625927,
        "a_0_n": 0.587037,
        "a_A_n": 3.08025e-06,
        "a_0_p": 0.4084,
        "a_A_p": 0.00329837
    }
}