{
    "ECS_p": 0.312679,
    "ECS_n": 0.280005,
    "APower_p": 0.845166,
    "APower_n": 0.715531,
    "RCS_p": 0.0568243,
    "TCS_n": 0.0446343
}