{
    "KDHartreeFock": {
        "V1_0": 57.8278,
        "V1_asymm": 4.50488,
        "V1_A": 0.0370362,
        "V2_0_n": 0.00380247,
        "V2_A_n": -3.09106e-06,
        "V3_0_n": -1.14156e-05,
        "V3_A_n": -1.20809e-08,
        "V2_0_p": 0.00840317,
        "V2_A_p": -1.65999e-05,
        "V3_0_p": 2.97585e-05,
        "V3_A_p": -1.24337e-07,
        "V4_0": -3.89375e-08,
        "r_0": 1.26076,
        "r_A": 0.272193,
        "a_0": 0.667327,
        "a_A": -0.000206161
    },
    "KDCoulomb": {
        "r_C_0": 1.16116,
        "r_C_A": -0.170114,
        "r_C_A2": 19.2712
    },
    "KDRealSpinOrbit": {
        "V1_0": 7.458,
        "V1_A": -0.0117926,
        "V2_0": 0.0105678,
        "r_0": 1.25148,
        "r_A": 0.70019,
        "a_0": 0.576855
    },
    "KDImagSpinOrbit": {
        "W1_0": -4.41516,
        "W2_0": 383.517
    },
    "KDImagVolume": {
        "W1_0_n": 18.4967,
        "W1_A_n": 0.0203977,
        "W1_0_p": 12.8308,
        "W1_A_p": -0.0128218,
        "W2_0": 57.2978,
        "W2_A": -0.02626
    },
    "KDImagSurface": {
        "D1_0": 21.7184,
        "D1_asymm": 6.55373,
        "D2_0": -0.0440324,
        "D2_A": 0.0784659,
        "D2_A2": 7.7672,
        "D2_A3": 333.763,
        "D3_0": 25.2722,
        "r_0": 1.45186,
        "r_A": 0.0253706,
        "a_0_n": 0.59105,
        "a_A_n": 0.00104251,
        "a_0_p": 0.42854,
        "a_A_p": 0.00293469
    }
}