{
    "ECS_p": 0.277691,
    "ECS_n": 0.175498,
    "APower_p": 0.441464,
    "APower_n": 0.325583,
    "RCS_p": 0.0316989,
    "TCS_n": 0.0272743
}