{
    "KDHartreeFock": {
        "V1_0": 57.1271,
        "V1_asymm": 16.9072,
        "V1_A": 0.0287383,
        "V2_0_n": 0.00442947,
        "V2_A_n": 1.2035e-06,
        "V3_0_n": -1.04609e-05,
        "V3_A_n": -6.26328e-09,
        "V2_0_p": 0.00690233,
        "V2_A_p": -6.16567e-06,
        "V3_0_p": 1.15466e-05,
        "V3_A_p": -5.65433e-08,
        "V4_0": -4.87148e-08,
        "r_0": 1.30807,
        "r_A": 0.430676,
        "a_0": 0.676721,
        "a_A": 0.000230996
    },
    "KDCoulomb": {
        "r_C_0": 1.03488,
        "r_C_A": 1.27446,
        "r_C_A2": -4.1796
    },
    "KDRealSpinOrbit": {
        "V1_0": 6.66306,
        "V1_A": -0.00268054,
        "V2_0": 0.00669842,
        "r_0": 1.28849,
        "r_A": 1.21247,
        "a_0": 0.606285
    },
    "KDImagSpinOrbit": {
        "W1_0": -4.56759,
        "W2_0": 155.466
    },
    "KDImagVolume": {
        "W1_0_n": 27.0192,
        "W1_A_n": -0.0144289,
        "W1_0_p": 18.8328,
        "W1_A_p": 0.0720316,
        "W2_0": 117.609,
        "W2_A": 0.139223
    },
    "KDImagSurface": {
        "D1_0": 13.8383,
        "D1_asymm": 6.82452,
        "D2_0": 0.0921505,
        "D2_A": -0.0718219,
        "D2_A2": 0.952,
        "D2_A3": 214.541,
        "D3_0": 12.2374,
        "r_0": 1.32816,
        "r_A": 0.022954,
        "a_0_n": 0.524588,
        "a_A_n": -0.000660807,
        "a_0_p": 0.490438,
        "a_A_p": 0.001751
    }
}