{
    "ECS_p": 0.232096,
    "ECS_n": 0.167287,
    "APower_p": 0.294516,
    "APower_n": 0.220441,
    "RCS_p": 0.00499906,
    "TCS_n": 0.023048
}