{
    "KDHartreeFock": {
        "V1_0": 59.5852,
        "V1_asymm": 19.7427,
        "V1_A": 0.0260756,
        "V2_0_n": 0.00596067,
        "V2_A_n": 6.65486e-06,
        "V3_0_n": 7.42209e-06,
        "V3_A_n": 4.87983e-08,
        "V2_0_p": 0.00695188,
        "V2_A_p": -7.44458e-06,
        "V3_0_p": 1.05322e-05,
        "V3_A_p": -2.32877e-08,
        "V4_0": -2.18874e-08,
        "r_0": 1.23712,
        "r_A": 0.30671,
        "a_0": 0.679816,
        "a_A": -0.000180335
    },
    "KDCoulomb": {
        "r_C_0": 1.28026,
        "r_C_A": 0.615788,
        "r_C_A2": 0.74017
    },
    "KDRealSpinOrbit": {
        "V1_0": 5.48006,
        "V1_A": -0.000531435,
        "V2_0": 0.00170494,
        "r_0": 1.13221,
        "r_A": 0.563856,
        "a_0": 0.665789
    },
    "KDImagSpinOrbit": {
        "W1_0": -3.28094,
        "W2_0": 266.981
    },
    "KDImagVolume": {
        "W1_0_n": 13.8,
        "W1_A_n": 0.046937,
        "W1_0_p": 15.1968,
        "W1_A_p": 0.0628868,
        "W2_0": 83.9513,
        "W2_A": 0.188765
    },
    "KDImagSurface": {
        "D1_0": 14.1747,
        "D1_asymm": 14.6038,
        "D2_0": -0.0154535,
        "D2_A": 0.0382126,
        "D2_A2": 5.46919,
        "D2_A3": 244.696,
        "D3_0": 14.4774,
        "r_0": 1.39129,
        "r_A": 0.0301774,
        "a_0_n": 0.600791,
        "a_A_n": -0.000957578,
        "a_0_p": 0.527911,
        "a_A_p": 0.00140965
    }
}