{
    "ECS_p": 0.383273,
    "ECS_n": 0.366293,
    "APower_p": 0.666403,
    "APower_n": 0.756894,
    "RCS_p": 0.0146551,
    "TCS_n": 0.0351444
}