{
    "KDHartreeFock": {
        "V1_0": 57.5331,
        "V1_asymm": 23.223,
        "V1_A": 0.0168832,
        "V2_0_n": 0.00609331,
        "V2_A_n": 1.99452e-07,
        "V3_0_n": 1.13122e-05,
        "V3_A_n": -1.43048e-09,
        "V2_0_p": 0.00443685,
        "V2_A_p": 2.31736e-05,
        "V3_0_p": 2.45822e-06,
        "V3_A_p": 1.72408e-07,
        "V4_0": -2.10478e-10,
        "r_0": 1.29318,
        "r_A": 0.44673,
        "a_0": 0.690743,
        "a_A": -0.000204673
    },
    "KDCoulomb": {
        "r_C_0": 1.08111,
        "r_C_A": -0.391786,
        "r_C_A2": 47.248
    },
    "KDRealSpinOrbit": {
        "V1_0": 4.85903,
        "V1_A": -0.0120865,
        "V2_0": 0.00838947,
        "r_0": 1.20047,
        "r_A": 0.53797,
        "a_0": 0.532997
    },
    "KDImagSpinOrbit": {
        "W1_0": -4.01438,
        "W2_0": 210.874
    },
    "KDImagVolume": {
        "W1_0_n": 22.7668,
        "W1_A_n": -0.0331607,
        "W1_0_p": 19.2715,
        "W1_A_p": 0.00070636,
        "W2_0": 100.534,
        "W2_A": -0.0335764
    },
    "KDImagSurface": {
        "D1_0": 15.6204,
        "D1_asymm": 19.6084,
        "D2_0": 0.0419814,
        "D2_A": -0.0199186,
        "D2_A2": 7.64812,
        "D2_A3": 342.137,
        "D3_0": 9.6318,
        "r_0": 1.24516,
        "r_A": 0.0025713,
        "a_0_n": 0.520577,
        "a_A_n": -0.000743837,
        "a_0_p": 0.47549,
        "a_A_p": 0.000962245
    }
}