{
    "ECS_p": 0.395745,
    "ECS_n": 0.219608,
    "APower_p": 0.393833,
    "APower_n": 0.141863,
    "RCS_p": 0.0193846,
    "TCS_n": 0.0310151
}