{
    "KDHartreeFock": {
        "V1_0": 60.1217,
        "V1_asymm": 18.3458,
        "V1_A": 0.0298257,
        "V2_0_n": 0.0061458,
        "V2_A_n": 7.22003e-06,
        "V3_0_n": 8.22187e-06,
        "V3_A_n": 2.58063e-08,
        "V2_0_p": 0.00660866,
        "V2_A_p": 4.74085e-06,
        "V3_0_p": 8.82084e-06,
        "V3_A_p": 5.75077e-08,
        "V4_0": -2.56869e-09,
        "r_0": 1.23696,
        "r_A": 0.258113,
        "a_0": 0.661066,
        "a_A": -0.000197349
    },
    "KDCoulomb": {
        "r_C_0": 1.1293,
        "r_C_A": 1.29893,
        "r_C_A2": 27.402
    },
    "KDRealSpinOrbit": {
        "V1_0": 6.73898,
        "V1_A": -0.0159708,
        "V2_0": 0.00316153,
        "r_0": 1.23791,
        "r_A": 0.760513,
        "a_0": 0.613483
    },
    "KDImagSpinOrbit": {
        "W1_0": -2.68188,
        "W2_0": 142.977
    },
    "KDImagVolume": {
        "W1_0_n": 23.1683,
        "W1_A_n": 0.0770617,
        "W1_0_p": 12.618,
        "W1_A_p": 0.127272,
        "W2_0": 131.249,
        "W2_A": 0.373928
    },
    "KDImagSurface": {
        "D1_0": 13.3456,
        "D1_asymm": 5.59726,
        "D2_0": -0.0154751,
        "D2_A": 0.032005,
        "D2_A2": 1.2533,
        "D2_A3": 249.926,
        "D3_0": 12.2371,
        "r_0": 1.39972,
        "r_A": 0.0328146,
        "a_0_n": 0.496907,
        "a_A_n": -0.000529172,
        "a_0_p": 0.49101,
        "a_A_p": 0.00232043
    }
}