{
    "ECS_p": 0.355533,
    "ECS_n": 0.278216,
    "APower_p": 0.637243,
    "APower_n": 0.542769,
    "RCS_p": 0.0121676,
    "TCS_n": 0.0213108
}