{
    "KDHartreeFock": {
        "V1_0": 58.3857,
        "V1_asymm": 14.9239,
        "V1_A": 0.028233,
        "V2_0_n": 0.00649511,
        "V2_A_n": 6.04953e-06,
        "V3_0_n": 1.23401e-05,
        "V3_A_n": 3.35365e-08,
        "V2_0_p": 0.00759148,
        "V2_A_p": -2.34504e-06,
        "V3_0_p": 1.93354e-05,
        "V3_A_p": -1.62398e-08,
        "V4_0": -3.75682e-09,
        "r_0": 1.25754,
        "r_A": 0.271284,
        "a_0": 0.657055,
        "a_A": -0.000181415
    },
    "KDCoulomb": {
        "r_C_0": 1.28334,
        "r_C_A": 0.605333,
        "r_C_A2": 19.5927
    },
    "KDRealSpinOrbit": {
        "V1_0": 5.19823,
        "V1_A": -0.0121907,
        "V2_0": 0.00196882,
        "r_0": 1.24793,
        "r_A": 0.985186,
        "a_0": 0.647511
    },
    "KDImagSpinOrbit": {
        "W1_0": -6.75475,
        "W2_0": 273.697
    },
    "KDImagVolume": {
        "W1_0_n": 23.4683,
        "W1_A_n": -0.00223973,
        "W1_0_p": 27.273,
        "W1_A_p": -0.00688481,
        "W2_0": 143.349,
        "W2_A": -0.0594069
    },
    "KDImagSurface": {
        "D1_0": 28.4926,
        "D1_asymm": 6.82763,
        "D2_0": 0.0135475,
        "D2_A": 0.0207093,
        "D2_A2": 18.9181,
        "D2_A3": 300.873,
        "D3_0": 21.6903,
        "r_0": 1.40077,
        "r_A": 0.0261912,
        "a_0_n": 0.576556,
        "a_A_n": -9.96253e-05,
        "a_0_p": 0.481526,
        "a_A_p": 0.00165845
    }
}