{
    "ECS_p": 0.400596,
    "ECS_n": 0.308553,
    "APower_p": 0.76281,
    "APower_n": 0.652726,
    "RCS_p": 0.0430678,
    "TCS_n": 0.0406682
}