{
    "KDHartreeFock": {
        "V1_0": 62.8743,
        "V1_asymm": 11.1312,
        "V1_A": 0.0566062,
        "V2_0_n": 0.00625414,
        "V2_A_n": 1.26282e-05,
        "V3_0_n": 1.35419e-05,
        "V3_A_n": 1.02151e-07,
        "V2_0_p": 0.00790579,
        "V2_A_p": -3.15712e-06,
        "V3_0_p": 1.29614e-05,
        "V3_A_p": -5.7299e-09,
        "V4_0": -9.50627e-09,
        "r_0": 1.33414,
        "r_A": 0.708419,
        "a_0": 0.678391,
        "a_A": -8.85294e-05
    },
    "KDCoulomb": {
        "r_C_0": 1.44973,
        "r_C_A": 0.927543,
        "r_C_A2": -2.74401
    },
    "KDRealSpinOrbit": {
        "V1_0": 3.61718,
        "V1_A": 0.00723178,
        "V2_0": 0.00137942,
        "r_0": 1.20145,
        "r_A": 0.631651,
        "a_0": 0.571414
    },
    "KDImagSpinOrbit": {
        "W1_0": -3.28731,
        "W2_0": 278.407
    },
    "KDImagVolume": {
        "W1_0_n": 13.7017,
        "W1_A_n": 0.0515767,
        "W1_0_p": 21.4119,
        "W1_A_p": 0.0304831,
        "W2_0": 91.2597,
        "W2_A": 0.00179134
    },
    "KDImagSurface": {
        "D1_0": 30.0836,
        "D1_asymm": 14.5541,
        "D2_0": -0.0336446,
        "D2_A": 0.0728651,
        "D2_A2": 8.19033,
        "D2_A3": 392.307,
        "D3_0": 16.7568,
        "r_0": 1.44377,
        "r_A": 0.0339292,
        "a_0_n": 0.512536,
        "a_A_n": -0.000323556,
        "a_0_p": 0.426314,
        "a_A_p": 0.00208306
    }
}