{
    "ECS_p": 0.277994,
    "ECS_n": 0.225103,
    "APower_p": 0.328181,
    "APower_n": 0.222503,
    "RCS_p": 0.0144195,
    "TCS_n": 0.0206876
}