{
    "KDHartreeFock": {
        "V1_0": 63.442,
        "V1_asymm": 12.6234,
        "V1_A": 0.0338407,
        "V2_0_n": 0.00824257,
        "V2_A_n": 3.5047e-06,
        "V3_0_n": 3.30153e-05,
        "V3_A_n": 2.41262e-08,
        "V2_0_p": 0.00621621,
        "V2_A_p": 4.8889e-06,
        "V3_0_p": 2.29003e-05,
        "V3_A_p": 1.90635e-08,
        "V4_0": 5.59562e-08,
        "r_0": 1.26527,
        "r_A": 0.493873,
        "a_0": 0.702869,
        "a_A": -0.000126752
    },
    "KDCoulomb": {
        "r_C_0": 1.05694,
        "r_C_A": -0.135452,
        "r_C_A2": 8.45704
    },
    "KDRealSpinOrbit": {
        "V1_0": 5.70194,
        "V1_A": -0.00104348,
        "V2_0": 0.00341357,
        "r_0": 1.16585,
        "r_A": 0.522101,
        "a_0": 0.598689
    },
    "KDImagSpinOrbit": {
        "W1_0": -6.05255,
        "W2_0": 311.479
    },
    "KDImagVolume": {
        "W1_0_n": 27.3774,
        "W1_A_n": 0.0176055,
        "W1_0_p": 21.8703,
        "W1_A_p": 0.156313,
        "W2_0": 164.146,
        "W2_A": 0.172699
    },
    "KDImagSurface": {
        "D1_0": 12.5931,
        "D1_asymm": 5.55463,
        "D2_0": -0.0156368,
        "D2_A": 0.0297601,
        "D2_A2": 1.75464,
        "D2_A3": 253.617,
        "D3_0": 13.5914,
        "r_0": 1.30116,
        "r_A": 0.0127678,
        "a_0_n": 0.573464,
        "a_A_n": -0.000592804,
        "a_0_p": 0.538292,
        "a_A_p": 0.000914167
    }
}