{
    "ECS_p": 0.552741,
    "ECS_n": 0.265006,
    "APower_p": 0.927837,
    "APower_n": 0.577992,
    "RCS_p": 0.0396349,
    "TCS_n": 0.0304901
}