{
    "KDHartreeFock": {
        "V1_0": 57.4703,
        "V1_asymm": 10.0917,
        "V1_A": 0.0195086,
        "V2_0_n": 0.00733862,
        "V2_A_n": 2.83738e-06,
        "V3_0_n": 2.68776e-05,
        "V3_A_n": 1.89897e-08,
        "V2_0_p": 0.00606256,
        "V2_A_p": 9.21563e-06,
        "V3_0_p": 1.20151e-05,
        "V3_A_p": 9.00443e-08,
        "V4_0": 4.83699e-08,
        "r_0": 1.31077,
        "r_A": 0.469771,
        "a_0": 0.719351,
        "a_A": 0.00039787
    },
    "KDCoulomb": {
        "r_C_0": 1.29277,
        "r_C_A": 0.760374,
        "r_C_A2": 32.9149
    },
    "KDRealSpinOrbit": {
        "V1_0": 5.89679,
        "V1_A": 0.0149619,
        "V2_0": 0.0219018,
        "r_0": 1.15629,
        "r_A": 0.30599,
        "a_0": 0.548423
    },
    "KDImagSpinOrbit": {
        "W1_0": -6.43879,
        "W2_0": 267.472
    },
    "KDImagVolume": {
        "W1_0_n": 24.9712,
        "W1_A_n": -0.00998253,
        "W1_0_p": 19.1604,
        "W1_A_p": 0.0607035,
        "W2_0": 120.479,
        "W2_A": -0.0484507
    },
    "KDImagSurface": {
        "D1_0": 19.8081,
        "D1_asymm": 1.84399,
        "D2_0": 0.0836094,
        "D2_A": -0.0547843,
        "D2_A2": 11.8221,
        "D2_A3": 257.629,
        "D3_0": 16.2653,
        "r_0": 1.41306,
        "r_A": 0.0349849,
        "a_0_n": 0.463192,
        "a_A_n": -0.000786664,
        "a_0_p": 0.556159,
        "a_A_p": 0.000944167
    }
}