{
    "ECS_p": 0.451938,
    "ECS_n": 0.271671,
    "APower_p": 0.515422,
    "APower_n": 0.425757,
    "RCS_p": 0.0352806,
    "TCS_n": 0.036649
}