{
    "KDHartreeFock": {
        "V1_0": 57.7872,
        "V1_asymm": 4.35459,
        "V1_A": 0.0445117,
        "V2_0_n": 0.00615066,
        "V2_A_n": 3.66661e-06,
        "V3_0_n": 1.20981e-05,
        "V3_A_n": 1.31059e-08,
        "V2_0_p": 0.00750824,
        "V2_A_p": -8.05824e-06,
        "V3_0_p": 2.76268e-05,
        "V3_A_p": -8.12088e-08,
        "V4_0": 1.33049e-08,
        "r_0": 1.32558,
        "r_A": 0.455032,
        "a_0": 0.67453,
        "a_A": -7.65129e-05
    },
    "KDCoulomb": {
        "r_C_0": 1.1646,
        "r_C_A": 1.08757,
        "r_C_A2": 27.5035
    },
    "KDRealSpinOrbit": {
        "V1_0": 3.76883,
        "V1_A": 0.0230428,
        "V2_0": 0.0111726,
        "r_0": 1.27209,
        "r_A": 0.896516,
        "a_0": 0.541677
    },
    "KDImagSpinOrbit": {
        "W1_0": -4.56242,
        "W2_0": 213.828
    },
    "KDImagVolume": {
        "W1_0_n": 21.9401,
        "W1_A_n": -0.0218716,
        "W1_0_p": 17.2962,
        "W1_A_p": -0.0100367,
        "W2_0": 110.517,
        "W2_A": -0.268218
    },
    "KDImagSurface": {
        "D1_0": 36.8776,
        "D1_asymm": 30.4482,
        "D2_0": -0.000339704,
        "D2_A": 0.0369808,
        "D2_A2": -3.86917,
        "D2_A3": -71.4113,
        "D3_0": 21.8213,
        "r_0": 1.29122,
        "r_A": 0.00500822,
        "a_0_n": 0.558716,
        "a_A_n": 0.000107942,
        "a_0_p": 0.493828,
        "a_A_p": 0.000490342
    }
}