{
    "ECS_p": 0.265929,
    "ECS_n": 0.182583,
    "APower_p": 0.487743,
    "APower_n": 0.408262,
    "RCS_p": 0.0180343,
    "TCS_n": 0.02385
}