{
    "KDHartreeFock": {
        "V1_0": 56.5591,
        "V1_asymm": 0.17998,
        "V1_A": 0.0280894,
        "V2_0_n": 0.00505305,
        "V2_A_n": -4.1008e-06,
        "V3_0_n": 5.88327e-06,
        "V3_A_n": -2.38311e-08,
        "V2_0_p": 0.00508318,
        "V2_A_p": 2.99936e-06,
        "V3_0_p": 8.94657e-06,
        "V3_A_p": 3.56598e-08,
        "V4_0": 5.59779e-09,
        "r_0": 1.28481,
        "r_A": 0.406241,
        "a_0": 0.693517,
        "a_A": 1.5867e-05
    },
    "KDCoulomb": {
        "r_C_0": 1.26119,
        "r_C_A": -0.0400138,
        "r_C_A2": 20.7547
    },
    "KDRealSpinOrbit": {
        "V1_0": 5.52748,
        "V1_A": 0.00248798,
        "V2_0": 0.00525913,
        "r_0": 1.25369,
        "r_A": 1.11691,
        "a_0": 0.567507
    },
    "KDImagSpinOrbit": {
        "W1_0": -2.95983,
        "W2_0": 126.814
    },
    "KDImagVolume": {
        "W1_0_n": 21.8897,
        "W1_A_n": -0.00603583,
        "W1_0_p": 27.4916,
        "W1_A_p": -0.0340303,
        "W2_0": 100.232,
        "W2_A": 0.0573365
    },
    "KDImagSurface": {
        "D1_0": 25.035,
        "D1_asymm": 25.7815,
        "D2_0": 0.0687116,
        "D2_A": -0.0362301,
        "D2_A2": -14.9586,
        "D2_A3": -166.167,
        "D3_0": 17.5045,
        "r_0": 1.2959,
        "r_A": 0.00686995,
        "a_0_n": 0.546299,
        "a_A_n": -0.000210491,
        "a_0_p": 0.551635,
        "a_A_p": 0.0013232
    }
}