{
    "ECS_p": 0.294903,
    "ECS_n": 0.211774,
    "APower_p": 0.38372,
    "APower_n": 0.180075,
    "RCS_p": 0.0242748,
    "TCS_n": 0.0267205
}