{
    "KDHartreeFock": {
        "V1_0": 55.5401,
        "V1_asymm": 5.64807,
        "V1_A": 0.0262531,
        "V2_0_n": 0.00660651,
        "V2_A_n": 3.03237e-06,
        "V3_0_n": 1.25507e-05,
        "V3_A_n": 1.19829e-08,
        "V2_0_p": 0.00854547,
        "V2_A_p": -4.34115e-06,
        "V3_0_p": 2.56444e-05,
        "V3_A_p": -4.66527e-08,
        "V4_0": 6.83427e-09,
        "r_0": 1.29198,
        "r_A": 0.318043,
        "a_0": 0.664547,
        "a_A": 0.000121519
    },
    "KDCoulomb": {
        "r_C_0": 1.4132,
        "r_C_A": 0.146466,
        "r_C_A2": -1.40601
    },
    "KDRealSpinOrbit": {
        "V1_0": 4.62286,
        "V1_A": 0.00238037,
        "V2_0": 0.000597923,
        "r_0": 1.26838,
        "r_A": 1.02455,
        "a_0": 0.5814
    },
    "KDImagSpinOrbit": {
        "W1_0": -1.45029,
        "W2_0": 323.606
    },
    "KDImagVolume": {
        "W1_0_n": 17.266,
        "W1_A_n": -0.00320081,
        "W1_0_p": 14.902,
        "W1_A_p": 0.0273954,
        "W2_0": 71.943,
        "W2_A": 0.0456183
    },
    "KDImagSurface": {
        "D1_0": 18.2066,
        "D1_asymm": 7.05635,
        "D2_0": 0.0312974,
        "D2_A": 0.0150248,
        "D2_A2": 17.7035,
        "D2_A3": -28.5044,
        "D3_0": 13.7259,
        "r_0": 1.4006,
        "r_A": 0.0194048,
        "a_0_n": 0.52782,
        "a_A_n": 0.00027662,
        "a_0_p": 0.55046,
        "a_A_p": 0.00109428
    }
}