{
    "ECS_p": 0.499926,
    "ECS_n": 0.409804,
    "APower_p": 0.671392,
    "APower_n": 0.646012,
    "RCS_p": 0.0298957,
    "TCS_n": 0.0454408
}