{
    "KDHartreeFock": {
        "V1_0": 59.5091,
        "V1_asymm": 22.4228,
        "V1_A": 0.0210783,
        "V2_0_n": 0.00685643,
        "V2_A_n": 8.7614e-06,
        "V3_0_n": 1.78413e-05,
        "V3_A_n": 6.52687e-08,
        "V2_0_p": 0.00871157,
        "V2_A_p": -3.15681e-06,
        "V3_0_p": 3.27383e-05,
        "V3_A_p": -7.29228e-08,
        "V4_0": -2.95359e-09,
        "r_0": 1.32701,
        "r_A": 0.652533,
        "a_0": 0.770167,
        "a_A": 0.000788069
    },
    "KDCoulomb": {
        "r_C_0": 1.41035,
        "r_C_A": 0.37693,
        "r_C_A2": 19.2643
    },
    "KDRealSpinOrbit": {
        "V1_0": 8.83865,
        "V1_A": -0.0384939,
        "V2_0": 0.00672087,
        "r_0": 1.30015,
        "r_A": 1.03664,
        "a_0": 0.686289
    },
    "KDImagSpinOrbit": {
        "W1_0": -0.484663,
        "W2_0": 218.025
    },
    "KDImagVolume": {
        "W1_0_n": 13.2986,
        "W1_A_n": 0.0635288,
        "W1_0_p": 20.8947,
        "W1_A_p": 0.0562455,
        "W2_0": 135.583,
        "W2_A": -0.178992
    },
    "KDImagSurface": {
        "D1_0": 30.6271,
        "D1_asymm": 41.759,
        "D2_0": -0.000715861,
        "D2_A": 0.0366939,
        "D2_A2": 11.4184,
        "D2_A3": 247.489,
        "D3_0": 27.0256,
        "r_0": 1.55527,
        "r_A": 0.0683849,
        "a_0_n": 0.547379,
        "a_A_n": -0.00223807,
        "a_0_p": 0.514147,
        "a_A_p": 0.00184461
    }
}