{
    "ECS_p": 0.220474,
    "ECS_n": 0.229949,
    "APower_p": 0.419616,
    "APower_n": 0.332681,
    "RCS_p": 0.00841603,
    "TCS_n": 0.0266447
}