{
    "KDHartreeFock": {
        "V1_0": 59.073,
        "V1_asymm": 17.6522,
        "V1_A": 0.0280449,
        "V2_0_n": 0.00497563,
        "V2_A_n": -6.58451e-06,
        "V3_0_n": 3.02344e-06,
        "V3_A_n": -2.71268e-08,
        "V2_0_p": 0.00592022,
        "V2_A_p": 1.09333e-05,
        "V3_0_p": 6.78849e-06,
        "V3_A_p": 3.80188e-08,
        "V4_0": -1.71246e-08,
        "r_0": 1.3181,
        "r_A": 0.610865,
        "a_0": 0.708364,
        "a_A": 0.000224534
    },
    "KDCoulomb": {
        "r_C_0": 1.17948,
        "r_C_A": -0.0510357,
        "r_C_A2": 2.68751
    },
    "KDRealSpinOrbit": {
        "V1_0": 4.41909,
        "V1_A": 0.0173571,
        "V2_0": 0.00160516,
        "r_0": 1.10635,
        "r_A": 0.472556,
        "a_0": 0.634981
    },
    "KDImagSpinOrbit": {
        "W1_0": -1.04732,
        "W2_0": 59.8188
    },
    "KDImagVolume": {
        "W1_0_n": 18.2983,
        "W1_A_n": -0.0397607,
        "W1_0_p": 20.6269,
        "W1_A_p": 0.0281751,
        "W2_0": 85.3812,
        "W2_A": 0.032832
    },
    "KDImagSurface": {
        "D1_0": 24.6187,
        "D1_asymm": 45.3519,
        "D2_0": 0.0513981,
        "D2_A": -0.0158452,
        "D2_A2": 21.4752,
        "D2_A3": 370.576,
        "D3_0": 17.1132,
        "r_0": 1.40289,
        "r_A": 0.0321318,
        "a_0_n": 0.578698,
        "a_A_n": -0.000924236,
        "a_0_p": 0.508207,
        "a_A_p": 0.00128506
    }
}