{
    "ECS_p": 0.173276,
    "ECS_n": 0.254719,
    "APower_p": 0.258429,
    "APower_n": 0.266256,
    "RCS_p": 0.0138575,
    "TCS_n": 0.0246296
}