{
    "KDHartreeFock": {
        "V1_0": 57.5379,
        "V1_asymm": 14.0929,
        "V1_A": 0.0355024,
        "V2_0_n": 0.0075311,
        "V2_A_n": 8.22515e-06,
        "V3_0_n": 1.90182e-05,
        "V3_A_n": 5.93112e-08,
        "V2_0_p": 0.00735303,
        "V2_A_p": -1.08436e-06,
        "V3_0_p": 1.83048e-05,
        "V3_A_p": -2.7717e-08,
        "V4_0": -5.00861e-10,
        "r_0": 1.26833,
        "r_A": 0.21886,
        "a_0": 0.656129,
        "a_A": -0.000130402
    },
    "KDCoulomb": {
        "r_C_0": 1.24156,
        "r_C_A": 0.924756,
        "r_C_A2": 11.8213
    },
    "KDRealSpinOrbit": {
        "V1_0": 5.78703,
        "V1_A": 0.0012294,
        "V2_0": 0.00276475,
        "r_0": 1.20272,
        "r_A": 0.738077,
        "a_0": 0.638494
    },
    "KDImagSpinOrbit": {
        "W1_0": -2.68025,
        "W2_0": 267.699
    },
    "KDImagVolume": {
        "W1_0_n": 16.0074,
        "W1_A_n": 0.0290971,
        "W1_0_p": 12.9357,
        "W1_A_p": 0.0378887,
        "W2_0": 134.409,
        "W2_A": -0.114197
    },
    "KDImagSurface": {
        "D1_0": 13.6898,
        "D1_asymm": 1.63324,
        "D2_0": -0.0256465,
        "D2_A": 0.0421478,
        "D2_A2": 9.15264,
        "D2_A3": 391.019,
        "D3_0": 13.625,
        "r_0": 1.27765,
        "r_A": 0.00359669,
        "a_0_n": 0.604608,
        "a_A_n": 1.73381e-05,
        "a_0_p": 0.543353,
        "a_A_p": 0.000778671
    }
}