{
    "ECS_p": 0.341771,
    "ECS_n": 0.202103,
    "APower_p": 0.687034,
    "APower_n": 0.8306,
    "RCS_p": 0.0291931,
    "TCS_n": 0.021904
}