{
    "KDHartreeFock": {
        "V1_0": 57.1829,
        "V1_asymm": 18.1853,
        "V1_A": 0.017967,
        "V2_0_n": 0.00679671,
        "V2_A_n": -2.55598e-06,
        "V3_0_n": 1.65384e-05,
        "V3_A_n": -5.12139e-10,
        "V2_0_p": 0.00736046,
        "V2_A_p": 6.03053e-06,
        "V3_0_p": 2.27456e-05,
        "V3_A_p": 5.83878e-09,
        "V4_0": 1.67685e-08,
        "r_0": 1.26997,
        "r_A": 0.242082,
        "a_0": 0.661968,
        "a_A": -0.000249928
    },
    "KDCoulomb": {
        "r_C_0": 1.15184,
        "r_C_A": 1.54539,
        "r_C_A2": 21.5263
    },
    "KDRealSpinOrbit": {
        "V1_0": 3.4042,
        "V1_A": 0.0252949,
        "V2_0": 0.00435339,
        "r_0": 1.18297,
        "r_A": 0.542044,
        "a_0": 0.629008
    },
    "KDImagSpinOrbit": {
        "W1_0": -5.59262,
        "W2_0": 343.948
    },
    "KDImagVolume": {
        "W1_0_n": 22.7867,
        "W1_A_n": -0.00626456,
        "W1_0_p": 18.9185,
        "W1_A_p": -0.00712217,
        "W2_0": 131.134,
        "W2_A": -0.137687
    },
    "KDImagSurface": {
        "D1_0": 18.9542,
        "D1_asymm": 11.7357,
        "D2_0": 0.105285,
        "D2_A": -0.0813627,
        "D2_A2": 17.8125,
        "D2_A3": 459.608,
        "D3_0": 15.3245,
        "r_0": 1.39471,
        "r_A": 0.0192327,
        "a_0_n": 0.540044,
        "a_A_n": -2.48032e-05,
        "a_0_p": 0.464837,
        "a_A_p": 0.000820034
    }
}