{
    "ECS_p": 0.27576,
    "ECS_n": 0.242486,
    "APower_p": 0.257611,
    "APower_n": 0.275915,
    "RCS_p": 0.0278642,
    "TCS_n": 0.0315625
}