{
    "KDHartreeFock": {
        "V1_0": 59.0767,
        "V1_asymm": 19.0898,
        "V1_A": 0.0104142,
        "V2_0_n": 0.00626186,
        "V2_A_n": 1.0934e-06,
        "V3_0_n": 1.56142e-05,
        "V3_A_n": 2.80341e-08,
        "V2_0_p": 0.00745444,
        "V2_A_p": -6.48343e-06,
        "V3_0_p": 1.885e-05,
        "V3_A_p": -1.08325e-08,
        "V4_0": 5.48065e-09,
        "r_0": 1.17801,
        "r_A": 0.0983997,
        "a_0": 0.672583,
        "a_A": -0.000596151
    },
    "KDCoulomb": {
        "r_C_0": 1.2047,
        "r_C_A": 0.454383,
        "r_C_A2": 48.8511
    },
    "KDRealSpinOrbit": {
        "V1_0": 5.81527,
        "V1_A": -0.00333549,
        "V2_0": 0.00656291,
        "r_0": 1.12598,
        "r_A": 0.332829,
        "a_0": 0.591822
    },
    "KDImagSpinOrbit": {
        "W1_0": -4.85639,
        "W2_0": 193.173
    },
    "KDImagVolume": {
        "W1_0_n": 20.8543,
        "W1_A_n": 0.0707135,
        "W1_0_p": 26.6636,
        "W1_A_p": 0.0413295,
        "W2_0": 157.514,
        "W2_A": -0.0345073
    },
    "KDImagSurface": {
        "D1_0": 17.7516,
        "D1_asymm": 14.7319,
        "D2_0": 0.0779725,
        "D2_A": -0.050601,
        "D2_A2": 2.90946,
        "D2_A3": 368.01,
        "D3_0": 12.1472,
        "r_0": 1.42147,
        "r_A": 0.0351069,
        "a_0_n": 0.540216,
        "a_A_n": -0.000481291,
        "a_0_p": 0.517,
        "a_A_p": 0.00156329
    }
}