{
    "ECS_p": 0.315452,
    "ECS_n": 0.161933,
    "APower_p": 0.289349,
    "APower_n": 0.196425,
    "RCS_p": 0.00219864,
    "TCS_n": 0.0189096
}