{
    "KDHartreeFock": {
        "V1_0": 59.047,
        "V1_asymm": 3.1547,
        "V1_A": 0.0318245,
        "V2_0_n": 0.00663679,
        "V2_A_n": -3.13329e-06,
        "V3_0_n": 1.67802e-05,
        "V3_A_n": -1.22361e-08,
        "V2_0_p": 0.00646044,
        "V2_A_p": 3.06133e-06,
        "V3_0_p": 1.53931e-05,
        "V3_A_p": 3.18241e-08,
        "V4_0": 2.17124e-08,
        "r_0": 1.32072,
        "r_A": 0.53905,
        "a_0": 0.699402,
        "a_A": 0.000459803
    },
    "KDCoulomb": {
        "r_C_0": 1.34947,
        "r_C_A": 0.75246,
        "r_C_A2": 7.70518
    },
    "KDRealSpinOrbit": {
        "V1_0": 6.39871,
        "V1_A": 0.00839349,
        "V2_0": 0.00700173,
        "r_0": 1.1991,
        "r_A": 0.595568,
        "a_0": 0.662263
    },
    "KDImagSpinOrbit": {
        "W1_0": -6.32191,
        "W2_0": 256.43
    },
    "KDImagVolume": {
        "W1_0_n": 22.3075,
        "W1_A_n": 0.0463148,
        "W1_0_p": 14.98,
        "W1_A_p": 0.0703535,
        "W2_0": 83.3247,
        "W2_A": 0.591147
    },
    "KDImagSurface": {
        "D1_0": 12.4079,
        "D1_asymm": 13.5703,
        "D2_0": 0.0215318,
        "D2_A": -0.000103269,
        "D2_A2": 13.8145,
        "D2_A3": 209.778,
        "D3_0": 10.716,
        "r_0": 1.46552,
        "r_A": 0.0582044,
        "a_0_n": 0.540859,
        "a_A_n": -0.00146871,
        "a_0_p": 0.508321,
        "a_A_p": 0.00347248
    }
}