{
    "ECS_p": 0.326469,
    "ECS_n": 0.200032,
    "APower_p": 0.330931,
    "APower_n": 0.372146,
    "RCS_p": 0.00111878,
    "TCS_n": 0.0286134
}