{
    "KDHartreeFock": {
        "V1_0": 56.6396,
        "V1_asymm": 13.2787,
        "V1_A": 0.0134485,
        "V2_0_n": 0.00546209,
        "V2_A_n": -4.33637e-06,
        "V3_0_n": 4.76298e-06,
        "V3_A_n": 1.12793e-08,
        "V2_0_p": 0.00617891,
        "V2_A_p": 4.95724e-06,
        "V3_0_p": 3.01034e-06,
        "V3_A_p": 4.32975e-08,
        "V4_0": -2.66699e-08,
        "r_0": 1.27508,
        "r_A": 0.380516,
        "a_0": 0.666577,
        "a_A": -0.00022202
    },
    "KDCoulomb": {
        "r_C_0": 1.40121,
        "r_C_A": 1.19053,
        "r_C_A2": 18.92
    },
    "KDRealSpinOrbit": {
        "V1_0": 6.34725,
        "V1_A": -0.00720928,
        "V2_0": 0.00295794,
        "r_0": 1.19678,
        "r_A": 0.703719,
        "a_0": 0.679097
    },
    "KDImagSpinOrbit": {
        "W1_0": -5.97478,
        "W2_0": 328.759
    },
    "KDImagVolume": {
        "W1_0_n": 15.2295,
        "W1_A_n": 0.0516768,
        "W1_0_p": 17.5198,
        "W1_A_p": 0.0355811,
        "W2_0": 96.6376,
        "W2_A": 0.0287366
    },
    "KDImagSurface": {
        "D1_0": 38.8838,
        "D1_asymm": 13.5721,
        "D2_0": -0.01199,
        "D2_A": 0.0517139,
        "D2_A2": 20.8939,
        "D2_A3": 312.957,
        "D3_0": 26.1586,
        "r_0": 1.3393,
        "r_A": 0.013273,
        "a_0_n": 0.556318,
        "a_A_n": -0.000188376,
        "a_0_p": 0.532956,
        "a_A_p": 0.00153867
    }
}