{
    "ECS_p": 0.244761,
    "ECS_n": 0.177965,
    "APower_p": 0.423001,
    "APower_n": 0.221391,
    "RCS_p": 0.0153234,
    "TCS_n": 0.0272806
}