{
    "KDHartreeFock": {
        "V1_0": 59.9942,
        "V1_asymm": 16.015,
        "V1_A": 0.0248166,
        "V2_0_n": 0.00623372,
        "V2_A_n": 3.43865e-06,
        "V3_0_n": 1.07479e-05,
        "V3_A_n": 4.45353e-08,
        "V2_0_p": 0.00714162,
        "V2_A_p": -4.04037e-06,
        "V3_0_p": 1.43836e-05,
        "V3_A_p": -3.11955e-08,
        "V4_0": -1.62666e-08,
        "r_0": 1.2214,
        "r_A": 0.213453,
        "a_0": 0.672813,
        "a_A": -0.000409959
    },
    "KDCoulomb": {
        "r_C_0": 1.43653,
        "r_C_A": -0.399229,
        "r_C_A2": 8.88505
    },
    "KDRealSpinOrbit": {
        "V1_0": 5.38932,
        "V1_A": 0.00103239,
        "V2_0": 0.00257156,
        "r_0": 1.2501,
        "r_A": 0.936559,
        "a_0": 0.589122
    },
    "KDImagSpinOrbit": {
        "W1_0": -1.24785,
        "W2_0": 272.282
    },
    "KDImagVolume": {
        "W1_0_n": 17.9661,
        "W1_A_n": 0.00587477,
        "W1_0_p": 27.683,
        "W1_A_p": -0.0297392,
        "W2_0": 148.125,
        "W2_A": -0.30651
    },
    "KDImagSurface": {
        "D1_0": 13.923,
        "D1_asymm": 17.0238,
        "D2_0": 0.0193971,
        "D2_A": -0.000183784,
        "D2_A2": 9.7298,
        "D2_A3": 298.483,
        "D3_0": 10.3241,
        "r_0": 1.35668,
        "r_A": 0.0260445,
        "a_0_n": 0.594246,
        "a_A_n": -2.28288e-06,
        "a_0_p": 0.536979,
        "a_A_p": 0.00035009
    }
}