{
    "ECS_p": 0.333672,
    "ECS_n": 0.161518,
    "APower_p": 0.349227,
    "APower_n": 0.159072,
    "RCS_p": 0.00826845,
    "TCS_n": 0.0209056
}