{
    "KDHartreeFock": {
        "V1_0": 55.0829,
        "V1_asymm": 13.2388,
        "V1_A": 0.0242093,
        "V2_0_n": 0.0035588,
        "V2_A_n": -1.68763e-06,
        "V3_0_n": -1.71294e-05,
        "V3_A_n": -4.56969e-09,
        "V2_0_p": 0.00694267,
        "V2_A_p": 2.66925e-06,
        "V3_0_p": 6.27852e-06,
        "V3_A_p": -3.26829e-09,
        "V4_0": -6.40129e-08,
        "r_0": 1.33261,
        "r_A": 0.522491,
        "a_0": 0.693181,
        "a_A": 0.000112341
    },
    "KDCoulomb": {
        "r_C_0": 1.31418,
        "r_C_A": 1.7751,
        "r_C_A2": 26.0385
    },
    "KDRealSpinOrbit": {
        "V1_0": 5.2204,
        "V1_A": 0.0182395,
        "V2_0": 0.00955499,
        "r_0": 1.30319,
        "r_A": 0.932962,
        "a_0": 0.603137
    },
    "KDImagSpinOrbit": {
        "W1_0": -5.70469,
        "W2_0": 341.384
    },
    "KDImagVolume": {
        "W1_0_n": 24.0591,
        "W1_A_n": -0.0175376,
        "W1_0_p": 20.2273,
        "W1_A_p": -0.00742372,
        "W2_0": 121.307,
        "W2_A": -0.214834
    },
    "KDImagSurface": {
        "D1_0": 18.2379,
        "D1_asymm": 7.41226,
        "D2_0": 0.026991,
        "D2_A": 0.00370931,
        "D2_A2": 16.057,
        "D2_A3": 372.258,
        "D3_0": 13.3659,
        "r_0": 1.30917,
        "r_A": 0.00387365,
        "a_0_n": 0.582647,
        "a_A_n": 0.000572916,
        "a_0_p": 0.539617,
        "a_A_p": 0.00193961
    }
}