{
    "ECS_p": 0.288825,
    "ECS_n": 0.242492,
    "APower_p": 0.344215,
    "APower_n": 0.0710834,
    "RCS_p": 0.0226919,
    "TCS_n": 0.0177318
}