{
    "KDHartreeFock": {
        "V1_0": 60.3268,
        "V1_asymm": 4.84305,
        "V1_A": 0.0536845,
        "V2_0_n": 0.0055499,
        "V2_A_n": 5.82526e-06,
        "V3_0_n": -1.06469e-06,
        "V3_A_n": 2.59886e-08,
        "V2_0_p": 0.00630319,
        "V2_A_p": -1.94687e-06,
        "V3_0_p": 7.54483e-06,
        "V3_A_p": -3.46051e-08,
        "V4_0": -3.49079e-08,
        "r_0": 1.30021,
        "r_A": 0.462155,
        "a_0": 0.707944,
        "a_A": 0.000106385
    },
    "KDCoulomb": {
        "r_C_0": 1.31113,
        "r_C_A": 0.124097,
        "r_C_A2": 20.6389
    },
    "KDRealSpinOrbit": {
        "V1_0": 6.59798,
        "V1_A": 0.00363845,
        "V2_0": 0.00497445,
        "r_0": 1.2526,
        "r_A": 0.812455,
        "a_0": 0.578907
    },
    "KDImagSpinOrbit": {
        "W1_0": -1.226,
        "W2_0": 174.884
    },
    "KDImagVolume": {
        "W1_0_n": 20.2357,
        "W1_A_n": 0.0105838,
        "W1_0_p": 17.4961,
        "W1_A_p": 0.0160522,
        "W2_0": 80.2001,
        "W2_A": 0.194112
    },
    "KDImagSurface": {
        "D1_0": 18.0907,
        "D1_asymm": 9.68114,
        "D2_0": -0.00845983,
        "D2_A": 0.036756,
        "D2_A2": 15.6036,
        "D2_A3": 244.431,
        "D3_0": 12.3996,
        "r_0": 1.28193,
        "r_A": 0.00626649,
        "a_0_n": 0.497654,
        "a_A_n": -0.000370469,
        "a_0_p": 0.49424,
        "a_A_p": 0.00176938
    }
}