{
    "ECS_p": 0.354099,
    "ECS_n": 0.221769,
    "APower_p": 0.644966,
    "APower_n": 0.496758,
    "RCS_p": 0.0285024,
    "TCS_n": 0.0293866
}