{
    "KDHartreeFock": {
        "V1_0": 60.9775,
        "V1_asymm": 12.8449,
        "V1_A": 0.0429625,
        "V2_0_n": 0.00623624,
        "V2_A_n": -1.61479e-06,
        "V3_0_n": 1.01315e-05,
        "V3_A_n": -2.58686e-08,
        "V2_0_p": 0.00595491,
        "V2_A_p": 1.42682e-05,
        "V3_0_p": 1.02609e-05,
        "V3_A_p": 9.47528e-08,
        "V4_0": 6.57885e-09,
        "r_0": 1.29933,
        "r_A": 0.551318,
        "a_0": 0.696569,
        "a_A": -0.000383935
    },
    "KDCoulomb": {
        "r_C_0": 1.50903,
        "r_C_A": 1.92754,
        "r_C_A2": 19.5364
    },
    "KDRealSpinOrbit": {
        "V1_0": 6.83452,
        "V1_A": 0.0103933,
        "V2_0": 0.0119048,
        "r_0": 1.24181,
        "r_A": 0.647672,
        "a_0": 0.549257
    },
    "KDImagSpinOrbit": {
        "W1_0": -6.34357,
        "W2_0": 244.753
    },
    "KDImagVolume": {
        "W1_0_n": 25.2041,
        "W1_A_n": 0.0246765,
        "W1_0_p": 18.8578,
        "W1_A_p": 0.0837133,
        "W2_0": 92.3209,
        "W2_A": 0.581939
    },
    "KDImagSurface": {
        "D1_0": 20.9819,
        "D1_asymm": 7.89571,
        "D2_0": 0.0248308,
        "D2_A": -0.00504516,
        "D2_A2": 18.4979,
        "D2_A3": -198.981,
        "D3_0": 20.5425,
        "r_0": 1.25958,
        "r_A": -0.00739444,
        "a_0_n": 0.534519,
        "a_A_n": -0.000568586,
        "a_0_p": 0.470428,
        "a_A_p": 0.00173496
    }
}