{
    "ECS_p": 0.34971,
    "ECS_n": 0.191417,
    "APower_p": 0.210651,
    "APower_n": 0.192127,
    "RCS_p": 0.00723662,
    "TCS_n": 0.0287009
}