{
    "KDHartreeFock": {
        "V1_0": 58.4102,
        "V1_asymm": 8.69875,
        "V1_A": 0.0263332,
        "V2_0_n": 0.00692181,
        "V2_A_n": 4.04184e-06,
        "V3_0_n": 2.30083e-05,
        "V3_A_n": 3.73684e-08,
        "V2_0_p": 0.00714077,
        "V2_A_p": 2.6768e-06,
        "V3_0_p": 2.04773e-05,
        "V3_A_p": 2.69917e-08,
        "V4_0": 3.39542e-08,
        "r_0": 1.3156,
        "r_A": 0.594067,
        "a_0": 0.716574,
        "a_A": -5.93543e-07
    },
    "KDCoulomb": {
        "r_C_0": 1.2304,
        "r_C_A": 0.138987,
        "r_C_A2": -15.0747
    },
    "KDRealSpinOrbit": {
        "V1_0": 6.13192,
        "V1_A": -0.0091624,
        "V2_0": 0.00214696,
        "r_0": 1.2346,
        "r_A": 0.760058,
        "a_0": 0.605177
    },
    "KDImagSpinOrbit": {
        "W1_0": -1.80636,
        "W2_0": 125.169
    },
    "KDImagVolume": {
        "W1_0_n": 23.4298,
        "W1_A_n": -0.021687,
        "W1_0_p": 32.1681,
        "W1_A_p": -0.0360941,
        "W2_0": 156.326,
        "W2_A": -0.103852
    },
    "KDImagSurface": {
        "D1_0": 19.3858,
        "D1_asymm": -5.70492,
        "D2_0": 0.0245203,
        "D2_A": 0.00411637,
        "D2_A2": 6.80843,
        "D2_A3": 105.705,
        "D3_0": 17.13,
        "r_0": 1.34718,
        "r_A": 0.0197419,
        "a_0_n": 0.577461,
        "a_A_n": 5.15048e-05,
        "a_0_p": 0.604139,
        "a_A_p": 0.00181223
    }
}