{
    "ECS_p": 0.333881,
    "ECS_n": 0.389285,
    "APower_p": 0.510989,
    "APower_n": 0.571173,
    "RCS_p": 0.0310784,
    "TCS_n": 0.0478192
}