{
    "KDHartreeFock": {
        "V1_0": 62.1917,
        "V1_asymm": 16.0796,
        "V1_A": 0.0433378,
        "V2_0_n": 0.00600795,
        "V2_A_n": 3.57225e-06,
        "V3_0_n": 8.21252e-06,
        "V3_A_n": 5.43662e-08,
        "V2_0_p": 0.00678005,
        "V2_A_p": 6.88704e-06,
        "V3_0_p": 1.12362e-05,
        "V3_A_p": 1.55604e-08,
        "V4_0": -2.54473e-08,
        "r_0": 1.28953,
        "r_A": 0.529783,
        "a_0": 0.640628,
        "a_A": -0.000845329
    },
    "KDCoulomb": {
        "r_C_0": 1.30134,
        "r_C_A": 0.889652,
        "r_C_A2": 17.3756
    },
    "KDRealSpinOrbit": {
        "V1_0": 5.3436,
        "V1_A": 0.0022784,
        "V2_0": 0.00235784,
        "r_0": 1.33986,
        "r_A": 1.32315,
        "a_0": 0.571905
    },
    "KDImagSpinOrbit": {
        "W1_0": -1.52334,
        "W2_0": 124.514
    },
    "KDImagVolume": {
        "W1_0_n": 18.5919,
        "W1_A_n": -0.00218379,
        "W1_0_p": 21.5711,
        "W1_A_p": 0.0121222,
        "W2_0": 98.5704,
        "W2_A": -0.0347676
    },
    "KDImagSurface": {
        "D1_0": 17.322,
        "D1_asymm": 31.3945,
        "D2_0": 0.0294614,
        "D2_A": 0.00175686,
        "D2_A2": 5.34608,
        "D2_A3": 373.487,
        "D3_0": 12.6925,
        "r_0": 1.37626,
        "r_A": 0.0173971,
        "a_0_n": 0.505206,
        "a_A_n": -0.000861253,
        "a_0_p": 0.477032,
        "a_A_p": 0.00122231
    }
}