{
    "ECS_p": 0.27018,
    "ECS_n": 0.179961,
    "APower_p": 0.390051,
    "APower_n": 0.341473,
    "RCS_p": 0.017156,
    "TCS_n": 0.0231925
}