{
    "KDHartreeFock": {
        "V1_0": 56.2665,
        "V1_asymm": 11.3204,
        "V1_A": 0.0225469,
        "V2_0_n": 0.00492233,
        "V2_A_n": 3.52903e-06,
        "V3_0_n": -1.1097e-05,
        "V3_A_n": 4.10136e-08,
        "V2_0_p": 0.00361558,
        "V2_A_p": 1.07866e-05,
        "V3_0_p": -1.59614e-05,
        "V3_A_p": 5.49341e-08,
        "V4_0": -7.11415e-08,
        "r_0": 1.28015,
        "r_A": 0.382612,
        "a_0": 0.665964,
        "a_A": -0.000174512
    },
    "KDCoulomb": {
        "r_C_0": 1.15052,
        "r_C_A": 2.02013,
        "r_C_A2": 19.7236
    },
    "KDRealSpinOrbit": {
        "V1_0": 4.80376,
        "V1_A": 0.0123979,
        "V2_0": 0.00303879,
        "r_0": 1.12338,
        "r_A": 0.487688,
        "a_0": 0.662245
    },
    "KDImagSpinOrbit": {
        "W1_0": -7.4691,
        "W2_0": 198.15
    },
    "KDImagVolume": {
        "W1_0_n": 24.9182,
        "W1_A_n": -0.0166601,
        "W1_0_p": 20.9829,
        "W1_A_p": 0.00722567,
        "W2_0": 108.86,
        "W2_A": -0.134104
    },
    "KDImagSurface": {
        "D1_0": 15.233,
        "D1_asymm": 4.59773,
        "D2_0": -0.00694903,
        "D2_A": 0.0284483,
        "D2_A2": 4.26572,
        "D2_A3": 439.968,
        "D3_0": 14.0251,
        "r_0": 1.22169,
        "r_A": -0.0171094,
        "a_0_n": 0.579753,
        "a_A_n": 0.00061032,
        "a_0_p": 0.505014,
        "a_A_p": 0.00102341
    }
}