{
    "ECS_p": 0.231444,
    "ECS_n": 0.189735,
    "APower_p": 0.356487,
    "APower_n": 0.254177,
    "RCS_p": 0.0236724,
    "TCS_n": 0.0263782
}