{
    "KDHartreeFock": {
        "V1_0": 53.9959,
        "V1_asymm": 15.6259,
        "V1_A": 0.00388303,
        "V2_0_n": 0.00492903,
        "V2_A_n": -1.9133e-06,
        "V3_0_n": -1.6628e-06,
        "V3_A_n": 5.28304e-09,
        "V2_0_p": 0.00576837,
        "V2_A_p": 6.56186e-06,
        "V3_0_p": 1.12274e-05,
        "V3_A_p": -2.1752e-08,
        "V4_0": -3.60252e-08,
        "r_0": 1.25889,
        "r_A": 0.198498,
        "a_0": 0.698849,
        "a_A": 0.000264983
    },
    "KDCoulomb": {
        "r_C_0": 0.92211,
        "r_C_A": 1.67658,
        "r_C_A2": 6.4432
    },
    "KDRealSpinOrbit": {
        "V1_0": 5.83656,
        "V1_A": 0.0209351,
        "V2_0": 0.0122475,
        "r_0": 1.25916,
        "r_A": 0.824084,
        "a_0": 0.554097
    },
    "KDImagSpinOrbit": {
        "W1_0": -5.40778,
        "W2_0": 227.838
    },
    "KDImagVolume": {
        "W1_0_n": 16.1935,
        "W1_A_n": 0.0237249,
        "W1_0_p": 13.122,
        "W1_A_p": 0.0376936,
        "W2_0": 67.3271,
        "W2_A": -0.00767563
    },
    "KDImagSurface": {
        "D1_0": 28.3666,
        "D1_asymm": 46.2536,
        "D2_0": 0.0655822,
        "D2_A": -0.0247024,
        "D2_A2": -1.96433,
        "D2_A3": -37.765,
        "D3_0": 18.55,
        "r_0": 1.29801,
        "r_A": 0.00812546,
        "a_0_n": 0.60185,
        "a_A_n": 0.000317281,
        "a_0_p": 0.554815,
        "a_A_p": 0.000544294
    }
}