{
    "ECS_p": 0.490081,
    "ECS_n": 0.285475,
    "APower_p": 0.688923,
    "APower_n": 0.865548,
    "RCS_p": 0.027145,
    "TCS_n": 0.0229642
}