{
    "KDHartreeFock": {
        "V1_0": 56.0854,
        "V1_asymm": 17.1722,
        "V1_A": 0.011882,
        "V2_0_n": 0.00523226,
        "V2_A_n": -1.02542e-06,
        "V3_0_n": 4.62028e-06,
        "V3_A_n": -1.43069e-09,
        "V2_0_p": 0.00807163,
        "V2_A_p": 3.14986e-06,
        "V3_0_p": 2.22878e-05,
        "V3_A_p": 2.10523e-08,
        "V4_0": -4.03264e-09,
        "r_0": 1.29786,
        "r_A": 0.380058,
        "a_0": 0.651075,
        "a_A": -0.000107038
    },
    "KDCoulomb": {
        "r_C_0": 1.20808,
        "r_C_A": -0.750722,
        "r_C_A2": 29.2366
    },
    "KDRealSpinOrbit": {
        "V1_0": 4.28502,
        "V1_A": 0.00477262,
        "V2_0": 0.00580963,
        "r_0": 1.3034,
        "r_A": 1.00471,
        "a_0": 0.554343
    },
    "KDImagSpinOrbit": {
        "W1_0": -8.68673,
        "W2_0": 344.782
    },
    "KDImagVolume": {
        "W1_0_n": 20.1839,
        "W1_A_n": 0.0253636,
        "W1_0_p": 16.1119,
        "W1_A_p": 0.0372371,
        "W2_0": 83.7504,
        "W2_A": 0.305609
    },
    "KDImagSurface": {
        "D1_0": 16.1813,
        "D1_asymm": 4.20695,
        "D2_0": 0.0251503,
        "D2_A": -8.40185e-05,
        "D2_A2": 10.7918,
        "D2_A3": 129.15,
        "D3_0": 11.9904,
        "r_0": 1.33387,
        "r_A": 0.0215083,
        "a_0_n": 0.61446,
        "a_A_n": 0.000696813,
        "a_0_p": 0.509531,
        "a_A_p": 0.00167001
    }
}