{
    "ECS_p": 0.405315,
    "ECS_n": 0.136629,
    "APower_p": 0.85824,
    "APower_n": 0.519054,
    "RCS_p": 0.0266734,
    "TCS_n": 0.0321471
}