{
    "KDHartreeFock": {
        "V1_0": 56.1664,
        "V1_asymm": 12.9399,
        "V1_A": 0.0192281,
        "V2_0_n": 0.00555401,
        "V2_A_n": -6.59097e-06,
        "V3_0_n": 5.95124e-06,
        "V3_A_n": -3.42385e-08,
        "V2_0_p": 0.00502797,
        "V2_A_p": 1.58724e-05,
        "V3_0_p": 7.02292e-06,
        "V3_A_p": 7.10533e-08,
        "V4_0": -1.20563e-08,
        "r_0": 1.30181,
        "r_A": 0.400777,
        "a_0": 0.664135,
        "a_A": -6.09364e-05
    },
    "KDCoulomb": {
        "r_C_0": 1.3036,
        "r_C_A": 0.575111,
        "r_C_A2": 31.3774
    },
    "KDRealSpinOrbit": {
        "V1_0": 6.19238,
        "V1_A": 0.000434406,
        "V2_0": 0.00766363,
        "r_0": 1.12797,
        "r_A": 0.155828,
        "a_0": 0.62687
    },
    "KDImagSpinOrbit": {
        "W1_0": -0.93312,
        "W2_0": 401.119
    },
    "KDImagVolume": {
        "W1_0_n": 22.0552,
        "W1_A_n": -0.0675818,
        "W1_0_p": 15.999,
        "W1_A_p": 0.00289085,
        "W2_0": 100.615,
        "W2_A": -0.0790928
    },
    "KDImagSurface": {
        "D1_0": 22.5843,
        "D1_asymm": -1.26627,
        "D2_0": 0.0320205,
        "D2_A": -0.0034438,
        "D2_A2": 48.2022,
        "D2_A3": -38.6708,
        "D3_0": 17.8798,
        "r_0": 1.31265,
        "r_A": 0.00347051,
        "a_0_n": 0.547852,
        "a_A_n": -0.000152819,
        "a_0_p": 0.480211,
        "a_A_p": 0.0010938
    }
}