{
    "ECS_p": 0.342296,
    "ECS_n": 0.21761,
    "APower_p": 0.335565,
    "APower_n": 0.226859,
    "RCS_p": 0.0190297,
    "TCS_n": 0.0293249
}