{
    "KDHartreeFock": {
        "V1_0": 56.69,
        "V1_asymm": 11.4813,
        "V1_A": 0.0162659,
        "V2_0_n": 0.00681581,
        "V2_A_n": 1.85246e-06,
        "V3_0_n": 1.86097e-05,
        "V3_A_n": 1.9096e-08,
        "V2_0_p": 0.0070009,
        "V2_A_p": 8.23607e-06,
        "V3_0_p": 2.01795e-05,
        "V3_A_p": 4.76323e-08,
        "V4_0": 2.09456e-08,
        "r_0": 1.29115,
        "r_A": 0.363712,
        "a_0": 0.701818,
        "a_A": 0.000360609
    },
    "KDCoulomb": {
        "r_C_0": 1.27376,
        "r_C_A": 1.62754,
        "r_C_A2": 17.8307
    },
    "KDRealSpinOrbit": {
        "V1_0": 5.60281,
        "V1_A": 0.00878025,
        "V2_0": 0.00459424,
        "r_0": 1.1633,
        "r_A": 0.590195,
        "a_0": 0.636405
    },
    "KDImagSpinOrbit": {
        "W1_0": -5.1171,
        "W2_0": 464.732
    },
    "KDImagVolume": {
        "W1_0_n": 22.3097,
        "W1_A_n": -0.0199709,
        "W1_0_p": 17.9636,
        "W1_A_p": 0.0131746,
        "W2_0": 127.697,
        "W2_A": -0.321321
    },
    "KDImagSurface": {
        "D1_0": 16.4148,
        "D1_asymm": 11.7474,
        "D2_0": 0.0346179,
        "D2_A": -0.0105593,
        "D2_A2": 12.2471,
        "D2_A3": 131.988,
        "D3_0": 13.8578,
        "r_0": 1.35197,
        "r_A": 0.0143009,
        "a_0_n": 0.567208,
        "a_A_n": 7.91657e-05,
        "a_0_p": 0.500285,
        "a_A_p": 0.00175334
    }
}