{
    "ECS_p": 0.419614,
    "ECS_n": 0.362202,
    "APower_p": 0.765065,
    "APower_n": 0.507895,
    "RCS_p": 0.00050666,
    "TCS_n": 0.0364562
}