{
    "KDHartreeFock": {
        "V1_0": 56.2297,
        "V1_asymm": 11.9469,
        "V1_A": 0.0237039,
        "V2_0_n": 0.00479891,
        "V2_A_n": 1.32566e-05,
        "V3_0_n": -6.13956e-06,
        "V3_A_n": 8.76217e-08,
        "V2_0_p": 0.00535775,
        "V2_A_p": 4.83596e-06,
        "V3_0_p": -5.9127e-06,
        "V3_A_p": 4.48019e-08,
        "V4_0": -5.82859e-08,
        "r_0": 1.27524,
        "r_A": 0.319734,
        "a_0": 0.635028,
        "a_A": -4.5208e-05
    },
    "KDCoulomb": {
        "r_C_0": 1.12815,
        "r_C_A": 2.36393,
        "r_C_A2": 7.03249
    },
    "KDRealSpinOrbit": {
        "V1_0": 6.19078,
        "V1_A": -0.0153459,
        "V2_0": 0.00210682,
        "r_0": 1.1609,
        "r_A": 0.450247,
        "a_0": 0.618572
    },
    "KDImagSpinOrbit": {
        "W1_0": -7.5754,
        "W2_0": 477.848
    },
    "KDImagVolume": {
        "W1_0_n": 14.2882,
        "W1_A_n": 0.0367504,
        "W1_0_p": 17.1577,
        "W1_A_p": 0.00633387,
        "W2_0": 78.8418,
        "W2_A": -0.0414355
    },
    "KDImagSurface": {
        "D1_0": 24.8671,
        "D1_asymm": 18.1551,
        "D2_0": 0.0326677,
        "D2_A": 0.0151092,
        "D2_A2": -4.37172,
        "D2_A3": 325.544,
        "D3_0": 17.0265,
        "r_0": 1.37355,
        "r_A": 0.0174719,
        "a_0_n": 0.597268,
        "a_A_n": 0.000866314,
        "a_0_p": 0.452635,
        "a_A_p": 0.00088345
    }
}