{
    "ECS_p": 0.303287,
    "ECS_n": 0.227544,
    "APower_p": 0.441146,
    "APower_n": 0.380121,
    "RCS_p": 0.0078027,
    "TCS_n": 0.0369626
}