{
    "KDHartreeFock": {
        "V1_0": 59.0148,
        "V1_asymm": 10.4245,
        "V1_A": 0.028262,
        "V2_0_n": 0.00752807,
        "V2_A_n": 2.39561e-06,
        "V3_0_n": 2.29798e-05,
        "V3_A_n": 3.7482e-08,
        "V2_0_p": 0.00794924,
        "V2_A_p": -4.78079e-06,
        "V3_0_p": 2.28097e-05,
        "V3_A_p": -2.45076e-08,
        "V4_0": 1.03275e-08,
        "r_0": 1.22646,
        "r_A": 0.15119,
        "a_0": 0.688983,
        "a_A": -8.53087e-05
    },
    "KDCoulomb": {
        "r_C_0": 1.08338,
        "r_C_A": 0.230744,
        "r_C_A2": 9.19722
    },
    "KDRealSpinOrbit": {
        "V1_0": 6.08005,
        "V1_A": 0.00639629,
        "V2_0": 0.00696779,
        "r_0": 1.14358,
        "r_A": 0.38467,
        "a_0": 0.580684
    },
    "KDImagSpinOrbit": {
        "W1_0": -3.47353,
        "W2_0": 133.435
    },
    "KDImagVolume": {
        "W1_0_n": 13.1006,
        "W1_A_n": 0.0749765,
        "W1_0_p": 13.6893,
        "W1_A_p": 0.0902509,
        "W2_0": 101.615,
        "W2_A": 0.157631
    },
    "KDImagSurface": {
        "D1_0": 18.5806,
        "D1_asymm": 3.55871,
        "D2_0": 0.0678365,
        "D2_A": -0.0432894,
        "D2_A2": -2.08248,
        "D2_A3": 14.8401,
        "D3_0": 13.8704,
        "r_0": 1.34848,
        "r_A": 0.0114434,
        "a_0_n": 0.507906,
        "a_A_n": -9.04977e-05,
        "a_0_p": 0.450317,
        "a_A_p": 0.00117266
    }
}