{
    "ECS_p": 0.30081,
    "ECS_n": 0.219482,
    "APower_p": 0.852777,
    "APower_n": 0.543081,
    "RCS_p": 0.0277041,
    "TCS_n": 0.0451126
}