{
    "KDHartreeFock": {
        "V1_0": 59.3345,
        "V1_asymm": 5.1482,
        "V1_A": 0.0262958,
        "V2_0_n": 0.00438168,
        "V2_A_n": -1.42978e-05,
        "V3_0_n": 1.54724e-06,
        "V3_A_n": -7.74227e-08,
        "V2_0_p": 0.00439187,
        "V2_A_p": 1.3641e-05,
        "V3_0_p": 1.48263e-06,
        "V3_A_p": 9.07258e-08,
        "V4_0": 3.66716e-09,
        "r_0": 1.28755,
        "r_A": 0.564573,
        "a_0": 0.669001,
        "a_A": -0.000487407
    },
    "KDCoulomb": {
        "r_C_0": 1.40163,
        "r_C_A": 1.60332,
        "r_C_A2": 17.5044
    },
    "KDRealSpinOrbit": {
        "V1_0": 5.22469,
        "V1_A": 0.0100825,
        "V2_0": 0.0088463,
        "r_0": 1.18502,
        "r_A": 0.522955,
        "a_0": 0.557799
    },
    "KDImagSpinOrbit": {
        "W1_0": -7.66883,
        "W2_0": 316.535
    },
    "KDImagVolume": {
        "W1_0_n": 26.1405,
        "W1_A_n": -0.0301908,
        "W1_0_p": 20.9472,
        "W1_A_p": 0.0245219,
        "W2_0": 86.6178,
        "W2_A": -0.00104115
    },
    "KDImagSurface": {
        "D1_0": 18.8645,
        "D1_asymm": 17.0506,
        "D2_0": 0.0317581,
        "D2_A": -0.0343468,
        "D2_A2": 8.63941,
        "D2_A3": -33.0532,
        "D3_0": 11.9371,
        "r_0": 1.40633,
        "r_A": 0.0154861,
        "a_0_n": 0.556925,
        "a_A_n": 0.000991831,
        "a_0_p": 0.495884,
        "a_A_p": 0.00058781
    }
}