{
    "ECS_p": 0.264777,
    "ECS_n": 0.194835,
    "APower_p": 0.359226,
    "APower_n": 0.387771,
    "RCS_p": 0.0231441,
    "TCS_n": 0.0194568
}