{
    "KDHartreeFock": {
        "V1_0": 57.2369,
        "V1_asymm": 20.6474,
        "V1_A": 0.0180605,
        "V2_0_n": 0.00622764,
        "V2_A_n": 7.94468e-06,
        "V3_0_n": 7.81051e-06,
        "V3_A_n": 5.87066e-08,
        "V2_0_p": 0.00455001,
        "V2_A_p": 1.78651e-05,
        "V3_0_p": -1.89367e-06,
        "V3_A_p": 9.58558e-08,
        "V4_0": -2.45699e-08,
        "r_0": 1.27119,
        "r_A": 0.332754,
        "a_0": 0.658468,
        "a_A": -0.000189311
    },
    "KDCoulomb": {
        "r_C_0": 1.06746,
        "r_C_A": 2.47928,
        "r_C_A2": 37.0923
    },
    "KDRealSpinOrbit": {
        "V1_0": 4.72725,
        "V1_A": 0.00643136,
        "V2_0": 0.00195209,
        "r_0": 1.09242,
        "r_A": 0.255612,
        "a_0": 0.603256
    },
    "KDImagSpinOrbit": {
        "W1_0": -1.52786,
        "W2_0": 68.7469
    },
    "KDImagVolume": {
        "W1_0_n": 14.3136,
        "W1_A_n": 0.0313096,
        "W1_0_p": 10.6761,
        "W1_A_p": 0.0839938,
        "W2_0": 59.3832,
        "W2_A": 0.202978
    },
    "KDImagSurface": {
        "D1_0": 12.99,
        "D1_asymm": 22.158,
        "D2_0": 0.0524586,
        "D2_A": -0.0340143,
        "D2_A2": 7.81158,
        "D2_A3": 236.189,
        "D3_0": 9.2841,
        "r_0": 1.26705,
        "r_A": 0.00705969,
        "a_0_n": 0.511037,
        "a_A_n": -0.000911189,
        "a_0_p": 0.526576,
        "a_A_p": 0.000913399
    }
}