{
    "ECS_p": 0.217461,
    "ECS_n": 0.232219,
    "APower_p": 0.329817,
    "APower_n": 0.151075,
    "RCS_p": 0.00639065,
    "TCS_n": 0.0401011
}