{
    "KDHartreeFock": {
        "V1_0": 59.9679,
        "V1_asymm": 15.716,
        "V1_A": 0.0232191,
        "V2_0_n": 0.006517,
        "V2_A_n": 1.51901e-05,
        "V3_0_n": 3.77823e-06,
        "V3_A_n": 8.00472e-08,
        "V2_0_p": 0.0054297,
        "V2_A_p": 7.22137e-06,
        "V3_0_p": -9.86484e-07,
        "V3_A_p": 6.57912e-08,
        "V4_0": -4.16743e-08,
        "r_0": 1.22264,
        "r_A": 0.28272,
        "a_0": 0.686748,
        "a_A": -0.000296961
    },
    "KDCoulomb": {
        "r_C_0": 1.16757,
        "r_C_A": 0.921312,
        "r_C_A2": 22.4047
    },
    "KDRealSpinOrbit": {
        "V1_0": 6.71749,
        "V1_A": -2.46476e-05,
        "V2_0": 0.0038343,
        "r_0": 1.11325,
        "r_A": 0.343005,
        "a_0": 0.606019
    },
    "KDImagSpinOrbit": {
        "W1_0": -2.60735,
        "W2_0": 166.788
    },
    "KDImagVolume": {
        "W1_0_n": 21.0813,
        "W1_A_n": 0.0370508,
        "W1_0_p": 14.7823,
        "W1_A_p": 0.0760815,
        "W2_0": 121.587,
        "W2_A": 0.0505374
    },
    "KDImagSurface": {
        "D1_0": 12.8699,
        "D1_asymm": 12.2735,
        "D2_0": 0.0176204,
        "D2_A": 0.00413277,
        "D2_A2": -3.45042,
        "D2_A3": 122.167,
        "D3_0": 12.4683,
        "r_0": 1.34534,
        "r_A": 0.0159649,
        "a_0_n": 0.590035,
        "a_A_n": -0.000539932,
        "a_0_p": 0.449358,
        "a_A_p": 0.0017621
    }
}