{
    "ECS_p": 0.505873,
    "ECS_n": 0.377561,
    "APower_p": 0.645607,
    "APower_n": 0.502892,
    "RCS_p": 0.0360045,
    "TCS_n": 0.0645737
}