{
    "KDHartreeFock": {
        "V1_0": 60.0435,
        "V1_asymm": 6.35143,
        "V1_A": 0.0346718,
        "V2_0_n": 0.00633976,
        "V2_A_n": -6.50716e-06,
        "V3_0_n": 1.65417e-05,
        "V3_A_n": 1.18236e-08,
        "V2_0_p": 0.00584216,
        "V2_A_p": 1.69511e-05,
        "V3_0_p": 8.26866e-06,
        "V3_A_p": 1.04336e-07,
        "V4_0": 1.48149e-09,
        "r_0": 1.32346,
        "r_A": 0.574931,
        "a_0": 0.655757,
        "a_A": -0.000322708
    },
    "KDCoulomb": {
        "r_C_0": 1.37897,
        "r_C_A": 0.668767,
        "r_C_A2": 25.6485
    },
    "KDRealSpinOrbit": {
        "V1_0": 6.1203,
        "V1_A": -0.00724273,
        "V2_0": 0.00757849,
        "r_0": 1.21884,
        "r_A": 0.614955,
        "a_0": 0.519811
    },
    "KDImagSpinOrbit": {
        "W1_0": -6.19907,
        "W2_0": 266.711
    },
    "KDImagVolume": {
        "W1_0_n": 17.1707,
        "W1_A_n": 0.00787726,
        "W1_0_p": 20.7584,
        "W1_A_p": 0.00547809,
        "W2_0": 141.048,
        "W2_A": -0.27874
    },
    "KDImagSurface": {
        "D1_0": 16.7929,
        "D1_asymm": -0.751577,
        "D2_0": 0.0496997,
        "D2_A": -0.0312792,
        "D2_A2": 13.5871,
        "D2_A3": 219.671,
        "D3_0": 16.8897,
        "r_0": 1.38572,
        "r_A": 0.0295515,
        "a_0_n": 0.478517,
        "a_A_n": -0.000317101,
        "a_0_p": 0.435581,
        "a_A_p": 0.00249042
    }
}