{
    "ECS_p": 0.293677,
    "ECS_n": 0.217394,
    "APower_p": 0.442748,
    "APower_n": 0.0999034,
    "RCS_p": 0.0287568,
    "TCS_n": 0.0237275
}