{
    "KDHartreeFock": {
        "V1_0": 58.3457,
        "V1_asymm": 18.0219,
        "V1_A": 0.0179668,
        "V2_0_n": 0.00504151,
        "V2_A_n": 7.57204e-06,
        "V3_0_n": -1.66184e-06,
        "V3_A_n": 5.21869e-08,
        "V2_0_p": 0.00632076,
        "V2_A_p": 4.07787e-06,
        "V3_0_p": 8.83131e-06,
        "V3_A_p": 5.31679e-08,
        "V4_0": -4.07522e-08,
        "r_0": 1.29585,
        "r_A": 0.55343,
        "a_0": 0.706596,
        "a_A": 0.000225175
    },
    "KDCoulomb": {
        "r_C_0": 1.23998,
        "r_C_A": 1.45985,
        "r_C_A2": 22.2682
    },
    "KDRealSpinOrbit": {
        "V1_0": 8.11994,
        "V1_A": -0.00661378,
        "V2_0": 0.0106566,
        "r_0": 1.29676,
        "r_A": 1.0368,
        "a_0": 0.573183
    },
    "KDImagSpinOrbit": {
        "W1_0": -1.81474,
        "W2_0": 165.772
    },
    "KDImagVolume": {
        "W1_0_n": 22.7393,
        "W1_A_n": 0.0140342,
        "W1_0_p": 35.9734,
        "W1_A_p": -0.0130169,
        "W2_0": 108.928,
        "W2_A": -0.0199298
    },
    "KDImagSurface": {
        "D1_0": 20.3616,
        "D1_asymm": 10.2019,
        "D2_0": -0.0165485,
        "D2_A": 0.0493476,
        "D2_A2": 10.4556,
        "D2_A3": 353.204,
        "D3_0": 16.4289,
        "r_0": 1.37333,
        "r_A": 0.022383,
        "a_0_n": 0.615574,
        "a_A_n": 0.000265894,
        "a_0_p": 0.568282,
        "a_A_p": 0.0017819
    }
}