{
    "ECS_p": 0.364894,
    "ECS_n": 0.217116,
    "APower_p": 0.454726,
    "APower_n": 0.275475,
    "RCS_p": 0.0107556,
    "TCS_n": 0.0273881
}