{
    "KDHartreeFock": {
        "V1_0": 60.6767,
        "V1_asymm": 12.4229,
        "V1_A": 0.0381415,
        "V2_0_n": 0.00603864,
        "V2_A_n": -4.07934e-06,
        "V3_0_n": 1.13495e-05,
        "V3_A_n": -3.47452e-08,
        "V2_0_p": 0.0054778,
        "V2_A_p": 1.23155e-05,
        "V3_0_p": 9.94244e-06,
        "V3_A_p": 4.55447e-08,
        "V4_0": 1.1163e-08,
        "r_0": 1.36605,
        "r_A": 0.794868,
        "a_0": 0.729009,
        "a_A": 0.000478576
    },
    "KDCoulomb": {
        "r_C_0": 1.12846,
        "r_C_A": 1.40973,
        "r_C_A2": 28.8156
    },
    "KDRealSpinOrbit": {
        "V1_0": 6.87581,
        "V1_A": -0.00554995,
        "V2_0": 0.00505506,
        "r_0": 1.20641,
        "r_A": 0.539531,
        "a_0": 0.544175
    },
    "KDImagSpinOrbit": {
        "W1_0": -1.18623,
        "W2_0": 451.785
    },
    "KDImagVolume": {
        "W1_0_n": 26.1401,
        "W1_A_n": -0.0574344,
        "W1_0_p": 24.5753,
        "W1_A_p": -0.0477116,
        "W2_0": 120.724,
        "W2_A": -0.14479
    },
    "KDImagSurface": {
        "D1_0": 20.5329,
        "D1_asymm": 4.64681,
        "D2_0": 0.0275223,
        "D2_A": -0.00780238,
        "D2_A2": -1.26787,
        "D2_A3": 296.761,
        "D3_0": 15.4637,
        "r_0": 1.40458,
        "r_A": 0.0348913,
        "a_0_n": 0.510946,
        "a_A_n": -0.000140983,
        "a_0_p": 0.454631,
        "a_A_p": 0.00203689
    }
}