{
    "ECS_p": 0.340215,
    "ECS_n": 0.214155,
    "APower_p": 0.476599,
    "APower_n": 0.215881,
    "RCS_p": 0.0233301,
    "TCS_n": 0.0408995
}