{
    "KDHartreeFock": {
        "V1_0": 62.6699,
        "V1_asymm": 13.0662,
        "V1_A": 0.0506338,
        "V2_0_n": 0.00687446,
        "V2_A_n": 1.16349e-05,
        "V3_0_n": 1.39797e-05,
        "V3_A_n": 4.54263e-08,
        "V2_0_p": 0.00681049,
        "V2_A_p": 2.39337e-06,
        "V3_0_p": 1.61739e-05,
        "V3_A_p": 1.55858e-08,
        "V4_0": 8.05902e-09,
        "r_0": 1.27813,
        "r_A": 0.493592,
        "a_0": 0.706791,
        "a_A": -4.30702e-06
    },
    "KDCoulomb": {
        "r_C_0": 1.30056,
        "r_C_A": 0.892496,
        "r_C_A2": 20.5584
    },
    "KDRealSpinOrbit": {
        "V1_0": 6.59002,
        "V1_A": 0.0116603,
        "V2_0": 0.00729471,
        "r_0": 1.28052,
        "r_A": 0.987291,
        "a_0": 0.622406
    },
    "KDImagSpinOrbit": {
        "W1_0": -7.30491,
        "W2_0": 241.161
    },
    "KDImagVolume": {
        "W1_0_n": 25.6649,
        "W1_A_n": -0.0191776,
        "W1_0_p": 23.2914,
        "W1_A_p": 0.0425735,
        "W2_0": 85.8488,
        "W2_A": -0.0212806
    },
    "KDImagSurface": {
        "D1_0": 31.6745,
        "D1_asymm": 18.2043,
        "D2_0": 0.0489178,
        "D2_A": -0.00742028,
        "D2_A2": -5.2184,
        "D2_A3": 7.3389,
        "D3_0": 19.4244,
        "r_0": 1.24507,
        "r_A": -0.0191339,
        "a_0_n": 0.495606,
        "a_A_n": 0.000386002,
        "a_0_p": 0.482857,
        "a_A_p": 0.00101259
    }
}