{
    "ECS_p": 0.347228,
    "ECS_n": 0.242679,
    "APower_p": 0.688532,
    "APower_n": 0.797087,
    "RCS_p": 0.010348,
    "TCS_n": 0.0260346
}