{
    "KDHartreeFock": {
        "V1_0": 59.8156,
        "V1_asymm": 19.3267,
        "V1_A": 0.0228453,
        "V2_0_n": 0.00584376,
        "V2_A_n": 1.32866e-05,
        "V3_0_n": 9.1349e-07,
        "V3_A_n": 5.25074e-08,
        "V2_0_p": 0.00681991,
        "V2_A_p": -1.04818e-05,
        "V3_0_p": 6.95423e-06,
        "V3_A_p": -2.6481e-08,
        "V4_0": -3.17754e-08,
        "r_0": 1.17892,
        "r_A": 0.0710608,
        "a_0": 0.701684,
        "a_A": 4.67047e-05
    },
    "KDCoulomb": {
        "r_C_0": 1.2461,
        "r_C_A": 1.3159,
        "r_C_A2": 28.8722
    },
    "KDRealSpinOrbit": {
        "V1_0": 5.7739,
        "V1_A": 0.0163555,
        "V2_0": 0.00934566,
        "r_0": 1.19343,
        "r_A": 0.47327,
        "a_0": 0.550912
    },
    "KDImagSpinOrbit": {
        "W1_0": -3.47194,
        "W2_0": 197.244
    },
    "KDImagVolume": {
        "W1_0_n": 24.6514,
        "W1_A_n": -0.000300389,
        "W1_0_p": 18.2311,
        "W1_A_p": 0.0433623,
        "W2_0": 123.543,
        "W2_A": -0.118251
    },
    "KDImagSurface": {
        "D1_0": 15.8806,
        "D1_asymm": 3.60249,
        "D2_0": 0.0386715,
        "D2_A": -0.016978,
        "D2_A2": -8.94411,
        "D2_A3": -142.379,
        "D3_0": 12.0883,
        "r_0": 1.28108,
        "r_A": -0.00614911,
        "a_0_n": 0.545511,
        "a_A_n": 0.000183506,
        "a_0_p": 0.479654,
        "a_A_p": 0.00104656
    }
}