{
    "ECS_p": 0.253211,
    "ECS_n": 0.173266,
    "APower_p": 0.447469,
    "APower_n": 0.217087,
    "RCS_p": 0.0294603,
    "TCS_n": 0.0335757
}