{
    "KDHartreeFock": {
        "V1_0": 60.1865,
        "V1_asymm": 21.8051,
        "V1_A": 0.0282325,
        "V2_0_n": 0.00623709,
        "V2_A_n": 3.08584e-06,
        "V3_0_n": 6.71661e-06,
        "V3_A_n": -5.05467e-11,
        "V2_0_p": 0.00885344,
        "V2_A_p": 9.0771e-08,
        "V3_0_p": 2.53804e-05,
        "V3_A_p": -1.08752e-08,
        "V4_0": -1.02587e-08,
        "r_0": 1.25722,
        "r_A": 0.305934,
        "a_0": 0.635005,
        "a_A": -0.000401266
    },
    "KDCoulomb": {
        "r_C_0": 1.1554,
        "r_C_A": -0.0585134,
        "r_C_A2": -13.6266
    },
    "KDRealSpinOrbit": {
        "V1_0": 5.72063,
        "V1_A": 0.00262042,
        "V2_0": 0.00413415,
        "r_0": 1.18997,
        "r_A": 0.600984,
        "a_0": 0.585965
    },
    "KDImagSpinOrbit": {
        "W1_0": -3.10231,
        "W2_0": 127.348
    },
    "KDImagVolume": {
        "W1_0_n": 26.2407,
        "W1_A_n": -0.0492848,
        "W1_0_p": 18.3971,
        "W1_A_p": 0.0662258,
        "W2_0": 112.597,
        "W2_A": -0.0116931
    },
    "KDImagSurface": {
        "D1_0": 16.6081,
        "D1_asymm": -1.11497,
        "D2_0": 0.0228898,
        "D2_A": 0.0174041,
        "D2_A2": 8.861,
        "D2_A3": -62.7707,
        "D3_0": 16.2947,
        "r_0": 1.37073,
        "r_A": 0.0173294,
        "a_0_n": 0.602311,
        "a_A_n": 0.000285379,
        "a_0_p": 0.50154,
        "a_A_p": 0.00103917
    }
}