{
    "ECS_p": 0.363162,
    "ECS_n": 0.2253,
    "APower_p": 0.790879,
    "APower_n": 0.833112,
    "RCS_p": 0.055481,
    "TCS_n": 0.0307882
}