{
    "KDHartreeFock": {
        "V1_0": 58.2366,
        "V1_asymm": 8.38421,
        "V1_A": 0.0339462,
        "V2_0_n": 0.00546588,
        "V2_A_n": -4.21258e-06,
        "V3_0_n": -6.23181e-07,
        "V3_A_n": -8.06894e-09,
        "V2_0_p": 0.00658991,
        "V2_A_p": -1.16103e-08,
        "V3_0_p": 6.64583e-06,
        "V3_A_p": 1.87836e-08,
        "V4_0": -3.44706e-08,
        "r_0": 1.28441,
        "r_A": 0.364312,
        "a_0": 0.722547,
        "a_A": -1.07704e-05
    },
    "KDCoulomb": {
        "r_C_0": 1.23555,
        "r_C_A": 0.975635,
        "r_C_A2": 23.0687
    },
    "KDRealSpinOrbit": {
        "V1_0": 5.92585,
        "V1_A": -0.0037918,
        "V2_0": 0.00490153,
        "r_0": 1.19309,
        "r_A": 0.622989,
        "a_0": 0.579894
    },
    "KDImagSpinOrbit": {
        "W1_0": -4.03464,
        "W2_0": 235.69
    },
    "KDImagVolume": {
        "W1_0_n": 17.8973,
        "W1_A_n": 0.0187643,
        "W1_0_p": 14.4994,
        "W1_A_p": 0.0227481,
        "W2_0": 78.2721,
        "W2_A": -0.0595014
    },
    "KDImagSurface": {
        "D1_0": 13.0102,
        "D1_asymm": 5.13782,
        "D2_0": -0.020339,
        "D2_A": 0.0393215,
        "D2_A2": 16.0983,
        "D2_A3": 380.867,
        "D3_0": 7.71354,
        "r_0": 1.33896,
        "r_A": 0.0182385,
        "a_0_n": 0.5216,
        "a_A_n": 0.000159511,
        "a_0_p": 0.418011,
        "a_A_p": 0.00142626
    }
}