{
    "ECS_p": 0.398723,
    "ECS_n": 0.218036,
    "APower_p": 0.267148,
    "APower_n": 0.123251,
    "RCS_p": 0.0199531,
    "TCS_n": 0.0262632
}