{
    "KDHartreeFock": {
        "V1_0": 59.2503,
        "V1_asymm": 14.9068,
        "V1_A": 0.0229863,
        "V2_0_n": 0.00692959,
        "V2_A_n": 8.01754e-06,
        "V3_0_n": 1.10424e-05,
        "V3_A_n": 2.92292e-08,
        "V2_0_p": 0.00569893,
        "V2_A_p": 4.4366e-06,
        "V3_0_p": 5.92875e-06,
        "V3_A_p": 2.95937e-08,
        "V4_0": -1.23659e-08,
        "r_0": 1.23972,
        "r_A": 0.232782,
        "a_0": 0.702705,
        "a_A": 0.000132505
    },
    "KDCoulomb": {
        "r_C_0": 0.998702,
        "r_C_A": 0.638453,
        "r_C_A2": 9.13271
    },
    "KDRealSpinOrbit": {
        "V1_0": 5.71267,
        "V1_A": -0.00372798,
        "V2_0": 0.00283313,
        "r_0": 1.15089,
        "r_A": 0.536211,
        "a_0": 0.654693
    },
    "KDImagSpinOrbit": {
        "W1_0": -5.27402,
        "W2_0": 260.336
    },
    "KDImagVolume": {
        "W1_0_n": 19.0023,
        "W1_A_n": 0.00451682,
        "W1_0_p": 12.6216,
        "W1_A_p": 0.068994,
        "W2_0": 99.7119,
        "W2_A": 0.00507752
    },
    "KDImagSurface": {
        "D1_0": 15.4832,
        "D1_asymm": 22.2397,
        "D2_0": 0.0193395,
        "D2_A": 0.00580305,
        "D2_A2": -6.65371,
        "D2_A3": 386.387,
        "D3_0": 13.7835,
        "r_0": 1.23146,
        "r_A": -0.00570332,
        "a_0_n": 0.52979,
        "a_A_n": -0.000417442,
        "a_0_p": 0.477394,
        "a_A_p": 0.000958318
    }
}