{
    "ECS_p": 0.518732,
    "ECS_n": 0.63597,
    "APower_p": 0.748238,
    "APower_n": 0.570677,
    "RCS_p": 0.0358001,
    "TCS_n": 0.0397161
}