{
    "KDHartreeFock": {
        "V1_0": 62.4456,
        "V1_asymm": 22.0871,
        "V1_A": 0.0483234,
        "V2_0_n": 0.00595403,
        "V2_A_n": 1.40361e-05,
        "V3_0_n": 5.93103e-06,
        "V3_A_n": 7.65991e-08,
        "V2_0_p": 0.00581372,
        "V2_A_p": 1.20757e-05,
        "V3_0_p": 4.66827e-06,
        "V3_A_p": 4.81113e-08,
        "V4_0": -1.99473e-08,
        "r_0": 1.33572,
        "r_A": 0.707481,
        "a_0": 0.691177,
        "a_A": -0.000412491
    },
    "KDCoulomb": {
        "r_C_0": 1.18359,
        "r_C_A": 1.74366,
        "r_C_A2": 28.1955
    },
    "KDRealSpinOrbit": {
        "V1_0": 5.21806,
        "V1_A": 0.000442562,
        "V2_0": 0.00216368,
        "r_0": 1.20957,
        "r_A": 0.708916,
        "a_0": 0.596184
    },
    "KDImagSpinOrbit": {
        "W1_0": -1.95421,
        "W2_0": 465.785
    },
    "KDImagVolume": {
        "W1_0_n": 22.7211,
        "W1_A_n": -0.0100491,
        "W1_0_p": 18.2293,
        "W1_A_p": 0.0516147,
        "W2_0": 114.402,
        "W2_A": -0.0857723
    },
    "KDImagSurface": {
        "D1_0": 19.8019,
        "D1_asymm": 12.5389,
        "D2_0": 0.00737451,
        "D2_A": 0.018608,
        "D2_A2": 12.5364,
        "D2_A3": 267.284,
        "D3_0": 14.1137,
        "r_0": 1.4273,
        "r_A": 0.0332159,
        "a_0_n": 0.572567,
        "a_A_n": -1.36213e-05,
        "a_0_p": 0.479585,
        "a_A_p": 0.000296845
    }
}