{
    "ECS_p": 0.418685,
    "ECS_n": 0.47033,
    "APower_p": 0.833452,
    "APower_n": 0.649501,
    "RCS_p": 0.0351545,
    "TCS_n": 0.0266244
}