{
    "KDHartreeFock": {
        "V1_0": 58.54,
        "V1_asymm": 7.67308,
        "V1_A": 0.0543665,
        "V2_0_n": 0.00535129,
        "V2_A_n": 8.50185e-06,
        "V3_0_n": -9.72335e-06,
        "V3_A_n": 3.99533e-08,
        "V2_0_p": 0.00484987,
        "V2_A_p": 6.5837e-06,
        "V3_0_p": -1.28439e-06,
        "V3_A_p": -3.12472e-08,
        "V4_0": -6.1675e-08,
        "r_0": 1.4074,
        "r_A": 0.802656,
        "a_0": 0.682798,
        "a_A": 0.00048841
    },
    "KDCoulomb": {
        "r_C_0": 1.1062,
        "r_C_A": 0.0334847,
        "r_C_A2": 3.17561
    },
    "KDRealSpinOrbit": {
        "V1_0": 6.18911,
        "V1_A": 0.0178508,
        "V2_0": 0.0108673,
        "r_0": 1.26714,
        "r_A": 0.7783,
        "a_0": 0.552318
    },
    "KDImagSpinOrbit": {
        "W1_0": -2.72839,
        "W2_0": 132.608
    },
    "KDImagVolume": {
        "W1_0_n": 22.1859,
        "W1_A_n": -0.0184748,
        "W1_0_p": 11.2872,
        "W1_A_p": 0.026288,
        "W2_0": 67.7313,
        "W2_A": -0.0157514
    },
    "KDImagSurface": {
        "D1_0": 10.7901,
        "D1_asymm": 11.552,
        "D2_0": 0.00327225,
        "D2_A": 0.0135566,
        "D2_A2": 12.9864,
        "D2_A3": 300.55,
        "D3_0": 7.09431,
        "r_0": 1.37529,
        "r_A": 0.0145288,
        "a_0_n": 0.550835,
        "a_A_n": 0.000965582,
        "a_0_p": 0.461642,
        "a_A_p": 0.00118194
    }
}