{
    "ECS_p": 0.525955,
    "ECS_n": 0.42167,
    "APower_p": 0.721566,
    "APower_n": 0.697589,
    "RCS_p": 0.05551,
    "TCS_n": 0.0540006
}