{
    "KDHartreeFock": {
        "V1_0": 64.7527,
        "V1_asymm": 12.5518,
        "V1_A": 0.0596174,
        "V2_0_n": 0.00734474,
        "V2_A_n": 1.11041e-05,
        "V3_0_n": 2.53315e-05,
        "V3_A_n": 9.96156e-08,
        "V2_0_p": 0.0078195,
        "V2_A_p": -1.08147e-05,
        "V3_0_p": 2.05035e-05,
        "V3_A_p": -6.96662e-08,
        "V4_0": 8.65309e-09,
        "r_0": 1.31746,
        "r_A": 0.674682,
        "a_0": 0.611843,
        "a_A": -0.000420902
    },
    "KDCoulomb": {
        "r_C_0": 1.13152,
        "r_C_A": 3.11286,
        "r_C_A2": 22.5274
    },
    "KDRealSpinOrbit": {
        "V1_0": 2.77544,
        "V1_A": 0.0126858,
        "V2_0": -0.0010814,
        "r_0": 1.25007,
        "r_A": 0.9461,
        "a_0": 0.578067
    },
    "KDImagSpinOrbit": {
        "W1_0": -1.97827,
        "W2_0": 249.297
    },
    "KDImagVolume": {
        "W1_0_n": 2.7017,
        "W1_A_n": 0.043686,
        "W1_0_p": 28.3631,
        "W1_A_p": -0.0292792,
        "W2_0": 108.203,
        "W2_A": -0.211714
    },
    "KDImagSurface": {
        "D1_0": 22.9669,
        "D1_asymm": 2.86274,
        "D2_0": 0.0315805,
        "D2_A": 0.00330156,
        "D2_A2": 10.3486,
        "D2_A3": 133.513,
        "D3_0": 15.1105,
        "r_0": 1.35589,
        "r_A": 0.0192683,
        "a_0_n": 0.551513,
        "a_A_n": -0.00102638,
        "a_0_p": 0.581565,
        "a_A_p": 0.000912822
    }
}