{
    "ECS_p": 0.481993,
    "ECS_n": 0.234823,
    "APower_p": 0.827481,
    "APower_n": 0.508493,
    "RCS_p": 0.0534665,
    "TCS_n": 0.0358779
}