{
    "KDHartreeFock": {
        "V1_0": 56.6763,
        "V1_asymm": 3.50384,
        "V1_A": 0.0241662,
        "V2_0_n": 0.00823858,
        "V2_A_n": 2.48131e-06,
        "V3_0_n": 2.45527e-05,
        "V3_A_n": 1.89429e-08,
        "V2_0_p": 0.00847842,
        "V2_A_p": -3.63628e-06,
        "V3_0_p": 1.87723e-05,
        "V3_A_p": 3.39466e-08,
        "V4_0": 1.52839e-08,
        "r_0": 1.27998,
        "r_A": 0.221766,
        "a_0": 0.657503,
        "a_A": -0.000258502
    },
    "KDCoulomb": {
        "r_C_0": 1.23882,
        "r_C_A": 0.86705,
        "r_C_A2": 12.9045
    },
    "KDRealSpinOrbit": {
        "V1_0": 6.41895,
        "V1_A": -0.0131512,
        "V2_0": 0.00518811,
        "r_0": 1.14373,
        "r_A": 0.232188,
        "a_0": 0.556885
    },
    "KDImagSpinOrbit": {
        "W1_0": -2.29592,
        "W2_0": 117.923
    },
    "KDImagVolume": {
        "W1_0_n": 14.779,
        "W1_A_n": 0.0269284,
        "W1_0_p": 15.0912,
        "W1_A_p": -0.00213188,
        "W2_0": 66.7703,
        "W2_A": 0.248537
    },
    "KDImagSurface": {
        "D1_0": 22.5464,
        "D1_asymm": 12.5569,
        "D2_0": 0.0216535,
        "D2_A": 0.00556323,
        "D2_A2": 9.19699,
        "D2_A3": 189.514,
        "D3_0": 17.2064,
        "r_0": 1.33425,
        "r_A": 0.0107584,
        "a_0_n": 0.496925,
        "a_A_n": 0.000292382,
        "a_0_p": 0.418502,
        "a_A_p": 0.000667458
    }
}