{
    "ECS_p": 0.239664,
    "ECS_n": 0.179319,
    "APower_p": 0.313245,
    "APower_n": 0.131758,
    "RCS_p": 0.0325837,
    "TCS_n": 0.019757
}