{
    "KDHartreeFock": {
        "V1_0": 60.5408,
        "V1_asymm": 21.4404,
        "V1_A": 0.0329091,
        "V2_0_n": 0.00483452,
        "V2_A_n": 5.27055e-06,
        "V3_0_n": -2.3176e-07,
        "V3_A_n": 5.5264e-08,
        "V2_0_p": 0.00587779,
        "V2_A_p": 7.51987e-06,
        "V3_0_p": 6.31615e-06,
        "V3_A_p": 3.5665e-08,
        "V4_0": -3.27015e-08,
        "r_0": 1.28678,
        "r_A": 0.521533,
        "a_0": 0.668629,
        "a_A": -0.000179882
    },
    "KDCoulomb": {
        "r_C_0": 1.05787,
        "r_C_A": 0.47533,
        "r_C_A2": -5.06382
    },
    "KDRealSpinOrbit": {
        "V1_0": 5.93684,
        "V1_A": 0.00648767,
        "V2_0": 0.00642837,
        "r_0": 1.25302,
        "r_A": 1.02097,
        "a_0": 0.613593
    },
    "KDImagSpinOrbit": {
        "W1_0": -5.65844,
        "W2_0": 175.024
    },
    "KDImagVolume": {
        "W1_0_n": 24.6188,
        "W1_A_n": 0.0193971,
        "W1_0_p": 31.104,
        "W1_A_p": -0.0299499,
        "W2_0": 129.149,
        "W2_A": 0.0340084
    },
    "KDImagSurface": {
        "D1_0": 18.2853,
        "D1_asymm": 11.0394,
        "D2_0": -0.0375791,
        "D2_A": 0.0624592,
        "D2_A2": 0.484145,
        "D2_A3": 393.703,
        "D3_0": 15.1205,
        "r_0": 1.359,
        "r_A": 0.0218473,
        "a_0_n": 0.536908,
        "a_A_n": -0.000529975,
        "a_0_p": 0.553161,
        "a_A_p": 0.00111149
    }
}