{
    "ECS_p": 0.264617,
    "ECS_n": 0.17812,
    "APower_p": 0.40716,
    "APower_n": 0.156166,
    "RCS_p": 0.0104257,
    "TCS_n": 0.0320497
}