{
    "KDHartreeFock": {
        "V1_0": 57.7808,
        "V1_asymm": 16.3038,
        "V1_A": 0.0265517,
        "V2_0_n": 0.00630505,
        "V2_A_n": 7.99457e-06,
        "V3_0_n": 9.05815e-06,
        "V3_A_n": 7.38048e-08,
        "V2_0_p": 0.00679089,
        "V2_A_p": -1.12222e-06,
        "V3_0_p": 1.16794e-05,
        "V3_A_p": -9.79521e-09,
        "V4_0": -2.22731e-08,
        "r_0": 1.27129,
        "r_A": 0.329046,
        "a_0": 0.678323,
        "a_A": -4.59768e-06
    },
    "KDCoulomb": {
        "r_C_0": 1.16458,
        "r_C_A": 0.0631327,
        "r_C_A2": 19.0109
    },
    "KDRealSpinOrbit": {
        "V1_0": 6.10464,
        "V1_A": -0.00679048,
        "V2_0": 0.000845567,
        "r_0": 1.16451,
        "r_A": 0.655739,
        "a_0": 0.655556
    },
    "KDImagSpinOrbit": {
        "W1_0": -0.905456,
        "W2_0": 124.547
    },
    "KDImagVolume": {
        "W1_0_n": 14.9532,
        "W1_A_n": 0.0346525,
        "W1_0_p": 11.5445,
        "W1_A_p": 0.0690614,
        "W2_0": 70.5279,
        "W2_A": 0.105368
    },
    "KDImagSurface": {
        "D1_0": 19.6841,
        "D1_asymm": 39.9499,
        "D2_0": 0.0301061,
        "D2_A": -0.00148311,
        "D2_A2": 22.6132,
        "D2_A3": 209.762,
        "D3_0": 14.042,
        "r_0": 1.38689,
        "r_A": 0.0198936,
        "a_0_n": 0.507315,
        "a_A_n": -0.000540604,
        "a_0_p": 0.465432,
        "a_A_p": 0.00103234
    }
}