{
    "ECS_p": 0.292443,
    "ECS_n": 0.200247,
    "APower_p": 0.447739,
    "APower_n": 0.168572,
    "RCS_p": 0.00141543,
    "TCS_n": 0.0206886
}