{
    "KDHartreeFock": {
        "V1_0": 57.6147,
        "V1_asymm": 10.9489,
        "V1_A": 0.0262032,
        "V2_0_n": 0.00588723,
        "V2_A_n": -1.41096e-07,
        "V3_0_n": 9.82088e-06,
        "V3_A_n": -4.72563e-09,
        "V2_0_p": 0.0049966,
        "V2_A_p": 8.51316e-06,
        "V3_0_p": 1.24936e-05,
        "V3_A_p": 2.7979e-08,
        "V4_0": 2.67631e-09,
        "r_0": 1.31764,
        "r_A": 0.534891,
        "a_0": 0.667003,
        "a_A": 0.000118197
    },
    "KDCoulomb": {
        "r_C_0": 1.08371,
        "r_C_A": 0.0763919,
        "r_C_A2": 2.4853
    },
    "KDRealSpinOrbit": {
        "V1_0": 6.85112,
        "V1_A": 0.0197032,
        "V2_0": 0.0245235,
        "r_0": 1.2518,
        "r_A": 0.80675,
        "a_0": 0.487908
    },
    "KDImagSpinOrbit": {
        "W1_0": -4.17795,
        "W2_0": 203.443
    },
    "KDImagVolume": {
        "W1_0_n": 24.7996,
        "W1_A_n": -0.0273264,
        "W1_0_p": 15.0985,
        "W1_A_p": 0.0476552,
        "W2_0": 101.047,
        "W2_A": -0.0336824
    },
    "KDImagSurface": {
        "D1_0": 15.7973,
        "D1_asymm": 12.1629,
        "D2_0": 0.022694,
        "D2_A": 0.0036956,
        "D2_A2": 24.8927,
        "D2_A3": 24.8438,
        "D3_0": 13.9407,
        "r_0": 1.28889,
        "r_A": 0.00507565,
        "a_0_n": 0.56116,
        "a_A_n": -0.000177387,
        "a_0_p": 0.544471,
        "a_A_p": 0.000650962
    }
}