{
    "ECS_p": 0.453924,
    "ECS_n": 0.298896,
    "APower_p": 0.743085,
    "APower_n": 0.61257,
    "RCS_p": 0.0612622,
    "TCS_n": 0.0369378
}