{
    "KDHartreeFock": {
        "V1_0": 58.4459,
        "V1_asymm": 20.4716,
        "V1_A": 0.022616,
        "V2_0_n": 0.00471889,
        "V2_A_n": -8.91681e-07,
        "V3_0_n": -1.13744e-06,
        "V3_A_n": 3.14549e-08,
        "V2_0_p": 0.00650156,
        "V2_A_p": 1.16439e-05,
        "V3_0_p": 2.66067e-06,
        "V3_A_p": 5.59643e-08,
        "V4_0": -4.24293e-08,
        "r_0": 1.32431,
        "r_A": 0.568425,
        "a_0": 0.680691,
        "a_A": -0.000318785
    },
    "KDCoulomb": {
        "r_C_0": 1.22222,
        "r_C_A": 0.795776,
        "r_C_A2": 12.8514
    },
    "KDRealSpinOrbit": {
        "V1_0": 6.2929,
        "V1_A": -0.0111732,
        "V2_0": 0.00438582,
        "r_0": 1.21168,
        "r_A": 0.559082,
        "a_0": 0.539777
    },
    "KDImagSpinOrbit": {
        "W1_0": -4.96765,
        "W2_0": 614.385
    },
    "KDImagVolume": {
        "W1_0_n": 14.8195,
        "W1_A_n": 0.0317907,
        "W1_0_p": 19.8103,
        "W1_A_p": 0.0442792,
        "W2_0": 110.339,
        "W2_A": 0.0805048
    },
    "KDImagSurface": {
        "D1_0": 23.052,
        "D1_asymm": 27.9469,
        "D2_0": 0.0368821,
        "D2_A": -0.00295268,
        "D2_A2": 17.3568,
        "D2_A3": 349.774,
        "D3_0": 15.1692,
        "r_0": 1.43435,
        "r_A": 0.0299411,
        "a_0_n": 0.589125,
        "a_A_n": 0.000280497,
        "a_0_p": 0.498337,
        "a_A_p": 0.000572426
    }
}