{
    "ECS_p": 0.298505,
    "ECS_n": 0.166789,
    "APower_p": 0.338899,
    "APower_n": 0.189834,
    "RCS_p": 0.0333964,
    "TCS_n": 0.0276473
}