{
    "KDHartreeFock": {
        "V1_0": 57.5144,
        "V1_asymm": 13.8706,
        "V1_A": 0.0234147,
        "V2_0_n": 0.00725029,
        "V2_A_n": 5.27976e-06,
        "V3_0_n": 2.14193e-05,
        "V3_A_n": 4.93376e-08,
        "V2_0_p": 0.00848135,
        "V2_A_p": 8.58808e-07,
        "V3_0_p": 2.84109e-05,
        "V3_A_p": -1.82728e-09,
        "V4_0": 1.51993e-08,
        "r_0": 1.30633,
        "r_A": 0.413474,
        "a_0": 0.661544,
        "a_A": -0.00010165
    },
    "KDCoulomb": {
        "r_C_0": 1.1362,
        "r_C_A": 0.153455,
        "r_C_A2": 34.3557
    },
    "KDRealSpinOrbit": {
        "V1_0": 6.47708,
        "V1_A": 0.000337989,
        "V2_0": 0.00675874,
        "r_0": 1.26474,
        "r_A": 0.935132,
        "a_0": 0.63546
    },
    "KDImagSpinOrbit": {
        "W1_0": -4.5034,
        "W2_0": 135.187
    },
    "KDImagVolume": {
        "W1_0_n": 23.3508,
        "W1_A_n": 0.0357941,
        "W1_0_p": 23.5324,
        "W1_A_p": -0.00923368,
        "W2_0": 166.317,
        "W2_A": -0.0848241
    },
    "KDImagSurface": {
        "D1_0": 16.5502,
        "D1_asymm": 13.0282,
        "D2_0": 0.0092505,
        "D2_A": 0.0127866,
        "D2_A2": 7.17365,
        "D2_A3": 221.125,
        "D3_0": 13.7088,
        "r_0": 1.40261,
        "r_A": 0.0228004,
        "a_0_n": 0.547826,
        "a_A_n": -0.000186613,
        "a_0_p": 0.494937,
        "a_A_p": 0.00112443
    }
}