{
    "ECS_p": 0.314619,
    "ECS_n": 0.166798,
    "APower_p": 0.451933,
    "APower_n": 0.39434,
    "RCS_p": 0.024368,
    "TCS_n": 0.0160941
}