{
    "KDHartreeFock": {
        "V1_0": 56.298,
        "V1_asymm": 20.2466,
        "V1_A": 0.00774785,
        "V2_0_n": 0.00557637,
        "V2_A_n": 4.28023e-06,
        "V3_0_n": 3.22705e-06,
        "V3_A_n": 4.06157e-08,
        "V2_0_p": 0.00686469,
        "V2_A_p": -2.08651e-06,
        "V3_0_p": 8.49686e-06,
        "V3_A_p": -1.53407e-08,
        "V4_0": -3.34325e-08,
        "r_0": 1.21889,
        "r_A": 0.111608,
        "a_0": 0.630313,
        "a_A": -0.00043588
    },
    "KDCoulomb": {
        "r_C_0": 1.08059,
        "r_C_A": 2.47577,
        "r_C_A2": 2.68938
    },
    "KDRealSpinOrbit": {
        "V1_0": 5.0495,
        "V1_A": 0.013516,
        "V2_0": 0.00765188,
        "r_0": 1.18907,
        "r_A": 0.440184,
        "a_0": 0.546893
    },
    "KDImagSpinOrbit": {
        "W1_0": -4.09482,
        "W2_0": 193.758
    },
    "KDImagVolume": {
        "W1_0_n": 18.0329,
        "W1_A_n": 0.0124566,
        "W1_0_p": 12.4382,
        "W1_A_p": 0.0619094,
        "W2_0": 97.7254,
        "W2_A": -0.0582794
    },
    "KDImagSurface": {
        "D1_0": 21.2794,
        "D1_asymm": -0.833451,
        "D2_0": 0.0324788,
        "D2_A": -0.0038454,
        "D2_A2": -1.47024,
        "D2_A3": 5.84547,
        "D3_0": 17.0855,
        "r_0": 1.33016,
        "r_A": 0.0183134,
        "a_0_n": 0.570836,
        "a_A_n": 0.000156146,
        "a_0_p": 0.545751,
        "a_A_p": 0.00119827
    }
}