{
    "ECS_p": 0.230145,
    "ECS_n": 0.144775,
    "APower_p": 0.333292,
    "APower_n": 0.252292,
    "RCS_p": 0.0175724,
    "TCS_n": 0.0213584
}