{
    "KDHartreeFock": {
        "V1_0": 61.2259,
        "V1_asymm": 22.1154,
        "V1_A": 0.0307741,
        "V2_0_n": 0.00710018,
        "V2_A_n": 4.13539e-06,
        "V3_0_n": 1.76977e-05,
        "V3_A_n": 1.99497e-08,
        "V2_0_p": 0.00748303,
        "V2_A_p": 5.88168e-06,
        "V3_0_p": 2.11741e-05,
        "V3_A_p": 2.47048e-08,
        "V4_0": 8.78497e-09,
        "r_0": 1.27653,
        "r_A": 0.387859,
        "a_0": 0.693065,
        "a_A": 7.42631e-05
    },
    "KDCoulomb": {
        "r_C_0": 1.08014,
        "r_C_A": 0.539993,
        "r_C_A2": -10.2009
    },
    "KDRealSpinOrbit": {
        "V1_0": 6.69933,
        "V1_A": 0.00141066,
        "V2_0": 0.005244,
        "r_0": 1.26677,
        "r_A": 0.902852,
        "a_0": 0.566084
    },
    "KDImagSpinOrbit": {
        "W1_0": -4.07623,
        "W2_0": 228.613
    },
    "KDImagVolume": {
        "W1_0_n": 19.5899,
        "W1_A_n": 0.000224373,
        "W1_0_p": 17.1981,
        "W1_A_p": 0.0186257,
        "W2_0": 88.8479,
        "W2_A": 0.0472376
    },
    "KDImagSurface": {
        "D1_0": 15.7641,
        "D1_asymm": 20.0958,
        "D2_0": 0.069239,
        "D2_A": -0.0471209,
        "D2_A2": 0.687077,
        "D2_A3": 242.801,
        "D3_0": 13.024,
        "r_0": 1.31614,
        "r_A": 0.0131793,
        "a_0_n": 0.541327,
        "a_A_n": -0.000645213,
        "a_0_p": 0.53194,
        "a_A_p": 0.000561083
    }
}