{
    "ECS_p": 0.385759,
    "ECS_n": 0.524931,
    "APower_p": 0.772003,
    "APower_n": 0.5788,
    "RCS_p": 0.00149894,
    "TCS_n": 0.0584937
}