{
    "KDHartreeFock": {
        "V1_0": 58.8449,
        "V1_asymm": 14.7807,
        "V1_A": 0.0189994,
        "V2_0_n": 0.00733487,
        "V2_A_n": 9.3677e-06,
        "V3_0_n": 2.05595e-05,
        "V3_A_n": 4.56146e-08,
        "V2_0_p": 0.00522247,
        "V2_A_p": 1.57786e-05,
        "V3_0_p": 1.1738e-05,
        "V3_A_p": 7.04703e-08,
        "V4_0": 1.56033e-08,
        "r_0": 1.25241,
        "r_A": 0.331843,
        "a_0": 0.641947,
        "a_A": -0.000365702
    },
    "KDCoulomb": {
        "r_C_0": 1.19931,
        "r_C_A": 1.34969,
        "r_C_A2": 2.66841
    },
    "KDRealSpinOrbit": {
        "V1_0": 3.48658,
        "V1_A": 0.0204829,
        "V2_0": 0.00680196,
        "r_0": 1.16533,
        "r_A": 0.465689,
        "a_0": 0.591259
    },
    "KDImagSpinOrbit": {
        "W1_0": -2.98452,
        "W2_0": 209.647
    },
    "KDImagVolume": {
        "W1_0_n": 18.881,
        "W1_A_n": 0.0430012,
        "W1_0_p": 21.3988,
        "W1_A_p": 0.0250314,
        "W2_0": 128.537,
        "W2_A": 0.0781464
    },
    "KDImagSurface": {
        "D1_0": 15.244,
        "D1_asymm": 12.7137,
        "D2_0": 0.0497328,
        "D2_A": -0.0293782,
        "D2_A2": 3.99266,
        "D2_A3": 283.803,
        "D3_0": 11.9424,
        "r_0": 1.27181,
        "r_A": -0.00571419,
        "a_0_n": 0.637821,
        "a_A_n": 0.00138958,
        "a_0_p": 0.48116,
        "a_A_p": 0.00124812
    }
}