{
    "ECS_p": 0.221409,
    "ECS_n": 0.190407,
    "APower_p": 0.420952,
    "APower_n": 0.186426,
    "RCS_p": 0.00720576,
    "TCS_n": 0.0244421
}