{
    "KDHartreeFock": {
        "V1_0": 57.3756,
        "V1_asymm": 12.5358,
        "V1_A": 0.0247552,
        "V2_0_n": 0.00640086,
        "V2_A_n": 8.5956e-06,
        "V3_0_n": 1.18864e-05,
        "V3_A_n": 5.94957e-08,
        "V2_0_p": 0.00513226,
        "V2_A_p": 8.38833e-06,
        "V3_0_p": -4.86603e-07,
        "V3_A_p": 5.87997e-08,
        "V4_0": -1.18343e-08,
        "r_0": 1.25777,
        "r_A": 0.272617,
        "a_0": 0.698332,
        "a_A": -5.04698e-05
    },
    "KDCoulomb": {
        "r_C_0": 1.26619,
        "r_C_A": -0.424843,
        "r_C_A2": 15.5407
    },
    "KDRealSpinOrbit": {
        "V1_0": 5.91873,
        "V1_A": 0.00246213,
        "V2_0": 0.00308842,
        "r_0": 1.29963,
        "r_A": 1.10168,
        "a_0": 0.607226
    },
    "KDImagSpinOrbit": {
        "W1_0": -3.60544,
        "W2_0": 271.974
    },
    "KDImagVolume": {
        "W1_0_n": 12.4743,
        "W1_A_n": 0.0460734,
        "W1_0_p": 15.4046,
        "W1_A_p": 0.0343629,
        "W2_0": 74.5342,
        "W2_A": 0.145273
    },
    "KDImagSurface": {
        "D1_0": 17.3361,
        "D1_asymm": 6.76433,
        "D2_0": 0.0424006,
        "D2_A": -0.0186061,
        "D2_A2": 3.25062,
        "D2_A3": 317.579,
        "D3_0": 12.9033,
        "r_0": 1.21507,
        "r_A": -0.0126948,
        "a_0_n": 0.465007,
        "a_A_n": -0.000172178,
        "a_0_p": 0.494047,
        "a_A_p": 0.000799706
    }
}