{
    "ECS_p": 0.232789,
    "ECS_n": 0.205832,
    "APower_p": 0.291772,
    "APower_n": 0.165077,
    "RCS_p": 0.0236333,
    "TCS_n": 0.02631
}