{
    "KDHartreeFock": {
        "V1_0": 57.9314,
        "V1_asymm": 5.00035,
        "V1_A": 0.0413992,
        "V2_0_n": 0.0060157,
        "V2_A_n": 1.08861e-05,
        "V3_0_n": 5.77016e-06,
        "V3_A_n": 6.06991e-08,
        "V2_0_p": 0.00559968,
        "V2_A_p": -2.06568e-06,
        "V3_0_p": 6.34516e-06,
        "V3_A_p": -1.39499e-08,
        "V4_0": -1.84969e-08,
        "r_0": 1.27107,
        "r_A": 0.298245,
        "a_0": 0.671647,
        "a_A": -8.30118e-05
    },
    "KDCoulomb": {
        "r_C_0": 1.07995,
        "r_C_A": -0.187509,
        "r_C_A2": 7.48461
    },
    "KDRealSpinOrbit": {
        "V1_0": 5.32084,
        "V1_A": 0.00453603,
        "V2_0": 0.00468894,
        "r_0": 1.20156,
        "r_A": 0.577118,
        "a_0": 0.558896
    },
    "KDImagSpinOrbit": {
        "W1_0": -3.19046,
        "W2_0": 175.72
    },
    "KDImagVolume": {
        "W1_0_n": 19.7277,
        "W1_A_n": 0.0118935,
        "W1_0_p": 15.9643,
        "W1_A_p": 0.0172456,
        "W2_0": 104.838,
        "W2_A": 0.0401563
    },
    "KDImagSurface": {
        "D1_0": 13.762,
        "D1_asymm": 4.77173,
        "D2_0": 0.0172851,
        "D2_A": -0.000940463,
        "D2_A2": 13.1761,
        "D2_A3": 123.195,
        "D3_0": 12.1307,
        "r_0": 1.37869,
        "r_A": 0.0249756,
        "a_0_n": 0.523802,
        "a_A_n": 0.000106523,
        "a_0_p": 0.422896,
        "a_A_p": 0.00232318
    }
}