{
    "ECS_p": 0.344337,
    "ECS_n": 0.204074,
    "APower_p": 0.898129,
    "APower_n": 0.575856,
    "RCS_p": 0.0548706,
    "TCS_n": 0.0330222
}