{
    "KDHartreeFock": {
        "V1_0": 59.1643,
        "V1_asymm": 14.2215,
        "V1_A": 0.0206418,
        "V2_0_n": 0.00648117,
        "V2_A_n": -1.25731e-06,
        "V3_0_n": 1.67104e-05,
        "V3_A_n": 5.58328e-09,
        "V2_0_p": 0.00770206,
        "V2_A_p": 4.33178e-06,
        "V3_0_p": 2.43079e-05,
        "V3_A_p": 6.37323e-08,
        "V4_0": 2.09386e-08,
        "r_0": 1.24537,
        "r_A": 0.280791,
        "a_0": 0.628195,
        "a_A": -0.000572269
    },
    "KDCoulomb": {
        "r_C_0": 1.17593,
        "r_C_A": 1.40211,
        "r_C_A2": 16.2333
    },
    "KDRealSpinOrbit": {
        "V1_0": 5.58834,
        "V1_A": -0.000550546,
        "V2_0": 0.00902623,
        "r_0": 1.08717,
        "r_A": 0.193756,
        "a_0": 0.55942
    },
    "KDImagSpinOrbit": {
        "W1_0": -4.23876,
        "W2_0": 204.35
    },
    "KDImagVolume": {
        "W1_0_n": 26.1331,
        "W1_A_n": -0.0179128,
        "W1_0_p": 24.2607,
        "W1_A_p": 0.0175637,
        "W2_0": 129.364,
        "W2_A": -0.0147049
    },
    "KDImagSurface": {
        "D1_0": 16.7262,
        "D1_asymm": 8.53871,
        "D2_0": 0.0322775,
        "D2_A": -0.0101851,
        "D2_A2": 3.16835,
        "D2_A3": 256.357,
        "D3_0": 16.5936,
        "r_0": 1.5119,
        "r_A": 0.0502407,
        "a_0_n": 0.51121,
        "a_A_n": -0.000897791,
        "a_0_p": 0.445739,
        "a_A_p": 0.00216438
    }
}