{
    "ECS_p": 0.419141,
    "ECS_n": 0.30143,
    "APower_p": 0.790133,
    "APower_n": 0.595413,
    "RCS_p": 0.0375325,
    "TCS_n": 0.0164242
}