{
    "KDHartreeFock": {
        "V1_0": 58.9098,
        "V1_asymm": 6.2569,
        "V1_A": 0.0370451,
        "V2_0_n": 0.00408782,
        "V2_A_n": -3.18774e-06,
        "V3_0_n": -9.13966e-06,
        "V3_A_n": -1.71171e-08,
        "V2_0_p": 0.00415451,
        "V2_A_p": 1.50517e-05,
        "V3_0_p": -9.31779e-07,
        "V3_A_p": 8.23666e-08,
        "V4_0": -3.86051e-08,
        "r_0": 1.34442,
        "r_A": 0.699281,
        "a_0": 0.704833,
        "a_A": 3.33231e-05
    },
    "KDCoulomb": {
        "r_C_0": 1.44002,
        "r_C_A": 0.0689933,
        "r_C_A2": 28.5393
    },
    "KDRealSpinOrbit": {
        "V1_0": 5.77259,
        "V1_A": -0.00150864,
        "V2_0": 0.0110967,
        "r_0": 1.24289,
        "r_A": 0.831479,
        "a_0": 0.52587
    },
    "KDImagSpinOrbit": {
        "W1_0": -5.35673,
        "W2_0": 241.482
    },
    "KDImagVolume": {
        "W1_0_n": 25.319,
        "W1_A_n": -0.0181079,
        "W1_0_p": 26.2633,
        "W1_A_p": -0.0513226,
        "W2_0": 100.901,
        "W2_A": -0.0266513
    },
    "KDImagSurface": {
        "D1_0": 22.9069,
        "D1_asymm": 21.1426,
        "D2_0": 0.0339683,
        "D2_A": -0.00867434,
        "D2_A2": 3.34519,
        "D2_A3": 25.7086,
        "D3_0": 11.1215,
        "r_0": 1.47106,
        "r_A": 0.0371293,
        "a_0_n": 0.53276,
        "a_A_n": 0.00106232,
        "a_0_p": 0.371047,
        "a_A_p": 0.00178958
    }
}