{
    "ECS_p": 0.267858,
    "ECS_n": 0.233766,
    "APower_p": 0.39666,
    "APower_n": 0.108551,
    "RCS_p": 0.00593898,
    "TCS_n": 0.0205527
}