{
    "KDHartreeFock": {
        "V1_0": 58.37,
        "V1_asymm": 21.3201,
        "V1_A": 0.019395,
        "V2_0_n": 0.00564295,
        "V2_A_n": 8.77994e-07,
        "V3_0_n": 4.87061e-06,
        "V3_A_n": 1.18595e-08,
        "V2_0_p": 0.00709137,
        "V2_A_p": -2.69321e-06,
        "V3_0_p": 1.25974e-05,
        "V3_A_p": -2.45181e-08,
        "V4_0": -2.52853e-08,
        "r_0": 1.21602,
        "r_A": 0.139024,
        "a_0": 0.654937,
        "a_A": -0.000626546
    },
    "KDCoulomb": {
        "r_C_0": 1.14755,
        "r_C_A": 0.828227,
        "r_C_A2": -2.61374
    },
    "KDRealSpinOrbit": {
        "V1_0": 4.34435,
        "V1_A": 0.0137944,
        "V2_0": 0.00358393,
        "r_0": 1.18809,
        "r_A": 0.58724,
        "a_0": 0.621363
    },
    "KDImagSpinOrbit": {
        "W1_0": -5.13702,
        "W2_0": 345.001
    },
    "KDImagVolume": {
        "W1_0_n": 18.4066,
        "W1_A_n": -0.0234649,
        "W1_0_p": 16.9202,
        "W1_A_p": 0.0468554,
        "W2_0": 108.553,
        "W2_A": -0.230029
    },
    "KDImagSurface": {
        "D1_0": 22.7292,
        "D1_asymm": 7.05525,
        "D2_0": 0.0342225,
        "D2_A": -0.00737173,
        "D2_A2": 9.38465,
        "D2_A3": 121.044,
        "D3_0": 18.8802,
        "r_0": 1.4376,
        "r_A": 0.0392324,
        "a_0_n": 0.498832,
        "a_A_n": -0.00078814,
        "a_0_p": 0.433619,
        "a_A_p": 0.0015787
    }
}