{
    "ECS_p": 0.551503,
    "ECS_n": 0.27876,
    "APower_p": 0.656551,
    "APower_n": 0.424737,
    "RCS_p": 0.037117,
    "TCS_n": 0.0295763
}