{
    "KDHartreeFock": {
        "V1_0": 58.5512,
        "V1_asymm": 12.9247,
        "V1_A": 0.0248496,
        "V2_0_n": 0.00787243,
        "V2_A_n": 9.33395e-06,
        "V3_0_n": 2.80945e-05,
        "V3_A_n": 5.005e-08,
        "V2_0_p": 0.00862044,
        "V2_A_p": -6.34124e-06,
        "V3_0_p": 3.28699e-05,
        "V3_A_p": -2.03713e-08,
        "V4_0": 3.90487e-08,
        "r_0": 1.21214,
        "r_A": 0.101061,
        "a_0": 0.627907,
        "a_A": -0.000431854
    },
    "KDCoulomb": {
        "r_C_0": 0.934497,
        "r_C_A": 2.10992,
        "r_C_A2": 5.20269
    },
    "KDRealSpinOrbit": {
        "V1_0": 5.87417,
        "V1_A": 0.00128422,
        "V2_0": 0.00695193,
        "r_0": 1.22299,
        "r_A": 0.821797,
        "a_0": 0.578588
    },
    "KDImagSpinOrbit": {
        "W1_0": -3.41092,
        "W2_0": 224.842
    },
    "KDImagVolume": {
        "W1_0_n": 24.0883,
        "W1_A_n": 0.00456879,
        "W1_0_p": 16.7051,
        "W1_A_p": 0.0685971,
        "W2_0": 124.022,
        "W2_A": 0.306617
    },
    "KDImagSurface": {
        "D1_0": 13.7187,
        "D1_asymm": 15.8159,
        "D2_0": 0.0418363,
        "D2_A": -0.0224156,
        "D2_A2": 8.72467,
        "D2_A3": 407.646,
        "D3_0": 9.87552,
        "r_0": 1.3766,
        "r_A": 0.01801,
        "a_0_n": 0.488769,
        "a_A_n": -0.00050742,
        "a_0_p": 0.514169,
        "a_A_p": 0.000998263
    }
}