{
    "ECS_p": 0.441365,
    "ECS_n": 0.27305,
    "APower_p": 0.834244,
    "APower_n": 0.735361,
    "RCS_p": 0.0372585,
    "TCS_n": 0.0457422
}