{
    "KDHartreeFock": {
        "V1_0": 57.341,
        "V1_asymm": 8.59313,
        "V1_A": 0.0363709,
        "V2_0_n": 0.00450365,
        "V2_A_n": -9.02833e-06,
        "V3_0_n": -1.00532e-05,
        "V3_A_n": -3.55016e-08,
        "V2_0_p": 0.00644252,
        "V2_A_p": 8.07568e-06,
        "V3_0_p": -1.40447e-06,
        "V3_A_p": 9.34392e-08,
        "V4_0": -5.35563e-08,
        "r_0": 1.3349,
        "r_A": 0.549221,
        "a_0": 0.661685,
        "a_A": -0.000243142
    },
    "KDCoulomb": {
        "r_C_0": 1.25307,
        "r_C_A": 0.395241,
        "r_C_A2": 4.07259
    },
    "KDRealSpinOrbit": {
        "V1_0": 6.66745,
        "V1_A": -0.0138188,
        "V2_0": 0.00453963,
        "r_0": 1.21634,
        "r_A": 0.673259,
        "a_0": 0.498703
    },
    "KDImagSpinOrbit": {
        "W1_0": -3.91043,
        "W2_0": 195.016
    },
    "KDImagVolume": {
        "W1_0_n": 19.4769,
        "W1_A_n": 0.000932829,
        "W1_0_p": 20.2257,
        "W1_A_p": -0.0288139,
        "W2_0": 75.2565,
        "W2_A": -0.153124
    },
    "KDImagSurface": {
        "D1_0": 50.4496,
        "D1_asymm": -10.1797,
        "D2_0": 0.0444904,
        "D2_A": 0.00935838,
        "D2_A2": 18.2813,
        "D2_A3": 202.207,
        "D3_0": 28.7065,
        "r_0": 1.33125,
        "r_A": 0.00241218,
        "a_0_n": 0.573012,
        "a_A_n": 0.000812223,
        "a_0_p": 0.553706,
        "a_A_p": 0.00073171
    }
}