{
    "ECS_p": 0.255563,
    "ECS_n": 0.202744,
    "APower_p": 0.361424,
    "APower_n": 0.291887,
    "RCS_p": 0.0234578,
    "TCS_n": 0.0244374
}