{
    "KDHartreeFock": {
        "V1_0": 58.8686,
        "V1_asymm": 5.43232,
        "V1_A": 0.032852,
        "V2_0_n": 0.0064382,
        "V2_A_n": -2.01355e-07,
        "V3_0_n": 1.11294e-05,
        "V3_A_n": 7.38253e-09,
        "V2_0_p": 0.00614804,
        "V2_A_p": 2.10393e-06,
        "V3_0_p": 9.82842e-06,
        "V3_A_p": 2.21912e-08,
        "V4_0": -2.01911e-09,
        "r_0": 1.23751,
        "r_A": 0.217651,
        "a_0": 0.635386,
        "a_A": -0.00046001
    },
    "KDCoulomb": {
        "r_C_0": 1.09891,
        "r_C_A": 1.55049,
        "r_C_A2": -3.08476
    },
    "KDRealSpinOrbit": {
        "V1_0": 6.26313,
        "V1_A": -0.0075647,
        "V2_0": 0.00563847,
        "r_0": 1.2668,
        "r_A": 0.954594,
        "a_0": 0.530627
    },
    "KDImagSpinOrbit": {
        "W1_0": -7.05617,
        "W2_0": 205.743
    },
    "KDImagVolume": {
        "W1_0_n": 28.8212,
        "W1_A_n": 0.0252403,
        "W1_0_p": 27.8733,
        "W1_A_p": 0.031306,
        "W2_0": 182.794,
        "W2_A": -0.114152
    },
    "KDImagSurface": {
        "D1_0": 13.126,
        "D1_asymm": 6.56267,
        "D2_0": -0.0188028,
        "D2_A": 0.0340041,
        "D2_A2": 9.59542,
        "D2_A3": 397.892,
        "D3_0": 12.87,
        "r_0": 1.19479,
        "r_A": -0.00801442,
        "a_0_n": 0.601337,
        "a_A_n": -0.000214457,
        "a_0_p": 0.527584,
        "a_A_p": 0.00170137
    }
}