{
    "ECS_p": 0.344475,
    "ECS_n": 0.222051,
    "APower_p": 0.790841,
    "APower_n": 0.698869,
    "RCS_p": 0.0322107,
    "TCS_n": 0.0345712
}