{
    "KDHartreeFock": {
        "V1_0": 59.0047,
        "V1_asymm": 12.2376,
        "V1_A": 0.0352694,
        "V2_0_n": 0.00591958,
        "V2_A_n": 1.95637e-06,
        "V3_0_n": 1.2451e-05,
        "V3_A_n": 3.95482e-08,
        "V2_0_p": 0.00510169,
        "V2_A_p": 9.80688e-06,
        "V3_0_p": 2.9764e-06,
        "V3_A_p": 8.75041e-08,
        "V4_0": -7.46566e-09,
        "r_0": 1.31913,
        "r_A": 0.55569,
        "a_0": 0.675741,
        "a_A": -0.000115981
    },
    "KDCoulomb": {
        "r_C_0": 1.25159,
        "r_C_A": 1.65959,
        "r_C_A2": 19.7204
    },
    "KDRealSpinOrbit": {
        "V1_0": 6.40931,
        "V1_A": -0.00323194,
        "V2_0": 0.00952974,
        "r_0": 1.28419,
        "r_A": 0.960634,
        "a_0": 0.54125
    },
    "KDImagSpinOrbit": {
        "W1_0": -6.39757,
        "W2_0": 222.212
    },
    "KDImagVolume": {
        "W1_0_n": 20.9553,
        "W1_A_n": 0.0287474,
        "W1_0_p": 30.9114,
        "W1_A_p": -0.00853807,
        "W2_0": 159.47,
        "W2_A": -0.0472517
    },
    "KDImagSurface": {
        "D1_0": 15.5569,
        "D1_asymm": 23.5155,
        "D2_0": 0.0223955,
        "D2_A": -0.00196333,
        "D2_A2": -6.88976,
        "D2_A3": -103.833,
        "D3_0": 13.218,
        "r_0": 1.24889,
        "r_A": -0.00146096,
        "a_0_n": 0.516979,
        "a_A_n": -0.000554349,
        "a_0_p": 0.509344,
        "a_A_p": 0.000903851
    }
}