{
    "ECS_p": 0.286703,
    "ECS_n": 0.182211,
    "APower_p": 0.473539,
    "APower_n": 0.204593,
    "RCS_p": 0.0218798,
    "TCS_n": 0.0296629
}