{
    "KDHartreeFock": {
        "V1_0": 59.2981,
        "V1_asymm": 16.2283,
        "V1_A": 0.0332663,
        "V2_0_n": 0.00677629,
        "V2_A_n": 8.60476e-06,
        "V3_0_n": 1.41572e-05,
        "V3_A_n": 3.66314e-08,
        "V2_0_p": 0.00730938,
        "V2_A_p": -6.51694e-06,
        "V3_0_p": 2.07539e-05,
        "V3_A_p": -5.29911e-08,
        "V4_0": 1.18889e-08,
        "r_0": 1.2584,
        "r_A": 0.292735,
        "a_0": 0.699753,
        "a_A": 1.11587e-05
    },
    "KDCoulomb": {
        "r_C_0": 1.11156,
        "r_C_A": 0.274355,
        "r_C_A2": 7.18869
    },
    "KDRealSpinOrbit": {
        "V1_0": 6.53412,
        "V1_A": 0.000719841,
        "V2_0": 0.00475175,
        "r_0": 1.11109,
        "r_A": 0.400821,
        "a_0": 0.603716
    },
    "KDImagSpinOrbit": {
        "W1_0": -4.42309,
        "W2_0": 183.83
    },
    "KDImagVolume": {
        "W1_0_n": 23.0055,
        "W1_A_n": -0.00459106,
        "W1_0_p": 19.29,
        "W1_A_p": 0.0503218,
        "W2_0": 120.65,
        "W2_A": -0.127079
    },
    "KDImagSurface": {
        "D1_0": 26.0685,
        "D1_asymm": -1.59849,
        "D2_0": 0.00638474,
        "D2_A": 0.0249503,
        "D2_A2": 4.45948,
        "D2_A3": 313.408,
        "D3_0": 19.5113,
        "r_0": 1.30013,
        "r_A": 0.00567487,
        "a_0_n": 0.536164,
        "a_A_n": 0.00010912,
        "a_0_p": 0.477678,
        "a_A_p": 0.00133912
    }
}