{
    "ECS_p": 0.399749,
    "ECS_n": 0.255815,
    "APower_p": 0.679437,
    "APower_n": 0.625207,
    "RCS_p": 0.0380285,
    "TCS_n": 0.0395418
}