{
    "KDHartreeFock": {
        "V1_0": 59.8047,
        "V1_asymm": 12.2356,
        "V1_A": 0.0508715,
        "V2_0_n": 0.00646414,
        "V2_A_n": 7.60851e-07,
        "V3_0_n": 7.86034e-06,
        "V3_A_n": 1.02544e-08,
        "V2_0_p": 0.00794947,
        "V2_A_p": 1.85148e-06,
        "V3_0_p": 1.84809e-05,
        "V3_A_p": 6.43595e-08,
        "V4_0": -1.45357e-08,
        "r_0": 1.32279,
        "r_A": 0.446765,
        "a_0": 0.636468,
        "a_A": -4.6968e-05
    },
    "KDCoulomb": {
        "r_C_0": 1.11035,
        "r_C_A": 0.733022,
        "r_C_A2": 9.1374
    },
    "KDRealSpinOrbit": {
        "V1_0": 7.4005,
        "V1_A": -0.0229027,
        "V2_0": 0.00826741,
        "r_0": 1.13998,
        "r_A": 0.387201,
        "a_0": 0.504385
    },
    "KDImagSpinOrbit": {
        "W1_0": -3.51593,
        "W2_0": 205.673
    },
    "KDImagVolume": {
        "W1_0_n": 19.2507,
        "W1_A_n": 0.0689628,
        "W1_0_p": 17.1996,
        "W1_A_p": 0.0263032,
        "W2_0": 100.149,
        "W2_A": 0.285391
    },
    "KDImagSurface": {
        "D1_0": 15.0693,
        "D1_asymm": -10.1763,
        "D2_0": -0.00282774,
        "D2_A": 0.0228435,
        "D2_A2": 16.1821,
        "D2_A3": 280.889,
        "D3_0": 15.1513,
        "r_0": 1.40065,
        "r_A": 0.0248245,
        "a_0_n": 0.506662,
        "a_A_n": -0.000239144,
        "a_0_p": 0.428735,
        "a_A_p": 0.00251082
    }
}