{
    "ECS_p": 0.196682,
    "ECS_n": 0.223685,
    "APower_p": 0.190683,
    "APower_n": 0.175796,
    "RCS_p": 0.00700902,
    "TCS_n": 0.0315467
}