{
    "KDHartreeFock": {
        "V1_0": 58.1964,
        "V1_asymm": 4.4174,
        "V1_A": 0.0336794,
        "V2_0_n": 0.00683256,
        "V2_A_n": 1.11479e-05,
        "V3_0_n": 1.26745e-05,
        "V3_A_n": 6.06717e-08,
        "V2_0_p": 0.00572319,
        "V2_A_p": -5.70812e-06,
        "V3_0_p": 1.1126e-05,
        "V3_A_p": -5.09528e-08,
        "V4_0": -3.20788e-09,
        "r_0": 1.23882,
        "r_A": 0.238056,
        "a_0": 0.706136,
        "a_A": -6.39869e-05
    },
    "KDCoulomb": {
        "r_C_0": 1.22668,
        "r_C_A": 0.725863,
        "r_C_A2": 11.0001
    },
    "KDRealSpinOrbit": {
        "V1_0": 4.62283,
        "V1_A": 0.00690716,
        "V2_0": 0.00286909,
        "r_0": 1.24333,
        "r_A": 0.951489,
        "a_0": 0.645839
    },
    "KDImagSpinOrbit": {
        "W1_0": -8.00764,
        "W2_0": 306.004
    },
    "KDImagVolume": {
        "W1_0_n": 19.7702,
        "W1_A_n": 0.0102671,
        "W1_0_p": 18.4279,
        "W1_A_p": 0.0020633,
        "W2_0": 89.6662,
        "W2_A": 0.0245024
    },
    "KDImagSurface": {
        "D1_0": 14.9323,
        "D1_asymm": 17.3058,
        "D2_0": 0.0218645,
        "D2_A": 0.00434465,
        "D2_A2": 5.17881,
        "D2_A3": 48.2491,
        "D3_0": 11.4232,
        "r_0": 1.28602,
        "r_A": 0.00146317,
        "a_0_n": 0.551949,
        "a_A_n": -4.53413e-05,
        "a_0_p": 0.536922,
        "a_A_p": 0.000747303
    }
}