{
    "ECS_p": 0.280684,
    "ECS_n": 0.306945,
    "APower_p": 0.765593,
    "APower_n": 0.5314,
    "RCS_p": 0.0316185,
    "TCS_n": 0.0375473
}