{
    "KDHartreeFock": {
        "V1_0": 57.9496,
        "V1_asymm": 6.30946,
        "V1_A": 0.0308412,
        "V2_0_n": 0.00700712,
        "V2_A_n": -6.37766e-07,
        "V3_0_n": 1.7244e-05,
        "V3_A_n": 2.41147e-08,
        "V2_0_p": 0.00520318,
        "V2_A_p": 1.13907e-05,
        "V3_0_p": 9.06852e-06,
        "V3_A_p": 8.79878e-08,
        "V4_0": -5.49938e-10,
        "r_0": 1.33545,
        "r_A": 0.519252,
        "a_0": 0.675215,
        "a_A": -0.000235654
    },
    "KDCoulomb": {
        "r_C_0": 1.0504,
        "r_C_A": 0.613197,
        "r_C_A2": 25.1016
    },
    "KDRealSpinOrbit": {
        "V1_0": 6.96974,
        "V1_A": -0.016065,
        "V2_0": 0.0100172,
        "r_0": 1.21148,
        "r_A": 0.63065,
        "a_0": 0.546733
    },
    "KDImagSpinOrbit": {
        "W1_0": -4.6557,
        "W2_0": 259.639
    },
    "KDImagVolume": {
        "W1_0_n": 17.5471,
        "W1_A_n": -0.00622768,
        "W1_0_p": 16.421,
        "W1_A_p": -0.0284163,
        "W2_0": 96.4375,
        "W2_A": -0.208819
    },
    "KDImagSurface": {
        "D1_0": 17.6757,
        "D1_asymm": 17.4091,
        "D2_0": 0.00121324,
        "D2_A": 0.0217957,
        "D2_A2": 6.27952,
        "D2_A3": 229.071,
        "D3_0": 12.9812,
        "r_0": 1.21659,
        "r_A": -0.0179967,
        "a_0_n": 0.54143,
        "a_A_n": 0.000977502,
        "a_0_p": 0.495678,
        "a_A_p": 0.000355212
    }
}