{
    "ECS_p": 0.42729,
    "ECS_n": 0.40047,
    "APower_p": 0.781118,
    "APower_n": 0.67299,
    "RCS_p": 0.0495401,
    "TCS_n": 0.0298438
}