{
    "KDHartreeFock": {
        "V1_0": 58.7953,
        "V1_asymm": 12.5615,
        "V1_A": 0.0295445,
        "V2_0_n": 0.00631029,
        "V2_A_n": -8.23985e-06,
        "V3_0_n": 2.34247e-05,
        "V3_A_n": -3.11017e-08,
        "V2_0_p": 0.00438643,
        "V2_A_p": 1.45609e-05,
        "V3_0_p": 1.56647e-05,
        "V3_A_p": 4.37611e-08,
        "V4_0": 4.4024e-08,
        "r_0": 1.33758,
        "r_A": 0.653542,
        "a_0": 0.699797,
        "a_A": 0.000632271
    },
    "KDCoulomb": {
        "r_C_0": 1.34893,
        "r_C_A": 0.463671,
        "r_C_A2": -2.74515
    },
    "KDRealSpinOrbit": {
        "V1_0": 6.78508,
        "V1_A": 0.0308458,
        "V2_0": 0.0227097,
        "r_0": 1.12223,
        "r_A": 0.384338,
        "a_0": 0.604761
    },
    "KDImagSpinOrbit": {
        "W1_0": -4.81715,
        "W2_0": 254.779
    },
    "KDImagVolume": {
        "W1_0_n": 26.7133,
        "W1_A_n": -0.0105619,
        "W1_0_p": 24.207,
        "W1_A_p": 0.0766298,
        "W2_0": 155.392,
        "W2_A": -0.0477989
    },
    "KDImagSurface": {
        "D1_0": 21.2229,
        "D1_asymm": 33.6353,
        "D2_0": 0.0287884,
        "D2_A": -0.0161098,
        "D2_A2": 4.92609,
        "D2_A3": -86.37,
        "D3_0": 18.3115,
        "r_0": 1.42986,
        "r_A": 0.0542144,
        "a_0_n": 0.61133,
        "a_A_n": -0.00208007,
        "a_0_p": 0.531949,
        "a_A_p": 0.00220232
    }
}