{
    "ECS_p": 0.334262,
    "ECS_n": 0.205121,
    "APower_p": 0.351492,
    "APower_n": 0.246247,
    "RCS_p": 0.00598366,
    "TCS_n": 0.0233882
}