{
    "KDHartreeFock": {
        "V1_0": 59.4151,
        "V1_asymm": 12.9395,
        "V1_A": 0.0295567,
        "V2_0_n": 0.00568303,
        "V2_A_n": 1.42292e-06,
        "V3_0_n": 6.06676e-06,
        "V3_A_n": 3.14554e-08,
        "V2_0_p": 0.00810123,
        "V2_A_p": -9.43354e-06,
        "V3_0_p": 1.67633e-05,
        "V3_A_p": -1.46032e-08,
        "V4_0": -1.27867e-08,
        "r_0": 1.21801,
        "r_A": 0.143043,
        "a_0": 0.627821,
        "a_A": -0.000673205
    },
    "KDCoulomb": {
        "r_C_0": 1.1003,
        "r_C_A": 1.70054,
        "r_C_A2": -13.8242
    },
    "KDRealSpinOrbit": {
        "V1_0": 6.01151,
        "V1_A": 0.0191879,
        "V2_0": 0.0109965,
        "r_0": 1.18774,
        "r_A": 0.361009,
        "a_0": 0.548962
    },
    "KDImagSpinOrbit": {
        "W1_0": -5.02765,
        "W2_0": 249.317
    },
    "KDImagVolume": {
        "W1_0_n": 21.3968,
        "W1_A_n": 0.0176013,
        "W1_0_p": 15.0073,
        "W1_A_p": 0.0281984,
        "W2_0": 92.0854,
        "W2_A": 0.0394165
    },
    "KDImagSurface": {
        "D1_0": 18.2531,
        "D1_asymm": 27.9112,
        "D2_0": 0.0290458,
        "D2_A": 0.00142603,
        "D2_A2": 5.79485,
        "D2_A3": 48.665,
        "D3_0": 12.7208,
        "r_0": 1.34492,
        "r_A": 0.0104188,
        "a_0_n": 0.460915,
        "a_A_n": -0.00114736,
        "a_0_p": 0.528028,
        "a_A_p": 0.000438784
    }
}