{
    "ECS_p": 0.319352,
    "ECS_n": 0.189972,
    "APower_p": 0.367112,
    "APower_n": 0.197076,
    "RCS_p": 0.00970164,
    "TCS_n": 0.0249667
}