{
    "KDHartreeFock": {
        "V1_0": 58.62,
        "V1_asymm": 11.5509,
        "V1_A": 0.0404829,
        "V2_0_n": 0.00718233,
        "V2_A_n": 7.58855e-06,
        "V3_0_n": 1.43727e-05,
        "V3_A_n": 4.11499e-08,
        "V2_0_p": 0.00708875,
        "V2_A_p": 3.17686e-06,
        "V3_0_p": 1.81231e-05,
        "V3_A_p": 9.17303e-10,
        "V4_0": -5.73731e-09,
        "r_0": 1.29037,
        "r_A": 0.326801,
        "a_0": 0.65262,
        "a_A": -0.000114038
    },
    "KDCoulomb": {
        "r_C_0": 1.27161,
        "r_C_A": 0.469186,
        "r_C_A2": 20.6813
    },
    "KDRealSpinOrbit": {
        "V1_0": 5.19563,
        "V1_A": 0.00872118,
        "V2_0": 0.00599111,
        "r_0": 1.19729,
        "r_A": 0.720355,
        "a_0": 0.588727
    },
    "KDImagSpinOrbit": {
        "W1_0": -7.04302,
        "W2_0": 233.762
    },
    "KDImagVolume": {
        "W1_0_n": 21.8075,
        "W1_A_n": 0.0156712,
        "W1_0_p": 15.3293,
        "W1_A_p": 0.118861,
        "W2_0": 91.1141,
        "W2_A": 0.35007
    },
    "KDImagSurface": {
        "D1_0": 14.6769,
        "D1_asymm": -0.141337,
        "D2_0": 0.0203177,
        "D2_A": 0.0131064,
        "D2_A2": 19.1279,
        "D2_A3": -93.683,
        "D3_0": 12.6674,
        "r_0": 1.16759,
        "r_A": -0.0158331,
        "a_0_n": 0.548219,
        "a_A_n": 0.00015991,
        "a_0_p": 0.616355,
        "a_A_p": 0.000730122
    }
}