{
    "ECS_p": 0.291915,
    "ECS_n": 0.120957,
    "APower_p": 0.300666,
    "APower_n": 0.106433,
    "RCS_p": 0.0113839,
    "TCS_n": 0.0257603
}