{
    "KDHartreeFock": {
        "V1_0": 58.5895,
        "V1_asymm": 18.0185,
        "V1_A": 0.02248,
        "V2_0_n": 0.00648677,
        "V2_A_n": -4.21309e-07,
        "V3_0_n": 1.39231e-05,
        "V3_A_n": 1.93771e-08,
        "V2_0_p": 0.00736168,
        "V2_A_p": 7.75492e-06,
        "V3_0_p": 2.03153e-05,
        "V3_A_p": 4.8657e-08,
        "V4_0": -2.00105e-09,
        "r_0": 1.29807,
        "r_A": 0.438845,
        "a_0": 0.687013,
        "a_A": 8.35514e-06
    },
    "KDCoulomb": {
        "r_C_0": 1.16868,
        "r_C_A": -0.0305686,
        "r_C_A2": 7.4409
    },
    "KDRealSpinOrbit": {
        "V1_0": 4.38776,
        "V1_A": 0.0171611,
        "V2_0": 0.0048934,
        "r_0": 1.22622,
        "r_A": 0.698236,
        "a_0": 0.499974
    },
    "KDImagSpinOrbit": {
        "W1_0": -3.76737,
        "W2_0": 289.661
    },
    "KDImagVolume": {
        "W1_0_n": 18.8979,
        "W1_A_n": 0.0290994,
        "W1_0_p": 16.1195,
        "W1_A_p": 0.0815579,
        "W2_0": 106.054,
        "W2_A": 0.287699
    },
    "KDImagSurface": {
        "D1_0": 15.6864,
        "D1_asymm": 10.7036,
        "D2_0": -0.0269452,
        "D2_A": 0.0472719,
        "D2_A2": 10.6151,
        "D2_A3": 244.422,
        "D3_0": 14.0386,
        "r_0": 1.27709,
        "r_A": 0.00506549,
        "a_0_n": 0.550442,
        "a_A_n": -0.000456363,
        "a_0_p": 0.580672,
        "a_A_p": 0.000332038
    }
}