{
    "ECS_p": 0.328458,
    "ECS_n": 0.250639,
    "APower_p": 0.303771,
    "APower_n": 0.375503,
    "RCS_p": 0.00510587,
    "TCS_n": 0.0379201
}