{
    "KDHartreeFock": {
        "V1_0": 58.5273,
        "V1_asymm": 10.5522,
        "V1_A": 0.0205766,
        "V2_0_n": 0.00670224,
        "V2_A_n": -2.1352e-06,
        "V3_0_n": 2.22934e-05,
        "V3_A_n": -3.83261e-09,
        "V2_0_p": 0.00705469,
        "V2_A_p": 2.31039e-06,
        "V3_0_p": 2.33799e-05,
        "V3_A_p": 3.06776e-09,
        "V4_0": 3.45518e-08,
        "r_0": 1.28314,
        "r_A": 0.412574,
        "a_0": 0.681781,
        "a_A": 0.000138416
    },
    "KDCoulomb": {
        "r_C_0": 1.0319,
        "r_C_A": 1.11098,
        "r_C_A2": 12.1182
    },
    "KDRealSpinOrbit": {
        "V1_0": 6.86472,
        "V1_A": -0.0067453,
        "V2_0": 0.00334767,
        "r_0": 1.2661,
        "r_A": 0.974701,
        "a_0": 0.62408
    },
    "KDImagSpinOrbit": {
        "W1_0": -3.01548,
        "W2_0": 262.42
    },
    "KDImagVolume": {
        "W1_0_n": 25.963,
        "W1_A_n": 0.0261849,
        "W1_0_p": 27.7366,
        "W1_A_p": 0.0473883,
        "W2_0": 173.452,
        "W2_A": 0.261372
    },
    "KDImagSurface": {
        "D1_0": 14.6794,
        "D1_asymm": 10.5819,
        "D2_0": 0.00471014,
        "D2_A": 0.0161901,
        "D2_A2": 20.2934,
        "D2_A3": 239.981,
        "D3_0": 11.7434,
        "r_0": 1.36043,
        "r_A": 0.0260371,
        "a_0_n": 0.563635,
        "a_A_n": -0.000126232,
        "a_0_p": 0.501987,
        "a_A_p": 0.00247738
    }
}