{
    "ECS_p": 0.246674,
    "ECS_n": 0.205523,
    "APower_p": 0.266023,
    "APower_n": 0.133108,
    "RCS_p": 0.0193643,
    "TCS_n": 0.0236255
}