{
    "KDHartreeFock": {
        "V1_0": 61.1417,
        "V1_asymm": 14.5131,
        "V1_A": 0.0322193,
        "V2_0_n": 0.0059481,
        "V2_A_n": -3.46664e-07,
        "V3_0_n": 4.73391e-06,
        "V3_A_n": -2.32768e-08,
        "V2_0_p": 0.00561373,
        "V2_A_p": 2.30591e-06,
        "V3_0_p": 6.04984e-06,
        "V3_A_p": 2.01525e-08,
        "V4_0": -7.41508e-09,
        "r_0": 1.27478,
        "r_A": 0.473459,
        "a_0": 0.69455,
        "a_A": -4.49306e-05
    },
    "KDCoulomb": {
        "r_C_0": 1.09811,
        "r_C_A": 1.02134,
        "r_C_A2": 12.968
    },
    "KDRealSpinOrbit": {
        "V1_0": 6.27482,
        "V1_A": 0.00502022,
        "V2_0": 0.00587654,
        "r_0": 1.17177,
        "r_A": 0.539727,
        "a_0": 0.606459
    },
    "KDImagSpinOrbit": {
        "W1_0": -3.28256,
        "W2_0": 184.309
    },
    "KDImagVolume": {
        "W1_0_n": 31.1113,
        "W1_A_n": -0.0499394,
        "W1_0_p": 25.287,
        "W1_A_p": 0.0258998,
        "W2_0": 148.963,
        "W2_A": -0.167718
    },
    "KDImagSurface": {
        "D1_0": 17.7068,
        "D1_asymm": -1.80637,
        "D2_0": 0.0244664,
        "D2_A": -0.00386957,
        "D2_A2": 12.544,
        "D2_A3": 123.516,
        "D3_0": 17.8378,
        "r_0": 1.35279,
        "r_A": 0.0179779,
        "a_0_n": 0.5651,
        "a_A_n": -0.000237227,
        "a_0_p": 0.474959,
        "a_A_p": 0.00188344
    }
}