{
    "ECS_p": 0.266074,
    "ECS_n": 0.210893,
    "APower_p": 0.229503,
    "APower_n": 0.252228,
    "RCS_p": 0.0246869,
    "TCS_n": 0.0251774
}