{
    "KDHartreeFock": {
        "V1_0": 55.2083,
        "V1_asymm": 18.6055,
        "V1_A": 0.00836238,
        "V2_0_n": 0.00491868,
        "V2_A_n": 1.66387e-06,
        "V3_0_n": -6.47123e-06,
        "V3_A_n": 1.89181e-09,
        "V2_0_p": 0.00596785,
        "V2_A_p": 1.00853e-05,
        "V3_0_p": -7.70334e-08,
        "V3_A_p": 6.87835e-08,
        "V4_0": -5.34751e-08,
        "r_0": 1.2374,
        "r_A": 0.17455,
        "a_0": 0.71302,
        "a_A": -0.000118341
    },
    "KDCoulomb": {
        "r_C_0": 1.30905,
        "r_C_A": -1.05455,
        "r_C_A2": 37.3468
    },
    "KDRealSpinOrbit": {
        "V1_0": 6.33927,
        "V1_A": -0.00627617,
        "V2_0": 0.00483737,
        "r_0": 1.02697,
        "r_A": -0.0753534,
        "a_0": 0.5952
    },
    "KDImagSpinOrbit": {
        "W1_0": -0.967652,
        "W2_0": 153.303
    },
    "KDImagVolume": {
        "W1_0_n": 18.3124,
        "W1_A_n": -0.038047,
        "W1_0_p": 8.93675,
        "W1_A_p": 0.0482894,
        "W2_0": 76.2643,
        "W2_A": -0.108106
    },
    "KDImagSurface": {
        "D1_0": 36.1417,
        "D1_asymm": 20.3567,
        "D2_0": 0.0434726,
        "D2_A": -0.000600451,
        "D2_A2": 9.91811,
        "D2_A3": 413.475,
        "D3_0": 19.976,
        "r_0": 1.2675,
        "r_A": -0.00676923,
        "a_0_n": 0.506253,
        "a_A_n": 0.000338888,
        "a_0_p": 0.554934,
        "a_A_p": -0.000249664
    }
}