{
    "ECS_p": 0.309094,
    "ECS_n": 0.211889,
    "APower_p": 0.385599,
    "APower_n": 0.127472,
    "RCS_p": 0.0289213,
    "TCS_n": 0.0268795
}