{
    "KDHartreeFock": {
        "V1_0": 60.1242,
        "V1_asymm": 4.19147,
        "V1_A": 0.0495544,
        "V2_0_n": 0.00473887,
        "V2_A_n": 9.90268e-07,
        "V3_0_n": -6.42363e-06,
        "V3_A_n": 1.64239e-08,
        "V2_0_p": 0.00524127,
        "V2_A_p": 1.80253e-06,
        "V3_0_p": -4.51367e-06,
        "V3_A_p": 1.0151e-08,
        "V4_0": -4.5438e-08,
        "r_0": 1.33361,
        "r_A": 0.678191,
        "a_0": 0.694345,
        "a_A": -7.92285e-05
    },
    "KDCoulomb": {
        "r_C_0": 1.3848,
        "r_C_A": 1.33235,
        "r_C_A2": 10.5916
    },
    "KDRealSpinOrbit": {
        "V1_0": 7.26194,
        "V1_A": -0.00660672,
        "V2_0": 0.00747714,
        "r_0": 1.25997,
        "r_A": 0.782391,
        "a_0": 0.590351
    },
    "KDImagSpinOrbit": {
        "W1_0": -6.07492,
        "W2_0": 288.955
    },
    "KDImagVolume": {
        "W1_0_n": 23.0216,
        "W1_A_n": -0.000968104,
        "W1_0_p": 13.0736,
        "W1_A_p": 0.111463,
        "W2_0": 73.9133,
        "W2_A": 0.0864493
    },
    "KDImagSurface": {
        "D1_0": 12.6652,
        "D1_asymm": 3.64355,
        "D2_0": 0.0451313,
        "D2_A": -0.0227983,
        "D2_A2": 13.6212,
        "D2_A3": 373.098,
        "D3_0": 9.71981,
        "r_0": 1.45887,
        "r_A": 0.0386525,
        "a_0_n": 0.478775,
        "a_A_n": -8.27135e-05,
        "a_0_p": 0.555971,
        "a_A_p": 0.000800013
    }
}