{
    "ECS_p": 0.478002,
    "ECS_n": 0.246255,
    "APower_p": 0.706378,
    "APower_n": 0.54401,
    "RCS_p": 0.0322675,
    "TCS_n": 0.0409028
}