{
    "KDHartreeFock": {
        "V1_0": 60.3745,
        "V1_asymm": 21.4732,
        "V1_A": 0.0351418,
        "V2_0_n": 0.00470753,
        "V2_A_n": 3.46551e-06,
        "V3_0_n": -4.55139e-07,
        "V3_A_n": 3.87355e-08,
        "V2_0_p": 0.0055894,
        "V2_A_p": 1.2448e-05,
        "V3_0_p": 2.31567e-06,
        "V3_A_p": 8.4723e-08,
        "V4_0": -3.49148e-08,
        "r_0": 1.31435,
        "r_A": 0.608977,
        "a_0": 0.686077,
        "a_A": -1.8842e-05
    },
    "KDCoulomb": {
        "r_C_0": 1.08724,
        "r_C_A": 1.39342,
        "r_C_A2": 33.1613
    },
    "KDRealSpinOrbit": {
        "V1_0": 4.41007,
        "V1_A": 0.0212817,
        "V2_0": 0.00877467,
        "r_0": 1.29321,
        "r_A": 0.958255,
        "a_0": 0.55755
    },
    "KDImagSpinOrbit": {
        "W1_0": -2.0237,
        "W2_0": 125.291
    },
    "KDImagVolume": {
        "W1_0_n": 18.6806,
        "W1_A_n": 0.0327554,
        "W1_0_p": 20.5521,
        "W1_A_p": -0.00903603,
        "W2_0": 101.561,
        "W2_A": -0.0457203
    },
    "KDImagSurface": {
        "D1_0": 23.0275,
        "D1_asymm": 0.792184,
        "D2_0": -0.0537232,
        "D2_A": 0.0845004,
        "D2_A2": 12.2087,
        "D2_A3": 243.124,
        "D3_0": 19.3424,
        "r_0": 1.4248,
        "r_A": 0.026741,
        "a_0_n": 0.560268,
        "a_A_n": 0.000205625,
        "a_0_p": 0.455827,
        "a_A_p": 0.00131434
    }
}