{
    "ECS_p": 0.368826,
    "ECS_n": 0.370774,
    "APower_p": 0.659406,
    "APower_n": 0.57785,
    "RCS_p": 0.0392892,
    "TCS_n": 0.0348665
}