{
    "KDHartreeFock": {
        "V1_0": 56.1008,
        "V1_asymm": 16.2363,
        "V1_A": 0.0149727,
        "V2_0_n": 0.00522842,
        "V2_A_n": 3.86524e-06,
        "V3_0_n": 2.03863e-06,
        "V3_A_n": 5.82495e-08,
        "V2_0_p": 0.00461829,
        "V2_A_p": 1.8316e-05,
        "V3_0_p": -6.49989e-06,
        "V3_A_p": 1.25246e-07,
        "V4_0": -4.11385e-08,
        "r_0": 1.28318,
        "r_A": 0.384723,
        "a_0": 0.703361,
        "a_A": -0.000360288
    },
    "KDCoulomb": {
        "r_C_0": 1.2631,
        "r_C_A": 0.416628,
        "r_C_A2": 27.7789
    },
    "KDRealSpinOrbit": {
        "V1_0": 4.43711,
        "V1_A": -0.0114333,
        "V2_0": 0.00279984,
        "r_0": 1.22303,
        "r_A": 0.656352,
        "a_0": 0.562177
    },
    "KDImagSpinOrbit": {
        "W1_0": -4.8202,
        "W2_0": 253.956
    },
    "KDImagVolume": {
        "W1_0_n": 10.1723,
        "W1_A_n": 0.0837101,
        "W1_0_p": 16.4302,
        "W1_A_p": 0.0123644,
        "W2_0": 56.0553,
        "W2_A": 0.488399
    },
    "KDImagSurface": {
        "D1_0": 26.6349,
        "D1_asymm": 5.62435,
        "D2_0": 0.02427,
        "D2_A": 0.00811829,
        "D2_A2": 11.415,
        "D2_A3": 63.0662,
        "D3_0": 21.6246,
        "r_0": 1.31866,
        "r_A": 0.0142519,
        "a_0_n": 0.55504,
        "a_A_n": 0.000390799,
        "a_0_p": 0.442165,
        "a_A_p": 0.00144815
    }
}