{
    "ECS_p": 0.399187,
    "ECS_n": 0.390679,
    "APower_p": 0.685955,
    "APower_n": 0.747392,
    "RCS_p": 0.0638511,
    "TCS_n": 0.0477572
}