{
    "KDHartreeFock": {
        "V1_0": 58.7009,
        "V1_asymm": 16.5769,
        "V1_A": 0.0267502,
        "V2_0_n": 0.00628662,
        "V2_A_n": 8.23866e-06,
        "V3_0_n": 9.94665e-06,
        "V3_A_n": 2.98741e-08,
        "V2_0_p": 0.00834102,
        "V2_A_p": -4.33728e-07,
        "V3_0_p": 3.09502e-05,
        "V3_A_p": -4.27671e-08,
        "V4_0": 1.19871e-09,
        "r_0": 1.27388,
        "r_A": 0.316905,
        "a_0": 0.649089,
        "a_A": -1.5845e-05
    },
    "KDCoulomb": {
        "r_C_0": 1.32619,
        "r_C_A": 1.13934,
        "r_C_A2": 40.9369
    },
    "KDRealSpinOrbit": {
        "V1_0": 6.63965,
        "V1_A": -0.0244329,
        "V2_0": 0.00558278,
        "r_0": 1.15873,
        "r_A": 0.385432,
        "a_0": 0.645159
    },
    "KDImagSpinOrbit": {
        "W1_0": -7.97023,
        "W2_0": 387.363
    },
    "KDImagVolume": {
        "W1_0_n": 21.1687,
        "W1_A_n": 0.0189217,
        "W1_0_p": 17.0698,
        "W1_A_p": 0.0851694,
        "W2_0": 81.0247,
        "W2_A": 0.242222
    },
    "KDImagSurface": {
        "D1_0": 15.7717,
        "D1_asymm": 14.3197,
        "D2_0": 0.0352684,
        "D2_A": -0.0049346,
        "D2_A2": 8.26904,
        "D2_A3": 248.157,
        "D3_0": 10.3223,
        "r_0": 1.20395,
        "r_A": -0.0057802,
        "a_0_n": 0.617618,
        "a_A_n": -9.3874e-05,
        "a_0_p": 0.534049,
        "a_A_p": 0.00201908
    }
}