{
    "ECS_p": 0.285441,
    "ECS_n": 0.192925,
    "APower_p": 0.42635,
    "APower_n": 0.38617,
    "RCS_p": 0.0162416,
    "TCS_n": 0.0278213
}