{
    "KDHartreeFock": {
        "V1_0": 59.8038,
        "V1_asymm": 12.2478,
        "V1_A": 0.0223558,
        "V2_0_n": 0.00867834,
        "V2_A_n": 5.56838e-06,
        "V3_0_n": 3.80514e-05,
        "V3_A_n": 3.26843e-08,
        "V2_0_p": 0.00902642,
        "V2_A_p": -4.5042e-06,
        "V3_0_p": 4.23374e-05,
        "V3_A_p": -2.40977e-08,
        "V4_0": 7.08368e-08,
        "r_0": 1.20941,
        "r_A": 0.0513312,
        "a_0": 0.645107,
        "a_A": -0.000183098
    },
    "KDCoulomb": {
        "r_C_0": 1.39072,
        "r_C_A": 0.275878,
        "r_C_A2": 20.7626
    },
    "KDRealSpinOrbit": {
        "V1_0": 3.35756,
        "V1_A": 0.0178461,
        "V2_0": 0.00947551,
        "r_0": 1.20519,
        "r_A": 0.622047,
        "a_0": 0.521127
    },
    "KDImagSpinOrbit": {
        "W1_0": -3.65672,
        "W2_0": 203.485
    },
    "KDImagVolume": {
        "W1_0_n": 24.6748,
        "W1_A_n": 0.00582752,
        "W1_0_p": 16.1861,
        "W1_A_p": 0.0353055,
        "W2_0": 173.768,
        "W2_A": -0.37198
    },
    "KDImagSurface": {
        "D1_0": 12.4744,
        "D1_asymm": -6.32594,
        "D2_0": -0.00203367,
        "D2_A": 0.0192509,
        "D2_A2": 0.769117,
        "D2_A3": 388.726,
        "D3_0": 11.3562,
        "r_0": 1.37719,
        "r_A": 0.0280588,
        "a_0_n": 0.53321,
        "a_A_n": 0.000255772,
        "a_0_p": 0.520446,
        "a_A_p": 0.00169575
    }
}