{
    "ECS_p": 0.450191,
    "ECS_n": 0.249848,
    "APower_p": 0.540898,
    "APower_n": 0.533571,
    "RCS_p": 0.0450918,
    "TCS_n": 0.0461881
}