{
    "KDHartreeFock": {
        "V1_0": 62.4893,
        "V1_asymm": 12.658,
        "V1_A": 0.0268218,
        "V2_0_n": 0.00725476,
        "V2_A_n": -9.39213e-06,
        "V3_0_n": 2.59808e-05,
        "V3_A_n": -4.56033e-08,
        "V2_0_p": 0.00866902,
        "V2_A_p": -3.47027e-06,
        "V3_0_p": 3.51359e-05,
        "V3_A_p": -4.29874e-08,
        "V4_0": 4.42358e-08,
        "r_0": 1.28362,
        "r_A": 0.515382,
        "a_0": 0.695027,
        "a_A": -0.000248609
    },
    "KDCoulomb": {
        "r_C_0": 1.17334,
        "r_C_A": 0.886876,
        "r_C_A2": 17.7297
    },
    "KDRealSpinOrbit": {
        "V1_0": 5.1088,
        "V1_A": 0.000986963,
        "V2_0": 0.00363517,
        "r_0": 1.26902,
        "r_A": 0.865738,
        "a_0": 0.540063
    },
    "KDImagSpinOrbit": {
        "W1_0": -2.0432,
        "W2_0": 281.541
    },
    "KDImagVolume": {
        "W1_0_n": 24.0033,
        "W1_A_n": -0.0600831,
        "W1_0_p": 20.4385,
        "W1_A_p": -0.0036061,
        "W2_0": 102.433,
        "W2_A": -0.170695
    },
    "KDImagSurface": {
        "D1_0": 16.6249,
        "D1_asymm": 12.7815,
        "D2_0": -0.0349016,
        "D2_A": 0.0632988,
        "D2_A2": 3.25069,
        "D2_A3": 231.645,
        "D3_0": 12.2974,
        "r_0": 1.40592,
        "r_A": 0.0221718,
        "a_0_n": 0.595915,
        "a_A_n": 0.000152192,
        "a_0_p": 0.548537,
        "a_A_p": 0.000247853
    }
}