{
    "ECS_p": 0.414009,
    "ECS_n": 0.175222,
    "APower_p": 0.322217,
    "APower_n": 0.242778,
    "RCS_p": 0.0106345,
    "TCS_n": 0.0205895
}