{
    "KDHartreeFock": {
        "V1_0": 59.0649,
        "V1_asymm": 8.01979,
        "V1_A": 0.0355417,
        "V2_0_n": 0.00786195,
        "V2_A_n": 2.9382e-06,
        "V3_0_n": 2.45426e-05,
        "V3_A_n": 1.40647e-08,
        "V2_0_p": 0.00708394,
        "V2_A_p": 6.30426e-06,
        "V3_0_p": 2.11697e-05,
        "V3_A_p": 4.87904e-08,
        "V4_0": 1.73705e-08,
        "r_0": 1.28225,
        "r_A": 0.314666,
        "a_0": 0.739802,
        "a_A": 0.00052263
    },
    "KDCoulomb": {
        "r_C_0": 1.05378,
        "r_C_A": 1.03688,
        "r_C_A2": 7.46798
    },
    "KDRealSpinOrbit": {
        "V1_0": 5.00353,
        "V1_A": 0.0133569,
        "V2_0": 0.00845093,
        "r_0": 1.20452,
        "r_A": 0.584234,
        "a_0": 0.610221
    },
    "KDImagSpinOrbit": {
        "W1_0": -2.17815,
        "W2_0": 143.64
    },
    "KDImagVolume": {
        "W1_0_n": 15.1697,
        "W1_A_n": -0.0234009,
        "W1_0_p": 10.6355,
        "W1_A_p": 0.0398714,
        "W2_0": 56.824,
        "W2_A": -0.00202627
    },
    "KDImagSurface": {
        "D1_0": 16.6033,
        "D1_asymm": 9.78565,
        "D2_0": 0.0216988,
        "D2_A": 0.00631906,
        "D2_A2": 9.00839,
        "D2_A3": 224.539,
        "D3_0": 11.5339,
        "r_0": 1.27779,
        "r_A": 0.00828567,
        "a_0_n": 0.503348,
        "a_A_n": 7.45369e-05,
        "a_0_p": 0.561652,
        "a_A_p": 0.000868666
    }
}