{
    "ECS_p": 0.339689,
    "ECS_n": 0.228626,
    "APower_p": 0.793042,
    "APower_n": 0.633078,
    "RCS_p": 0.0139306,
    "TCS_n": 0.0376366
}