{
    "KDHartreeFock": {
        "V1_0": 56.0319,
        "V1_asymm": 21.152,
        "V1_A": 0.00341169,
        "V2_0_n": 0.00534238,
        "V2_A_n": -5.6789e-06,
        "V3_0_n": 8.15277e-06,
        "V3_A_n": -9.72677e-09,
        "V2_0_p": 0.00723339,
        "V2_A_p": 1.06523e-05,
        "V3_0_p": 2.13675e-05,
        "V3_A_p": 6.95512e-08,
        "V4_0": 9.29488e-09,
        "r_0": 1.25479,
        "r_A": 0.251591,
        "a_0": 0.641098,
        "a_A": -0.000433824
    },
    "KDCoulomb": {
        "r_C_0": 1.2367,
        "r_C_A": 0.346199,
        "r_C_A2": 10.0156
    },
    "KDRealSpinOrbit": {
        "V1_0": 3.32195,
        "V1_A": 0.015823,
        "V2_0": 0.00596642,
        "r_0": 1.12176,
        "r_A": 0.274374,
        "a_0": 0.519148
    },
    "KDImagSpinOrbit": {
        "W1_0": -5.42089,
        "W2_0": 230.171
    },
    "KDImagVolume": {
        "W1_0_n": 24.2894,
        "W1_A_n": 0.0114535,
        "W1_0_p": 22.7287,
        "W1_A_p": 0.0142125,
        "W2_0": 129.668,
        "W2_A": -0.00677031
    },
    "KDImagSurface": {
        "D1_0": 23.5852,
        "D1_asymm": 26.4887,
        "D2_0": 0.0370853,
        "D2_A": -0.00858767,
        "D2_A2": 6.16407,
        "D2_A3": 390.278,
        "D3_0": 20.1049,
        "r_0": 1.41844,
        "r_A": 0.034736,
        "a_0_n": 0.574427,
        "a_A_n": -0.000804593,
        "a_0_p": 0.459163,
        "a_A_p": 0.00140763
    }
}