{
    "ECS_p": 0.268325,
    "ECS_n": 0.222702,
    "APower_p": 0.419881,
    "APower_n": 0.26646,
    "RCS_p": 0.0161663,
    "TCS_n": 0.0267003
}