{
    "KDHartreeFock": {
        "V1_0": 57.184,
        "V1_asymm": 12.9825,
        "V1_A": 0.0170429,
        "V2_0_n": 0.00673611,
        "V2_A_n": 5.11809e-06,
        "V3_0_n": 1.42974e-05,
        "V3_A_n": 5.02436e-08,
        "V2_0_p": 0.00768466,
        "V2_A_p": -5.28339e-06,
        "V3_0_p": 1.8165e-05,
        "V3_A_p": -1.53433e-08,
        "V4_0": -5.99873e-09,
        "r_0": 1.23853,
        "r_A": 0.195746,
        "a_0": 0.707161,
        "a_A": -4.19333e-05
    },
    "KDCoulomb": {
        "r_C_0": 1.19361,
        "r_C_A": 0.663104,
        "r_C_A2": 10.3377
    },
    "KDRealSpinOrbit": {
        "V1_0": 5.47748,
        "V1_A": 0.00280916,
        "V2_0": 0.00343901,
        "r_0": 1.16892,
        "r_A": 0.729584,
        "a_0": 0.606755
    },
    "KDImagSpinOrbit": {
        "W1_0": -2.17913,
        "W2_0": 92.3628
    },
    "KDImagVolume": {
        "W1_0_n": 13.9506,
        "W1_A_n": 0.0373486,
        "W1_0_p": 11.6198,
        "W1_A_p": 0.0698584,
        "W2_0": 88.8841,
        "W2_A": -0.00886838
    },
    "KDImagSurface": {
        "D1_0": 15.5816,
        "D1_asymm": 17.7596,
        "D2_0": 0.100283,
        "D2_A": -0.0746101,
        "D2_A2": 17.3868,
        "D2_A3": 294.644,
        "D3_0": 11.2303,
        "r_0": 1.52412,
        "r_A": 0.0562885,
        "a_0_n": 0.503379,
        "a_A_n": -0.000553856,
        "a_0_p": 0.453498,
        "a_A_p": 0.00288243
    }
}