{
    "ECS_p": 0.352958,
    "ECS_n": 0.178298,
    "APower_p": 0.351349,
    "APower_n": 0.134345,
    "RCS_p": 0.023274,
    "TCS_n": 0.0355724
}