{
    "KDHartreeFock": {
        "V1_0": 56.9708,
        "V1_asymm": 5.8185,
        "V1_A": 0.0235856,
        "V2_0_n": 0.00573839,
        "V2_A_n": -4.89159e-06,
        "V3_0_n": 6.88297e-06,
        "V3_A_n": -3.3574e-08,
        "V2_0_p": 0.00781055,
        "V2_A_p": -1.51797e-05,
        "V3_0_p": 2.15711e-05,
        "V3_A_p": -1.06033e-07,
        "V4_0": -5.98897e-09,
        "r_0": 1.27842,
        "r_A": 0.326589,
        "a_0": 0.720871,
        "a_A": 0.000144381
    },
    "KDCoulomb": {
        "r_C_0": 1.07165,
        "r_C_A": 0.435488,
        "r_C_A2": 26.9534
    },
    "KDRealSpinOrbit": {
        "V1_0": 4.80156,
        "V1_A": 0.00516098,
        "V2_0": 0.00524042,
        "r_0": 1.26549,
        "r_A": 0.815923,
        "a_0": 0.582138
    },
    "KDImagSpinOrbit": {
        "W1_0": -5.33178,
        "W2_0": 293.063
    },
    "KDImagVolume": {
        "W1_0_n": 21.3183,
        "W1_A_n": -0.0674783,
        "W1_0_p": 10.9988,
        "W1_A_p": 0.0339411,
        "W2_0": 95.9272,
        "W2_A": -0.278347
    },
    "KDImagSurface": {
        "D1_0": 29.3975,
        "D1_asymm": 42.1856,
        "D2_0": 0.0739369,
        "D2_A": -0.0341377,
        "D2_A2": 1.27564,
        "D2_A3": 526.228,
        "D3_0": 16.2043,
        "r_0": 1.27772,
        "r_A": 0.000750446,
        "a_0_n": 0.534267,
        "a_A_n": -0.000131195,
        "a_0_p": 0.573002,
        "a_A_p": -0.000126005
    }
}