{
    "ECS_p": 0.28739,
    "ECS_n": 0.208693,
    "APower_p": 0.347862,
    "APower_n": 0.102053,
    "RCS_p": 0.0224461,
    "TCS_n": 0.0272132
}