{
    "KDHartreeFock": {
        "V1_0": 54.9112,
        "V1_asymm": 8.06598,
        "V1_A": 0.00677089,
        "V2_0_n": 0.00666804,
        "V2_A_n": 1.10009e-05,
        "V3_0_n": 1.46321e-05,
        "V3_A_n": 8.85334e-08,
        "V2_0_p": 0.00735763,
        "V2_A_p": -8.02932e-06,
        "V3_0_p": 1.53206e-05,
        "V3_A_p": -1.39178e-08,
        "V4_0": -1.37071e-08,
        "r_0": 1.20384,
        "r_A": 0.0194332,
        "a_0": 0.658137,
        "a_A": -0.00012261
    },
    "KDCoulomb": {
        "r_C_0": 1.20195,
        "r_C_A": 2.21384,
        "r_C_A2": 19.1421
    },
    "KDRealSpinOrbit": {
        "V1_0": 6.3139,
        "V1_A": -0.0164457,
        "V2_0": 0.00312785,
        "r_0": 1.125,
        "r_A": 0.575878,
        "a_0": 0.608065
    },
    "KDImagSpinOrbit": {
        "W1_0": -5.23745,
        "W2_0": 212.172
    },
    "KDImagVolume": {
        "W1_0_n": 8.83968,
        "W1_A_n": 0.0836371,
        "W1_0_p": 16.6917,
        "W1_A_p": 0.0540618,
        "W2_0": 63.9873,
        "W2_A": 0.198068
    },
    "KDImagSurface": {
        "D1_0": 19.0778,
        "D1_asymm": 17.7281,
        "D2_0": -0.0260418,
        "D2_A": 0.0591168,
        "D2_A2": 14.7514,
        "D2_A3": 248.832,
        "D3_0": 14.2242,
        "r_0": 1.38407,
        "r_A": 0.0209094,
        "a_0_n": 0.593391,
        "a_A_n": 0.000209707,
        "a_0_p": 0.42345,
        "a_A_p": 0.00248618
    }
}