{
    "ECS_p": 0.245707,
    "ECS_n": 0.179025,
    "APower_p": 0.658103,
    "APower_n": 0.50892,
    "RCS_p": 0.0301162,
    "TCS_n": 0.038199
}