{
    "KDHartreeFock": {
        "V1_0": 58.3943,
        "V1_asymm": 19.0015,
        "V1_A": 0.0281317,
        "V2_0_n": 0.00597929,
        "V2_A_n": 9.46981e-06,
        "V3_0_n": -7.96375e-08,
        "V3_A_n": 4.93458e-08,
        "V2_0_p": 0.00661153,
        "V2_A_p": 1.04007e-05,
        "V3_0_p": 8.94798e-06,
        "V3_A_p": 6.11149e-08,
        "V4_0": -2.91647e-08,
        "r_0": 1.32153,
        "r_A": 0.542131,
        "a_0": 0.67,
        "a_A": 3.42758e-05
    },
    "KDCoulomb": {
        "r_C_0": 1.21093,
        "r_C_A": 1.35645,
        "r_C_A2": 2.38286
    },
    "KDRealSpinOrbit": {
        "V1_0": 6.42372,
        "V1_A": -0.00796833,
        "V2_0": 0.0037586,
        "r_0": 1.27728,
        "r_A": 1.03011,
        "a_0": 0.603056
    },
    "KDImagSpinOrbit": {
        "W1_0": -3.23209,
        "W2_0": 479.831
    },
    "KDImagVolume": {
        "W1_0_n": 21.8683,
        "W1_A_n": -0.0237006,
        "W1_0_p": 15.4809,
        "W1_A_p": 0.0214484,
        "W2_0": 72.8373,
        "W2_A": -0.0456088
    },
    "KDImagSurface": {
        "D1_0": 25.9305,
        "D1_asymm": 4.81326,
        "D2_0": 0.0383617,
        "D2_A": -0.00913228,
        "D2_A2": 2.29166,
        "D2_A3": -253.459,
        "D3_0": 21.703,
        "r_0": 1.42031,
        "r_A": 0.0321428,
        "a_0_n": 0.515928,
        "a_A_n": -0.000631702,
        "a_0_p": 0.490499,
        "a_A_p": 0.00177301
    }
}