{
    "ECS_p": 0.264319,
    "ECS_n": 0.166539,
    "APower_p": 0.470069,
    "APower_n": 0.167923,
    "RCS_p": 0.0156461,
    "TCS_n": 0.0203429
}