{
    "KDHartreeFock": {
        "V1_0": 55.5645,
        "V1_asymm": 14.944,
        "V1_A": -0.00267373,
        "V2_0_n": 0.00568148,
        "V2_A_n": -4.35883e-06,
        "V3_0_n": 4.74254e-06,
        "V3_A_n": -3.01445e-08,
        "V2_0_p": 0.00675994,
        "V2_A_p": 3.35991e-06,
        "V3_0_p": 1.71323e-05,
        "V3_A_p": 9.7991e-09,
        "V4_0": -9.78038e-09,
        "r_0": 1.20754,
        "r_A": 0.0555616,
        "a_0": 0.677555,
        "a_A": -0.000141749
    },
    "KDCoulomb": {
        "r_C_0": 1.24727,
        "r_C_A": 0.392394,
        "r_C_A2": -5.33767
    },
    "KDRealSpinOrbit": {
        "V1_0": 4.29761,
        "V1_A": 0.021058,
        "V2_0": 0.00887161,
        "r_0": 1.19333,
        "r_A": 0.710247,
        "a_0": 0.559574
    },
    "KDImagSpinOrbit": {
        "W1_0": -4.5357,
        "W2_0": 200.396
    },
    "KDImagVolume": {
        "W1_0_n": 21.4682,
        "W1_A_n": -0.00876039,
        "W1_0_p": 20.6529,
        "W1_A_p": 0.00892723,
        "W2_0": 107.604,
        "W2_A": -0.131013
    },
    "KDImagSurface": {
        "D1_0": 18.2361,
        "D1_asymm": 13.9963,
        "D2_0": 0.0315102,
        "D2_A": -0.00521129,
        "D2_A2": 12.4285,
        "D2_A3": 381.448,
        "D3_0": 11.7271,
        "r_0": 1.28946,
        "r_A": 0.00782625,
        "a_0_n": 0.488987,
        "a_A_n": -0.000351136,
        "a_0_p": 0.507573,
        "a_A_p": 0.00124641
    }
}