{
    "ECS_p": 0.635529,
    "ECS_n": 0.242029,
    "APower_p": 0.847382,
    "APower_n": 0.713526,
    "RCS_p": 0.0128146,
    "TCS_n": 0.0392247
}