{
    "KDHartreeFock": {
        "V1_0": 59.8016,
        "V1_asymm": 16.1196,
        "V1_A": 0.0291853,
        "V2_0_n": 0.00674323,
        "V2_A_n": 1.95861e-06,
        "V3_0_n": 2.13962e-05,
        "V3_A_n": 4.5205e-08,
        "V2_0_p": 0.0036948,
        "V2_A_p": 1.87308e-05,
        "V3_0_p": -2.73941e-06,
        "V3_A_p": 1.11149e-07,
        "V4_0": 7.35526e-09,
        "r_0": 1.2536,
        "r_A": 0.362519,
        "a_0": 0.636566,
        "a_A": -0.000888408
    },
    "KDCoulomb": {
        "r_C_0": 1.44101,
        "r_C_A": 0.819256,
        "r_C_A2": 5.76924
    },
    "KDRealSpinOrbit": {
        "V1_0": 3.45054,
        "V1_A": 0.0137958,
        "V2_0": 0.00556579,
        "r_0": 1.23071,
        "r_A": 0.635742,
        "a_0": 0.602698
    },
    "KDImagSpinOrbit": {
        "W1_0": -6.23944,
        "W2_0": 237.958
    },
    "KDImagVolume": {
        "W1_0_n": 10.3579,
        "W1_A_n": 0.12695,
        "W1_0_p": 26.5548,
        "W1_A_p": 0.0761747,
        "W2_0": 172.378,
        "W2_A": 0.353226
    },
    "KDImagSurface": {
        "D1_0": 12.3813,
        "D1_asymm": 4.74073,
        "D2_0": 0.0343821,
        "D2_A": -0.0194587,
        "D2_A2": 3.51544,
        "D2_A3": 227.724,
        "D3_0": 9.55949,
        "r_0": 1.34212,
        "r_A": 0.0187813,
        "a_0_n": 0.537554,
        "a_A_n": -0.000545583,
        "a_0_p": 0.470969,
        "a_A_p": 0.00190129
    }
}