{
    "ECS_p": 0.271648,
    "ECS_n": 0.180479,
    "APower_p": 0.349627,
    "APower_n": 0.189868,
    "RCS_p": 0.0143533,
    "TCS_n": 0.025405
}