{
    "KDHartreeFock": {
        "V1_0": 58.1054,
        "V1_asymm": 12.6399,
        "V1_A": 0.02928,
        "V2_0_n": 0.00562714,
        "V2_A_n": 4.89557e-06,
        "V3_0_n": 1.77611e-06,
        "V3_A_n": 3.39908e-08,
        "V2_0_p": 0.0055008,
        "V2_A_p": 8.40873e-06,
        "V3_0_p": 1.6671e-06,
        "V3_A_p": 4.04022e-08,
        "V4_0": -3.1705e-08,
        "r_0": 1.28822,
        "r_A": 0.450758,
        "a_0": 0.730611,
        "a_A": 0.000115973
    },
    "KDCoulomb": {
        "r_C_0": 1.14076,
        "r_C_A": 1.598,
        "r_C_A2": 30.7039
    },
    "KDRealSpinOrbit": {
        "V1_0": 7.2727,
        "V1_A": -0.00185902,
        "V2_0": 0.00721656,
        "r_0": 1.15054,
        "r_A": 0.401002,
        "a_0": 0.555586
    },
    "KDImagSpinOrbit": {
        "W1_0": -5.45153,
        "W2_0": 279.152
    },
    "KDImagVolume": {
        "W1_0_n": 18.7847,
        "W1_A_n": 0.0162622,
        "W1_0_p": 15.4352,
        "W1_A_p": 0.0375001,
        "W2_0": 87.8252,
        "W2_A": 0.00101721
    },
    "KDImagSurface": {
        "D1_0": 17.579,
        "D1_asymm": 7.0342,
        "D2_0": 0.00947195,
        "D2_A": 0.0166813,
        "D2_A2": 1.16913,
        "D2_A3": 209.31,
        "D3_0": 13.4465,
        "r_0": 1.31069,
        "r_A": 0.00690826,
        "a_0_n": 0.570374,
        "a_A_n": 0.000457383,
        "a_0_p": 0.507086,
        "a_A_p": 0.00125073
    }
}