{
    "KDHartreeFock": {
        "V1_0": 59.30,
        "V1_asymm": 21.0,
        "V1_A": 0.024,
        "V2_0_n": 0.007228, 
        "V2_A_n": 1.48e-6,
        "V3_0_n": 1.994e-5,
        "V3_A_n": 2.0e-8,
        "V2_0_p": 0.007067,
        "V2_A_p": 4.23e-6,
        "V3_0_p": 1.729e-5,
        "V3_A_p": 1.136e-8,
        "V4_0": 7.0e-9,
        "r_0": 1.3039,
        "r_A": 0.4054,
        "a_0": 0.6778,
        "a_A": 1.487e-4
    },
    "KDCoulomb": {
        "r_C_0": 1.198, 
        "r_C_A": 0.697, 
        "r_C_A2": 12.994
    },
    "KDRealSpinOrbit": {
        "V1_0": 5.922,
        "V1_A": 0.0030,
        "V2_0": 0.0040,
        "r_0": 1.1854,
        "r_A": 0.647,
        "a_0": 0.59
    },
    "KDImagSpinOrbit": {
        "W1_0": -3.1,
        "W2_0": 160.
    },
    "KDImagVolume": {
        "W1_0_n": 12.195,
        "W1_A_n": 0.0167,
        "W1_0_p": 14.667,
        "W1_A_p": 0.009629,
        "W2_0": 73.55,
        "W2_A": 0.0795
    },
    "KDImagSurface": {
        "D1_0": 16.0,
        "D1_asymm": 16.0,
        "D2_0": 0.0180,
        "D2_A": 0.003802,
        "D2_A2": 8.0,
        "D2_A3": 156.0,
        "D3_0": 11.5,
        "r_0": 1.3424,
        "r_A": 0.01585,
        "a_0_n": 0.5446,
        "a_A_n": 1.656e-4,
        "a_0_p": 0.5187,
        "a_A_p": 5.205e-4
    }
}
