{
    "KDHartreeFock": {
        "V1_0": 55.82,
        "V1_asymm": 24.84,
        "V1_A": 0.02385,
        "V2_0_n": 0.007895,
        "V2_A_n": -2.84e-7,
        "V3_0_n": 2.413e-5,
        "V3_A_n": 2.42e-8,
        "V2_0_p": 0.007067,
        "V2_A_p": 4.23e-6,
        "V3_0_p": 1.729e-5,
        "V3_A_p": 1.136e-8,
        "V4_0": 7.0e-9,
        "r_0": 1.3075,
        "r_A": 0.3419,
        "a_0": 0.68406,
        "a_A": 2.023e-4
    },
    "KDCoulomb": {
        "r_C_0": 1.198, 
        "r_C_A": 0.697, 
        "r_C_A2": 12.994
    },
    "KDRealSpinOrbit": {
        "V1_0": 5.922,
        "V1_A": 0.0030,
        "V2_0": 0.0040,
        "r_0": 1.1854,
        "r_A": 0.647,
        "a_0": 0.59
    },
    "KDImagSpinOrbit": {
        "W1_0": -3.1,
        "W2_0": 160.
    },
    "KDImagVolume": {
        "W1_0_n": 9.038,
        "W1_A_n": 0.01922,
        "W1_0_p": 14.667,
        "W1_A_p": 0.009629,
        "W2_0": 88.0,
        "W2_A": 0.0
    },
    "KDImagSurface": {
        "D1_0": 16.0,
        "D1_asymm": 16.0,
        "D2_0": 0.0180,
        "D2_A": 0.003802,
        "D2_A2": 8.0,
        "D2_A3": 156.0,
        "D3_0": 11.5,
        "r_0": 1.3424,
        "r_A": 0.01585,
        "a_0_n": 0.5446,
        "a_A_n": 1.656e-4,
        "a_0_p": 0.5187,
        "a_A_p": 5.205e-4
    }
}
