{
    "ECS_p": 0.360864,
    "ECS_n": 0.198476,
    "APower_p": 0.487851,
    "APower_n": 0.631229,
    "RCS_p": 0.0427977,
    "TCS_n": 0.0636272
}