{
    "KDHartreeFock": {
        "V1_0": 60.5315,
        "V1_asymm": 14.2316,
        "V1_A": 0.0349579,
        "V2_0_n": 0.00490949,
        "V2_A_n": 8.34727e-07,
        "V3_0_n": 2.58395e-06,
        "V3_A_n": 4.4999e-08,
        "V2_0_p": 0.00587739,
        "V2_A_p": 1.46746e-05,
        "V3_0_p": 2.18139e-06,
        "V3_A_p": 1.04824e-07,
        "V4_0": -2.85751e-08,
        "r_0": 1.34874,
        "r_A": 0.71519,
        "a_0": 0.712097,
        "a_A": 0.000510101
    },
    "KDCoulomb": {
        "r_C_0": 0.938644,
        "r_C_A": 0.47266,
        "r_C_A2": 23.8444
    },
    "KDRealSpinOrbit": {
        "V1_0": 6.70424,
        "V1_A": 0.00111389,
        "V2_0": 0.00368749,
        "r_0": 1.19663,
        "r_A": 0.740442,
        "a_0": 0.654462
    },
    "KDImagSpinOrbit": {
        "W1_0": -5.27826,
        "W2_0": 209.375
    },
    "KDImagVolume": {
        "W1_0_n": 14.3114,
        "W1_A_n": 0.0593013,
        "W1_0_p": 20.9264,
        "W1_A_p": -0.0044727,
        "W2_0": 75.5098,
        "W2_A": -0.0333206
    },
    "KDImagSurface": {
        "D1_0": 18.1401,
        "D1_asymm": 9.24094,
        "D2_0": 0.0338137,
        "D2_A": 0.000826596,
        "D2_A2": 8.18626,
        "D2_A3": 284.836,
        "D3_0": 15.1659,
        "r_0": 1.35729,
        "r_A": 0.013599,
        "a_0_n": 0.628318,
        "a_A_n": 0.000274336,
        "a_0_p": 0.508435,
        "a_A_p": 0.00158984
    }
}