{
    "ECS_p": 0.222854,
    "ECS_n": 0.175297,
    "APower_p": 0.388806,
    "APower_n": 0.278221,
    "RCS_p": 0.00582822,
    "TCS_n": 0.0310414
}