{
    "KDHartreeFock": {
        "V1_0": 64.5193,
        "V1_asymm": 10.0673,
        "V1_A": 0.0448674,
        "V2_0_n": 0.00732872,
        "V2_A_n": 2.25138e-06,
        "V3_0_n": 2.59769e-05,
        "V3_A_n": 5.17826e-08,
        "V2_0_p": 0.00649631,
        "V2_A_p": -2.04855e-06,
        "V3_0_p": 1.6289e-05,
        "V3_A_p": -1.35672e-08,
        "V4_0": 2.16852e-08,
        "r_0": 1.27768,
        "r_A": 0.59128,
        "a_0": 0.692,
        "a_A": -0.000217586
    },
    "KDCoulomb": {
        "r_C_0": 0.942449,
        "r_C_A": 0.923317,
        "r_C_A2": 25.2323
    },
    "KDRealSpinOrbit": {
        "V1_0": 5.75337,
        "V1_A": 0.00217871,
        "V2_0": 0.00368518,
        "r_0": 1.15412,
        "r_A": 0.605009,
        "a_0": 0.624407
    },
    "KDImagSpinOrbit": {
        "W1_0": -5.00334,
        "W2_0": 208.856
    },
    "KDImagVolume": {
        "W1_0_n": 16.8209,
        "W1_A_n": 0.0228887,
        "W1_0_p": 27.6821,
        "W1_A_p": 0.0103297,
        "W2_0": 108.005,
        "W2_A": -0.0778911
    },
    "KDImagSurface": {
        "D1_0": 13.6519,
        "D1_asymm": 4.60162,
        "D2_0": -0.0163258,
        "D2_A": 0.0374507,
        "D2_A2": 16.2203,
        "D2_A3": 276.078,
        "D3_0": 12.4215,
        "r_0": 1.41469,
        "r_A": 0.0302112,
        "a_0_n": 0.591944,
        "a_A_n": 0.000379127,
        "a_0_p": 0.494176,
        "a_A_p": 0.00154076
    }
}