{
    "ECS_p": 0.234824,
    "ECS_n": 0.155737,
    "APower_p": 0.422063,
    "APower_n": 0.22313,
    "RCS_p": 0.0136992,
    "TCS_n": 0.0313901
}