{
    "KDHartreeFock": {
        "V1_0": 56.7649,
        "V1_asymm": 9.61692,
        "V1_A": 0.0263577,
        "V2_0_n": 0.00669299,
        "V2_A_n": 5.8634e-06,
        "V3_0_n": 1.08495e-05,
        "V3_A_n": 3.75378e-08,
        "V2_0_p": 0.00756837,
        "V2_A_p": -9.55781e-06,
        "V3_0_p": 1.34299e-05,
        "V3_A_p": -5.35286e-08,
        "V4_0": -1.8792e-08,
        "r_0": 1.27173,
        "r_A": 0.263178,
        "a_0": 0.707668,
        "a_A": 0.000242199
    },
    "KDCoulomb": {
        "r_C_0": 1.15699,
        "r_C_A": 1.76857,
        "r_C_A2": -1.10583
    },
    "KDRealSpinOrbit": {
        "V1_0": 5.18628,
        "V1_A": 0.00578934,
        "V2_0": 0.00270008,
        "r_0": 1.11937,
        "r_A": 0.318466,
        "a_0": 0.607214
    },
    "KDImagSpinOrbit": {
        "W1_0": -4.846,
        "W2_0": 193.665
    },
    "KDImagVolume": {
        "W1_0_n": 11.9283,
        "W1_A_n": 0.0426107,
        "W1_0_p": 13.1258,
        "W1_A_p": 0.0572585,
        "W2_0": 66.1835,
        "W2_A": 0.222232
    },
    "KDImagSurface": {
        "D1_0": 18.6676,
        "D1_asymm": 16.6248,
        "D2_0": 0.0257334,
        "D2_A": 0.0128304,
        "D2_A2": 5.63485,
        "D2_A3": 25.8597,
        "D3_0": 13.2294,
        "r_0": 1.41222,
        "r_A": 0.0209959,
        "a_0_n": 0.496824,
        "a_A_n": 6.64258e-05,
        "a_0_p": 0.396328,
        "a_A_p": 0.0011221
    }
}