{
    "ECS_p": 0.486477,
    "ECS_n": 0.24554,
    "APower_p": 0.671576,
    "APower_n": 0.668761,
    "RCS_p": 0.0551732,
    "TCS_n": 0.0558505
}