{
    "KDHartreeFock": {
        "V1_0": 57.4585,
        "V1_asymm": 22.1153,
        "V1_A": 0.0116141,
        "V2_0_n": 0.00622619,
        "V2_A_n": -1.08988e-06,
        "V3_0_n": 1.02701e-05,
        "V3_A_n": 6.92559e-09,
        "V2_0_p": 0.00681214,
        "V2_A_p": 1.51711e-05,
        "V3_0_p": 1.46435e-05,
        "V3_A_p": 1.08678e-07,
        "V4_0": 2.94619e-09,
        "r_0": 1.29887,
        "r_A": 0.415221,
        "a_0": 0.659295,
        "a_A": -0.000320925
    },
    "KDCoulomb": {
        "r_C_0": 1.31595,
        "r_C_A": 0.340437,
        "r_C_A2": -16.1277
    },
    "KDRealSpinOrbit": {
        "V1_0": 7.11704,
        "V1_A": -0.0283578,
        "V2_0": 0.0041298,
        "r_0": 1.2656,
        "r_A": 0.869544,
        "a_0": 0.557195
    },
    "KDImagSpinOrbit": {
        "W1_0": -3.87164,
        "W2_0": 234.854
    },
    "KDImagVolume": {
        "W1_0_n": 21.9696,
        "W1_A_n": 0.0458017,
        "W1_0_p": 17.5198,
        "W1_A_p": 0.0483318,
        "W2_0": 85.868,
        "W2_A": 0.622526
    },
    "KDImagSurface": {
        "D1_0": 16.3531,
        "D1_asymm": -10.7132,
        "D2_0": -0.0166744,
        "D2_A": 0.0378371,
        "D2_A2": 20.7387,
        "D2_A3": 331.475,
        "D3_0": 14.8186,
        "r_0": 1.28678,
        "r_A": 0.00941206,
        "a_0_n": 0.508676,
        "a_A_n": 0.000211739,
        "a_0_p": 0.50759,
        "a_A_p": 0.00210321
    }
}