{
    "ECS_p": 0.242149,
    "ECS_n": 0.186569,
    "APower_p": 0.404391,
    "APower_n": 0.177333,
    "RCS_p": 0.0216555,
    "TCS_n": 0.0213083
}