{
    "KDHartreeFock": {
        "V1_0": 59.0087,
        "V1_asymm": 13.0616,
        "V1_A": 0.0327228,
        "V2_0_n": 0.00724401,
        "V2_A_n": -1.04315e-06,
        "V3_0_n": 2.43319e-05,
        "V3_A_n": -1.22598e-08,
        "V2_0_p": 0.00691933,
        "V2_A_p": 5.34581e-06,
        "V3_0_p": 2.74466e-05,
        "V3_A_p": 1.12692e-08,
        "V4_0": 4.2407e-08,
        "r_0": 1.32475,
        "r_A": 0.543917,
        "a_0": 0.715118,
        "a_A": 0.000193143
    },
    "KDCoulomb": {
        "r_C_0": 1.09726,
        "r_C_A": -0.542622,
        "r_C_A2": 16.008
    },
    "KDRealSpinOrbit": {
        "V1_0": 6.14882,
        "V1_A": 0.00928722,
        "V2_0": 0.00738252,
        "r_0": 1.31412,
        "r_A": 1.11482,
        "a_0": 0.5692
    },
    "KDImagSpinOrbit": {
        "W1_0": -3.66707,
        "W2_0": 181.769
    },
    "KDImagVolume": {
        "W1_0_n": 21.2875,
        "W1_A_n": -0.00972379,
        "W1_0_p": 21.055,
        "W1_A_p": -0.00609076,
        "W2_0": 106.026,
        "W2_A": -0.00875784
    },
    "KDImagSurface": {
        "D1_0": 15.7168,
        "D1_asymm": 14.8904,
        "D2_0": 0.0469678,
        "D2_A": -0.0243381,
        "D2_A2": 2.20337,
        "D2_A3": 235.16,
        "D3_0": 12.7704,
        "r_0": 1.28725,
        "r_A": 0.0071827,
        "a_0_n": 0.576011,
        "a_A_n": -3.52162e-05,
        "a_0_p": 0.582842,
        "a_A_p": 0.000844492
    }
}