{
    "ECS_p": 0.328047,
    "ECS_n": 0.185769,
    "APower_p": 0.332762,
    "APower_n": 0.12633,
    "RCS_p": 0.0338106,
    "TCS_n": 0.0200848
}