{
    "KDHartreeFock": {
        "V1_0": 57.982,
        "V1_asymm": 11.1533,
        "V1_A": 0.0289042,
        "V2_0_n": 0.00611186,
        "V2_A_n": -3.01819e-06,
        "V3_0_n": 1.42658e-05,
        "V3_A_n": -1.87842e-08,
        "V2_0_p": 0.00828634,
        "V2_A_p": -2.20889e-06,
        "V3_0_p": 2.9437e-05,
        "V3_A_p": -4.4356e-08,
        "V4_0": 2.30472e-08,
        "r_0": 1.28688,
        "r_A": 0.365894,
        "a_0": 0.670759,
        "a_A": -0.0002363
    },
    "KDCoulomb": {
        "r_C_0": 1.20096,
        "r_C_A": 0.882416,
        "r_C_A2": 2.14354
    },
    "KDRealSpinOrbit": {
        "V1_0": 5.92889,
        "V1_A": 0.0052711,
        "V2_0": 0.00730244,
        "r_0": 1.2585,
        "r_A": 0.766032,
        "a_0": 0.523488
    },
    "KDImagSpinOrbit": {
        "W1_0": -1.60678,
        "W2_0": 215.047
    },
    "KDImagVolume": {
        "W1_0_n": 21.1068,
        "W1_A_n": -0.00625009,
        "W1_0_p": 18.5016,
        "W1_A_p": 0.0119951,
        "W2_0": 117.551,
        "W2_A": -0.198265
    },
    "KDImagSurface": {
        "D1_0": 26.3052,
        "D1_asymm": 1.27463,
        "D2_0": 0.0608291,
        "D2_A": -0.0264442,
        "D2_A2": 1.7806,
        "D2_A3": 325.672,
        "D3_0": 18.5876,
        "r_0": 1.38007,
        "r_A": 0.0262731,
        "a_0_n": 0.563839,
        "a_A_n": 0.000264366,
        "a_0_p": 0.545205,
        "a_A_p": 0.00133561
    }
}