{
    "ECS_p": 0.454455,
    "ECS_n": 0.171421,
    "APower_p": 0.754186,
    "APower_n": 0.513783,
    "RCS_p": 0.0279992,
    "TCS_n": 0.0440523
}