{
    "KDHartreeFock": {
        "V1_0": 61.7593,
        "V1_asymm": 19.0141,
        "V1_A": 0.0344611,
        "V2_0_n": 0.00519535,
        "V2_A_n": 3.90769e-06,
        "V3_0_n": -1.48602e-06,
        "V3_A_n": 3.70293e-08,
        "V2_0_p": 0.00810537,
        "V2_A_p": -1.06862e-05,
        "V3_0_p": 1.5784e-05,
        "V3_A_p": -8.08801e-08,
        "V4_0": -4.13474e-08,
        "r_0": 1.26519,
        "r_A": 0.497523,
        "a_0": 0.681693,
        "a_A": -0.000537254
    },
    "KDCoulomb": {
        "r_C_0": 1.25312,
        "r_C_A": 0.12086,
        "r_C_A2": 1.32742
    },
    "KDRealSpinOrbit": {
        "V1_0": 7.18873,
        "V1_A": -0.00656126,
        "V2_0": 0.00406135,
        "r_0": 1.19623,
        "r_A": 0.649754,
        "a_0": 0.543707
    },
    "KDImagSpinOrbit": {
        "W1_0": -3.00384,
        "W2_0": 480.571
    },
    "KDImagVolume": {
        "W1_0_n": 26.1826,
        "W1_A_n": -0.0104931,
        "W1_0_p": 25.0828,
        "W1_A_p": 0.00592037,
        "W2_0": 153.402,
        "W2_A": -0.176687
    },
    "KDImagSurface": {
        "D1_0": 13.1298,
        "D1_asymm": 6.40525,
        "D2_0": 0.0168618,
        "D2_A": 0.00198957,
        "D2_A2": 1.11124,
        "D2_A3": 265.946,
        "D3_0": 13.0319,
        "r_0": 1.40497,
        "r_A": 0.0229641,
        "a_0_n": 0.610455,
        "a_A_n": -4.56645e-05,
        "a_0_p": 0.526153,
        "a_A_p": 0.000894252
    }
}