{
    "ECS_p": 0.438763,
    "ECS_n": 0.387897,
    "APower_p": 0.644217,
    "APower_n": 0.615896,
    "RCS_p": 0.0539467,
    "TCS_n": 0.0344264
}