{
    "KDHartreeFock": {
        "V1_0": 62.0774,
        "V1_asymm": 9.52885,
        "V1_A": 0.0507377,
        "V2_0_n": 0.00679148,
        "V2_A_n": -4.49553e-07,
        "V3_0_n": 2.07625e-05,
        "V3_A_n": 8.67289e-09,
        "V2_0_p": 0.00631713,
        "V2_A_p": 6.75074e-06,
        "V3_0_p": 1.85082e-05,
        "V3_A_p": 2.36543e-08,
        "V4_0": 3.1976e-08,
        "r_0": 1.30583,
        "r_A": 0.568127,
        "a_0": 0.686652,
        "a_A": -0.000258706
    },
    "KDCoulomb": {
        "r_C_0": 1.24823,
        "r_C_A": 0.780315,
        "r_C_A2": -17.9135
    },
    "KDRealSpinOrbit": {
        "V1_0": 6.07142,
        "V1_A": 0.00553551,
        "V2_0": 0.00528933,
        "r_0": 1.30757,
        "r_A": 1.01189,
        "a_0": 0.542057
    },
    "KDImagSpinOrbit": {
        "W1_0": -3.9856,
        "W2_0": 355.862
    },
    "KDImagVolume": {
        "W1_0_n": 17.8794,
        "W1_A_n": 0.0168832,
        "W1_0_p": 16.6999,
        "W1_A_p": 0.0246269,
        "W2_0": 53.1288,
        "W2_A": 0.183872
    },
    "KDImagSurface": {
        "D1_0": 11.5159,
        "D1_asymm": 11.3151,
        "D2_0": 0.0389778,
        "D2_A": -0.0152408,
        "D2_A2": 2.42133,
        "D2_A3": 270.781,
        "D3_0": 5.90706,
        "r_0": 1.45469,
        "r_A": 0.0266041,
        "a_0_n": 0.497114,
        "a_A_n": -0.000204973,
        "a_0_p": 0.399618,
        "a_A_p": 0.00192003
    }
}