{
    "ECS_p": 0.227187,
    "ECS_n": 0.176151,
    "APower_p": 0.228755,
    "APower_n": 0.386209,
    "RCS_p": 0.0107542,
    "TCS_n": 0.0248271
}