{
    "KDHartreeFock": {
        "V1_0": 58.0324,
        "V1_asymm": 10.4884,
        "V1_A": 0.0313072,
        "V2_0_n": 0.00620508,
        "V2_A_n": 6.75513e-06,
        "V3_0_n": 9.39712e-06,
        "V3_A_n": 4.27025e-08,
        "V2_0_p": 0.00546178,
        "V2_A_p": 1.02307e-05,
        "V3_0_p": 4.65092e-06,
        "V3_A_p": 6.51558e-08,
        "V4_0": -3.41182e-09,
        "r_0": 1.28817,
        "r_A": 0.4157,
        "a_0": 0.694883,
        "a_A": -6.07242e-05
    },
    "KDCoulomb": {
        "r_C_0": 1.26216,
        "r_C_A": 0.451477,
        "r_C_A2": 5.01926
    },
    "KDRealSpinOrbit": {
        "V1_0": 5.12197,
        "V1_A": -0.00374462,
        "V2_0": 0.00189929,
        "r_0": 1.22011,
        "r_A": 0.777853,
        "a_0": 0.631832
    },
    "KDImagSpinOrbit": {
        "W1_0": -5.47969,
        "W2_0": 223.795
    },
    "KDImagVolume": {
        "W1_0_n": 20.4382,
        "W1_A_n": 0.0182418,
        "W1_0_p": 18.3791,
        "W1_A_p": 0.00448342,
        "W2_0": 105.415,
        "W2_A": -0.0184928
    },
    "KDImagSurface": {
        "D1_0": 24.0903,
        "D1_asymm": 17.9597,
        "D2_0": 0.00144962,
        "D2_A": 0.0267724,
        "D2_A2": 3.88789,
        "D2_A3": 245.115,
        "D3_0": 17.7455,
        "r_0": 1.26083,
        "r_A": -0.00248086,
        "a_0_n": 0.459801,
        "a_A_n": -0.00047797,
        "a_0_p": 0.438576,
        "a_A_p": 0.00191641
    }
}