{
    "ECS_p": 0.377725,
    "ECS_n": 0.174012,
    "APower_p": 0.436288,
    "APower_n": 0.311789,
    "RCS_p": 0.0199284,
    "TCS_n": 0.0248992
}