{
    "KDHartreeFock": {
        "V1_0": 60.9216,
        "V1_asymm": 6.31748,
        "V1_A": 0.0374329,
        "V2_0_n": 0.00716731,
        "V2_A_n": -4.35362e-06,
        "V3_0_n": 2.34958e-05,
        "V3_A_n": -3.2103e-08,
        "V2_0_p": 0.00765121,
        "V2_A_p": -1.18759e-05,
        "V3_0_p": 2.3964e-05,
        "V3_A_p": -6.0715e-08,
        "V4_0": 4.09726e-08,
        "r_0": 1.30148,
        "r_A": 0.520816,
        "a_0": 0.715094,
        "a_A": 0.000226279
    },
    "KDCoulomb": {
        "r_C_0": 1.08341,
        "r_C_A": -0.09977,
        "r_C_A2": 46.3579
    },
    "KDRealSpinOrbit": {
        "V1_0": 5.52922,
        "V1_A": -0.0132444,
        "V2_0": -0.000456361,
        "r_0": 1.11173,
        "r_A": 0.457088,
        "a_0": 0.656925
    },
    "KDImagSpinOrbit": {
        "W1_0": -1.63793,
        "W2_0": 242.844
    },
    "KDImagVolume": {
        "W1_0_n": 16.5129,
        "W1_A_n": 0.0234279,
        "W1_0_p": 19.9382,
        "W1_A_p": 0.0494508,
        "W2_0": 107.187,
        "W2_A": 0.334157
    },
    "KDImagSurface": {
        "D1_0": 17.5898,
        "D1_asymm": 14.3846,
        "D2_0": 0.0219338,
        "D2_A": -0.00335714,
        "D2_A2": 24.1428,
        "D2_A3": -74.8636,
        "D3_0": 15.1842,
        "r_0": 1.37277,
        "r_A": 0.0292115,
        "a_0_n": 0.524134,
        "a_A_n": -0.000814755,
        "a_0_p": 0.478328,
        "a_A_p": 0.00187842
    }
}