{
    "ECS_p": 0.312724,
    "ECS_n": 0.414462,
    "APower_p": 0.68982,
    "APower_n": 0.51778,
    "RCS_p": 0.0266241,
    "TCS_n": 0.0394528
}