{
    "KDHartreeFock": {
        "V1_0": 57.3379,
        "V1_asymm": 16.422,
        "V1_A": 0.0213344,
        "V2_0_n": 0.00522244,
        "V2_A_n": 3.84003e-06,
        "V3_0_n": -2.0107e-06,
        "V3_A_n": 2.24054e-08,
        "V2_0_p": 0.0045453,
        "V2_A_p": 1.41636e-05,
        "V3_0_p": -1.21899e-05,
        "V3_A_p": 1.26064e-07,
        "V4_0": -2.5705e-08,
        "r_0": 1.27668,
        "r_A": 0.389383,
        "a_0": 0.659726,
        "a_A": -0.000261763
    },
    "KDCoulomb": {
        "r_C_0": 1.32995,
        "r_C_A": 0.493095,
        "r_C_A2": 11.6242
    },
    "KDRealSpinOrbit": {
        "V1_0": 5.5055,
        "V1_A": -0.00689685,
        "V2_0": 0.00155369,
        "r_0": 1.23856,
        "r_A": 0.856329,
        "a_0": 0.606833
    },
    "KDImagSpinOrbit": {
        "W1_0": -7.75284,
        "W2_0": 255.088
    },
    "KDImagVolume": {
        "W1_0_n": 26.166,
        "W1_A_n": -0.0135448,
        "W1_0_p": 19.9618,
        "W1_A_p": 0.037635,
        "W2_0": 111.906,
        "W2_A": -0.0185757
    },
    "KDImagSurface": {
        "D1_0": 20.962,
        "D1_asymm": 14.8396,
        "D2_0": 0.0676077,
        "D2_A": -0.0404564,
        "D2_A2": 1.80274,
        "D2_A3": 309.256,
        "D3_0": 18.1786,
        "r_0": 1.29195,
        "r_A": 0.00593789,
        "a_0_n": 0.646603,
        "a_A_n": 0.000402321,
        "a_0_p": 0.48239,
        "a_A_p": 0.0011567
    }
}