{
    "ECS_p": 0.393352,
    "ECS_n": 0.310647,
    "APower_p": 0.831573,
    "APower_n": 0.640766,
    "RCS_p": 0.0408013,
    "TCS_n": 0.0318558
}