{
    "KDHartreeFock": {
        "V1_0": 57.5828,
        "V1_asymm": 17.2521,
        "V1_A": 0.0275479,
        "V2_0_n": 0.00561007,
        "V2_A_n": 3.18743e-06,
        "V3_0_n": -3.10442e-06,
        "V3_A_n": 6.96843e-09,
        "V2_0_p": 0.00668521,
        "V2_A_p": 2.10114e-06,
        "V3_0_p": 1.82565e-05,
        "V3_A_p": -6.81696e-09,
        "V4_0": -3.16985e-08,
        "r_0": 1.25366,
        "r_A": 0.176753,
        "a_0": 0.693499,
        "a_A": -2.16914e-05
    },
    "KDCoulomb": {
        "r_C_0": 1.33991,
        "r_C_A": 0.333044,
        "r_C_A2": 11.4588
    },
    "KDRealSpinOrbit": {
        "V1_0": 5.58046,
        "V1_A": 0.00185813,
        "V2_0": 0.00945637,
        "r_0": 1.09278,
        "r_A": 0.0887449,
        "a_0": 0.56587
    },
    "KDImagSpinOrbit": {
        "W1_0": -1.66355,
        "W2_0": 139.709
    },
    "KDImagVolume": {
        "W1_0_n": 17.7307,
        "W1_A_n": 0.00569748,
        "W1_0_p": 10.2474,
        "W1_A_p": 0.032005,
        "W2_0": 72.3666,
        "W2_A": 0.0629848
    },
    "KDImagSurface": {
        "D1_0": 15.8921,
        "D1_asymm": 7.87565,
        "D2_0": -0.0135067,
        "D2_A": 0.0311335,
        "D2_A2": 9.5024,
        "D2_A3": 476.075,
        "D3_0": 12.5262,
        "r_0": 1.30946,
        "r_A": 0.0168143,
        "a_0_n": 0.629451,
        "a_A_n": 0.000532381,
        "a_0_p": 0.421071,
        "a_A_p": 0.00154839
    }
}