{
    "ECS_p": 0.2629,
    "ECS_n": 0.257986,
    "APower_p": 0.340045,
    "APower_n": 0.0908362,
    "RCS_p": 0.0121068,
    "TCS_n": 0.0319939
}