{
    "KDHartreeFock": {
        "V1_0": 54.6694,
        "V1_asymm": 7.86656,
        "V1_A": 0.0402506,
        "V2_0_n": 0.00595692,
        "V2_A_n": 1.25537e-05,
        "V3_0_n": 6.72407e-06,
        "V3_A_n": 5.77732e-08,
        "V2_0_p": 0.00867113,
        "V2_A_p": -1.35993e-05,
        "V3_0_p": 2.52495e-05,
        "V3_A_p": -8.11919e-08,
        "V4_0": -8.74852e-09,
        "r_0": 1.2987,
        "r_A": 0.302014,
        "a_0": 0.620368,
        "a_A": -5.8908e-05
    },
    "KDCoulomb": {
        "r_C_0": 1.0302,
        "r_C_A": 0.647798,
        "r_C_A2": 31.9365
    },
    "KDRealSpinOrbit": {
        "V1_0": 6.00206,
        "V1_A": 0.0127362,
        "V2_0": 0.00725284,
        "r_0": 1.29124,
        "r_A": 0.989333,
        "a_0": 0.567168
    },
    "KDImagSpinOrbit": {
        "W1_0": -4.49716,
        "W2_0": 154.456
    },
    "KDImagVolume": {
        "W1_0_n": 22.1172,
        "W1_A_n": -0.0188087,
        "W1_0_p": 10.2875,
        "W1_A_p": 0.0603291,
        "W2_0": 72.2246,
        "W2_A": -0.0123299
    },
    "KDImagSurface": {
        "D1_0": 31.0308,
        "D1_asymm": 0.250898,
        "D2_0": 0.0584494,
        "D2_A": -0.0133703,
        "D2_A2": 12.1933,
        "D2_A3": 114.931,
        "D3_0": 20.0256,
        "r_0": 1.38049,
        "r_A": 0.010469,
        "a_0_n": 0.49432,
        "a_A_n": -0.00021152,
        "a_0_p": 0.524833,
        "a_A_p": 0.00273684
    }
}