{
    "ECS_p": 0.300835,
    "ECS_n": 0.213398,
    "APower_p": 0.33066,
    "APower_n": 0.322528,
    "RCS_p": 0.0148462,
    "TCS_n": 0.018525
}