{
    "KDHartreeFock": {
        "V1_0": 61.2578,
        "V1_asymm": 9.94029,
        "V1_A": 0.0409333,
        "V2_0_n": 0.00698119,
        "V2_A_n": 8.46237e-06,
        "V3_0_n": 1.47913e-05,
        "V3_A_n": 5.93648e-08,
        "V2_0_p": 0.00515298,
        "V2_A_p": 1.12994e-05,
        "V3_0_p": 5.10707e-06,
        "V3_A_p": 7.53187e-08,
        "V4_0": -8.45802e-09,
        "r_0": 1.2675,
        "r_A": 0.439742,
        "a_0": 0.691604,
        "a_A": -2.09674e-05
    },
    "KDCoulomb": {
        "r_C_0": 1.34864,
        "r_C_A": 0.609765,
        "r_C_A2": 0.652599
    },
    "KDRealSpinOrbit": {
        "V1_0": 6.49847,
        "V1_A": 0.00657258,
        "V2_0": 0.00661072,
        "r_0": 1.11313,
        "r_A": 0.331272,
        "a_0": 0.625483
    },
    "KDImagSpinOrbit": {
        "W1_0": -5.4426,
        "W2_0": 249.251
    },
    "KDImagVolume": {
        "W1_0_n": 17.3451,
        "W1_A_n": 0.0485811,
        "W1_0_p": 20.5311,
        "W1_A_p": -0.00900662,
        "W2_0": 94.7242,
        "W2_A": 0.156979
    },
    "KDImagSurface": {
        "D1_0": 10.5396,
        "D1_asymm": 13.5801,
        "D2_0": 0.0570496,
        "D2_A": -0.0435282,
        "D2_A2": 15.4785,
        "D2_A3": 264.77,
        "D3_0": 10.6243,
        "r_0": 1.269,
        "r_A": -0.000779955,
        "a_0_n": 0.574103,
        "a_A_n": -0.000929251,
        "a_0_p": 0.513829,
        "a_A_p": 0.00164733
    }
}