{
    "ECS_p": 0.349433,
    "ECS_n": 0.18697,
    "APower_p": 0.282916,
    "APower_n": 0.234327,
    "RCS_p": 0.00984124,
    "TCS_n": 0.0212137
}