{
    "KDHartreeFock": {
        "V1_0": 59.1718,
        "V1_asymm": 11.9673,
        "V1_A": 0.0262356,
        "V2_0_n": 0.00636903,
        "V2_A_n": -2.35089e-06,
        "V3_0_n": 1.16058e-05,
        "V3_A_n": -1.32176e-08,
        "V2_0_p": 0.00707162,
        "V2_A_p": 1.29265e-06,
        "V3_0_p": 1.44961e-05,
        "V3_A_p": 2.92585e-08,
        "V4_0": -2.70317e-12,
        "r_0": 1.28551,
        "r_A": 0.434113,
        "a_0": 0.7508,
        "a_A": 0.000213801
    },
    "KDCoulomb": {
        "r_C_0": 1.11498,
        "r_C_A": 1.47721,
        "r_C_A2": 0.391561
    },
    "KDRealSpinOrbit": {
        "V1_0": 5.2675,
        "V1_A": -0.00987313,
        "V2_0": 0.00237691,
        "r_0": 1.27044,
        "r_A": 0.776984,
        "a_0": 0.618447
    },
    "KDImagSpinOrbit": {
        "W1_0": -1.12207,
        "W2_0": 122.557
    },
    "KDImagVolume": {
        "W1_0_n": 19.1354,
        "W1_A_n": 0.00637175,
        "W1_0_p": 10.5748,
        "W1_A_p": 0.0650938,
        "W2_0": 93.5378,
        "W2_A": 0.258227
    },
    "KDImagSurface": {
        "D1_0": 19.2535,
        "D1_asymm": 8.05266,
        "D2_0": -0.044612,
        "D2_A": 0.0727861,
        "D2_A2": 1.40109,
        "D2_A3": 220.184,
        "D3_0": 13.4738,
        "r_0": 1.41089,
        "r_A": 0.0290321,
        "a_0_n": 0.503544,
        "a_A_n": 3.63482e-05,
        "a_0_p": 0.509203,
        "a_A_p": 0.00150961
    }
}