{
    "ECS_p": 0.25513,
    "ECS_n": 0.243488,
    "APower_p": 0.388685,
    "APower_n": 0.282795,
    "RCS_p": 0.0343529,
    "TCS_n": 0.0333595
}