{
    "KDHartreeFock": {
        "V1_0": 59.0157,
        "V1_asymm": 18.2187,
        "V1_A": 0.0305921,
        "V2_0_n": 0.00732108,
        "V2_A_n": 1.32505e-05,
        "V3_0_n": 1.73726e-05,
        "V3_A_n": 9.47241e-08,
        "V2_0_p": 0.00754231,
        "V2_A_p": 4.80332e-06,
        "V3_0_p": 1.27953e-05,
        "V3_A_p": 6.35681e-08,
        "V4_0": -6.1302e-09,
        "r_0": 1.27432,
        "r_A": 0.350969,
        "a_0": 0.719008,
        "a_A": 0.000136992
    },
    "KDCoulomb": {
        "r_C_0": 1.19854,
        "r_C_A": 1.10423,
        "r_C_A2": 23.2893
    },
    "KDRealSpinOrbit": {
        "V1_0": 6.00572,
        "V1_A": 0.00185156,
        "V2_0": 0.00613944,
        "r_0": 1.22113,
        "r_A": 0.533237,
        "a_0": 0.602583
    },
    "KDImagSpinOrbit": {
        "W1_0": -3.17397,
        "W2_0": 212.596
    },
    "KDImagVolume": {
        "W1_0_n": 12.6374,
        "W1_A_n": 0.0436069,
        "W1_0_p": 9.28273,
        "W1_A_p": 0.0551234,
        "W2_0": 51.8031,
        "W2_A": 0.221059
    },
    "KDImagSurface": {
        "D1_0": 19.904,
        "D1_asymm": 16.6265,
        "D2_0": 0.00333728,
        "D2_A": 0.0263701,
        "D2_A2": 5.01118,
        "D2_A3": 342.888,
        "D3_0": 16.2614,
        "r_0": 1.34433,
        "r_A": 0.0206281,
        "a_0_n": 0.514939,
        "a_A_n": -0.000660831,
        "a_0_p": 0.461698,
        "a_A_p": 0.00221254
    }
}