{
    "ECS_p": 0.243672,
    "ECS_n": 0.24962,
    "APower_p": 0.383182,
    "APower_n": 0.195068,
    "RCS_p": 0.0216334,
    "TCS_n": 0.032357
}