{
    "KDHartreeFock": {
        "V1_0": 58.7855,
        "V1_asymm": 9.23047,
        "V1_A": 0.0214062,
        "V2_0_n": 0.0059039,
        "V2_A_n": -7.50809e-06,
        "V3_0_n": 1.36647e-05,
        "V3_A_n": -1.84362e-09,
        "V2_0_p": 0.00672896,
        "V2_A_p": -2.03452e-07,
        "V3_0_p": 1.65771e-05,
        "V3_A_p": 1.67807e-08,
        "V4_0": 8.14085e-09,
        "r_0": 1.25265,
        "r_A": 0.30043,
        "a_0": 0.672176,
        "a_A": -0.000126001
    },
    "KDCoulomb": {
        "r_C_0": 1.21871,
        "r_C_A": 1.49791,
        "r_C_A2": 15.9948
    },
    "KDRealSpinOrbit": {
        "V1_0": 7.11179,
        "V1_A": -0.0060401,
        "V2_0": 0.0107226,
        "r_0": 1.25762,
        "r_A": 0.911083,
        "a_0": 0.525762
    },
    "KDImagSpinOrbit": {
        "W1_0": -4.94674,
        "W2_0": 192.291
    },
    "KDImagVolume": {
        "W1_0_n": 20.2616,
        "W1_A_n": 0.044799,
        "W1_0_p": 21.9228,
        "W1_A_p": 0.0384568,
        "W2_0": 122.046,
        "W2_A": -0.139469
    },
    "KDImagSurface": {
        "D1_0": 14.7298,
        "D1_asymm": 3.96003,
        "D2_0": 0.0362785,
        "D2_A": -0.0129455,
        "D2_A2": 8.07214,
        "D2_A3": 332.238,
        "D3_0": 11.0425,
        "r_0": 1.35367,
        "r_A": 0.0166616,
        "a_0_n": 0.557872,
        "a_A_n": 0.000383781,
        "a_0_p": 0.476775,
        "a_A_p": 0.00177085
    }
}