{
    "ECS_p": 0.270447,
    "ECS_n": 0.159202,
    "APower_p": 0.440222,
    "APower_n": 0.226199,
    "RCS_p": 0.010092,
    "TCS_n": 0.021903
}