{
    "KDHartreeFock": {
        "V1_0": 59.7484,
        "V1_asymm": 12.3858,
        "V1_A": 0.0296429,
        "V2_0_n": 0.00580503,
        "V2_A_n": -7.41619e-07,
        "V3_0_n": 6.25286e-06,
        "V3_A_n": 1.12102e-08,
        "V2_0_p": 0.00596979,
        "V2_A_p": 3.87353e-06,
        "V3_0_p": 5.94259e-06,
        "V3_A_p": 4.45642e-08,
        "V4_0": -1.42801e-08,
        "r_0": 1.26546,
        "r_A": 0.396039,
        "a_0": 0.652234,
        "a_A": -0.000466347
    },
    "KDCoulomb": {
        "r_C_0": 1.22762,
        "r_C_A": 1.16085,
        "r_C_A2": 31.1254
    },
    "KDRealSpinOrbit": {
        "V1_0": 6.21723,
        "V1_A": 0.000637983,
        "V2_0": 0.00361107,
        "r_0": 1.27802,
        "r_A": 1.00637,
        "a_0": 0.631173
    },
    "KDImagSpinOrbit": {
        "W1_0": -2.68283,
        "W2_0": 170.704
    },
    "KDImagVolume": {
        "W1_0_n": 23.2388,
        "W1_A_n": 0.0164995,
        "W1_0_p": 22.1721,
        "W1_A_p": 0.0058944,
        "W2_0": 127.453,
        "W2_A": 0.0500289
    },
    "KDImagSurface": {
        "D1_0": 13.0475,
        "D1_asymm": 0.958621,
        "D2_0": 0.0158376,
        "D2_A": 0.00518602,
        "D2_A2": 14.7448,
        "D2_A3": 7.58686,
        "D3_0": 14.2788,
        "r_0": 1.24567,
        "r_A": -0.010977,
        "a_0_n": 0.621668,
        "a_A_n": 0.000479684,
        "a_0_p": 0.513812,
        "a_A_p": 0.00123325
    }
}