{
    "ECS_p": 0.264102,
    "ECS_n": 0.148241,
    "APower_p": 0.395247,
    "APower_n": 0.275561,
    "RCS_p": 0.00852297,
    "TCS_n": 0.034297
}