{
    "KDHartreeFock": {
        "V1_0": 58.2708,
        "V1_asymm": 12.7667,
        "V1_A": 0.0398329,
        "V2_0_n": 0.00689628,
        "V2_A_n": 1.72887e-05,
        "V3_0_n": 8.60591e-06,
        "V3_A_n": 8.9211e-08,
        "V2_0_p": 0.00792332,
        "V2_A_p": -4.06718e-07,
        "V3_0_p": 1.60247e-05,
        "V3_A_p": 2.11183e-09,
        "V4_0": -2.29996e-08,
        "r_0": 1.24802,
        "r_A": 0.209478,
        "a_0": 0.658662,
        "a_A": -0.000295677
    },
    "KDCoulomb": {
        "r_C_0": 1.25137,
        "r_C_A": 1.87272,
        "r_C_A2": 38.1853
    },
    "KDRealSpinOrbit": {
        "V1_0": 5.91469,
        "V1_A": 0.00774263,
        "V2_0": 0.00350214,
        "r_0": 1.1894,
        "r_A": 0.81961,
        "a_0": 0.612893
    },
    "KDImagSpinOrbit": {
        "W1_0": -1.51399,
        "W2_0": 209.794
    },
    "KDImagVolume": {
        "W1_0_n": 18.6923,
        "W1_A_n": -0.0058068,
        "W1_0_p": 17.8994,
        "W1_A_p": 0.0274879,
        "W2_0": 75.3061,
        "W2_A": 0.0240709
    },
    "KDImagSurface": {
        "D1_0": 18.977,
        "D1_asymm": 11.9836,
        "D2_0": 0.0585774,
        "D2_A": -0.028959,
        "D2_A2": 5.12485,
        "D2_A3": 254.073,
        "D3_0": 14.6751,
        "r_0": 1.33719,
        "r_A": 0.0101125,
        "a_0_n": 0.54415,
        "a_A_n": 7.5067e-05,
        "a_0_p": 0.509583,
        "a_A_p": 0.00167921
    }
}