{
    "ECS_p": 0.365783,
    "ECS_n": 0.285552,
    "APower_p": 0.904369,
    "APower_n": 0.437578,
    "RCS_p": 0.0488466,
    "TCS_n": 0.047444
}