{
    "KDHartreeFock": {
        "V1_0": 60.5501,
        "V1_asymm": 7.36388,
        "V1_A": 0.0491337,
        "V2_0_n": 0.00681979,
        "V2_A_n": -2.78159e-06,
        "V3_0_n": 1.41532e-05,
        "V3_A_n": -2.75153e-08,
        "V2_0_p": 0.00926827,
        "V2_A_p": -5.98961e-06,
        "V3_0_p": 2.64637e-05,
        "V3_A_p": -1.3334e-08,
        "V4_0": 1.42006e-08,
        "r_0": 1.32628,
        "r_A": 0.533747,
        "a_0": 0.676673,
        "a_A": -0.00019845
    },
    "KDCoulomb": {
        "r_C_0": 1.22343,
        "r_C_A": 0.287364,
        "r_C_A2": -7.56485
    },
    "KDRealSpinOrbit": {
        "V1_0": 4.95164,
        "V1_A": 0.00285584,
        "V2_0": 0.00567855,
        "r_0": 1.24584,
        "r_A": 0.768877,
        "a_0": 0.553266
    },
    "KDImagSpinOrbit": {
        "W1_0": -0.968087,
        "W2_0": 275.775
    },
    "KDImagVolume": {
        "W1_0_n": 19.921,
        "W1_A_n": -0.00420941,
        "W1_0_p": 15.8856,
        "W1_A_p": 0.0122617,
        "W2_0": 64.4036,
        "W2_A": -0.0463145
    },
    "KDImagSurface": {
        "D1_0": 23.5656,
        "D1_asymm": 2.71639,
        "D2_0": 0.0491749,
        "D2_A": -0.0132433,
        "D2_A2": -6.28763,
        "D2_A3": -23.8226,
        "D3_0": 17.0672,
        "r_0": 1.19549,
        "r_A": -0.0183598,
        "a_0_n": 0.575243,
        "a_A_n": 0.000675109,
        "a_0_p": 0.487466,
        "a_A_p": 0.00130392
    }
}