{
    "ECS_p": 0.252287,
    "ECS_n": 0.17371,
    "APower_p": 0.438237,
    "APower_n": 0.176154,
    "RCS_p": 0.0202039,
    "TCS_n": 0.0203852
}