{
    "KDHartreeFock": {
        "V1_0": 57.7495,
        "V1_asymm": 13.5073,
        "V1_A": 0.0138524,
        "V2_0_n": 0.0064777,
        "V2_A_n": -8.68622e-07,
        "V3_0_n": 1.21219e-05,
        "V3_A_n": 1.1619e-08,
        "V2_0_p": 0.00769766,
        "V2_A_p": -1.29857e-06,
        "V3_0_p": 2.01879e-05,
        "V3_A_p": 1.31071e-09,
        "V4_0": 8.56457e-10,
        "r_0": 1.24218,
        "r_A": 0.187368,
        "a_0": 0.705171,
        "a_A": 0.000207626
    },
    "KDCoulomb": {
        "r_C_0": 0.980074,
        "r_C_A": 0.40093,
        "r_C_A2": 2.79837
    },
    "KDRealSpinOrbit": {
        "V1_0": 5.39477,
        "V1_A": 0.0141663,
        "V2_0": 0.00621188,
        "r_0": 1.181,
        "r_A": 0.474449,
        "a_0": 0.606721
    },
    "KDImagSpinOrbit": {
        "W1_0": -4.73661,
        "W2_0": 250.008
    },
    "KDImagVolume": {
        "W1_0_n": 17.8879,
        "W1_A_n": 0.0645906,
        "W1_0_p": 15.7044,
        "W1_A_p": 0.0412652,
        "W2_0": 81.6036,
        "W2_A": 0.404177
    },
    "KDImagSurface": {
        "D1_0": 14.6021,
        "D1_asymm": 6.62023,
        "D2_0": -0.0351885,
        "D2_A": 0.0549593,
        "D2_A2": 3.08195,
        "D2_A3": 325.995,
        "D3_0": 12.5849,
        "r_0": 1.18788,
        "r_A": -0.0117998,
        "a_0_n": 0.544419,
        "a_A_n": -0.000114691,
        "a_0_p": 0.512839,
        "a_A_p": 0.00180412
    }
}