{
    "ECS_p": 0.316357,
    "ECS_n": 0.156586,
    "APower_p": 0.455922,
    "APower_n": 0.248334,
    "RCS_p": 0.00312223,
    "TCS_n": 0.036177
}