{
    "KDHartreeFock": {
        "V1_0": 56.7858,
        "V1_asymm": 19.6071,
        "V1_A": 0.015922,
        "V2_0_n": 0.0052045,
        "V2_A_n": 5.12193e-06,
        "V3_0_n": -5.4542e-06,
        "V3_A_n": 7.40017e-09,
        "V2_0_p": 0.00766262,
        "V2_A_p": -6.3225e-06,
        "V3_0_p": 1.13303e-05,
        "V3_A_p": -1.19454e-08,
        "V4_0": -4.53506e-08,
        "r_0": 1.2432,
        "r_A": 0.167137,
        "a_0": 0.667591,
        "a_A": -0.000307732
    },
    "KDCoulomb": {
        "r_C_0": 1.01952,
        "r_C_A": -0.645181,
        "r_C_A2": 26.912
    },
    "KDRealSpinOrbit": {
        "V1_0": 5.55421,
        "V1_A": -0.00104273,
        "V2_0": 0.00279846,
        "r_0": 1.0843,
        "r_A": 0.300414,
        "a_0": 0.657451
    },
    "KDImagSpinOrbit": {
        "W1_0": -1.76454,
        "W2_0": 215.069
    },
    "KDImagVolume": {
        "W1_0_n": 19.4297,
        "W1_A_n": -0.0319774,
        "W1_0_p": 13.0142,
        "W1_A_p": 0.0389186,
        "W2_0": 73.0766,
        "W2_A": -0.0542031
    },
    "KDImagSurface": {
        "D1_0": 24.9528,
        "D1_asymm": 22.1415,
        "D2_0": 0.00533672,
        "D2_A": 0.0264428,
        "D2_A2": 15.6009,
        "D2_A3": 300.299,
        "D3_0": 17.7129,
        "r_0": 1.30953,
        "r_A": 0.0125296,
        "a_0_n": 0.501979,
        "a_A_n": -0.000537148,
        "a_0_p": 0.506876,
        "a_A_p": 0.000654717
    }
}