{
    "ECS_p": 0.464147,
    "ECS_n": 0.319243,
    "APower_p": 0.625204,
    "APower_n": 0.648402,
    "RCS_p": 0.0345254,
    "TCS_n": 0.038388
}