{
    "KDHartreeFock": {
        "V1_0": 60.684,
        "V1_asymm": 9.7528,
        "V1_A": 0.0504689,
        "V2_0_n": 0.00650722,
        "V2_A_n": -4.08819e-06,
        "V3_0_n": 1.70904e-05,
        "V3_A_n": -4.74358e-09,
        "V2_0_p": 0.00867033,
        "V2_A_p": -5.31098e-06,
        "V3_0_p": 2.78797e-05,
        "V3_A_p": -1.76809e-08,
        "V4_0": 1.47458e-08,
        "r_0": 1.31863,
        "r_A": 0.511276,
        "a_0": 0.630279,
        "a_A": -0.00037417
    },
    "KDCoulomb": {
        "r_C_0": 1.21696,
        "r_C_A": 0.113312,
        "r_C_A2": 8.4995
    },
    "KDRealSpinOrbit": {
        "V1_0": 5.76433,
        "V1_A": 0.0058873,
        "V2_0": 0.00645212,
        "r_0": 1.23918,
        "r_A": 0.62414,
        "a_0": 0.544834
    },
    "KDImagSpinOrbit": {
        "W1_0": -5.11667,
        "W2_0": 283.802
    },
    "KDImagVolume": {
        "W1_0_n": 20.9442,
        "W1_A_n": 0.0236441,
        "W1_0_p": 16.6083,
        "W1_A_p": 0.0606206,
        "W2_0": 114.604,
        "W2_A": 0.263751
    },
    "KDImagSurface": {
        "D1_0": 11.5521,
        "D1_asymm": -7.48065,
        "D2_0": -0.0616188,
        "D2_A": 0.0768972,
        "D2_A2": 8.79057,
        "D2_A3": 281.77,
        "D3_0": 10.8542,
        "r_0": 1.35648,
        "r_A": 0.0137937,
        "a_0_n": 0.558375,
        "a_A_n": 6.37358e-06,
        "a_0_p": 0.480872,
        "a_A_p": 0.00241018
    }
}