{
    "ECS_p": 0.344265,
    "ECS_n": 0.322458,
    "APower_p": 0.867051,
    "APower_n": 0.46954,
    "RCS_p": 0.0444968,
    "TCS_n": 0.0396159
}