{
    "KDHartreeFock": {
        "V1_0": 56.0967,
        "V1_asymm": 20.1803,
        "V1_A": 0.0181313,
        "V2_0_n": 0.005707,
        "V2_A_n": 1.00209e-06,
        "V3_0_n": 6.32862e-06,
        "V3_A_n": 3.08751e-08,
        "V2_0_p": 0.00697694,
        "V2_A_p": 7.34957e-06,
        "V3_0_p": 1.45303e-05,
        "V3_A_p": 4.62069e-08,
        "V4_0": -1.21511e-08,
        "r_0": 1.36919,
        "r_A": 0.621466,
        "a_0": 0.70163,
        "a_A": 0.000220791
    },
    "KDCoulomb": {
        "r_C_0": 1.2531,
        "r_C_A": 0.840215,
        "r_C_A2": 34.358
    },
    "KDRealSpinOrbit": {
        "V1_0": 4.04394,
        "V1_A": 0.00664195,
        "V2_0": 0.00293446,
        "r_0": 1.29316,
        "r_A": 0.883028,
        "a_0": 0.564455
    },
    "KDImagSpinOrbit": {
        "W1_0": -7.51606,
        "W2_0": 343.606
    },
    "KDImagVolume": {
        "W1_0_n": 20.9633,
        "W1_A_n": -0.0185413,
        "W1_0_p": 21.4131,
        "W1_A_p": -0.0394847,
        "W2_0": 119.051,
        "W2_A": -0.394216
    },
    "KDImagSurface": {
        "D1_0": 26.9997,
        "D1_asymm": 38.4873,
        "D2_0": 0.0591979,
        "D2_A": -0.024866,
        "D2_A2": -7.24613,
        "D2_A3": 2.88185,
        "D3_0": 16.3281,
        "r_0": 1.36232,
        "r_A": 0.0172398,
        "a_0_n": 0.564507,
        "a_A_n": 0.000804607,
        "a_0_p": 0.486814,
        "a_A_p": 0.000335636
    }
}