{
    "ECS_p": 0.322483,
    "ECS_n": 0.187465,
    "APower_p": 0.546613,
    "APower_n": 0.312983,
    "RCS_p": 0.0159347,
    "TCS_n": 0.0173114
}