{
    "KDHartreeFock": {
        "V1_0": 57.5571,
        "V1_asymm": 11.3013,
        "V1_A": 0.0335148,
        "V2_0_n": 0.00562448,
        "V2_A_n": 2.0948e-06,
        "V3_0_n": 5.06936e-06,
        "V3_A_n": 1.38151e-08,
        "V2_0_p": 0.00673152,
        "V2_A_p": 5.63597e-06,
        "V3_0_p": 7.69998e-06,
        "V3_A_p": 6.8684e-08,
        "V4_0": -6.42334e-09,
        "r_0": 1.28431,
        "r_A": 0.361926,
        "a_0": 0.664274,
        "a_A": 6.72802e-05
    },
    "KDCoulomb": {
        "r_C_0": 0.995553,
        "r_C_A": 1.26422,
        "r_C_A2": 19.6636
    },
    "KDRealSpinOrbit": {
        "V1_0": 5.94907,
        "V1_A": 0.0042229,
        "V2_0": 0.00614373,
        "r_0": 1.15193,
        "r_A": 0.314681,
        "a_0": 0.658639
    },
    "KDImagSpinOrbit": {
        "W1_0": -2.29566,
        "W2_0": 151.197
    },
    "KDImagVolume": {
        "W1_0_n": 22.7064,
        "W1_A_n": -0.00848552,
        "W1_0_p": 12.8875,
        "W1_A_p": 0.0167176,
        "W2_0": 97.6045,
        "W2_A": 0.00482571
    },
    "KDImagSurface": {
        "D1_0": 11.9961,
        "D1_asymm": 17.4077,
        "D2_0": 0.0820368,
        "D2_A": -0.0625499,
        "D2_A2": 19.534,
        "D2_A3": 280.488,
        "D3_0": 9.31922,
        "r_0": 1.34461,
        "r_A": 0.0176922,
        "a_0_n": 0.558139,
        "a_A_n": -0.000588222,
        "a_0_p": 0.531151,
        "a_A_p": 0.00252569
    }
}