{
    "ECS_p": 0.495555,
    "ECS_n": 0.300912,
    "APower_p": 0.856614,
    "APower_n": 0.637682,
    "RCS_p": 0.0385297,
    "TCS_n": 0.045894
}