{
    "KDHartreeFock": {
        "V1_0": 62.4633,
        "V1_asymm": 14.5087,
        "V1_A": 0.0364494,
        "V2_0_n": 0.00617619,
        "V2_A_n": 4.16824e-07,
        "V3_0_n": 1.07621e-05,
        "V3_A_n": -7.01188e-10,
        "V2_0_p": 0.00824702,
        "V2_A_p": 1.71832e-06,
        "V3_0_p": 2.08817e-05,
        "V3_A_p": 5.66882e-08,
        "V4_0": 6.655e-09,
        "r_0": 1.25405,
        "r_A": 0.361778,
        "a_0": 0.648354,
        "a_A": -0.000640217
    },
    "KDCoulomb": {
        "r_C_0": 1.16244,
        "r_C_A": 0.423264,
        "r_C_A2": -0.0285524
    },
    "KDRealSpinOrbit": {
        "V1_0": 5.74742,
        "V1_A": 0.0041046,
        "V2_0": 0.0102109,
        "r_0": 1.15066,
        "r_A": 0.453661,
        "a_0": 0.574305
    },
    "KDImagSpinOrbit": {
        "W1_0": -6.06024,
        "W2_0": 258.326
    },
    "KDImagVolume": {
        "W1_0_n": 25.8084,
        "W1_A_n": 0.00410225,
        "W1_0_p": 21.8375,
        "W1_A_p": 0.0348659,
        "W2_0": 113.34,
        "W2_A": 0.238027
    },
    "KDImagSurface": {
        "D1_0": 22.6151,
        "D1_asymm": 9.94672,
        "D2_0": 0.0137791,
        "D2_A": 0.0151431,
        "D2_A2": 3.77646,
        "D2_A3": 226.155,
        "D3_0": 16.6496,
        "r_0": 1.33785,
        "r_A": 0.0170324,
        "a_0_n": 0.579912,
        "a_A_n": -7.65207e-05,
        "a_0_p": 0.472848,
        "a_A_p": 0.00132264
    }
}