{
    "ECS_p": 0.290737,
    "ECS_n": 0.158238,
    "APower_p": 0.442541,
    "APower_n": 0.283283,
    "RCS_p": 0.00716658,
    "TCS_n": 0.0206377
}