{
    "KDHartreeFock": {
        "V1_0": 58.0926,
        "V1_asymm": 8.47323,
        "V1_A": 0.0293322,
        "V2_0_n": 0.00685596,
        "V2_A_n": 6.19164e-06,
        "V3_0_n": 1.83025e-05,
        "V3_A_n": 2.17924e-08,
        "V2_0_p": 0.00753202,
        "V2_A_p": -1.4244e-05,
        "V3_0_p": 2.17656e-05,
        "V3_A_p": -8.07942e-08,
        "V4_0": 2.50559e-08,
        "r_0": 1.22728,
        "r_A": 0.133529,
        "a_0": 0.661129,
        "a_A": 2.0968e-05
    },
    "KDCoulomb": {
        "r_C_0": 1.26293,
        "r_C_A": 0.445691,
        "r_C_A2": 8.10504
    },
    "KDRealSpinOrbit": {
        "V1_0": 5.98828,
        "V1_A": -0.00712118,
        "V2_0": 0.00217426,
        "r_0": 1.20878,
        "r_A": 0.883231,
        "a_0": 0.686749
    },
    "KDImagSpinOrbit": {
        "W1_0": -1.19138,
        "W2_0": 129.272
    },
    "KDImagVolume": {
        "W1_0_n": 17.9409,
        "W1_A_n": 0.033837,
        "W1_0_p": 11.6762,
        "W1_A_p": 0.134281,
        "W2_0": 97.3752,
        "W2_A": 0.336853
    },
    "KDImagSurface": {
        "D1_0": 17.9638,
        "D1_asymm": 21.0377,
        "D2_0": -0.0550983,
        "D2_A": 0.0788791,
        "D2_A2": -2.66351,
        "D2_A3": -83.6091,
        "D3_0": 16.2981,
        "r_0": 1.33464,
        "r_A": 0.0184139,
        "a_0_n": 0.544362,
        "a_A_n": -0.000931023,
        "a_0_p": 0.456753,
        "a_A_p": 0.00204547
    }
}