{
    "ECS_p": 0.413476,
    "ECS_n": 0.278142,
    "APower_p": 0.912583,
    "APower_n": 0.641038,
    "RCS_p": 0.0492716,
    "TCS_n": 0.0565296
}