{
    "KDHartreeFock": {
        "V1_0": 58.3895,
        "V1_asymm": 14.8277,
        "V1_A": 0.0222093,
        "V2_0_n": 0.00717983,
        "V2_A_n": -1.61296e-06,
        "V3_0_n": 2.54957e-05,
        "V3_A_n": -9.38625e-09,
        "V2_0_p": 0.00633163,
        "V2_A_p": 7.66527e-06,
        "V3_0_p": 1.90599e-05,
        "V3_A_p": 3.03037e-08,
        "V4_0": 3.74947e-08,
        "r_0": 1.31377,
        "r_A": 0.512031,
        "a_0": 0.647221,
        "a_A": -0.000139187
    },
    "KDCoulomb": {
        "r_C_0": 1.35352,
        "r_C_A": 1.01445,
        "r_C_A2": 6.63432
    },
    "KDRealSpinOrbit": {
        "V1_0": 2.70494,
        "V1_A": -0.00788764,
        "V2_0": -0.00159134,
        "r_0": 1.25365,
        "r_A": 0.98305,
        "a_0": 0.667716
    },
    "KDImagSpinOrbit": {
        "W1_0": -1.96942,
        "W2_0": 275.013
    },
    "KDImagVolume": {
        "W1_0_n": 18.359,
        "W1_A_n": 0.00560574,
        "W1_0_p": 18.3158,
        "W1_A_p": -0.0128199,
        "W2_0": 102.716,
        "W2_A": 0.08084
    },
    "KDImagSurface": {
        "D1_0": 26.7014,
        "D1_asymm": 20.0514,
        "D2_0": 0.0206885,
        "D2_A": 0.0123729,
        "D2_A2": 5.26719,
        "D2_A3": 209.744,
        "D3_0": 15.174,
        "r_0": 1.37158,
        "r_A": 0.0260393,
        "a_0_n": 0.568251,
        "a_A_n": 0.0006678,
        "a_0_p": 0.506324,
        "a_A_p": 0.00114239
    }
}