{
    "ECS_p": 0.236103,
    "ECS_n": 0.224977,
    "APower_p": 0.323161,
    "APower_n": 0.354433,
    "RCS_p": 0.021728,
    "TCS_n": 0.0227323
}