{
    "KDHartreeFock": {
        "V1_0": 56.7111,
        "V1_asymm": 17.9594,
        "V1_A": 0.0197584,
        "V2_0_n": 0.00484195,
        "V2_A_n": -5.06827e-06,
        "V3_0_n": -3.33796e-06,
        "V3_A_n": -4.44851e-08,
        "V2_0_p": 0.00589537,
        "V2_A_p": 6.34764e-06,
        "V3_0_p": 6.11121e-06,
        "V3_A_p": 1.97164e-08,
        "V4_0": -1.97087e-08,
        "r_0": 1.32805,
        "r_A": 0.552341,
        "a_0": 0.695633,
        "a_A": -4.18258e-05
    },
    "KDCoulomb": {
        "r_C_0": 1.24807,
        "r_C_A": 0.114682,
        "r_C_A2": 23.5976
    },
    "KDRealSpinOrbit": {
        "V1_0": 6.0656,
        "V1_A": 6.05924e-05,
        "V2_0": 0.00264286,
        "r_0": 1.27496,
        "r_A": 0.916047,
        "a_0": 0.596036
    },
    "KDImagSpinOrbit": {
        "W1_0": -4.04363,
        "W2_0": 296.683
    },
    "KDImagVolume": {
        "W1_0_n": 20.1057,
        "W1_A_n": -0.0081905,
        "W1_0_p": 14.9182,
        "W1_A_p": 0.0527106,
        "W2_0": 63.1193,
        "W2_A": 0.421593
    },
    "KDImagSurface": {
        "D1_0": 13.9046,
        "D1_asymm": 21.3403,
        "D2_0": 0.0177014,
        "D2_A": 0.00453257,
        "D2_A2": 29.5023,
        "D2_A3": 82.2443,
        "D3_0": 11.3865,
        "r_0": 1.44548,
        "r_A": 0.0412665,
        "a_0_n": 0.513955,
        "a_A_n": -0.000828219,
        "a_0_p": 0.533721,
        "a_A_p": 0.000507473
    }
}