{
    "ECS_p": 0.597287,
    "ECS_n": 0.198308,
    "APower_p": 0.874618,
    "APower_n": 0.619953,
    "RCS_p": 0.0407818,
    "TCS_n": 0.0308735
}