{
    "KDHartreeFock": {
        "V1_0": 58.0774,
        "V1_asymm": 21.1633,
        "V1_A": 0.0187398,
        "V2_0_n": 0.00590545,
        "V2_A_n": 2.46778e-06,
        "V3_0_n": 7.23283e-06,
        "V3_A_n": -3.16474e-09,
        "V2_0_p": 0.00729655,
        "V2_A_p": 3.55295e-06,
        "V3_0_p": 1.91667e-05,
        "V3_A_p": -2.08507e-08,
        "V4_0": -5.12569e-09,
        "r_0": 1.26944,
        "r_A": 0.305999,
        "a_0": 0.657724,
        "a_A": -0.000407684
    },
    "KDCoulomb": {
        "r_C_0": 1.22903,
        "r_C_A": 0.813414,
        "r_C_A2": 33.6982
    },
    "KDRealSpinOrbit": {
        "V1_0": 6.86518,
        "V1_A": -0.0112125,
        "V2_0": 0.0125302,
        "r_0": 1.25188,
        "r_A": 0.697367,
        "a_0": 0.55702
    },
    "KDImagSpinOrbit": {
        "W1_0": -0.405828,
        "W2_0": -25.3502
    },
    "KDImagVolume": {
        "W1_0_n": 20.7615,
        "W1_A_n": -0.00323815,
        "W1_0_p": 16.2964,
        "W1_A_p": 0.0935976,
        "W2_0": 95.3308,
        "W2_A": 0.260424
    },
    "KDImagSurface": {
        "D1_0": 30.0431,
        "D1_asymm": 24.7488,
        "D2_0": 0.0284916,
        "D2_A": 0.00619535,
        "D2_A2": 4.5976,
        "D2_A3": 301.357,
        "D3_0": 18.3746,
        "r_0": 1.41127,
        "r_A": 0.0330996,
        "a_0_n": 0.525926,
        "a_A_n": -0.000593118,
        "a_0_p": 0.44536,
        "a_A_p": 0.00110925
    }
}