{
    "ECS_p": 0.196528,
    "ECS_n": 0.224035,
    "APower_p": 0.370263,
    "APower_n": 0.340996,
    "RCS_p": 0.0162548,
    "TCS_n": 0.0335045
}