{
    "KDHartreeFock": {
        "V1_0": 62.1777,
        "V1_asymm": 13.3054,
        "V1_A": 0.0415188,
        "V2_0_n": 0.00727403,
        "V2_A_n": -9.97461e-06,
        "V3_0_n": 2.94566e-05,
        "V3_A_n": -4.80077e-08,
        "V2_0_p": 0.00851306,
        "V2_A_p": 2.51982e-06,
        "V3_0_p": 3.70019e-05,
        "V3_A_p": 1.36813e-08,
        "V4_0": 6.34732e-08,
        "r_0": 1.33688,
        "r_A": 0.63602,
        "a_0": 0.730709,
        "a_A": 0.0004894
    },
    "KDCoulomb": {
        "r_C_0": 1.13106,
        "r_C_A": 1.43062,
        "r_C_A2": 23.6447
    },
    "KDRealSpinOrbit": {
        "V1_0": 6.51474,
        "V1_A": -0.00533363,
        "V2_0": 0.00532474,
        "r_0": 1.18001,
        "r_A": 0.501013,
        "a_0": 0.557044
    },
    "KDImagSpinOrbit": {
        "W1_0": -2.88954,
        "W2_0": 537.711
    },
    "KDImagVolume": {
        "W1_0_n": 20.5039,
        "W1_A_n": -0.00917992,
        "W1_0_p": 20.0837,
        "W1_A_p": -0.0159506,
        "W2_0": 100.927,
        "W2_A": -0.0764429
    },
    "KDImagSurface": {
        "D1_0": 19.7267,
        "D1_asymm": 10.1404,
        "D2_0": 0.0670286,
        "D2_A": -0.0354713,
        "D2_A2": -2.48182,
        "D2_A3": -22.0673,
        "D3_0": 16.8123,
        "r_0": 1.28023,
        "r_A": 0.00468069,
        "a_0_n": 0.591396,
        "a_A_n": -0.000179225,
        "a_0_p": 0.568118,
        "a_A_p": 0.00101065
    }
}