{
    "ECS_p": 0.314738,
    "ECS_n": 0.235283,
    "APower_p": 0.206298,
    "APower_n": 0.369061,
    "RCS_p": 0.0157787,
    "TCS_n": 0.032653
}