{
    "KDHartreeFock": {
        "V1_0": 57.6589,
        "V1_asymm": 17.7349,
        "V1_A": 0.0215116,
        "V2_0_n": 0.00554354,
        "V2_A_n": 3.32027e-06,
        "V3_0_n": -3.20859e-06,
        "V3_A_n": 9.9978e-09,
        "V2_0_p": 0.00540742,
        "V2_A_p": 8.95262e-06,
        "V3_0_p": 3.67323e-06,
        "V3_A_p": 3.61634e-08,
        "V4_0": -3.61842e-08,
        "r_0": 1.26499,
        "r_A": 0.328622,
        "a_0": 0.727843,
        "a_A": 0.000269303
    },
    "KDCoulomb": {
        "r_C_0": 1.15637,
        "r_C_A": 0.429776,
        "r_C_A2": 6.19482
    },
    "KDRealSpinOrbit": {
        "V1_0": 4.95485,
        "V1_A": 0.0188464,
        "V2_0": 0.00615892,
        "r_0": 1.2075,
        "r_A": 0.707045,
        "a_0": 0.554663
    },
    "KDImagSpinOrbit": {
        "W1_0": -4.46137,
        "W2_0": 208.018
    },
    "KDImagVolume": {
        "W1_0_n": 20.0468,
        "W1_A_n": 0.02419,
        "W1_0_p": 15.9421,
        "W1_A_p": 0.0395285,
        "W2_0": 77.1172,
        "W2_A": 0.0553517
    },
    "KDImagSurface": {
        "D1_0": 18.8121,
        "D1_asymm": 32.4766,
        "D2_0": -0.00415771,
        "D2_A": 0.0344077,
        "D2_A2": 6.59134,
        "D2_A3": 229.248,
        "D3_0": 12.5771,
        "r_0": 1.33251,
        "r_A": 0.0152812,
        "a_0_n": 0.514802,
        "a_A_n": -0.000535658,
        "a_0_p": 0.504194,
        "a_A_p": 0.00117226
    }
}