{
    "ECS_p": 0.35339,
    "ECS_n": 0.211812,
    "APower_p": 0.384061,
    "APower_n": 0.279147,
    "RCS_p": 0.0254383,
    "TCS_n": 0.0266863
}