{
    "KDHartreeFock": {
        "V1_0": 58.4574,
        "V1_asymm": 7.97011,
        "V1_A": 0.0318905,
        "V2_0_n": 0.00543006,
        "V2_A_n": -7.17334e-06,
        "V3_0_n": 7.77118e-06,
        "V3_A_n": -5.11176e-08,
        "V2_0_p": 0.00491274,
        "V2_A_p": 9.95177e-06,
        "V3_0_p": 3.19142e-06,
        "V3_A_p": 8.35054e-08,
        "V4_0": 4.73524e-09,
        "r_0": 1.2942,
        "r_A": 0.479095,
        "a_0": 0.67966,
        "a_A": -7.42126e-05
    },
    "KDCoulomb": {
        "r_C_0": 1.26938,
        "r_C_A": 0.767936,
        "r_C_A2": 18.8776
    },
    "KDRealSpinOrbit": {
        "V1_0": 5.8179,
        "V1_A": 0.00565769,
        "V2_0": 0.00683537,
        "r_0": 1.16209,
        "r_A": 0.489009,
        "a_0": 0.649575
    },
    "KDImagSpinOrbit": {
        "W1_0": -4.49398,
        "W2_0": 269.678
    },
    "KDImagVolume": {
        "W1_0_n": 22.4711,
        "W1_A_n": -0.011552,
        "W1_0_p": 13.0343,
        "W1_A_p": 0.0682852,
        "W2_0": 64.4709,
        "W2_A": 0.735284
    },
    "KDImagSurface": {
        "D1_0": 28.5527,
        "D1_asymm": 7.77971,
        "D2_0": -0.0031893,
        "D2_A": 0.0344621,
        "D2_A2": 11.4521,
        "D2_A3": 255.297,
        "D3_0": 23.1174,
        "r_0": 1.23064,
        "r_A": -0.00534428,
        "a_0_n": 0.592322,
        "a_A_n": -0.000135481,
        "a_0_p": 0.505825,
        "a_A_p": 0.00219085
    }
}