{
    "ECS_p": 0.435655,
    "ECS_n": 0.385298,
    "APower_p": 0.725418,
    "APower_n": 0.588161,
    "RCS_p": 0.0509541,
    "TCS_n": 0.0446548
}