{
    "KDHartreeFock": {
        "V1_0": 59.0748,
        "V1_asymm": 10.1932,
        "V1_A": 0.032253,
        "V2_0_n": 0.00658597,
        "V2_A_n": 6.18016e-06,
        "V3_0_n": 2.00229e-05,
        "V3_A_n": 5.73543e-08,
        "V2_0_p": 0.00596447,
        "V2_A_p": 8.90825e-06,
        "V3_0_p": 1.03225e-05,
        "V3_A_p": 3.96588e-08,
        "V4_0": 1.7343e-08,
        "r_0": 1.31822,
        "r_A": 0.570846,
        "a_0": 0.67605,
        "a_A": -0.000260618
    },
    "KDCoulomb": {
        "r_C_0": 1.35616,
        "r_C_A": 0.738813,
        "r_C_A2": 41.5002
    },
    "KDRealSpinOrbit": {
        "V1_0": 6.19451,
        "V1_A": -0.00383023,
        "V2_0": 0.00153434,
        "r_0": 1.15326,
        "r_A": 0.397205,
        "a_0": 0.622845
    },
    "KDImagSpinOrbit": {
        "W1_0": -1.11052,
        "W2_0": 583.653
    },
    "KDImagVolume": {
        "W1_0_n": 15.1094,
        "W1_A_n": 0.0534865,
        "W1_0_p": 14.216,
        "W1_A_p": 0.0839721,
        "W2_0": 128.217,
        "W2_A": 0.0808665
    },
    "KDImagSurface": {
        "D1_0": 19.2712,
        "D1_asymm": -6.98496,
        "D2_0": 0.00107611,
        "D2_A": 0.0248688,
        "D2_A2": 1.87027,
        "D2_A3": 351.207,
        "D3_0": 17.3356,
        "r_0": 1.38939,
        "r_A": 0.0264477,
        "a_0_n": 0.604262,
        "a_A_n": 0.00023335,
        "a_0_p": 0.486351,
        "a_A_p": 0.00205551
    }
}