{
    "ECS_p": 0.269645,
    "ECS_n": 0.165595,
    "APower_p": 0.470828,
    "APower_n": 0.292286,
    "RCS_p": 0.0206766,
    "TCS_n": 0.019685
}