{
    "KDHartreeFock": {
        "V1_0": 56.7043,
        "V1_asymm": 21.8256,
        "V1_A": 0.0178307,
        "V2_0_n": 0.00489086,
        "V2_A_n": 5.42798e-06,
        "V3_0_n": -1.14394e-06,
        "V3_A_n": 4.81675e-08,
        "V2_0_p": 0.00403825,
        "V2_A_p": 1.65288e-05,
        "V3_0_p": -4.4523e-06,
        "V3_A_p": 5.2076e-08,
        "V4_0": -4.16366e-08,
        "r_0": 1.29666,
        "r_A": 0.490113,
        "a_0": 0.666165,
        "a_A": -0.000148557
    },
    "KDCoulomb": {
        "r_C_0": 1.13391,
        "r_C_A": 0.693041,
        "r_C_A2": 14.935
    },
    "KDRealSpinOrbit": {
        "V1_0": 5.64758,
        "V1_A": 0.000889114,
        "V2_0": 0.00612266,
        "r_0": 1.29517,
        "r_A": 0.974937,
        "a_0": 0.558774
    },
    "KDImagSpinOrbit": {
        "W1_0": -1.71158,
        "W2_0": 213.9
    },
    "KDImagVolume": {
        "W1_0_n": 15.3932,
        "W1_A_n": 0.0336467,
        "W1_0_p": 20.1076,
        "W1_A_p": 0.0112754,
        "W2_0": 68.9409,
        "W2_A": 0.244226
    },
    "KDImagSurface": {
        "D1_0": 19.9031,
        "D1_asymm": 14.8006,
        "D2_0": 0.0279343,
        "D2_A": -0.0116118,
        "D2_A2": -0.0831651,
        "D2_A3": 241.182,
        "D3_0": 17.3451,
        "r_0": 1.40528,
        "r_A": 0.0271521,
        "a_0_n": 0.557947,
        "a_A_n": 0.000145565,
        "a_0_p": 0.481806,
        "a_A_p": 0.00106839
    }
}