{
    "ECS_p": 0.240053,
    "ECS_n": 0.192614,
    "APower_p": 0.299806,
    "APower_n": 0.11407,
    "RCS_p": 0.0112179,
    "TCS_n": 0.0215515
}