{
    "KDHartreeFock": {
        "V1_0": 56.8074,
        "V1_asymm": 19.6807,
        "V1_A": 0.00963065,
        "V2_0_n": 0.00451967,
        "V2_A_n": 2.37173e-06,
        "V3_0_n": -9.64201e-06,
        "V3_A_n": -4.77062e-09,
        "V2_0_p": 0.00529944,
        "V2_A_p": 1.73604e-05,
        "V3_0_p": 3.36563e-06,
        "V3_A_p": 7.61955e-08,
        "V4_0": -4.0126e-08,
        "r_0": 1.22571,
        "r_A": 0.139998,
        "a_0": 0.669271,
        "a_A": -0.000200327
    },
    "KDCoulomb": {
        "r_C_0": 0.940357,
        "r_C_A": 1.04049,
        "r_C_A2": 12.7271
    },
    "KDRealSpinOrbit": {
        "V1_0": 6.88746,
        "V1_A": 0.00492319,
        "V2_0": 0.00630673,
        "r_0": 1.32752,
        "r_A": 1.28897,
        "a_0": 0.611048
    },
    "KDImagSpinOrbit": {
        "W1_0": -4.09176,
        "W2_0": 171.653
    },
    "KDImagVolume": {
        "W1_0_n": 17.6324,
        "W1_A_n": 0.041987,
        "W1_0_p": 17.1876,
        "W1_A_p": 0.0220565,
        "W2_0": 84.0709,
        "W2_A": 0.143816
    },
    "KDImagSurface": {
        "D1_0": 9.53081,
        "D1_asymm": 8.48935,
        "D2_0": -0.0545052,
        "D2_A": 0.068038,
        "D2_A2": 3.98136,
        "D2_A3": 291.394,
        "D3_0": 5.52946,
        "r_0": 1.3906,
        "r_A": 0.026905,
        "a_0_n": 0.5649,
        "a_A_n": 0.000139503,
        "a_0_p": 0.518592,
        "a_A_p": 0.00141197
    }
}