{
    "ECS_p": 0.237936,
    "ECS_n": 0.178595,
    "APower_p": 0.401778,
    "APower_n": 0.26332,
    "RCS_p": 0.0054753,
    "TCS_n": 0.0312607
}