{
    "KDHartreeFock": {
        "V1_0": 62.3226,
        "V1_asymm": 25.8043,
        "V1_A": 0.0186513,
        "V2_0_n": 0.007975,
        "V2_A_n": 2.563e-06,
        "V3_0_n": 3.12726e-05,
        "V3_A_n": -3.50046e-09,
        "V2_0_p": 0.00933232,
        "V2_A_p": 2.78496e-06,
        "V3_0_p": 4.20342e-05,
        "V3_A_p": 1.42225e-08,
        "V4_0": 6.16326e-08,
        "r_0": 1.18114,
        "r_A": 0.0625622,
        "a_0": 0.62299,
        "a_A": -0.000820642
    },
    "KDCoulomb": {
        "r_C_0": 1.08883,
        "r_C_A": 0.907399,
        "r_C_A2": 3.66212
    },
    "KDRealSpinOrbit": {
        "V1_0": 6.39401,
        "V1_A": -0.00228588,
        "V2_0": 0.00561546,
        "r_0": 1.34389,
        "r_A": 1.23598,
        "a_0": 0.55691
    },
    "KDImagSpinOrbit": {
        "W1_0": -0.738241,
        "W2_0": -21.948
    },
    "KDImagVolume": {
        "W1_0_n": 18.8348,
        "W1_A_n": 0.0250012,
        "W1_0_p": 18.5079,
        "W1_A_p": 0.0451379,
        "W2_0": 84.1163,
        "W2_A": 0.34852
    },
    "KDImagSurface": {
        "D1_0": 20.3967,
        "D1_asymm": 12.5429,
        "D2_0": 0.0346607,
        "D2_A": -0.00811146,
        "D2_A2": 26.5787,
        "D2_A3": 398.995,
        "D3_0": 19.3566,
        "r_0": 1.19812,
        "r_A": -0.0141556,
        "a_0_n": 0.564182,
        "a_A_n": -0.000595068,
        "a_0_p": 0.488148,
        "a_A_p": 0.00173048
    }
}