{
    "ECS_p": 0.343424,
    "ECS_n": 0.266087,
    "APower_p": 0.799651,
    "APower_n": 0.654182,
    "RCS_p": 0.0488542,
    "TCS_n": 0.0314841
}