{
    "KDHartreeFock": {
        "V1_0": 58.1962,
        "V1_asymm": 16.6424,
        "V1_A": 0.0181009,
        "V2_0_n": 0.0053531,
        "V2_A_n": -3.01358e-06,
        "V3_0_n": 6.93247e-06,
        "V3_A_n": -3.49139e-09,
        "V2_0_p": 0.00780098,
        "V2_A_p": 8.20131e-06,
        "V3_0_p": 2.36345e-05,
        "V3_A_p": -6.96331e-09,
        "V4_0": -4.53731e-09,
        "r_0": 1.31867,
        "r_A": 0.5123,
        "a_0": 0.610887,
        "a_A": -0.000288098
    },
    "KDCoulomb": {
        "r_C_0": 1.3311,
        "r_C_A": 0.512101,
        "r_C_A2": 19.6758
    },
    "KDRealSpinOrbit": {
        "V1_0": 4.08318,
        "V1_A": 0.014936,
        "V2_0": 0.0040657,
        "r_0": 1.2175,
        "r_A": 0.779896,
        "a_0": 0.610561
    },
    "KDImagSpinOrbit": {
        "W1_0": -0.371015,
        "W2_0": 161.561
    },
    "KDImagVolume": {
        "W1_0_n": 24.6227,
        "W1_A_n": -0.0355876,
        "W1_0_p": 12.8593,
        "W1_A_p": 0.0624256,
        "W2_0": 99.3851,
        "W2_A": -0.0304519
    },
    "KDImagSurface": {
        "D1_0": 28.3327,
        "D1_asymm": 2.78659,
        "D2_0": 0.0470911,
        "D2_A": -0.0144149,
        "D2_A2": 7.63635,
        "D2_A3": 290.704,
        "D3_0": 25.0697,
        "r_0": 1.41975,
        "r_A": 0.041123,
        "a_0_n": 0.575568,
        "a_A_n": -0.000834192,
        "a_0_p": 0.551771,
        "a_A_p": 0.00214429
    }
}