{
    "ECS_p": 0.455367,
    "ECS_n": 0.307379,
    "APower_p": 0.733172,
    "APower_n": 0.753008,
    "RCS_p": 0.0319439,
    "TCS_n": 0.0386849
}