{
    "KDHartreeFock": {
        "V1_0": 62.9213,
        "V1_asymm": 8.84546,
        "V1_A": 0.0463197,
        "V2_0_n": 0.00812614,
        "V2_A_n": 6.65778e-06,
        "V3_0_n": 2.51048e-05,
        "V3_A_n": 4.765e-08,
        "V2_0_p": 0.00789096,
        "V2_A_p": -8.65914e-08,
        "V3_0_p": 2.15756e-05,
        "V3_A_p": -1.31801e-08,
        "V4_0": 1.49837e-08,
        "r_0": 1.3012,
        "r_A": 0.450564,
        "a_0": 0.66738,
        "a_A": -9.17339e-07
    },
    "KDCoulomb": {
        "r_C_0": 1.33244,
        "r_C_A": 0.52788,
        "r_C_A2": 4.20312
    },
    "KDRealSpinOrbit": {
        "V1_0": 2.80675,
        "V1_A": 0.014848,
        "V2_0": 0.0013347,
        "r_0": 1.12163,
        "r_A": 0.350873,
        "a_0": 0.577583
    },
    "KDImagSpinOrbit": {
        "W1_0": -5.98815,
        "W2_0": 379.897
    },
    "KDImagVolume": {
        "W1_0_n": 17.6996,
        "W1_A_n": 0.0652775,
        "W1_0_p": 17.0981,
        "W1_A_p": 0.0905074,
        "W2_0": 104.965,
        "W2_A": 0.437947
    },
    "KDImagSurface": {
        "D1_0": 20.8786,
        "D1_asymm": -3.17498,
        "D2_0": -0.00440717,
        "D2_A": 0.0285945,
        "D2_A2": 1.95199,
        "D2_A3": 281.173,
        "D3_0": 16.9093,
        "r_0": 1.18418,
        "r_A": -0.0120992,
        "a_0_n": 0.638094,
        "a_A_n": 0.000596021,
        "a_0_p": 0.470366,
        "a_A_p": 0.00207317
    }
}