{
    "ECS_p": 0.500672,
    "ECS_n": 0.20801,
    "APower_p": 0.924323,
    "APower_n": 1.0845,
    "RCS_p": 0.0254988,
    "TCS_n": 0.042419
}