{
    "KDHartreeFock": {
        "V1_0": 62.2565,
        "V1_asymm": 35.0698,
        "V1_A": 0.00083655,
        "V2_0_n": 0.00948113,
        "V2_A_n": 8.91713e-06,
        "V3_0_n": 4.15063e-05,
        "V3_A_n": 2.79291e-08,
        "V2_0_p": 0.0101592,
        "V2_A_p": -5.42033e-07,
        "V3_0_p": 4.4733e-05,
        "V3_A_p": 3.19191e-08,
        "V4_0": 7.29179e-08,
        "r_0": 1.16564,
        "r_A": -0.015692,
        "a_0": 0.632577,
        "a_A": -0.000368707
    },
    "KDCoulomb": {
        "r_C_0": 1.27687,
        "r_C_A": 1.01494,
        "r_C_A2": 6.62757
    },
    "KDRealSpinOrbit": {
        "V1_0": 7.52172,
        "V1_A": -0.0350267,
        "V2_0": 0.00555804,
        "r_0": 1.11907,
        "r_A": 0.368163,
        "a_0": 0.613543
    },
    "KDImagSpinOrbit": {
        "W1_0": -2.25764,
        "W2_0": 180.84
    },
    "KDImagVolume": {
        "W1_0_n": 24.4492,
        "W1_A_n": 0.0158642,
        "W1_0_p": 16.4688,
        "W1_A_p": 0.0699013,
        "W2_0": 95.4959,
        "W2_A": 0.484717
    },
    "KDImagSurface": {
        "D1_0": 19.7954,
        "D1_asymm": 23.0912,
        "D2_0": 0.0219434,
        "D2_A": 0.00271421,
        "D2_A2": 10.3691,
        "D2_A3": 449.666,
        "D3_0": 19.8575,
        "r_0": 1.2776,
        "r_A": 0.0131731,
        "a_0_n": 0.583936,
        "a_A_n": -0.000955915,
        "a_0_p": 0.506515,
        "a_A_p": 0.00205501
    }
}