{
    "ECS_p": 0.271094,
    "ECS_n": 0.208851,
    "APower_p": 0.524134,
    "APower_n": 0.284801,
    "RCS_p": 0.00837113,
    "TCS_n": 0.0275562
}