{
    "KDHartreeFock": {
        "V1_0": 58.2627,
        "V1_asymm": 18.8344,
        "V1_A": 0.0196708,
        "V2_0_n": 0.00575916,
        "V2_A_n": 5.06609e-06,
        "V3_0_n": 4.95178e-06,
        "V3_A_n": 3.94844e-08,
        "V2_0_p": 0.00578869,
        "V2_A_p": 6.32481e-06,
        "V3_0_p": 7.33552e-06,
        "V3_A_p": 4.94119e-08,
        "V4_0": -1.80563e-08,
        "r_0": 1.27416,
        "r_A": 0.445793,
        "a_0": 0.727917,
        "a_A": 7.3459e-05
    },
    "KDCoulomb": {
        "r_C_0": 1.2259,
        "r_C_A": 1.5443,
        "r_C_A2": 5.54128
    },
    "KDRealSpinOrbit": {
        "V1_0": 6.29956,
        "V1_A": -0.0108477,
        "V2_0": 0.00298832,
        "r_0": 1.06779,
        "r_A": 0.327433,
        "a_0": 0.578884
    },
    "KDImagSpinOrbit": {
        "W1_0": -3.83148,
        "W2_0": 263.313
    },
    "KDImagVolume": {
        "W1_0_n": 22.2887,
        "W1_A_n": 0.0180324,
        "W1_0_p": 29.761,
        "W1_A_p": -0.0329803,
        "W2_0": 136.047,
        "W2_A": -0.0322152
    },
    "KDImagSurface": {
        "D1_0": 14.2526,
        "D1_asymm": 19.9249,
        "D2_0": 0.00890749,
        "D2_A": 0.0104175,
        "D2_A2": 13.4704,
        "D2_A3": 372.955,
        "D3_0": 9.20453,
        "r_0": 1.34602,
        "r_A": 0.0164404,
        "a_0_n": 0.52388,
        "a_A_n": -0.00024048,
        "a_0_p": 0.45189,
        "a_A_p": 0.00164987
    }
}