{
    "ECS_p": 0.281725,
    "ECS_n": 0.189052,
    "APower_p": 0.35497,
    "APower_n": 0.225024,
    "RCS_p": 0.0226041,
    "TCS_n": 0.0174087
}