{
    "KDHartreeFock": {
        "V1_0": 60.4773,
        "V1_asymm": 15.7178,
        "V1_A": 0.0324798,
        "V2_0_n": 0.00782093,
        "V2_A_n": 5.89597e-07,
        "V3_0_n": 2.46989e-05,
        "V3_A_n": 1.16292e-09,
        "V2_0_p": 0.00976885,
        "V2_A_p": -1.12817e-05,
        "V3_0_p": 3.41465e-05,
        "V3_A_p": -7.47689e-08,
        "V4_0": 2.28288e-08,
        "r_0": 1.2862,
        "r_A": 0.351309,
        "a_0": 0.636639,
        "a_A": -0.000154142
    },
    "KDCoulomb": {
        "r_C_0": 1.32788,
        "r_C_A": -0.0958613,
        "r_C_A2": 25.4052
    },
    "KDRealSpinOrbit": {
        "V1_0": 5.45897,
        "V1_A": 0.00363311,
        "V2_0": 0.00191321,
        "r_0": 1.169,
        "r_A": 0.585944,
        "a_0": 0.62209
    },
    "KDImagSpinOrbit": {
        "W1_0": -3.47962,
        "W2_0": 184.119
    },
    "KDImagVolume": {
        "W1_0_n": 18.2461,
        "W1_A_n": -0.0449647,
        "W1_0_p": 11.7324,
        "W1_A_p": 0.0425983,
        "W2_0": 101.9,
        "W2_A": -0.101638
    },
    "KDImagSurface": {
        "D1_0": 13.0237,
        "D1_asymm": 9.1333,
        "D2_0": -0.0589097,
        "D2_A": 0.0781381,
        "D2_A2": 12.8148,
        "D2_A3": 369.095,
        "D3_0": 11.3528,
        "r_0": 1.42052,
        "r_A": 0.0371563,
        "a_0_n": 0.551673,
        "a_A_n": -0.0004689,
        "a_0_p": 0.54769,
        "a_A_p": 0.000472604
    }
}