{
    "ECS_p": 0.257908,
    "ECS_n": 0.175633,
    "APower_p": 0.371146,
    "APower_n": 0.209292,
    "RCS_p": 0.0119053,
    "TCS_n": 0.0273153
}