{
    "KDHartreeFock": {
        "V1_0": 58.9156,
        "V1_asymm": 16.8456,
        "V1_A": 0.0275927,
        "V2_0_n": 0.00662311,
        "V2_A_n": 5.61154e-06,
        "V3_0_n": 1.7253e-05,
        "V3_A_n": 2.96957e-08,
        "V2_0_p": 0.00571144,
        "V2_A_p": 7.78838e-06,
        "V3_0_p": 1.23233e-05,
        "V3_A_p": -1.09393e-08,
        "V4_0": 1.52762e-08,
        "r_0": 1.28919,
        "r_A": 0.460291,
        "a_0": 0.701136,
        "a_A": 4.96367e-05
    },
    "KDCoulomb": {
        "r_C_0": 1.12212,
        "r_C_A": 0.963955,
        "r_C_A2": 24.6162
    },
    "KDRealSpinOrbit": {
        "V1_0": 6.16379,
        "V1_A": -0.00692298,
        "V2_0": 0.00642331,
        "r_0": 1.16304,
        "r_A": 0.535958,
        "a_0": 0.583873
    },
    "KDImagSpinOrbit": {
        "W1_0": -2.96962,
        "W2_0": 243.484
    },
    "KDImagVolume": {
        "W1_0_n": 21.8522,
        "W1_A_n": -0.0227551,
        "W1_0_p": 13.6549,
        "W1_A_p": 0.0578311,
        "W2_0": 101.93,
        "W2_A": -0.0934691
    },
    "KDImagSurface": {
        "D1_0": 26.0611,
        "D1_asymm": 34.6783,
        "D2_0": 0.0493199,
        "D2_A": -0.0148409,
        "D2_A2": -6.86067,
        "D2_A3": -53.5987,
        "D3_0": 17.2825,
        "r_0": 1.3879,
        "r_A": 0.0210856,
        "a_0_n": 0.458547,
        "a_A_n": -0.000772913,
        "a_0_p": 0.517267,
        "a_A_p": 0.000837094
    }
}