{
    "ECS_p": 0.490906,
    "ECS_n": 0.23397,
    "APower_p": 0.839076,
    "APower_n": 0.734064,
    "RCS_p": 0.034375,
    "TCS_n": 0.0418803
}