{
    "KDHartreeFock": {
        "V1_0": 62.6299,
        "V1_asymm": 13.955,
        "V1_A": 0.0356097,
        "V2_0_n": 0.006871,
        "V2_A_n": 1.29689e-05,
        "V3_0_n": 8.08664e-06,
        "V3_A_n": 4.84576e-08,
        "V2_0_p": 0.00456735,
        "V2_A_p": 9.10489e-06,
        "V3_0_p": 1.62343e-06,
        "V3_A_p": 1.01415e-07,
        "V4_0": -1.21986e-08,
        "r_0": 1.21851,
        "r_A": 0.276532,
        "a_0": 0.735112,
        "a_A": -0.000206277
    },
    "KDCoulomb": {
        "r_C_0": 1.2281,
        "r_C_A": -0.18961,
        "r_C_A2": 15.7842
    },
    "KDRealSpinOrbit": {
        "V1_0": 8.22711,
        "V1_A": -0.00284518,
        "V2_0": 0.0163725,
        "r_0": 1.1009,
        "r_A": 0.150041,
        "a_0": 0.483674
    },
    "KDImagSpinOrbit": {
        "W1_0": -3.14407,
        "W2_0": 162.399
    },
    "KDImagVolume": {
        "W1_0_n": 26.9146,
        "W1_A_n": 0.0185757,
        "W1_0_p": 19.1315,
        "W1_A_p": 0.0759199,
        "W2_0": 136.924,
        "W2_A": 0.0820055
    },
    "KDImagSurface": {
        "D1_0": 29.2121,
        "D1_asymm": 17.1111,
        "D2_0": 0.0257267,
        "D2_A": 0.00345461,
        "D2_A2": 1.13232,
        "D2_A3": 391.341,
        "D3_0": 20.8124,
        "r_0": 1.15599,
        "r_A": -0.0256164,
        "a_0_n": 0.550768,
        "a_A_n": 0.000173186,
        "a_0_p": 0.500884,
        "a_A_p": 0.000405012
    }
}