{
    "ECS_p": 0.268548,
    "ECS_n": 0.174438,
    "APower_p": 0.440502,
    "APower_n": 0.193527,
    "RCS_p": 0.0222428,
    "TCS_n": 0.0278359
}