{
    "KDHartreeFock": {
        "V1_0": 58.9638,
        "V1_asymm": 5.56407,
        "V1_A": 0.0374799,
        "V2_0_n": 0.00534408,
        "V2_A_n": -1.33371e-06,
        "V3_0_n": 8.23065e-06,
        "V3_A_n": 3.63796e-09,
        "V2_0_p": 0.00681795,
        "V2_A_p": -3.4689e-06,
        "V3_0_p": 1.56789e-05,
        "V3_A_p": -2.62039e-08,
        "V4_0": 3.21856e-10,
        "r_0": 1.26025,
        "r_A": 0.349627,
        "a_0": 0.660199,
        "a_A": -0.000444703
    },
    "KDCoulomb": {
        "r_C_0": 1.20706,
        "r_C_A": 1.16757,
        "r_C_A2": 23.259
    },
    "KDRealSpinOrbit": {
        "V1_0": 6.34433,
        "V1_A": 0.0107342,
        "V2_0": 0.0117569,
        "r_0": 1.21213,
        "r_A": 0.520758,
        "a_0": 0.514593
    },
    "KDImagSpinOrbit": {
        "W1_0": -9.26585,
        "W2_0": 459.627
    },
    "KDImagVolume": {
        "W1_0_n": 28.8,
        "W1_A_n": -0.0375458,
        "W1_0_p": 22.3024,
        "W1_A_p": 0.0658573,
        "W2_0": 157.055,
        "W2_A": -0.182857
    },
    "KDImagSurface": {
        "D1_0": 29.0986,
        "D1_asymm": -2.88531,
        "D2_0": -0.0619563,
        "D2_A": 0.0974424,
        "D2_A2": 7.65571,
        "D2_A3": 328.484,
        "D3_0": 23.7875,
        "r_0": 1.29037,
        "r_A": 0.00119673,
        "a_0_n": 0.577854,
        "a_A_n": -0.000266869,
        "a_0_p": 0.51333,
        "a_A_p": 0.00204294
    }
}