{
    "ECS_p": 0.330291,
    "ECS_n": 0.246708,
    "APower_p": 0.36423,
    "APower_n": 0.266808,
    "RCS_p": 0.0171384,
    "TCS_n": 0.0305795
}