{
    "KDHartreeFock": {
        "V1_0": 57.9648,
        "V1_asymm": 14.8608,
        "V1_A": 0.026073,
        "V2_0_n": 0.00452224,
        "V2_A_n": 4.13926e-06,
        "V3_0_n": -9.14352e-06,
        "V3_A_n": 2.01983e-08,
        "V2_0_p": 0.00548146,
        "V2_A_p": 2.5996e-06,
        "V3_0_p": 4.09645e-07,
        "V3_A_p": 2.45145e-08,
        "V4_0": -4.92559e-08,
        "r_0": 1.24538,
        "r_A": 0.328347,
        "a_0": 0.716397,
        "a_A": 0.000103965
    },
    "KDCoulomb": {
        "r_C_0": 1.42548,
        "r_C_A": -0.353857,
        "r_C_A2": -3.03859
    },
    "KDRealSpinOrbit": {
        "V1_0": 5.33371,
        "V1_A": 0.018644,
        "V2_0": 0.0107354,
        "r_0": 1.22445,
        "r_A": 0.681153,
        "a_0": 0.575223
    },
    "KDImagSpinOrbit": {
        "W1_0": -6.88617,
        "W2_0": 242.502
    },
    "KDImagVolume": {
        "W1_0_n": 25.4309,
        "W1_A_n": 0.0815972,
        "W1_0_p": 24.4347,
        "W1_A_p": 0.0756967,
        "W2_0": 112.14,
        "W2_A": 0.443975
    },
    "KDImagSurface": {
        "D1_0": 17.2102,
        "D1_asymm": 29.8196,
        "D2_0": 0.102426,
        "D2_A": -0.0773902,
        "D2_A2": -8.69494,
        "D2_A3": -212.631,
        "D3_0": 12.2034,
        "r_0": 1.36517,
        "r_A": 0.0257796,
        "a_0_n": 0.47333,
        "a_A_n": -0.00135253,
        "a_0_p": 0.502557,
        "a_A_p": 0.00208793
    }
}