{
    "ECS_p": 0.287958,
    "ECS_n": 0.197335,
    "APower_p": 0.474863,
    "APower_n": 0.286666,
    "RCS_p": 0.0229702,
    "TCS_n": 0.0247525
}