{
    "KDHartreeFock": {
        "V1_0": 57.6559,
        "V1_asymm": 7.56774,
        "V1_A": 0.0358216,
        "V2_0_n": 0.00639207,
        "V2_A_n": 1.5932e-05,
        "V3_0_n": 1.01397e-05,
        "V3_A_n": 1.02914e-07,
        "V2_0_p": 0.00590934,
        "V2_A_p": -1.33408e-05,
        "V3_0_p": 8.59407e-06,
        "V3_A_p": -8.5395e-08,
        "V4_0": -2.36114e-08,
        "r_0": 1.25029,
        "r_A": 0.228791,
        "a_0": 0.679612,
        "a_A": 3.7925e-05
    },
    "KDCoulomb": {
        "r_C_0": 0.939402,
        "r_C_A": 1.65833,
        "r_C_A2": 20.2791
    },
    "KDRealSpinOrbit": {
        "V1_0": 7.71665,
        "V1_A": -0.0117662,
        "V2_0": 0.0105365,
        "r_0": 1.22148,
        "r_A": 0.774903,
        "a_0": 0.582633
    },
    "KDImagSpinOrbit": {
        "W1_0": -8.90299,
        "W2_0": 261.832
    },
    "KDImagVolume": {
        "W1_0_n": 12.5147,
        "W1_A_n": 0.0797359,
        "W1_0_p": 10.3991,
        "W1_A_p": 0.117098,
        "W2_0": 43.6892,
        "W2_A": 0.331455
    },
    "KDImagSurface": {
        "D1_0": 27.1636,
        "D1_asymm": 7.33048,
        "D2_0": 0.0293904,
        "D2_A": 0.00834461,
        "D2_A2": 8.95426,
        "D2_A3": 200.588,
        "D3_0": 17.5959,
        "r_0": 1.4061,
        "r_A": 0.0305547,
        "a_0_n": 0.526755,
        "a_A_n": 0.000271978,
        "a_0_p": 0.519381,
        "a_A_p": 0.00164176
    }
}