{
    "ECS_p": 0.411594,
    "ECS_n": 0.435677,
    "APower_p": 0.592567,
    "APower_n": 0.561778,
    "RCS_p": 0.0526514,
    "TCS_n": 0.0470888
}