{
    "KDHartreeFock": {
        "V1_0": 60.0587,
        "V1_asymm": 13.3589,
        "V1_A": 0.0198965,
        "V2_0_n": 0.0049184,
        "V2_A_n": -1.06421e-05,
        "V3_0_n": 1.47374e-06,
        "V3_A_n": -4.34163e-08,
        "V2_0_p": 0.00629604,
        "V2_A_p": -9.99779e-06,
        "V3_0_p": 8.43524e-06,
        "V3_A_p": -6.46816e-08,
        "V4_0": -1.72769e-08,
        "r_0": 1.19702,
        "r_A": 0.201057,
        "a_0": 0.667889,
        "a_A": -0.000566335
    },
    "KDCoulomb": {
        "r_C_0": 1.25854,
        "r_C_A": 0.188249,
        "r_C_A2": 19.8563
    },
    "KDRealSpinOrbit": {
        "V1_0": 4.09452,
        "V1_A": -0.00542777,
        "V2_0": -0.000973529,
        "r_0": 1.0472,
        "r_A": 0.315754,
        "a_0": 0.661558
    },
    "KDImagSpinOrbit": {
        "W1_0": -3.21704,
        "W2_0": 139.653
    },
    "KDImagVolume": {
        "W1_0_n": 18.0027,
        "W1_A_n": 0.00908774,
        "W1_0_p": 18.8183,
        "W1_A_p": 0.0867383,
        "W2_0": 115.029,
        "W2_A": -0.169062
    },
    "KDImagSurface": {
        "D1_0": 17.1432,
        "D1_asymm": 22.2922,
        "D2_0": -0.0137761,
        "D2_A": 0.038203,
        "D2_A2": 13.3304,
        "D2_A3": 268.412,
        "D3_0": 14.2269,
        "r_0": 1.38888,
        "r_A": 0.0258895,
        "a_0_n": 0.534303,
        "a_A_n": -0.00109209,
        "a_0_p": 0.533516,
        "a_A_p": 0.000612186
    }
}