{
    "ECS_p": 0.288284,
    "ECS_n": 0.263626,
    "APower_p": 0.775472,
    "APower_n": 0.638814,
    "RCS_p": 0.00748663,
    "TCS_n": 0.0598332
}