{
    "KDHartreeFock": {
        "V1_0": 58.7838,
        "V1_asymm": 8.13028,
        "V1_A": 0.0311237,
        "V2_0_n": 0.00792195,
        "V2_A_n": 8.94099e-06,
        "V3_0_n": 1.98442e-05,
        "V3_A_n": 3.36824e-08,
        "V2_0_p": 0.00802036,
        "V2_A_p": -8.00767e-06,
        "V3_0_p": 2.21278e-05,
        "V3_A_p": -8.0192e-09,
        "V4_0": 7.43434e-09,
        "r_0": 1.28304,
        "r_A": 0.326606,
        "a_0": 0.684375,
        "a_A": 7.35359e-05
    },
    "KDCoulomb": {
        "r_C_0": 1.33926,
        "r_C_A": 1.35493,
        "r_C_A2": -5.69831
    },
    "KDRealSpinOrbit": {
        "V1_0": 6.66138,
        "V1_A": -0.00579405,
        "V2_0": 0.0073647,
        "r_0": 0.957028,
        "r_A": -0.477042,
        "a_0": 0.555566
    },
    "KDImagSpinOrbit": {
        "W1_0": -5.79333,
        "W2_0": 295.528
    },
    "KDImagVolume": {
        "W1_0_n": 16.9746,
        "W1_A_n": 0.0360772,
        "W1_0_p": 15.7905,
        "W1_A_p": 0.0133231,
        "W2_0": 78.7733,
        "W2_A": 0.0546484
    },
    "KDImagSurface": {
        "D1_0": 15.168,
        "D1_asymm": 18.0142,
        "D2_0": -0.0224029,
        "D2_A": 0.0461801,
        "D2_A2": 10.2545,
        "D2_A3": 265.654,
        "D3_0": 11.3596,
        "r_0": 1.38707,
        "r_A": 0.0296095,
        "a_0_n": 0.556517,
        "a_A_n": -0.000584755,
        "a_0_p": 0.437425,
        "a_A_p": 0.00202024
    }
}