{
    "ECS_p": 0.472242,
    "ECS_n": 0.243443,
    "APower_p": 0.826038,
    "APower_n": 0.622413,
    "RCS_p": 0.0259855,
    "TCS_n": 0.019841
}