{
    "KDHartreeFock": {
        "V1_0": 61.9557,
        "V1_asymm": 15.8065,
        "V1_A": 0.0472983,
        "V2_0_n": 0.00557908,
        "V2_A_n": 6.10225e-06,
        "V3_0_n": 2.17932e-07,
        "V3_A_n": 3.82554e-08,
        "V2_0_p": 0.00544957,
        "V2_A_p": -1.50232e-06,
        "V3_0_p": -1.77029e-06,
        "V3_A_p": 2.98036e-08,
        "V4_0": -4.0643e-08,
        "r_0": 1.28638,
        "r_A": 0.514919,
        "a_0": 0.674643,
        "a_A": -0.000397184
    },
    "KDCoulomb": {
        "r_C_0": 1.3496,
        "r_C_A": 0.216072,
        "r_C_A2": -6.49138
    },
    "KDRealSpinOrbit": {
        "V1_0": 7.75476,
        "V1_A": -0.00884498,
        "V2_0": 0.00801565,
        "r_0": 1.17059,
        "r_A": 0.449945,
        "a_0": 0.541233
    },
    "KDImagSpinOrbit": {
        "W1_0": -6.66681,
        "W2_0": 419.745
    },
    "KDImagVolume": {
        "W1_0_n": 19.4939,
        "W1_A_n": -0.00285229,
        "W1_0_p": 15.2703,
        "W1_A_p": 0.0143631,
        "W2_0": 71.3362,
        "W2_A": -0.0136868
    },
    "KDImagSurface": {
        "D1_0": 16.6948,
        "D1_asymm": 1.14606,
        "D2_0": 0.0197472,
        "D2_A": 0.00449195,
        "D2_A2": 0.476651,
        "D2_A3": 342.398,
        "D3_0": 17.5355,
        "r_0": 1.37867,
        "r_A": 0.0232143,
        "a_0_n": 0.544914,
        "a_A_n": 0.000118879,
        "a_0_p": 0.50988,
        "a_A_p": 0.000754978
    }
}