{
    "ECS_p": 0.391849,
    "ECS_n": 0.583016,
    "APower_p": 0.824761,
    "APower_n": 0.749627,
    "RCS_p": 0.0363291,
    "TCS_n": 0.0402145
}