{
    "KDHartreeFock": {
        "V1_0": 64.6856,
        "V1_asymm": 11.0178,
        "V1_A": 0.0617105,
        "V2_0_n": 0.00626664,
        "V2_A_n": 6.80236e-06,
        "V3_0_n": 1.41621e-05,
        "V3_A_n": 5.71902e-08,
        "V2_0_p": 0.00393841,
        "V2_A_p": 1.13548e-05,
        "V3_0_p": -4.86129e-06,
        "V3_A_p": 9.16207e-08,
        "V4_0": -7.58713e-09,
        "r_0": 1.32882,
        "r_A": 0.799131,
        "a_0": 0.7178,
        "a_A": -0.000456149
    },
    "KDCoulomb": {
        "r_C_0": 1.22662,
        "r_C_A": 0.476755,
        "r_C_A2": -0.761546
    },
    "KDRealSpinOrbit": {
        "V1_0": 6.19118,
        "V1_A": 0.0140424,
        "V2_0": 0.00754903,
        "r_0": 1.23518,
        "r_A": 0.606903,
        "a_0": 0.588497
    },
    "KDImagSpinOrbit": {
        "W1_0": -4.16883,
        "W2_0": 268.868
    },
    "KDImagVolume": {
        "W1_0_n": 20.1388,
        "W1_A_n": 0.0127104,
        "W1_0_p": 28.45,
        "W1_A_p": -0.00479535,
        "W2_0": 162.448,
        "W2_A": -0.0409686
    },
    "KDImagSurface": {
        "D1_0": 21.1211,
        "D1_asymm": -18.8404,
        "D2_0": 0.0187915,
        "D2_A": 0.0046289,
        "D2_A2": -0.488468,
        "D2_A3": -3.98784,
        "D3_0": 18.7706,
        "r_0": 1.31638,
        "r_A": 0.0144589,
        "a_0_n": 0.571569,
        "a_A_n": -0.000181926,
        "a_0_p": 0.505046,
        "a_A_p": 0.0015873
    }
}