{
    "ECS_p": 0.358591,
    "ECS_n": 0.197811,
    "APower_p": 0.365393,
    "APower_n": 0.308764,
    "RCS_p": 0.0244899,
    "TCS_n": 0.0347701
}