{
    "KDHartreeFock": {
        "V1_0": 59.7757,
        "V1_asymm": 14.1257,
        "V1_A": 0.023444,
        "V2_0_n": 0.00681639,
        "V2_A_n": -1.00007e-06,
        "V3_0_n": 1.96037e-05,
        "V3_A_n": 3.35336e-09,
        "V2_0_p": 0.0066458,
        "V2_A_p": 5.15029e-06,
        "V3_0_p": 1.78544e-05,
        "V3_A_p": 3.20935e-08,
        "V4_0": 1.91934e-08,
        "r_0": 1.25352,
        "r_A": 0.338777,
        "a_0": 0.725813,
        "a_A": 0.00022564
    },
    "KDCoulomb": {
        "r_C_0": 1.09411,
        "r_C_A": 0.0953753,
        "r_C_A2": -20.0618
    },
    "KDRealSpinOrbit": {
        "V1_0": 6.77854,
        "V1_A": -0.0142301,
        "V2_0": 0.00133683,
        "r_0": 1.07722,
        "r_A": 0.358794,
        "a_0": 0.657647
    },
    "KDImagSpinOrbit": {
        "W1_0": -0.35709,
        "W2_0": 286.963
    },
    "KDImagVolume": {
        "W1_0_n": 18.7301,
        "W1_A_n": 0.0487523,
        "W1_0_p": 18.6607,
        "W1_A_p": 0.130826,
        "W2_0": 107.348,
        "W2_A": 0.528825
    },
    "KDImagSurface": {
        "D1_0": 17.6367,
        "D1_asymm": 18.3163,
        "D2_0": 0.0304272,
        "D2_A": -0.00425279,
        "D2_A2": 2.34898,
        "D2_A3": 358.041,
        "D3_0": 14.6357,
        "r_0": 1.28305,
        "r_A": 0.00855358,
        "a_0_n": 0.541517,
        "a_A_n": -0.000758665,
        "a_0_p": 0.533512,
        "a_A_p": 0.00221504
    }
}