{
    "ECS_p": 0.364365,
    "ECS_n": 0.23828,
    "APower_p": 0.765311,
    "APower_n": 0.62293,
    "RCS_p": 0.0118348,
    "TCS_n": 0.0432603
}