{
    "KDHartreeFock": {
        "V1_0": 60.9302,
        "V1_asymm": 16.294,
        "V1_A": 0.0344806,
        "V2_0_n": 0.00514225,
        "V2_A_n": -9.15663e-06,
        "V3_0_n": 9.43648e-07,
        "V3_A_n": -7.58418e-10,
        "V2_0_p": 0.00683317,
        "V2_A_p": 8.03617e-06,
        "V3_0_p": 2.59797e-06,
        "V3_A_p": 6.40646e-08,
        "V4_0": -2.51512e-08,
        "r_0": 1.32323,
        "r_A": 0.620265,
        "a_0": 0.683333,
        "a_A": -0.000154675
    },
    "KDCoulomb": {
        "r_C_0": 1.02523,
        "r_C_A": 0.827428,
        "r_C_A2": 21.2902
    },
    "KDRealSpinOrbit": {
        "V1_0": 3.47928,
        "V1_A": 0.0237986,
        "V2_0": 0.000672341,
        "r_0": 1.20537,
        "r_A": 0.678209,
        "a_0": 0.581701
    },
    "KDImagSpinOrbit": {
        "W1_0": -5.04684,
        "W2_0": 242.573
    },
    "KDImagVolume": {
        "W1_0_n": 28.7769,
        "W1_A_n": -0.0743895,
        "W1_0_p": 26.7348,
        "W1_A_p": -0.0490878,
        "W2_0": 110.929,
        "W2_A": -0.224627
    },
    "KDImagSurface": {
        "D1_0": 23.8468,
        "D1_asymm": 30.4178,
        "D2_0": -0.0221363,
        "D2_A": 0.0548957,
        "D2_A2": 6.60798,
        "D2_A3": 237.502,
        "D3_0": 16.1023,
        "r_0": 1.36602,
        "r_A": 0.0132873,
        "a_0_n": 0.614587,
        "a_A_n": 0.000579504,
        "a_0_p": 0.469964,
        "a_A_p": 0.000726926
    }
}