{
    "ECS_p": 0.448192,
    "ECS_n": 0.255378,
    "APower_p": 0.820993,
    "APower_n": 0.583698,
    "RCS_p": 0.0227711,
    "TCS_n": 0.0459955
}