{
    "KDHartreeFock": {
        "V1_0": 58.5373,
        "V1_asymm": 22.9765,
        "V1_A": 0.00390926,
        "V2_0_n": 0.00665315,
        "V2_A_n": -1.04154e-06,
        "V3_0_n": 1.56028e-05,
        "V3_A_n": 1.02567e-08,
        "V2_0_p": 0.00941478,
        "V2_A_p": -1.40247e-05,
        "V3_0_p": 3.48622e-05,
        "V3_A_p": -8.64945e-08,
        "V4_0": 1.06325e-08,
        "r_0": 1.15552,
        "r_A": -0.126788,
        "a_0": 0.711443,
        "a_A": -0.000218995
    },
    "KDCoulomb": {
        "r_C_0": 1.12502,
        "r_C_A": -0.193358,
        "r_C_A2": 6.49437
    },
    "KDRealSpinOrbit": {
        "V1_0": 6.60478,
        "V1_A": 0.00804356,
        "V2_0": 0.0109309,
        "r_0": 1.16384,
        "r_A": 0.342886,
        "a_0": 0.501314
    },
    "KDImagSpinOrbit": {
        "W1_0": -1.97092,
        "W2_0": -96.8153
    },
    "KDImagVolume": {
        "W1_0_n": 22.1163,
        "W1_A_n": 0.0261627,
        "W1_0_p": 17.7235,
        "W1_A_p": 0.0431707,
        "W2_0": 157.659,
        "W2_A": -0.378528
    },
    "KDImagSurface": {
        "D1_0": 19.2752,
        "D1_asymm": 15.9984,
        "D2_0": 0.0479218,
        "D2_A": -0.021838,
        "D2_A2": 9.03513,
        "D2_A3": 269.026,
        "D3_0": 12.5028,
        "r_0": 1.36129,
        "r_A": 0.00988955,
        "a_0_n": 0.504996,
        "a_A_n": 0.000306613,
        "a_0_p": 0.450494,
        "a_A_p": 0.000433169
    }
}