{
    "ECS_p": 0.344397,
    "ECS_n": 0.188413,
    "APower_p": 0.223117,
    "APower_n": 0.19618,
    "RCS_p": 0.00408693,
    "TCS_n": 0.0281153
}