{
    "KDHartreeFock": {
        "V1_0": 55.4022,
        "V1_asymm": 15.8929,
        "V1_A": 0.00413115,
        "V2_0_n": 0.00607277,
        "V2_A_n": -2.55316e-06,
        "V3_0_n": 7.49014e-06,
        "V3_A_n": 2.94544e-09,
        "V2_0_p": 0.00719408,
        "V2_A_p": 3.18848e-06,
        "V3_0_p": 1.15885e-05,
        "V3_A_p": 1.04715e-08,
        "V4_0": -1.39249e-08,
        "r_0": 1.26793,
        "r_A": 0.255456,
        "a_0": 0.676942,
        "a_A": 8.23569e-05
    },
    "KDCoulomb": {
        "r_C_0": 1.18251,
        "r_C_A": 0.150514,
        "r_C_A2": 13.493
    },
    "KDRealSpinOrbit": {
        "V1_0": 5.29294,
        "V1_A": 0.00395834,
        "V2_0": 0.00129943,
        "r_0": 1.24915,
        "r_A": 0.878458,
        "a_0": 0.664068
    },
    "KDImagSpinOrbit": {
        "W1_0": -5.11947,
        "W2_0": 397.795
    },
    "KDImagVolume": {
        "W1_0_n": 14.8769,
        "W1_A_n": 0.0178403,
        "W1_0_p": 16.3586,
        "W1_A_p": -0.010925,
        "W2_0": 71.3736,
        "W2_A": -0.04428
    },
    "KDImagSurface": {
        "D1_0": 13.0036,
        "D1_asymm": 15.9484,
        "D2_0": 0.0242556,
        "D2_A": 0.00106434,
        "D2_A2": 3.38477,
        "D2_A3": 192.216,
        "D3_0": 9.2327,
        "r_0": 1.47293,
        "r_A": 0.0406489,
        "a_0_n": 0.562384,
        "a_A_n": 0.000107647,
        "a_0_p": 0.480446,
        "a_A_p": 0.0013207
    }
}