{
    "ECS_p": 0.26871,
    "ECS_n": 0.200291,
    "APower_p": 0.301988,
    "APower_n": 0.247736,
    "RCS_p": 0.0262917,
    "TCS_n": 0.027721
}