{
    "KDHartreeFock": {
        "V1_0": 59.141,
        "V1_asymm": 18.7521,
        "V1_A": 0.0240931,
        "V2_0_n": 0.00530269,
        "V2_A_n": 9.71223e-07,
        "V3_0_n": -9.21898e-07,
        "V3_A_n": -8.63997e-09,
        "V2_0_p": 0.0046434,
        "V2_A_p": 1.40588e-05,
        "V3_0_p": 2.04318e-06,
        "V3_A_p": 3.82828e-08,
        "V4_0": -2.33962e-08,
        "r_0": 1.28562,
        "r_A": 0.491911,
        "a_0": 0.669981,
        "a_A": -0.0004329
    },
    "KDCoulomb": {
        "r_C_0": 1.23289,
        "r_C_A": 0.899979,
        "r_C_A2": 0.416933
    },
    "KDRealSpinOrbit": {
        "V1_0": 6.09783,
        "V1_A": 0.000824368,
        "V2_0": 0.00289603,
        "r_0": 1.23601,
        "r_A": 0.934323,
        "a_0": 0.635561
    },
    "KDImagSpinOrbit": {
        "W1_0": -6.62898,
        "W2_0": 290.026
    },
    "KDImagVolume": {
        "W1_0_n": 24.8886,
        "W1_A_n": -0.033687,
        "W1_0_p": 24.1336,
        "W1_A_p": 0.00559121,
        "W2_0": 113.537,
        "W2_A": -0.0364582
    },
    "KDImagSurface": {
        "D1_0": 11.4181,
        "D1_asymm": 2.66578,
        "D2_0": -0.025081,
        "D2_A": 0.0386786,
        "D2_A2": 1.22145,
        "D2_A3": 492.188,
        "D3_0": 8.35924,
        "r_0": 1.44037,
        "r_A": 0.0437769,
        "a_0_n": 0.52938,
        "a_A_n": -0.000106156,
        "a_0_p": 0.536128,
        "a_A_p": 0.000891264
    }
}