{
    "ECS_p": 0.311102,
    "ECS_n": 0.209844,
    "APower_p": 0.513507,
    "APower_n": 0.14217,
    "RCS_p": 0.0247249,
    "TCS_n": 0.0175001
}