{
    "KDHartreeFock": {
        "V1_0": 57.9836,
        "V1_asymm": 16.9743,
        "V1_A": 0.0218088,
        "V2_0_n": 0.0065621,
        "V2_A_n": 5.63982e-06,
        "V3_0_n": 8.81075e-06,
        "V3_A_n": 2.50769e-08,
        "V2_0_p": 0.00832554,
        "V2_A_p": -9.67198e-06,
        "V3_0_p": 1.88871e-05,
        "V3_A_p": -4.5081e-08,
        "V4_0": -1.90913e-08,
        "r_0": 1.24636,
        "r_A": 0.178939,
        "a_0": 0.645945,
        "a_A": -0.000118256
    },
    "KDCoulomb": {
        "r_C_0": 1.30199,
        "r_C_A": 0.0930281,
        "r_C_A2": 10.1721
    },
    "KDRealSpinOrbit": {
        "V1_0": 6.61442,
        "V1_A": 0.004081,
        "V2_0": 0.00804644,
        "r_0": 1.18718,
        "r_A": 0.463156,
        "a_0": 0.611769
    },
    "KDImagSpinOrbit": {
        "W1_0": -6.95274,
        "W2_0": 271.58
    },
    "KDImagVolume": {
        "W1_0_n": 18.0193,
        "W1_A_n": 0.0175079,
        "W1_0_p": 7.29055,
        "W1_A_p": 0.102893,
        "W2_0": 52.7733,
        "W2_A": 0.453671
    },
    "KDImagSurface": {
        "D1_0": 14.8703,
        "D1_asymm": 12.5443,
        "D2_0": 0.038743,
        "D2_A": -0.0132424,
        "D2_A2": 1.6272,
        "D2_A3": 272.937,
        "D3_0": 12.5571,
        "r_0": 1.41248,
        "r_A": 0.035411,
        "a_0_n": 0.554627,
        "a_A_n": -0.000619117,
        "a_0_p": 0.457251,
        "a_A_p": 0.0024285
    }
}