{
    "ECS_p": 0.281233,
    "ECS_n": 0.232137,
    "APower_p": 0.310553,
    "APower_n": 0.132808,
    "RCS_p": 0.0212254,
    "TCS_n": 0.0375018
}