{
    "KDHartreeFock": {
        "V1_0": 57.9613,
        "V1_asymm": 16.1623,
        "V1_A": 0.0116066,
        "V2_0_n": 0.0063112,
        "V2_A_n": -4.2855e-06,
        "V3_0_n": 1.21943e-05,
        "V3_A_n": -1.9139e-08,
        "V2_0_p": 0.00714522,
        "V2_A_p": 2.44247e-06,
        "V3_0_p": 2.30875e-05,
        "V3_A_p": -5.76637e-10,
        "V4_0": 1.05598e-08,
        "r_0": 1.20337,
        "r_A": 0.0508359,
        "a_0": 0.673659,
        "a_A": 2.65541e-05
    },
    "KDCoulomb": {
        "r_C_0": 1.18849,
        "r_C_A": -0.29527,
        "r_C_A2": -13.3766
    },
    "KDRealSpinOrbit": {
        "V1_0": 6.56166,
        "V1_A": 0.00205512,
        "V2_0": 0.00565982,
        "r_0": 1.2721,
        "r_A": 1.14077,
        "a_0": 0.578572
    },
    "KDImagSpinOrbit": {
        "W1_0": -4.87543,
        "W2_0": 178.393
    },
    "KDImagVolume": {
        "W1_0_n": 22.9986,
        "W1_A_n": 0.00560709,
        "W1_0_p": 23.0813,
        "W1_A_p": 0.0478557,
        "W2_0": 110.289,
        "W2_A": 0.0195538
    },
    "KDImagSurface": {
        "D1_0": 12.8237,
        "D1_asymm": 11.8881,
        "D2_0": -0.0258646,
        "D2_A": 0.0456876,
        "D2_A2": 11.5107,
        "D2_A3": 267.085,
        "D3_0": 9.77475,
        "r_0": 1.26774,
        "r_A": 0.00177997,
        "a_0_n": 0.597672,
        "a_A_n": 0.00017853,
        "a_0_p": 0.521675,
        "a_A_p": 0.00111492
    }
}