{
    "ECS_p": 0.218913,
    "ECS_n": 0.188443,
    "APower_p": 0.504554,
    "APower_n": 0.148666,
    "RCS_p": 0.0112835,
    "TCS_n": 0.0275316
}