{
    "KDHartreeFock": {
        "V1_0": 58.9897,
        "V1_asymm": 16.2168,
        "V1_A": 0.0208968,
        "V2_0_n": 0.00594879,
        "V2_A_n": 5.22861e-06,
        "V3_0_n": 6.61155e-06,
        "V3_A_n": 1.44758e-08,
        "V2_0_p": 0.00665563,
        "V2_A_p": -5.06448e-06,
        "V3_0_p": 1.21452e-05,
        "V3_A_p": -2.82728e-08,
        "V4_0": -8.01832e-09,
        "r_0": 1.26725,
        "r_A": 0.413837,
        "a_0": 0.667432,
        "a_A": -0.000244301
    },
    "KDCoulomb": {
        "r_C_0": 1.05399,
        "r_C_A": 1.39078,
        "r_C_A2": 18.9587
    },
    "KDRealSpinOrbit": {
        "V1_0": 6.3303,
        "V1_A": -0.00628715,
        "V2_0": 0.00251802,
        "r_0": 1.11112,
        "r_A": 0.392725,
        "a_0": 0.641406
    },
    "KDImagSpinOrbit": {
        "W1_0": -2.79977,
        "W2_0": 240.664
    },
    "KDImagVolume": {
        "W1_0_n": 24.7194,
        "W1_A_n": 0.0163837,
        "W1_0_p": 16.2656,
        "W1_A_p": 0.151718,
        "W2_0": 127.905,
        "W2_A": 0.357289
    },
    "KDImagSurface": {
        "D1_0": 15.4181,
        "D1_asymm": 22.0808,
        "D2_0": 0.0178028,
        "D2_A": 0.00375256,
        "D2_A2": 19.1602,
        "D2_A3": 27.8604,
        "D3_0": 13.8223,
        "r_0": 1.53283,
        "r_A": 0.0556582,
        "a_0_n": 0.496579,
        "a_A_n": -0.00132306,
        "a_0_p": 0.44957,
        "a_A_p": 0.00111693
    }
}