{
    "ECS_p": 0.346343,
    "ECS_n": 0.286204,
    "APower_p": 0.902062,
    "APower_n": 0.697436,
    "RCS_p": 0.0335767,
    "TCS_n": 0.0483988
}