{
    "KDHartreeFock": {
        "V1_0": 58.7883,
        "V1_asymm": 18.3406,
        "V1_A": 0.0292903,
        "V2_0_n": 0.00487762,
        "V2_A_n": 2.62401e-07,
        "V3_0_n": -3.2878e-07,
        "V3_A_n": 2.15738e-08,
        "V2_0_p": 0.00614686,
        "V2_A_p": -4.80823e-07,
        "V3_0_p": 4.56662e-06,
        "V3_A_p": 3.25265e-08,
        "V4_0": -1.81346e-08,
        "r_0": 1.2992,
        "r_A": 0.489113,
        "a_0": 0.680378,
        "a_A": -0.000322861
    },
    "KDCoulomb": {
        "r_C_0": 1.04987,
        "r_C_A": 3.14172,
        "r_C_A2": 11.6439
    },
    "KDRealSpinOrbit": {
        "V1_0": 7.37685,
        "V1_A": -0.0239253,
        "V2_0": 0.00292571,
        "r_0": 1.36059,
        "r_A": 1.26868,
        "a_0": 0.550724
    },
    "KDImagSpinOrbit": {
        "W1_0": -6.35279,
        "W2_0": 257.412
    },
    "KDImagVolume": {
        "W1_0_n": 16.1829,
        "W1_A_n": 0.0844006,
        "W1_0_p": 18.5652,
        "W1_A_p": 0.0367417,
        "W2_0": 55.547,
        "W2_A": 0.466074
    },
    "KDImagSurface": {
        "D1_0": 29.6519,
        "D1_asymm": 22.4313,
        "D2_0": 0.0141136,
        "D2_A": 0.0284227,
        "D2_A2": 2.18383,
        "D2_A3": 208.28,
        "D3_0": 18.0253,
        "r_0": 1.2704,
        "r_A": 0.000348712,
        "a_0_n": 0.600664,
        "a_A_n": -0.000278626,
        "a_0_p": 0.577984,
        "a_A_p": 0.00029145
    }
}