{
    "ECS_p": 0.426719,
    "ECS_n": 0.271655,
    "APower_p": 0.755677,
    "APower_n": 0.930316,
    "RCS_p": 0.027323,
    "TCS_n": 0.0226839
}