{
    "KDHartreeFock": {
        "V1_0": 61.217,
        "V1_asymm": 9.41767,
        "V1_A": 0.0605597,
        "V2_0_n": 0.00553695,
        "V2_A_n": 6.91278e-06,
        "V3_0_n": 2.35913e-06,
        "V3_A_n": 4.84855e-08,
        "V2_0_p": 0.00751437,
        "V2_A_p": -1.78427e-05,
        "V3_0_p": 1.18194e-05,
        "V3_A_p": -6.02165e-08,
        "V4_0": -2.96783e-08,
        "r_0": 1.31494,
        "r_A": 0.532629,
        "a_0": 0.686936,
        "a_A": 0.000136355
    },
    "KDCoulomb": {
        "r_C_0": 1.2559,
        "r_C_A": 1.27433,
        "r_C_A2": 11.6966
    },
    "KDRealSpinOrbit": {
        "V1_0": 5.20789,
        "V1_A": -0.0247904,
        "V2_0": 0.00159742,
        "r_0": 1.25302,
        "r_A": 0.794974,
        "a_0": 0.553463
    },
    "KDImagSpinOrbit": {
        "W1_0": -0.564778,
        "W2_0": 469.319
    },
    "KDImagVolume": {
        "W1_0_n": 17.4397,
        "W1_A_n": 0.015438,
        "W1_0_p": 20.2228,
        "W1_A_p": -0.0195186,
        "W2_0": 82.0282,
        "W2_A": -0.0171216
    },
    "KDImagSurface": {
        "D1_0": 43.0186,
        "D1_asymm": 2.25245,
        "D2_0": 0.0435108,
        "D2_A": -0.00438521,
        "D2_A2": 4.40512,
        "D2_A3": 194.638,
        "D3_0": 24.7078,
        "r_0": 1.43143,
        "r_A": 0.0386144,
        "a_0_n": 0.4913,
        "a_A_n": -0.000538232,
        "a_0_p": 0.378369,
        "a_A_p": 0.00251877
    }
}