{
    "ECS_p": 0.387384,
    "ECS_n": 0.279767,
    "APower_p": 0.556309,
    "APower_n": 0.665226,
    "RCS_p": 0.044263,
    "TCS_n": 0.0539826
}