{
    "KDHartreeFock": {
        "V1_0": 59.2781,
        "V1_asymm": 11.1056,
        "V1_A": 0.0184687,
        "V2_0_n": 0.0076851,
        "V2_A_n": 3.99609e-06,
        "V3_0_n": 2.49621e-05,
        "V3_A_n": 2.29918e-08,
        "V2_0_p": 0.0070234,
        "V2_A_p": 7.34016e-06,
        "V3_0_p": 2.1048e-05,
        "V3_A_p": 6.68988e-08,
        "V4_0": 3.29601e-08,
        "r_0": 1.21759,
        "r_A": 0.206172,
        "a_0": 0.697043,
        "a_A": -0.000427999
    },
    "KDCoulomb": {
        "r_C_0": 1.15615,
        "r_C_A": 0.723786,
        "r_C_A2": 2.50862
    },
    "KDRealSpinOrbit": {
        "V1_0": 6.77872,
        "V1_A": 0.0090813,
        "V2_0": 0.00952842,
        "r_0": 1.17335,
        "r_A": 0.435411,
        "a_0": 0.584389
    },
    "KDImagSpinOrbit": {
        "W1_0": -4.81976,
        "W2_0": 334.102
    },
    "KDImagVolume": {
        "W1_0_n": 20.0694,
        "W1_A_n": 0.00877094,
        "W1_0_p": 11.8737,
        "W1_A_p": 0.0299432,
        "W2_0": 73.7943,
        "W2_A": -0.0604025
    },
    "KDImagSurface": {
        "D1_0": 32.1215,
        "D1_asymm": 10.44,
        "D2_0": -0.0315261,
        "D2_A": 0.0706976,
        "D2_A2": 2.68103,
        "D2_A3": 282.16,
        "D3_0": 25.7365,
        "r_0": 1.40968,
        "r_A": 0.0155661,
        "a_0_n": 0.55637,
        "a_A_n": -3.88502e-05,
        "a_0_p": 0.478539,
        "a_A_p": 0.00119236
    }
}