{
    "ECS_p": 0.206045,
    "ECS_n": 0.188381,
    "APower_p": 0.503628,
    "APower_n": 0.218632,
    "RCS_p": 0.00296293,
    "TCS_n": 0.023581
}