{
    "KDHartreeFock": {
        "V1_0": 63.9025,
        "V1_asymm": 20.0263,
        "V1_A": 0.0425956,
        "V2_0_n": 0.00695845,
        "V2_A_n": 5.51123e-06,
        "V3_0_n": 1.27195e-05,
        "V3_A_n": 1.65533e-08,
        "V2_0_p": 0.00691708,
        "V2_A_p": 1.31173e-06,
        "V3_0_p": 1.4153e-05,
        "V3_A_p": 6.45233e-09,
        "V4_0": -9.12143e-09,
        "r_0": 1.23913,
        "r_A": 0.39149,
        "a_0": 0.717217,
        "a_A": -0.000100267
    },
    "KDCoulomb": {
        "r_C_0": 1.31584,
        "r_C_A": 0.817508,
        "r_C_A2": 15.6154
    },
    "KDRealSpinOrbit": {
        "V1_0": 7.08611,
        "V1_A": -0.0113763,
        "V2_0": 0.00322217,
        "r_0": 1.26601,
        "r_A": 1.04425,
        "a_0": 0.624427
    },
    "KDImagSpinOrbit": {
        "W1_0": -4.15319,
        "W2_0": 321.955
    },
    "KDImagVolume": {
        "W1_0_n": 21.276,
        "W1_A_n": -0.0159215,
        "W1_0_p": 19.5198,
        "W1_A_p": -0.0178529,
        "W2_0": 94.6446,
        "W2_A": 0.12202
    },
    "KDImagSurface": {
        "D1_0": 13.78,
        "D1_asymm": 17.8866,
        "D2_0": 0.0205185,
        "D2_A": -0.00272568,
        "D2_A2": 11.5177,
        "D2_A3": 184.14,
        "D3_0": 11.4497,
        "r_0": 1.30999,
        "r_A": 0.00978935,
        "a_0_n": 0.511872,
        "a_A_n": -0.000859722,
        "a_0_p": 0.471752,
        "a_A_p": 0.00142052
    }
}