{
    "ECS_p": 0.597292,
    "ECS_n": 0.327634,
    "APower_p": 0.814409,
    "APower_n": 0.821837,
    "RCS_p": 0.032014,
    "TCS_n": 0.0365949
}