{
    "KDHartreeFock": {
        "V1_0": 57.7474,
        "V1_asymm": 8.3289,
        "V1_A": 0.0451176,
        "V2_0_n": 0.00622221,
        "V2_A_n": -2.38632e-06,
        "V3_0_n": 1.12254e-05,
        "V3_A_n": -1.90946e-08,
        "V2_0_p": 0.00918945,
        "V2_A_p": -9.38867e-07,
        "V3_0_p": 3.52527e-05,
        "V3_A_p": 2.51627e-09,
        "V4_0": 8.64303e-09,
        "r_0": 1.309,
        "r_A": 0.316735,
        "a_0": 0.636126,
        "a_A": -0.000390355
    },
    "KDCoulomb": {
        "r_C_0": 1.16425,
        "r_C_A": 0.146669,
        "r_C_A2": 26.3002
    },
    "KDRealSpinOrbit": {
        "V1_0": 6.67633,
        "V1_A": 0.00390846,
        "V2_0": 0.0150828,
        "r_0": 1.33259,
        "r_A": 1.15744,
        "a_0": 0.571645
    },
    "KDImagSpinOrbit": {
        "W1_0": -3.26691,
        "W2_0": 366.915
    },
    "KDImagVolume": {
        "W1_0_n": 22.0307,
        "W1_A_n": -0.0355987,
        "W1_0_p": 18.2351,
        "W1_A_p": -0.0417687,
        "W2_0": 98.3971,
        "W2_A": 0.0129221
    },
    "KDImagSurface": {
        "D1_0": 16.9733,
        "D1_asymm": 4.94138,
        "D2_0": 0.0976285,
        "D2_A": -0.0751095,
        "D2_A2": 7.62986,
        "D2_A3": 308.65,
        "D3_0": 13.7004,
        "r_0": 1.32472,
        "r_A": 0.00935619,
        "a_0_n": 0.538936,
        "a_A_n": 0.000224676,
        "a_0_p": 0.451157,
        "a_A_p": 0.00159919
    }
}