{
    "ECS_p": 0.313011,
    "ECS_n": 0.207735,
    "APower_p": 0.278659,
    "APower_n": 0.173527,
    "RCS_p": 0.020866,
    "TCS_n": 0.0259773
}