{
    "KDHartreeFock": {
        "V1_0": 55.3768,
        "V1_asymm": 12.7705,
        "V1_A": 0.0125298,
        "V2_0_n": 0.00524336,
        "V2_A_n": 6.59254e-06,
        "V3_0_n": -1.05683e-06,
        "V3_A_n": 6.933e-08,
        "V2_0_p": 0.00542584,
        "V2_A_p": 1.39175e-05,
        "V3_0_p": -3.89658e-07,
        "V3_A_p": 7.83622e-08,
        "V4_0": -4.66626e-08,
        "r_0": 1.23687,
        "r_A": 0.147666,
        "a_0": 0.665849,
        "a_A": -0.000279567
    },
    "KDCoulomb": {
        "r_C_0": 1.25144,
        "r_C_A": 1.4183,
        "r_C_A2": 8.75063
    },
    "KDRealSpinOrbit": {
        "V1_0": 4.98031,
        "V1_A": 0.0104276,
        "V2_0": 0.00516217,
        "r_0": 1.30995,
        "r_A": 1.13589,
        "a_0": 0.586105
    },
    "KDImagSpinOrbit": {
        "W1_0": -4.37615,
        "W2_0": 257.685
    },
    "KDImagVolume": {
        "W1_0_n": 15.628,
        "W1_A_n": 0.0395793,
        "W1_0_p": 16.9401,
        "W1_A_p": 0.00474507,
        "W2_0": 82.2302,
        "W2_A": 0.0550871
    },
    "KDImagSurface": {
        "D1_0": 23.6679,
        "D1_asymm": 9.58065,
        "D2_0": 0.02612,
        "D2_A": 0.00324907,
        "D2_A2": 8.52012,
        "D2_A3": 184.498,
        "D3_0": 17.7168,
        "r_0": 1.27595,
        "r_A": -0.00541063,
        "a_0_n": 0.544584,
        "a_A_n": 0.000616167,
        "a_0_p": 0.424356,
        "a_A_p": 0.00155985
    }
}