{
    "ECS_p": 0.266259,
    "ECS_n": 0.157232,
    "APower_p": 0.348386,
    "APower_n": 0.213841,
    "RCS_p": 0.0207489,
    "TCS_n": 0.0323514
}