{
    "KDHartreeFock": {
        "V1_0": 60.2675,
        "V1_asymm": 15.1933,
        "V1_A": 0.0258972,
        "V2_0_n": 0.00639899,
        "V2_A_n": 3.43675e-06,
        "V3_0_n": 8.64005e-06,
        "V3_A_n": 2.6476e-08,
        "V2_0_p": 0.00636739,
        "V2_A_p": 2.33005e-06,
        "V3_0_p": 1.21578e-05,
        "V3_A_p": 2.73671e-08,
        "V4_0": -1.54287e-08,
        "r_0": 1.24211,
        "r_A": 0.344927,
        "a_0": 0.66926,
        "a_A": -0.000413135
    },
    "KDCoulomb": {
        "r_C_0": 1.20459,
        "r_C_A": 0.710639,
        "r_C_A2": 2.82781
    },
    "KDRealSpinOrbit": {
        "V1_0": 5.87952,
        "V1_A": -0.00195409,
        "V2_0": 0.00469779,
        "r_0": 1.29433,
        "r_A": 1.10443,
        "a_0": 0.562173
    },
    "KDImagSpinOrbit": {
        "W1_0": -5.55886,
        "W2_0": 263.485
    },
    "KDImagVolume": {
        "W1_0_n": 22.7476,
        "W1_A_n": 0.014958,
        "W1_0_p": 24.339,
        "W1_A_p": 0.0126204,
        "W2_0": 104.293,
        "W2_A": -0.00749796
    },
    "KDImagSurface": {
        "D1_0": 15.6439,
        "D1_asymm": 10.2104,
        "D2_0": 0.0297226,
        "D2_A": -0.00556181,
        "D2_A2": 1.54142,
        "D2_A3": 296.973,
        "D3_0": 15.862,
        "r_0": 1.43355,
        "r_A": 0.0360371,
        "a_0_n": 0.581892,
        "a_A_n": -0.000518696,
        "a_0_p": 0.494669,
        "a_A_p": 0.00210331
    }
}