{
    "ECS_p": 0.462867,
    "ECS_n": 0.249916,
    "APower_p": 0.568286,
    "APower_n": 0.635136,
    "RCS_p": 0.0459712,
    "TCS_n": 0.0359882
}