{
    "KDHartreeFock": {
        "V1_0": 60.251,
        "V1_asymm": 0.841061,
        "V1_A": 0.0435493,
        "V2_0_n": 0.00740305,
        "V2_A_n": 4.25403e-06,
        "V3_0_n": 2.14342e-05,
        "V3_A_n": 3.40371e-08,
        "V2_0_p": 0.00794868,
        "V2_A_p": -6.69751e-06,
        "V3_0_p": 2.35783e-05,
        "V3_A_p": -3.02966e-08,
        "V4_0": 1.82479e-08,
        "r_0": 1.28569,
        "r_A": 0.43003,
        "a_0": 0.678209,
        "a_A": -0.000396695
    },
    "KDCoulomb": {
        "r_C_0": 1.36082,
        "r_C_A": 1.3705,
        "r_C_A2": -4.67887
    },
    "KDRealSpinOrbit": {
        "V1_0": 4.81795,
        "V1_A": -0.000367501,
        "V2_0": 0.00188318,
        "r_0": 1.19165,
        "r_A": 0.578392,
        "a_0": 0.604617
    },
    "KDImagSpinOrbit": {
        "W1_0": -8.77136,
        "W2_0": 305.804
    },
    "KDImagVolume": {
        "W1_0_n": 21.5476,
        "W1_A_n": -0.0224011,
        "W1_0_p": 22.5612,
        "W1_A_p": 0.00282799,
        "W2_0": 123.623,
        "W2_A": -0.225664
    },
    "KDImagSurface": {
        "D1_0": 19.9365,
        "D1_asymm": 5.96378,
        "D2_0": 0.028265,
        "D2_A": 0.00240861,
        "D2_A2": 0.66564,
        "D2_A3": 302.435,
        "D3_0": 15.0017,
        "r_0": 1.46344,
        "r_A": 0.0307009,
        "a_0_n": 0.525486,
        "a_A_n": 0.000257707,
        "a_0_p": 0.511999,
        "a_A_p": 0.000757544
    }
}