{
    "KDHartreeFock": {
        "V1_0": 58.60,
        "V1_asymm": 13.4,
        "V1_A": 0.0261,
        "V2_0_n": 0.00635, 
        "V2_A_n": 1.82e-6, 
        "V3_0_n": 1.08e-5, 
        "V3_A_n": 1.45e-8,
        "V2_0_p": 0.00676,
        "V2_A_p": 2.91e-6,
        "V3_0_p": 1.40e-5,
        "V3_A_p": 1.43e-8,
        "V4_0": -4.3e-09,
        "r_0": 1.27,
        "r_A": 0.361,
        "a_0": 0.689, 
        "a_A": -0.42e-4
    },
    "KDCoulomb": {
        "r_C_0": 1.19, 
        "r_C_A": 0.672, 
        "r_C_A2": 13.0
    },
    "KDRealSpinOrbit": {
        "V1_0": 5.99, 
        "V1_A": 0.00195, 
        "V2_0": 0.00475, 
        "r_0": 1.21, 
        "r_A": 0.735, 
        "a_0": 0.60
    },
    "KDImagSpinOrbit": {
        "W1_0": -3.79,
        "W2_0": 219.
    },
    "KDImagVolume": {
        "W1_0_n": 20.9,
        "W1_A_n": 0.0061,
        "W1_0_p": 18.6,
        "W1_A_p": 0.0325,
        "W2_0": 102.9,
        "W2_A": 0.0243
    },
    "KDImagSurface": {
        "D1_0": 16.7,
        "D1_asymm": 11.1,
        "D2_0": 0.0234,
        "D2_A": 0.00373,
        "D2_A2": 8.57,
        "D2_A3": 251.0,
        "D3_0": 13.8,
        "r_0": 1.35,
        "r_A": 0.0175,
        "a_0_n": 0.543,
        "a_A_n": 2.14e-4,
        "a_0_p": 0.508,
        "a_A_p": 1.41e-3
    }
}
