{
    "ECS_p": 0.346928,
    "ECS_n": 0.251903,
    "APower_p": 0.716178,
    "APower_n": 0.597714,
    "RCS_p": 0.0506892,
    "TCS_n": 0.0189917
}