{
    "KDHartreeFock": {
        "V1_0": 61.3344,
        "V1_asymm": 25.3584,
        "V1_A": 0.0268856,
        "V2_0_n": 0.00515742,
        "V2_A_n": -1.54831e-06,
        "V3_0_n": -6.66159e-07,
        "V3_A_n": -1.9846e-08,
        "V2_0_p": 0.0069934,
        "V2_A_p": 1.13254e-05,
        "V3_0_p": 2.05312e-05,
        "V3_A_p": 3.44766e-08,
        "V4_0": -2.72946e-08,
        "r_0": 1.29049,
        "r_A": 0.517817,
        "a_0": 0.741289,
        "a_A": -0.000129264
    },
    "KDCoulomb": {
        "r_C_0": 1.0692,
        "r_C_A": 0.23968,
        "r_C_A2": 27.889
    },
    "KDRealSpinOrbit": {
        "V1_0": 4.1246,
        "V1_A": 0.0218024,
        "V2_0": 0.00784163,
        "r_0": 1.15996,
        "r_A": 0.323129,
        "a_0": 0.539828
    },
    "KDImagSpinOrbit": {
        "W1_0": -2.46929,
        "W2_0": 320.791
    },
    "KDImagVolume": {
        "W1_0_n": 22.6159,
        "W1_A_n": -0.0504518,
        "W1_0_p": 17.2247,
        "W1_A_p": -0.000959195,
        "W2_0": 89.7905,
        "W2_A": -0.144807
    },
    "KDImagSurface": {
        "D1_0": 29.6163,
        "D1_asymm": 25.6849,
        "D2_0": 0.0754405,
        "D2_A": -0.0397062,
        "D2_A2": 0.691954,
        "D2_A3": 227.026,
        "D3_0": 16.6423,
        "r_0": 1.32635,
        "r_A": 0.0122885,
        "a_0_n": 0.471778,
        "a_A_n": -0.000185184,
        "a_0_p": 0.475245,
        "a_A_p": 0.00055445
    }
}