{
    "ECS_p": 0.362305,
    "ECS_n": 0.327146,
    "APower_p": 0.674336,
    "APower_n": 0.602972,
    "RCS_p": 0.0257551,
    "TCS_n": 0.0275335
}