{
    "KDHartreeFock": {
        "V1_0": 64.3397,
        "V1_asymm": 20.2144,
        "V1_A": 0.054936,
        "V2_0_n": 0.00521598,
        "V2_A_n": 1.02609e-05,
        "V3_0_n": 2.02906e-06,
        "V3_A_n": 5.00627e-08,
        "V2_0_p": 0.00637246,
        "V2_A_p": 2.76888e-06,
        "V3_0_p": 9.62943e-06,
        "V3_A_p": 1.41697e-08,
        "V4_0": -1.55131e-08,
        "r_0": 1.31264,
        "r_A": 0.729836,
        "a_0": 0.711577,
        "a_A": -0.000187246
    },
    "KDCoulomb": {
        "r_C_0": 1.21767,
        "r_C_A": -0.489676,
        "r_C_A2": 23.4455
    },
    "KDRealSpinOrbit": {
        "V1_0": 6.33364,
        "V1_A": 0.00399853,
        "V2_0": 0.00497269,
        "r_0": 1.17509,
        "r_A": 0.584548,
        "a_0": 0.613679
    },
    "KDImagSpinOrbit": {
        "W1_0": -3.71193,
        "W2_0": 200.692
    },
    "KDImagVolume": {
        "W1_0_n": 25.1043,
        "W1_A_n": -0.0225069,
        "W1_0_p": 18.811,
        "W1_A_p": 0.0449846,
        "W2_0": 84.1901,
        "W2_A": -0.00271822
    },
    "KDImagSurface": {
        "D1_0": 32.7564,
        "D1_asymm": 35.4599,
        "D2_0": 0.0513533,
        "D2_A": -0.0111365,
        "D2_A2": 2.98665,
        "D2_A3": 367.011,
        "D3_0": 24.768,
        "r_0": 1.40169,
        "r_A": 0.01823,
        "a_0_n": 0.504454,
        "a_A_n": -0.00122257,
        "a_0_p": 0.499982,
        "a_A_p": 0.000965266
    }
}