{
    "ECS_p": 0.260888,
    "ECS_n": 0.186025,
    "APower_p": 0.42424,
    "APower_n": 0.223633,
    "RCS_p": 0.0150491,
    "TCS_n": 0.0234786
}