{
    "KDHartreeFock": {
        "V1_0": 58.5244,
        "V1_asymm": 22.995,
        "V1_A": 0.0114302,
        "V2_0_n": 0.00650549,
        "V2_A_n": -6.53447e-07,
        "V3_0_n": 7.16728e-06,
        "V3_A_n": -2.00145e-08,
        "V2_0_p": 0.00724132,
        "V2_A_p": 7.61459e-06,
        "V3_0_p": 1.50183e-05,
        "V3_A_p": 3.72521e-08,
        "V4_0": -4.02543e-09,
        "r_0": 1.25012,
        "r_A": 0.275486,
        "a_0": 0.637448,
        "a_A": -0.000616138
    },
    "KDCoulomb": {
        "r_C_0": 1.32069,
        "r_C_A": -0.112806,
        "r_C_A2": 6.48678
    },
    "KDRealSpinOrbit": {
        "V1_0": 6.17389,
        "V1_A": 0.00302998,
        "V2_0": 0.00423,
        "r_0": 1.23046,
        "r_A": 0.588294,
        "a_0": 0.586874
    },
    "KDImagSpinOrbit": {
        "W1_0": -2.90396,
        "W2_0": 127.378
    },
    "KDImagVolume": {
        "W1_0_n": 24.7995,
        "W1_A_n": -0.0321178,
        "W1_0_p": 15.0029,
        "W1_A_p": -0.00727956,
        "W2_0": 114.494,
        "W2_A": -0.123753
    },
    "KDImagSurface": {
        "D1_0": 9.07111,
        "D1_asymm": 8.89496,
        "D2_0": 0.0080769,
        "D2_A": 0.00576404,
        "D2_A2": 17.3523,
        "D2_A3": 94.7031,
        "D3_0": 3.71118,
        "r_0": 1.41838,
        "r_A": 0.0406158,
        "a_0_n": 0.580079,
        "a_A_n": 1.48513e-05,
        "a_0_p": 0.554828,
        "a_A_p": 0.000958369
    }
}