{
    "ECS_p": 0.34061,
    "ECS_n": 0.404585,
    "APower_p": 0.671712,
    "APower_n": 0.734644,
    "RCS_p": 0.051421,
    "TCS_n": 0.0223687
}