{
    "KDHartreeFock": {
        "V1_0": 57.571,
        "V1_asymm": 8.26291,
        "V1_A": 0.0330123,
        "V2_0_n": 0.00606991,
        "V2_A_n": 9.59885e-06,
        "V3_0_n": 4.33631e-06,
        "V3_A_n": 6.49867e-08,
        "V2_0_p": 0.00729882,
        "V2_A_p": -1.07603e-05,
        "V3_0_p": 1.09042e-05,
        "V3_A_p": -7.33743e-08,
        "V4_0": -3.62513e-08,
        "r_0": 1.27716,
        "r_A": 0.339162,
        "a_0": 0.641767,
        "a_A": -0.000271636
    },
    "KDCoulomb": {
        "r_C_0": 1.37508,
        "r_C_A": 0.941723,
        "r_C_A2": 14.338
    },
    "KDRealSpinOrbit": {
        "V1_0": 5.70646,
        "V1_A": -0.00572599,
        "V2_0": 0.00486114,
        "r_0": 1.11492,
        "r_A": 0.307452,
        "a_0": 0.57572
    },
    "KDImagSpinOrbit": {
        "W1_0": -8.21657,
        "W2_0": 248.348
    },
    "KDImagVolume": {
        "W1_0_n": 21.4868,
        "W1_A_n": 0.0344772,
        "W1_0_p": 21.2779,
        "W1_A_p": 0.111348,
        "W2_0": 120.855,
        "W2_A": 0.0880071
    },
    "KDImagSurface": {
        "D1_0": 23.1074,
        "D1_asymm": 26.5994,
        "D2_0": 0.028411,
        "D2_A": 0.00341185,
        "D2_A2": 8.30112,
        "D2_A3": 116.444,
        "D3_0": 18.9803,
        "r_0": 1.48844,
        "r_A": 0.0467749,
        "a_0_n": 0.595305,
        "a_A_n": -0.00014604,
        "a_0_p": 0.49005,
        "a_A_p": 0.00104346
    }
}