{
    "ECS_p": 0.372497,
    "ECS_n": 0.476748,
    "APower_p": 0.868436,
    "APower_n": 0.453882,
    "RCS_p": 0.0143386,
    "TCS_n": 0.0433927
}