{
    "KDHartreeFock": {
        "V1_0": 56.5736,
        "V1_asymm": 4.28275,
        "V1_A": 0.0313077,
        "V2_0_n": 0.0059798,
        "V2_A_n": 1.19798e-05,
        "V3_0_n": 5.96863e-07,
        "V3_A_n": 6.39154e-08,
        "V2_0_p": 0.0046475,
        "V2_A_p": 3.01057e-06,
        "V3_0_p": -2.62752e-06,
        "V3_A_p": 5.13188e-08,
        "V4_0": -3.00882e-08,
        "r_0": 1.25107,
        "r_A": 0.166018,
        "a_0": 0.627691,
        "a_A": -0.000368274
    },
    "KDCoulomb": {
        "r_C_0": 1.29915,
        "r_C_A": -0.240434,
        "r_C_A2": 19.6924
    },
    "KDRealSpinOrbit": {
        "V1_0": 6.19923,
        "V1_A": -0.0082374,
        "V2_0": 0.00731922,
        "r_0": 1.18336,
        "r_A": 0.73105,
        "a_0": 0.582162
    },
    "KDImagSpinOrbit": {
        "W1_0": -9.17861,
        "W2_0": 425.308
    },
    "KDImagVolume": {
        "W1_0_n": 13.0325,
        "W1_A_n": 0.182035,
        "W1_0_p": 12.3137,
        "W1_A_p": 0.0997754,
        "W2_0": 34.2126,
        "W2_A": 1.23738
    },
    "KDImagSurface": {
        "D1_0": 19.9384,
        "D1_asymm": 32.0334,
        "D2_0": 0.0153334,
        "D2_A": 0.0261647,
        "D2_A2": 21.4906,
        "D2_A3": 51.1843,
        "D3_0": 10.1832,
        "r_0": 1.3532,
        "r_A": 0.0201299,
        "a_0_n": 0.517743,
        "a_A_n": 0.000126076,
        "a_0_p": 0.50565,
        "a_A_p": 0.000841734
    }
}