{
    "ECS_p": 0.369555,
    "ECS_n": 0.259758,
    "APower_p": 0.894347,
    "APower_n": 0.743581,
    "RCS_p": 0.0167405,
    "TCS_n": 0.052919
}