{
    "KDHartreeFock": {
        "V1_0": 59.8345,
        "V1_asymm": 5.44879,
        "V1_A": 0.0421243,
        "V2_0_n": 0.0073337,
        "V2_A_n": 2.90284e-06,
        "V3_0_n": 2.22082e-05,
        "V3_A_n": 1.18294e-08,
        "V2_0_p": 0.00722018,
        "V2_A_p": -4.88138e-06,
        "V3_0_p": 2.50833e-05,
        "V3_A_p": -4.84311e-08,
        "V4_0": 4.10387e-08,
        "r_0": 1.2966,
        "r_A": 0.398287,
        "a_0": 0.680407,
        "a_A": 0.000138896
    },
    "KDCoulomb": {
        "r_C_0": 1.26968,
        "r_C_A": 0.250234,
        "r_C_A2": 22.3002
    },
    "KDRealSpinOrbit": {
        "V1_0": 2.29585,
        "V1_A": 0.00707473,
        "V2_0": -0.000180585,
        "r_0": 1.14473,
        "r_A": 0.426206,
        "a_0": 0.60981
    },
    "KDImagSpinOrbit": {
        "W1_0": -10.2656,
        "W2_0": 461.473
    },
    "KDImagVolume": {
        "W1_0_n": 19.7861,
        "W1_A_n": 0.0045359,
        "W1_0_p": 16.674,
        "W1_A_p": 0.0243661,
        "W2_0": 99.8456,
        "W2_A": -0.0535174
    },
    "KDImagSurface": {
        "D1_0": 21.129,
        "D1_asymm": -0.556695,
        "D2_0": 0.0197661,
        "D2_A": 0.00989913,
        "D2_A2": 13.6962,
        "D2_A3": 267.719,
        "D3_0": 15.244,
        "r_0": 1.25531,
        "r_A": -0.000415096,
        "a_0_n": 0.544521,
        "a_A_n": 0.000320488,
        "a_0_p": 0.482834,
        "a_A_p": 0.00139438
    }
}