{
    "ECS_p": 0.497607,
    "ECS_n": 0.230645,
    "APower_p": 0.707285,
    "APower_n": 0.55331,
    "RCS_p": 0.0412429,
    "TCS_n": 0.0593602
}