{
    "KDHartreeFock": {
        "V1_0": 58.4461,
        "V1_asymm": 8.91232,
        "V1_A": 0.0261537,
        "V2_0_n": 0.00723666,
        "V2_A_n": 4.13448e-07,
        "V3_0_n": 1.7639e-05,
        "V3_A_n": 6.83141e-09,
        "V2_0_p": 0.00788552,
        "V2_A_p": -5.34233e-06,
        "V3_0_p": 2.24495e-05,
        "V3_A_p": -3.3703e-08,
        "V4_0": 6.76732e-09,
        "r_0": 1.30457,
        "r_A": 0.490704,
        "a_0": 0.69788,
        "a_A": 0.000178607
    },
    "KDCoulomb": {
        "r_C_0": 1.42258,
        "r_C_A": 1.30242,
        "r_C_A2": 4.82071
    },
    "KDRealSpinOrbit": {
        "V1_0": 6.89986,
        "V1_A": -0.0261131,
        "V2_0": 0.00738695,
        "r_0": 1.22036,
        "r_A": 0.621501,
        "a_0": 0.479263
    },
    "KDImagSpinOrbit": {
        "W1_0": -1.10987,
        "W2_0": 120.047
    },
    "KDImagVolume": {
        "W1_0_n": 19.315,
        "W1_A_n": 0.0271834,
        "W1_0_p": 12.5144,
        "W1_A_p": 0.107789,
        "W2_0": 101.841,
        "W2_A": -0.057988
    },
    "KDImagSurface": {
        "D1_0": 24.1179,
        "D1_asymm": 2.84018,
        "D2_0": 0.0251723,
        "D2_A": 0.00887174,
        "D2_A2": 13.658,
        "D2_A3": 206.642,
        "D3_0": 22.7273,
        "r_0": 1.63963,
        "r_A": 0.0852136,
        "a_0_n": 0.543214,
        "a_A_n": -0.0010091,
        "a_0_p": 0.553808,
        "a_A_p": 0.000830037
    }
}