{
    "ECS_p": 0.225573,
    "ECS_n": 0.188194,
    "APower_p": 0.35146,
    "APower_n": 0.279801,
    "RCS_p": 0.000300593,
    "TCS_n": 0.0271497
}