{
    "KDHartreeFock": {
        "V1_0": 62.8678,
        "V1_asymm": 9.72908,
        "V1_A": 0.053509,
        "V2_0_n": 0.00759488,
        "V2_A_n": 3.4833e-06,
        "V3_0_n": 2.33509e-05,
        "V3_A_n": 3.21318e-08,
        "V2_0_p": 0.00841685,
        "V2_A_p": -6.88936e-06,
        "V3_0_p": 2.80277e-05,
        "V3_A_p": -5.62701e-08,
        "V4_0": 2.12124e-08,
        "r_0": 1.3066,
        "r_A": 0.5654,
        "a_0": 0.658881,
        "a_A": -0.000169829
    },
    "KDCoulomb": {
        "r_C_0": 1.28143,
        "r_C_A": 1.22567,
        "r_C_A2": -6.47127
    },
    "KDRealSpinOrbit": {
        "V1_0": 5.39322,
        "V1_A": 0.00361813,
        "V2_0": 0.00502607,
        "r_0": 1.15381,
        "r_A": 0.430282,
        "a_0": 0.561553
    },
    "KDImagSpinOrbit": {
        "W1_0": -1.88308,
        "W2_0": 82.2268
    },
    "KDImagVolume": {
        "W1_0_n": 21.0796,
        "W1_A_n": 0.0256187,
        "W1_0_p": 19.3802,
        "W1_A_p": 0.0673988,
        "W2_0": 108.814,
        "W2_A": 0.208695
    },
    "KDImagSurface": {
        "D1_0": 10.6993,
        "D1_asymm": 5.1576,
        "D2_0": 0.063183,
        "D2_A": -0.0493965,
        "D2_A2": 8.07844,
        "D2_A3": 388.631,
        "D3_0": 14.0558,
        "r_0": 1.32565,
        "r_A": 0.0105383,
        "a_0_n": 0.698817,
        "a_A_n": 0.000390724,
        "a_0_p": 0.513734,
        "a_A_p": 0.00208268
    }
}