{
    "ECS_p": 0.284509,
    "ECS_n": 0.157191,
    "APower_p": 0.430963,
    "APower_n": 0.21102,
    "RCS_p": 0.0193162,
    "TCS_n": 0.0155274
}