{
    "KDHartreeFock": {
        "V1_0": 57.0172,
        "V1_asymm": 11.5838,
        "V1_A": 0.0229436,
        "V2_0_n": 0.00644521,
        "V2_A_n": 6.54098e-06,
        "V3_0_n": 6.4337e-06,
        "V3_A_n": 2.04748e-08,
        "V2_0_p": 0.00672868,
        "V2_A_p": -1.00638e-05,
        "V3_0_p": 7.16076e-06,
        "V3_A_p": -3.72579e-08,
        "V4_0": -2.42349e-08,
        "r_0": 1.27433,
        "r_A": 0.3028,
        "a_0": 0.717304,
        "a_A": 0.000246434
    },
    "KDCoulomb": {
        "r_C_0": 1.07676,
        "r_C_A": 0.141356,
        "r_C_A2": 33.0536
    },
    "KDRealSpinOrbit": {
        "V1_0": 7.00843,
        "V1_A": -0.00508188,
        "V2_0": 0.00475917,
        "r_0": 1.19321,
        "r_A": 0.621725,
        "a_0": 0.563557
    },
    "KDImagSpinOrbit": {
        "W1_0": -2.95463,
        "W2_0": 295.97
    },
    "KDImagVolume": {
        "W1_0_n": 18.0907,
        "W1_A_n": -0.0151145,
        "W1_0_p": 13.7842,
        "W1_A_p": 0.0439372,
        "W2_0": 77.8181,
        "W2_A": 0.0206331
    },
    "KDImagSurface": {
        "D1_0": 17.3529,
        "D1_asymm": 14.6451,
        "D2_0": 0.03034,
        "D2_A": -0.00139114,
        "D2_A2": 5.62219,
        "D2_A3": 295.231,
        "D3_0": 11.5612,
        "r_0": 1.41304,
        "r_A": 0.0321264,
        "a_0_n": 0.477836,
        "a_A_n": -0.000531782,
        "a_0_p": 0.45705,
        "a_A_p": 0.00133791
    }
}