{
    "ECS_p": 0.363539,
    "ECS_n": 0.282938,
    "APower_p": 0.854911,
    "APower_n": 0.625517,
    "RCS_p": 0.0336355,
    "TCS_n": 0.0524811
}