{
    "KDHartreeFock": {
        "V1_0": 62.4623,
        "V1_asymm": 3.51451,
        "V1_A": 0.0444086,
        "V2_0_n": 0.00766471,
        "V2_A_n": -3.6946e-06,
        "V3_0_n": 2.77308e-05,
        "V3_A_n": -2.21333e-08,
        "V2_0_p": 0.00949963,
        "V2_A_p": -9.83515e-06,
        "V3_0_p": 4.53041e-05,
        "V3_A_p": -5.68617e-08,
        "V4_0": 5.53276e-08,
        "r_0": 1.27135,
        "r_A": 0.376046,
        "a_0": 0.668179,
        "a_A": -0.000211348
    },
    "KDCoulomb": {
        "r_C_0": 1.21995,
        "r_C_A": 1.72296,
        "r_C_A2": -8.60861
    },
    "KDRealSpinOrbit": {
        "V1_0": 6.55619,
        "V1_A": -0.0243126,
        "V2_0": 0.00691255,
        "r_0": 1.24269,
        "r_A": 0.896866,
        "a_0": 0.646601
    },
    "KDImagSpinOrbit": {
        "W1_0": -0.537887,
        "W2_0": 48.3662
    },
    "KDImagVolume": {
        "W1_0_n": 15.8098,
        "W1_A_n": 0.0359479,
        "W1_0_p": 13.2519,
        "W1_A_p": 0.0279939,
        "W2_0": 52.2852,
        "W2_A": 0.284499
    },
    "KDImagSurface": {
        "D1_0": 21.5795,
        "D1_asymm": 23.8476,
        "D2_0": 0.0328198,
        "D2_A": -0.0039179,
        "D2_A2": 23.839,
        "D2_A3": 475.313,
        "D3_0": 17.2865,
        "r_0": 1.3697,
        "r_A": 0.00550932,
        "a_0_n": 0.550175,
        "a_A_n": 0.00058364,
        "a_0_p": 0.387038,
        "a_A_p": 0.0010127
    }
}