{
    "ECS_p": 0.369579,
    "ECS_n": 0.201383,
    "APower_p": 0.436715,
    "APower_n": 0.284891,
    "RCS_p": 0.0252487,
    "TCS_n": 0.0182113
}