{
    "KDHartreeFock": {
        "V1_0": 57.0623,
        "V1_asymm": 18.0002,
        "V1_A": 0.0177049,
        "V2_0_n": 0.00546154,
        "V2_A_n": -4.23885e-06,
        "V3_0_n": 2.94978e-06,
        "V3_A_n": -3.42772e-08,
        "V2_0_p": 0.007787,
        "V2_A_p": 7.46898e-06,
        "V3_0_p": 1.82934e-05,
        "V3_A_p": 3.09521e-08,
        "V4_0": -4.71719e-09,
        "r_0": 1.29279,
        "r_A": 0.325046,
        "a_0": 0.6506,
        "a_A": -1.43607e-05
    },
    "KDCoulomb": {
        "r_C_0": 1.05323,
        "r_C_A": 0.0160473,
        "r_C_A2": 7.70352
    },
    "KDRealSpinOrbit": {
        "V1_0": 5.10831,
        "V1_A": 0.0063162,
        "V2_0": 0.00257668,
        "r_0": 1.19329,
        "r_A": 0.556868,
        "a_0": 0.640728
    },
    "KDImagSpinOrbit": {
        "W1_0": -1.81302,
        "W2_0": 243.499
    },
    "KDImagVolume": {
        "W1_0_n": 17.9139,
        "W1_A_n": -0.00861902,
        "W1_0_p": 6.49314,
        "W1_A_p": 0.0545222,
        "W2_0": 59.0854,
        "W2_A": 0.0326811
    },
    "KDImagSurface": {
        "D1_0": 13.6003,
        "D1_asymm": 19.2475,
        "D2_0": 0.0384621,
        "D2_A": -0.0129683,
        "D2_A2": 12.4409,
        "D2_A3": 186.811,
        "D3_0": 9.91835,
        "r_0": 1.45948,
        "r_A": 0.0496781,
        "a_0_n": 0.474819,
        "a_A_n": -0.00117509,
        "a_0_p": 0.520066,
        "a_A_p": 0.00213631
    }
}