{
    "ECS_p": 0.460976,
    "ECS_n": 0.395812,
    "APower_p": 0.646186,
    "APower_n": 0.654534,
    "RCS_p": 0.0492821,
    "TCS_n": 0.035477
}