{
    "KDHartreeFock": {
        "V1_0": 59.571,
        "V1_asymm": 25.4538,
        "V1_A": 0.0165851,
        "V2_0_n": 0.0043017,
        "V2_A_n": -2.70728e-06,
        "V3_0_n": -1.87234e-06,
        "V3_A_n": -2.00755e-08,
        "V2_0_p": 0.00366922,
        "V2_A_p": 2.43609e-05,
        "V3_0_p": -6.10844e-06,
        "V3_A_p": 1.4175e-07,
        "V4_0": -6.94625e-09,
        "r_0": 1.26896,
        "r_A": 0.531317,
        "a_0": 0.734399,
        "a_A": -0.000464123
    },
    "KDCoulomb": {
        "r_C_0": 1.1894,
        "r_C_A": -0.410452,
        "r_C_A2": 4.38502
    },
    "KDRealSpinOrbit": {
        "V1_0": 3.97299,
        "V1_A": -0.00675772,
        "V2_0": -0.00117685,
        "r_0": 1.27459,
        "r_A": 0.862353,
        "a_0": 0.603977
    },
    "KDImagSpinOrbit": {
        "W1_0": -3.43121,
        "W2_0": 321.932
    },
    "KDImagVolume": {
        "W1_0_n": 21.0548,
        "W1_A_n": -0.00546258,
        "W1_0_p": 18.226,
        "W1_A_p": 0.0242305,
        "W2_0": 95.1568,
        "W2_A": 0.0606155
    },
    "KDImagSurface": {
        "D1_0": 21.2082,
        "D1_asymm": 2.20749,
        "D2_0": 0.0491416,
        "D2_A": -0.0211526,
        "D2_A2": 8.17625,
        "D2_A3": 329.898,
        "D3_0": 17.1497,
        "r_0": 1.44861,
        "r_A": 0.0362457,
        "a_0_n": 0.518533,
        "a_A_n": -0.000191674,
        "a_0_p": 0.493018,
        "a_A_p": 0.0012387
    }
}