{
    "ECS_p": 0.245736,
    "ECS_n": 0.317084,
    "APower_p": 0.83482,
    "APower_n": 0.324615,
    "RCS_p": 0.0402048,
    "TCS_n": 0.0776395
}