{
    "KDHartreeFock": {
        "V1_0": 58.8248,
        "V1_asymm": 3.9884,
        "V1_A": 0.0404814,
        "V2_0_n": 0.00583999,
        "V2_A_n": -5.19676e-06,
        "V3_0_n": 5.88208e-06,
        "V3_A_n": -1.82524e-08,
        "V2_0_p": 0.00167819,
        "V2_A_p": 3.16589e-05,
        "V3_0_p": -2.53203e-05,
        "V3_A_p": 2.52001e-07,
        "V4_0": -8.58295e-09,
        "r_0": 1.33996,
        "r_A": 0.621195,
        "a_0": 0.729342,
        "a_A": -2.02944e-07
    },
    "KDCoulomb": {
        "r_C_0": 1.19112,
        "r_C_A": 0.0221015,
        "r_C_A2": 0.247734
    },
    "KDRealSpinOrbit": {
        "V1_0": 6.30012,
        "V1_A": -0.0146704,
        "V2_0": 0.0036388,
        "r_0": 1.27657,
        "r_A": 0.88402,
        "a_0": 0.653643
    },
    "KDImagSpinOrbit": {
        "W1_0": -4.92144,
        "W2_0": 264.475
    },
    "KDImagVolume": {
        "W1_0_n": 21.7718,
        "W1_A_n": -0.0247815,
        "W1_0_p": 18.1911,
        "W1_A_p": -0.0102298,
        "W2_0": 82.5893,
        "W2_A": -0.233187
    },
    "KDImagSurface": {
        "D1_0": 20.0331,
        "D1_asymm": 34.7193,
        "D2_0": 0.0330215,
        "D2_A": -6.83511e-05,
        "D2_A2": 3.55112,
        "D2_A3": 165.233,
        "D3_0": 13.2371,
        "r_0": 1.39449,
        "r_A": 0.014787,
        "a_0_n": 0.598173,
        "a_A_n": 0.00128144,
        "a_0_p": 0.478057,
        "a_A_p": -0.000835159
    }
}