{
    "ECS_p": 0.262857,
    "ECS_n": 0.23901,
    "APower_p": 0.457589,
    "APower_n": 0.171458,
    "RCS_p": 0.015036,
    "TCS_n": 0.0155941
}