{
    "KDHartreeFock": {
        "V1_0": 56.8085,
        "V1_asymm": 9.36259,
        "V1_A": 0.0303048,
        "V2_0_n": 0.00662052,
        "V2_A_n": 5.29617e-06,
        "V3_0_n": 1.27287e-05,
        "V3_A_n": 4.11161e-08,
        "V2_0_p": 0.00634787,
        "V2_A_p": 5.20592e-06,
        "V3_0_p": 5.51161e-06,
        "V3_A_p": 4.37068e-08,
        "V4_0": -1.07397e-08,
        "r_0": 1.3194,
        "r_A": 0.448632,
        "a_0": 0.687095,
        "a_A": 0.000215923
    },
    "KDCoulomb": {
        "r_C_0": 1.17947,
        "r_C_A": 1.19089,
        "r_C_A2": -10.6585
    },
    "KDRealSpinOrbit": {
        "V1_0": 6.90243,
        "V1_A": -0.00999657,
        "V2_0": 0.00376212,
        "r_0": 1.28721,
        "r_A": 0.935554,
        "a_0": 0.623973
    },
    "KDImagSpinOrbit": {
        "W1_0": -6.46867,
        "W2_0": 426.219
    },
    "KDImagVolume": {
        "W1_0_n": 15.3403,
        "W1_A_n": 0.0138776,
        "W1_0_p": 15.7819,
        "W1_A_p": 0.00478746,
        "W2_0": 68.856,
        "W2_A": 0.0308416
    },
    "KDImagSurface": {
        "D1_0": 14.2084,
        "D1_asymm": 7.50347,
        "D2_0": 0.0531845,
        "D2_A": -0.0278812,
        "D2_A2": 0.900461,
        "D2_A3": 227.781,
        "D3_0": 8.0712,
        "r_0": 1.30805,
        "r_A": 0.00978327,
        "a_0_n": 0.521398,
        "a_A_n": -0.000102419,
        "a_0_p": 0.497509,
        "a_A_p": 0.00124265
    }
}