{
    "ECS_p": 0.330655,
    "ECS_n": 0.330438,
    "APower_p": 0.529022,
    "APower_n": 0.697623,
    "RCS_p": 0.0256907,
    "TCS_n": 0.0410779
}