{
    "KDHartreeFock": {
        "V1_0": 61.1345,
        "V1_asymm": 16.9565,
        "V1_A": 0.0475169,
        "V2_0_n": 0.00527755,
        "V2_A_n": 2.63436e-06,
        "V3_0_n": 1.75786e-06,
        "V3_A_n": 1.49595e-08,
        "V2_0_p": 0.00824736,
        "V2_A_p": -1.38972e-06,
        "V3_0_p": 1.94354e-05,
        "V3_A_p": -2.10687e-08,
        "V4_0": -1.86264e-08,
        "r_0": 1.28979,
        "r_A": 0.4331,
        "a_0": 0.670992,
        "a_A": -0.000368498
    },
    "KDCoulomb": {
        "r_C_0": 1.2866,
        "r_C_A": -0.0293362,
        "r_C_A2": 43.5287
    },
    "KDRealSpinOrbit": {
        "V1_0": 4.51301,
        "V1_A": 0.01311,
        "V2_0": 0.00224004,
        "r_0": 1.20039,
        "r_A": 0.728137,
        "a_0": 0.63819
    },
    "KDImagSpinOrbit": {
        "W1_0": -0.394367,
        "W2_0": 151.99
    },
    "KDImagVolume": {
        "W1_0_n": 19.9384,
        "W1_A_n": 0.00348803,
        "W1_0_p": 15.0545,
        "W1_A_p": 0.0146803,
        "W2_0": 102.952,
        "W2_A": -0.0794161
    },
    "KDImagSurface": {
        "D1_0": 20.8609,
        "D1_asymm": 18.6897,
        "D2_0": -0.022705,
        "D2_A": 0.049268,
        "D2_A2": 20.8572,
        "D2_A3": 454.517,
        "D3_0": 16.287,
        "r_0": 1.37719,
        "r_A": 0.0173898,
        "a_0_n": 0.517302,
        "a_A_n": -0.000491991,
        "a_0_p": 0.451177,
        "a_A_p": 0.0010173
    }
}