{
    "ECS_p": 0.200715,
    "ECS_n": 0.189157,
    "APower_p": 0.358172,
    "APower_n": 0.268956,
    "RCS_p": 0.0135515,
    "TCS_n": 0.0210583
}