{
    "KDHartreeFock": {
        "V1_0": 55.7412,
        "V1_asymm": 11.2546,
        "V1_A": 0.00989761,
        "V2_0_n": 0.00549154,
        "V2_A_n": 1.66393e-06,
        "V3_0_n": 3.83223e-06,
        "V3_A_n": 1.72683e-08,
        "V2_0_p": 0.00759203,
        "V2_A_p": -5.70665e-06,
        "V3_0_p": 1.61664e-05,
        "V3_A_p": -5.5963e-08,
        "V4_0": -2.68389e-08,
        "r_0": 1.24496,
        "r_A": 0.18919,
        "a_0": 0.701572,
        "a_A": 0.000171857
    },
    "KDCoulomb": {
        "r_C_0": 0.98779,
        "r_C_A": 0.269491,
        "r_C_A2": 20.5035
    },
    "KDRealSpinOrbit": {
        "V1_0": 4.98773,
        "V1_A": 0.00587122,
        "V2_0": 0.00258867,
        "r_0": 1.178,
        "r_A": 0.539804,
        "a_0": 0.632162
    },
    "KDImagSpinOrbit": {
        "W1_0": -1.11482,
        "W2_0": 221.124
    },
    "KDImagVolume": {
        "W1_0_n": 12.9951,
        "W1_A_n": 0.0284073,
        "W1_0_p": 10.9947,
        "W1_A_p": 0.0555692,
        "W2_0": 82.433,
        "W2_A": 0.0511195
    },
    "KDImagSurface": {
        "D1_0": 14.9903,
        "D1_asymm": 5.44536,
        "D2_0": 0.0494006,
        "D2_A": -0.0260657,
        "D2_A2": 8.98338,
        "D2_A3": 326.496,
        "D3_0": 11.1505,
        "r_0": 1.22328,
        "r_A": -0.00283499,
        "a_0_n": 0.568025,
        "a_A_n": 0.000390372,
        "a_0_p": 0.554985,
        "a_A_p": 0.00119262
    }
}