{
    "ECS_p": 0.379709,
    "ECS_n": 0.203724,
    "APower_p": 0.781454,
    "APower_n": 0.638466,
    "RCS_p": 0.042766,
    "TCS_n": 0.0449156
}