{
    "KDHartreeFock": {
        "V1_0": 59.3504,
        "V1_asymm": 5.94491,
        "V1_A": 0.038818,
        "V2_0_n": 0.00730292,
        "V2_A_n": 5.08471e-06,
        "V3_0_n": 1.98154e-05,
        "V3_A_n": 2.979e-08,
        "V2_0_p": 0.0102878,
        "V2_A_p": -1.54931e-05,
        "V3_0_p": 4.06563e-05,
        "V3_A_p": -1.24335e-07,
        "V4_0": 9.96247e-09,
        "r_0": 1.24442,
        "r_A": 0.179245,
        "a_0": 0.676458,
        "a_A": -0.000390998
    },
    "KDCoulomb": {
        "r_C_0": 1.29988,
        "r_C_A": 2.51149,
        "r_C_A2": 16.031
    },
    "KDRealSpinOrbit": {
        "V1_0": 4.62691,
        "V1_A": 0.00606925,
        "V2_0": 0.00865451,
        "r_0": 1.25311,
        "r_A": 0.679752,
        "a_0": 0.526127
    },
    "KDImagSpinOrbit": {
        "W1_0": -0.475913,
        "W2_0": -1.42629
    },
    "KDImagVolume": {
        "W1_0_n": 16.6134,
        "W1_A_n": 0.0116443,
        "W1_0_p": 11.8755,
        "W1_A_p": 0.0854961,
        "W2_0": 82.6865,
        "W2_A": 0.239907
    },
    "KDImagSurface": {
        "D1_0": 46.4749,
        "D1_asymm": 12.9372,
        "D2_0": 0.0344678,
        "D2_A": 0.00847906,
        "D2_A2": 14.0477,
        "D2_A3": 290.764,
        "D3_0": 25.9563,
        "r_0": 1.34912,
        "r_A": 0.00550159,
        "a_0_n": 0.526545,
        "a_A_n": 0.000359936,
        "a_0_p": 0.465526,
        "a_A_p": 0.000936742
    }
}