{
    "ECS_p": 0.250752,
    "ECS_n": 0.189117,
    "APower_p": 0.418373,
    "APower_n": 0.124608,
    "RCS_p": 0.0140789,
    "TCS_n": 0.033117
}