{
    "KDHartreeFock": {
        "V1_0": 58.5094,
        "V1_asymm": 9.23002,
        "V1_A": 0.0260976,
        "V2_0_n": 0.00695083,
        "V2_A_n": 3.43695e-06,
        "V3_0_n": 1.45405e-05,
        "V3_A_n": 3.4602e-08,
        "V2_0_p": 0.00706927,
        "V2_A_p": -2.49258e-06,
        "V3_0_p": 8.05773e-06,
        "V3_A_p": 6.69483e-09,
        "V4_0": -3.66165e-09,
        "r_0": 1.21666,
        "r_A": 0.15882,
        "a_0": 0.636827,
        "a_A": -0.000998915
    },
    "KDCoulomb": {
        "r_C_0": 1.26216,
        "r_C_A": 1.08291,
        "r_C_A2": 27.7344
    },
    "KDRealSpinOrbit": {
        "V1_0": 5.12254,
        "V1_A": 0.000615674,
        "V2_0": 0.00083997,
        "r_0": 1.26417,
        "r_A": 0.829855,
        "a_0": 0.61755
    },
    "KDImagSpinOrbit": {
        "W1_0": -4.87916,
        "W2_0": 236.776
    },
    "KDImagVolume": {
        "W1_0_n": 19.112,
        "W1_A_n": 0.0208851,
        "W1_0_p": 18.2991,
        "W1_A_p": 0.0510659,
        "W2_0": 92.7437,
        "W2_A": 0.337585
    },
    "KDImagSurface": {
        "D1_0": 14.8743,
        "D1_asymm": 3.86051,
        "D2_0": -0.00118341,
        "D2_A": 0.0228152,
        "D2_A2": 19.1558,
        "D2_A3": 269.216,
        "D3_0": 12.3896,
        "r_0": 1.4156,
        "r_A": 0.0342951,
        "a_0_n": 0.498001,
        "a_A_n": -0.000785307,
        "a_0_p": 0.520825,
        "a_A_p": 0.00154793
    }
}