{
    "ECS_p": 0.21922,
    "ECS_n": 0.21253,
    "APower_p": 0.357749,
    "APower_n": 0.163477,
    "RCS_p": 0.0117533,
    "TCS_n": 0.018312
}