{
    "KDHartreeFock": {
        "V1_0": 62.4754,
        "V1_asymm": 20.1763,
        "V1_A": 0.0326881,
        "V2_0_n": 0.00780494,
        "V2_A_n": 1.6182e-06,
        "V3_0_n": 2.86819e-05,
        "V3_A_n": 1.97555e-08,
        "V2_0_p": 0.00839029,
        "V2_A_p": 2.16076e-06,
        "V3_0_p": 2.91967e-05,
        "V3_A_p": 2.3282e-08,
        "V4_0": 3.65209e-08,
        "r_0": 1.27055,
        "r_A": 0.445342,
        "a_0": 0.663864,
        "a_A": -0.000354517
    },
    "KDCoulomb": {
        "r_C_0": 0.86663,
        "r_C_A": 0.15754,
        "r_C_A2": 39.9402
    },
    "KDRealSpinOrbit": {
        "V1_0": 5.42653,
        "V1_A": 0.000250304,
        "V2_0": 0.00318236,
        "r_0": 1.1642,
        "r_A": 0.533674,
        "a_0": 0.616474
    },
    "KDImagSpinOrbit": {
        "W1_0": -3.12734,
        "W2_0": 163.549
    },
    "KDImagVolume": {
        "W1_0_n": 22.4232,
        "W1_A_n": -0.00662585,
        "W1_0_p": 19.323,
        "W1_A_p": 0.0254705,
        "W2_0": 131.478,
        "W2_A": 0.0618112
    },
    "KDImagSurface": {
        "D1_0": 12.8065,
        "D1_asymm": 5.47715,
        "D2_0": 0.0530245,
        "D2_A": -0.0335199,
        "D2_A2": -4.1096,
        "D2_A3": -100.964,
        "D3_0": 11.4899,
        "r_0": 1.41843,
        "r_A": 0.0342855,
        "a_0_n": 0.544635,
        "a_A_n": -0.00045803,
        "a_0_p": 0.555749,
        "a_A_p": 0.00180052
    }
}