{
    "ECS_p": 0.356687,
    "ECS_n": 0.364931,
    "APower_p": 0.81932,
    "APower_n": 0.740405,
    "RCS_p": 0.0290679,
    "TCS_n": 0.0357395
}