{
    "KDHartreeFock": {
        "V1_0": 56.41,
        "V1_asymm": 25.161,
        "V1_A": 0.0200954,
        "V2_0_n": 0.0033534,
        "V2_A_n": 8.99779e-06,
        "V3_0_n": -1.95723e-05,
        "V3_A_n": 3.34736e-08,
        "V2_0_p": 0.00481398,
        "V2_A_p": 7.33218e-06,
        "V3_0_p": -9.60356e-07,
        "V3_A_p": 7.12397e-09,
        "V4_0": -7.23563e-08,
        "r_0": 1.26422,
        "r_A": 0.380056,
        "a_0": 0.682536,
        "a_A": -0.000224223
    },
    "KDCoulomb": {
        "r_C_0": 1.11526,
        "r_C_A": 1.00071,
        "r_C_A2": -13.1796
    },
    "KDRealSpinOrbit": {
        "V1_0": 4.74746,
        "V1_A": -0.00147717,
        "V2_0": 0.00284651,
        "r_0": 1.15812,
        "r_A": 0.524753,
        "a_0": 0.656463
    },
    "KDImagSpinOrbit": {
        "W1_0": -1.19203,
        "W2_0": 306.258
    },
    "KDImagVolume": {
        "W1_0_n": 17.9454,
        "W1_A_n": 0.0174243,
        "W1_0_p": 13.183,
        "W1_A_p": 0.0271673,
        "W2_0": 60.65,
        "W2_A": 0.0342824
    },
    "KDImagSurface": {
        "D1_0": 24.1034,
        "D1_asymm": 7.21632,
        "D2_0": 0.00942377,
        "D2_A": 0.0220489,
        "D2_A2": 11.5486,
        "D2_A3": 423.199,
        "D3_0": 24.2617,
        "r_0": 1.32873,
        "r_A": 0.00857953,
        "a_0_n": 0.538361,
        "a_A_n": -0.000582612,
        "a_0_p": 0.503611,
        "a_A_p": 0.000880053
    }
}