{
    "ECS_p": 0.510536,
    "ECS_n": 0.171934,
    "APower_p": 0.813062,
    "APower_n": 0.540335,
    "RCS_p": 0.0197276,
    "TCS_n": 0.0516886
}