{
    "KDHartreeFock": {
        "V1_0": 65.0104,
        "V1_asymm": 4.63899,
        "V1_A": 0.0717578,
        "V2_0_n": 0.00729017,
        "V2_A_n": 1.76483e-07,
        "V3_0_n": 1.69249e-05,
        "V3_A_n": 2.1805e-08,
        "V2_0_p": 0.00781506,
        "V2_A_p": -5.75476e-06,
        "V3_0_p": 2.13192e-05,
        "V3_A_p": -2.5251e-08,
        "V4_0": 5.90071e-09,
        "r_0": 1.29731,
        "r_A": 0.52425,
        "a_0": 0.656673,
        "a_A": -0.000515289
    },
    "KDCoulomb": {
        "r_C_0": 1.15975,
        "r_C_A": 1.03544,
        "r_C_A2": 6.68372
    },
    "KDRealSpinOrbit": {
        "V1_0": 7.2377,
        "V1_A": -0.00340245,
        "V2_0": 0.00808341,
        "r_0": 1.25213,
        "r_A": 0.73575,
        "a_0": 0.581268
    },
    "KDImagSpinOrbit": {
        "W1_0": -3.5837,
        "W2_0": 307.248
    },
    "KDImagVolume": {
        "W1_0_n": 24.013,
        "W1_A_n": 0.0797462,
        "W1_0_p": 19.3073,
        "W1_A_p": 0.0101863,
        "W2_0": 141.117,
        "W2_A": -0.0723268
    },
    "KDImagSurface": {
        "D1_0": 12.5051,
        "D1_asymm": 16.9458,
        "D2_0": 0.0266636,
        "D2_A": -0.00849382,
        "D2_A2": 13.3136,
        "D2_A3": 225.532,
        "D3_0": 13.3063,
        "r_0": 1.28144,
        "r_A": 0.000640293,
        "a_0_n": 0.646125,
        "a_A_n": -0.00027954,
        "a_0_p": 0.553657,
        "a_A_p": 0.000869188
    }
}