{
    "ECS_p": 0.219818,
    "ECS_n": 0.228135,
    "APower_p": 0.496312,
    "APower_n": 0.198053,
    "RCS_p": 0.00642051,
    "TCS_n": 0.0285303
}