{
    "KDHartreeFock": {
        "V1_0": 56.6737,
        "V1_asymm": 16.3476,
        "V1_A": 0.0154158,
        "V2_0_n": 0.00448683,
        "V2_A_n": -4.35528e-06,
        "V3_0_n": -2.10685e-06,
        "V3_A_n": 3.95312e-09,
        "V2_0_p": 0.00620538,
        "V2_A_p": 5.04118e-06,
        "V3_0_p": 2.99721e-06,
        "V3_A_p": 1.47126e-08,
        "V4_0": -4.15177e-08,
        "r_0": 1.26702,
        "r_A": 0.374443,
        "a_0": 0.692287,
        "a_A": -0.000321818
    },
    "KDCoulomb": {
        "r_C_0": 1.26811,
        "r_C_A": 1.86689,
        "r_C_A2": -4.28154
    },
    "KDRealSpinOrbit": {
        "V1_0": 6.45577,
        "V1_A": -0.00574495,
        "V2_0": 0.00310223,
        "r_0": 1.22537,
        "r_A": 0.717161,
        "a_0": 0.565163
    },
    "KDImagSpinOrbit": {
        "W1_0": -0.549203,
        "W2_0": 116.989
    },
    "KDImagVolume": {
        "W1_0_n": 12.632,
        "W1_A_n": 0.0264941,
        "W1_0_p": 15.9448,
        "W1_A_p": 0.0277782,
        "W2_0": 99.7521,
        "W2_A": -0.0244452
    },
    "KDImagSurface": {
        "D1_0": 16.7403,
        "D1_asymm": 23.2912,
        "D2_0": 0.0202246,
        "D2_A": 0.00460281,
        "D2_A2": 8.9062,
        "D2_A3": 314.163,
        "D3_0": 12.6075,
        "r_0": 1.48246,
        "r_A": 0.0358092,
        "a_0_n": 0.478033,
        "a_A_n": -0.0011647,
        "a_0_p": 0.479665,
        "a_A_p": 0.000669797
    }
}