{
    "ECS_p": 0.303007,
    "ECS_n": 0.161833,
    "APower_p": 0.294607,
    "APower_n": 0.137057,
    "RCS_p": 0.019153,
    "TCS_n": 0.0196162
}