{
    "KDHartreeFock": {
        "V1_0": 59.2428,
        "V1_asymm": 15.9738,
        "V1_A": 0.0173493,
        "V2_0_n": 0.00586109,
        "V2_A_n": -2.67488e-06,
        "V3_0_n": 9.31591e-06,
        "V3_A_n": -1.21956e-08,
        "V2_0_p": 0.00916216,
        "V2_A_p": -8.39537e-06,
        "V3_0_p": 3.0491e-05,
        "V3_A_p": -5.53765e-08,
        "V4_0": 5.48163e-09,
        "r_0": 1.21003,
        "r_A": 0.159574,
        "a_0": 0.653168,
        "a_A": -0.000612032
    },
    "KDCoulomb": {
        "r_C_0": 1.25948,
        "r_C_A": -0.538102,
        "r_C_A2": 6.98089
    },
    "KDRealSpinOrbit": {
        "V1_0": 4.71297,
        "V1_A": 0.0140548,
        "V2_0": 0.00563727,
        "r_0": 1.2718,
        "r_A": 0.936878,
        "a_0": 0.580611
    },
    "KDImagSpinOrbit": {
        "W1_0": -5.35244,
        "W2_0": 232.676
    },
    "KDImagVolume": {
        "W1_0_n": 24.1337,
        "W1_A_n": 0.0389529,
        "W1_0_p": 19.5057,
        "W1_A_p": 0.0677393,
        "W2_0": 122.458,
        "W2_A": 0.210935
    },
    "KDImagSurface": {
        "D1_0": 17.4403,
        "D1_asymm": 14.5201,
        "D2_0": 0.0637604,
        "D2_A": -0.0387889,
        "D2_A2": 4.66637,
        "D2_A3": 406.353,
        "D3_0": 14.1766,
        "r_0": 1.35747,
        "r_A": 0.0183114,
        "a_0_n": 0.541606,
        "a_A_n": -0.000334329,
        "a_0_p": 0.466428,
        "a_A_p": 0.00274688
    }
}