{
    "ECS_p": 0.340115,
    "ECS_n": 0.217185,
    "APower_p": 0.374071,
    "APower_n": 0.291439,
    "RCS_p": 0.0151245,
    "TCS_n": 0.0294875
}