{
    "KDHartreeFock": {
        "V1_0": 57.3417,
        "V1_asymm": 16.3951,
        "V1_A": 0.0189495,
        "V2_0_n": 0.00644583,
        "V2_A_n": 2.52837e-06,
        "V3_0_n": 1.18772e-05,
        "V3_A_n": 1.48401e-08,
        "V2_0_p": 0.0077502,
        "V2_A_p": -8.50424e-06,
        "V3_0_p": 2.00756e-05,
        "V3_A_p": -2.52715e-08,
        "V4_0": 7.89539e-09,
        "r_0": 1.27338,
        "r_A": 0.316436,
        "a_0": 0.698954,
        "a_A": 0.00057108
    },
    "KDCoulomb": {
        "r_C_0": 1.08391,
        "r_C_A": 0.570832,
        "r_C_A2": 10.6618
    },
    "KDRealSpinOrbit": {
        "V1_0": 6.64256,
        "V1_A": 0.00534392,
        "V2_0": 0.00545807,
        "r_0": 1.22281,
        "r_A": 0.813294,
        "a_0": 0.642947
    },
    "KDImagSpinOrbit": {
        "W1_0": -7.16119,
        "W2_0": 199.428
    },
    "KDImagVolume": {
        "W1_0_n": 20.0187,
        "W1_A_n": 0.0714196,
        "W1_0_p": 16.5494,
        "W1_A_p": 0.0773826,
        "W2_0": 90.492,
        "W2_A": 0.210545
    },
    "KDImagSurface": {
        "D1_0": 21.733,
        "D1_asymm": 40.135,
        "D2_0": 0.0381167,
        "D2_A": -0.00953791,
        "D2_A2": 21.699,
        "D2_A3": 249.443,
        "D3_0": 19.8699,
        "r_0": 1.48432,
        "r_A": 0.0543992,
        "a_0_n": 0.519494,
        "a_A_n": -0.00257164,
        "a_0_p": 0.45486,
        "a_A_p": 0.00229136
    }
}