{
    "ECS_p": 0.344516,
    "ECS_n": 0.224773,
    "APower_p": 0.375982,
    "APower_n": 0.251355,
    "RCS_p": 0.00937225,
    "TCS_n": 0.0255827
}