{
    "KDHartreeFock": {
        "V1_0": 57.4528,
        "V1_asymm": 13.0243,
        "V1_A": 0.0247382,
        "V2_0_n": 0.00674578,
        "V2_A_n": 3.45682e-06,
        "V3_0_n": 1.44392e-05,
        "V3_A_n": 3.13887e-08,
        "V2_0_p": 0.0091813,
        "V2_A_p": -7.62218e-06,
        "V3_0_p": 2.85603e-05,
        "V3_A_p": -1.3962e-08,
        "V4_0": 8.38768e-10,
        "r_0": 1.32737,
        "r_A": 0.494247,
        "a_0": 0.683275,
        "a_A": 0.000193185
    },
    "KDCoulomb": {
        "r_C_0": 1.08449,
        "r_C_A": 0.929791,
        "r_C_A2": 8.02878
    },
    "KDRealSpinOrbit": {
        "V1_0": 5.1979,
        "V1_A": 0.0137521,
        "V2_0": 0.00782658,
        "r_0": 1.13492,
        "r_A": 0.349342,
        "a_0": 0.569173
    },
    "KDImagSpinOrbit": {
        "W1_0": -4.25902,
        "W2_0": 273.695
    },
    "KDImagVolume": {
        "W1_0_n": 19.8892,
        "W1_A_n": 0.00132138,
        "W1_0_p": 12.1498,
        "W1_A_p": 0.0230664,
        "W2_0": 100.424,
        "W2_A": -0.0411133
    },
    "KDImagSurface": {
        "D1_0": 23.9732,
        "D1_asymm": 10.6239,
        "D2_0": 0.0246748,
        "D2_A": 0.0111421,
        "D2_A2": 12.1681,
        "D2_A3": 214.155,
        "D3_0": 16.3468,
        "r_0": 1.4585,
        "r_A": 0.0375048,
        "a_0_n": 0.509031,
        "a_A_n": -5.99893e-05,
        "a_0_p": 0.556859,
        "a_A_p": 0.000924014
    }
}