{
    "ECS_p": 0.506137,
    "ECS_n": 0.265774,
    "APower_p": 1.15912,
    "APower_n": 0.931407,
    "RCS_p": 0.0316061,
    "TCS_n": 0.0648747
}