{
    "KDHartreeFock": {
        "V1_0": 54.9437,
        "V1_asymm": -2.78737,
        "V1_A": 0.0325549,
        "V2_0_n": 0.00663812,
        "V2_A_n": 2.97434e-06,
        "V3_0_n": 1.80242e-05,
        "V3_A_n": 4.59342e-08,
        "V2_0_p": 0.00487699,
        "V2_A_p": 3.94187e-06,
        "V3_0_p": -4.23394e-06,
        "V3_A_p": 9.82989e-08,
        "V4_0": -2.45997e-10,
        "r_0": 1.28257,
        "r_A": 0.2562,
        "a_0": 0.650862,
        "a_A": -0.000131984
    },
    "KDCoulomb": {
        "r_C_0": 1.41513,
        "r_C_A": 1.04463,
        "r_C_A2": 2.35495
    },
    "KDRealSpinOrbit": {
        "V1_0": 2.66429,
        "V1_A": 0.000908513,
        "V2_0": 0.00728527,
        "r_0": 1.16796,
        "r_A": 0.455845,
        "a_0": 0.544452
    },
    "KDImagSpinOrbit": {
        "W1_0": -4.2877,
        "W2_0": 233.954
    },
    "KDImagVolume": {
        "W1_0_n": 16.1347,
        "W1_A_n": 0.00567944,
        "W1_0_p": 18.3539,
        "W1_A_p": 0.0161612,
        "W2_0": 97.9757,
        "W2_A": 0.0655682
    },
    "KDImagSurface": {
        "D1_0": 19.2754,
        "D1_asymm": 33.7767,
        "D2_0": 0.0316554,
        "D2_A": -0.0024487,
        "D2_A2": 2.30534,
        "D2_A3": 286.677,
        "D3_0": 11.6282,
        "r_0": 1.32885,
        "r_A": 0.023468,
        "a_0_n": 0.50717,
        "a_A_n": -0.000658665,
        "a_0_p": 0.517492,
        "a_A_p": 0.00113802
    }
}