{
    "ECS_p": 0.385874,
    "ECS_n": 0.177205,
    "APower_p": 0.422772,
    "APower_n": 0.223164,
    "RCS_p": 0.0168154,
    "TCS_n": 0.0292331
}