{
    "KDHartreeFock": {
        "V1_0": 57.775,
        "V1_asymm": 8.97205,
        "V1_A": 0.0303355,
        "V2_0_n": 0.00511677,
        "V2_A_n": -1.6614e-06,
        "V3_0_n": -1.05113e-06,
        "V3_A_n": -1.44958e-08,
        "V2_0_p": 0.00807683,
        "V2_A_p": -6.99936e-06,
        "V3_0_p": 1.88279e-05,
        "V3_A_p": -3.58819e-08,
        "V4_0": -2.02416e-08,
        "r_0": 1.28949,
        "r_A": 0.438254,
        "a_0": 0.722197,
        "a_A": 0.000308804
    },
    "KDCoulomb": {
        "r_C_0": 1.18705,
        "r_C_A": 0.713483,
        "r_C_A2": 34.174
    },
    "KDRealSpinOrbit": {
        "V1_0": 5.22003,
        "V1_A": 0.000710214,
        "V2_0": 0.00585017,
        "r_0": 1.32617,
        "r_A": 0.989821,
        "a_0": 0.595024
    },
    "KDImagSpinOrbit": {
        "W1_0": -4.28235,
        "W2_0": 382.038
    },
    "KDImagVolume": {
        "W1_0_n": 22.535,
        "W1_A_n": 0.00822207,
        "W1_0_p": 20.1812,
        "W1_A_p": -0.00521749,
        "W2_0": 112.287,
        "W2_A": -0.0427773
    },
    "KDImagSurface": {
        "D1_0": 23.7815,
        "D1_asymm": 16.2803,
        "D2_0": 0.0108172,
        "D2_A": 0.0249268,
        "D2_A2": 9.36502,
        "D2_A3": 256.775,
        "D3_0": 15.1356,
        "r_0": 1.54549,
        "r_A": 0.056671,
        "a_0_n": 0.514704,
        "a_A_n": -8.79024e-05,
        "a_0_p": 0.526469,
        "a_A_p": 0.00160463
    }
}