{
    "ECS_p": 0.320534,
    "ECS_n": 0.224683,
    "APower_p": 0.31118,
    "APower_n": 0.326075,
    "RCS_p": 0.00905919,
    "TCS_n": 0.0245384
}