{
    "KDHartreeFock": {
        "V1_0": 56.8253,
        "V1_asymm": 20.3889,
        "V1_A": 0.0105272,
        "V2_0_n": 0.00643421,
        "V2_A_n": 8.99764e-07,
        "V3_0_n": 1.45435e-05,
        "V3_A_n": 1.28212e-08,
        "V2_0_p": 0.00700528,
        "V2_A_p": 6.59872e-06,
        "V3_0_p": 1.83228e-05,
        "V3_A_p": 3.73648e-08,
        "V4_0": 1.29503e-08,
        "r_0": 1.27763,
        "r_A": 0.321426,
        "a_0": 0.673949,
        "a_A": 0.000191022
    },
    "KDCoulomb": {
        "r_C_0": 1.18592,
        "r_C_A": -0.692539,
        "r_C_A2": 7.57172
    },
    "KDRealSpinOrbit": {
        "V1_0": 6.42225,
        "V1_A": 0.00233259,
        "V2_0": 0.0060193,
        "r_0": 1.24487,
        "r_A": 0.966044,
        "a_0": 0.603766
    },
    "KDImagSpinOrbit": {
        "W1_0": -3.73491,
        "W2_0": 153.51
    },
    "KDImagVolume": {
        "W1_0_n": 24.2433,
        "W1_A_n": -0.006916,
        "W1_0_p": 19.7237,
        "W1_A_p": 0.0225591,
        "W2_0": 137.809,
        "W2_A": -0.241984
    },
    "KDImagSurface": {
        "D1_0": 13.0574,
        "D1_asymm": 4.8458,
        "D2_0": 0.0213882,
        "D2_A": -0.00173409,
        "D2_A2": 11.576,
        "D2_A3": 308.152,
        "D3_0": 12.889,
        "r_0": 1.42934,
        "r_A": 0.0322307,
        "a_0_n": 0.539723,
        "a_A_n": -0.000103444,
        "a_0_p": 0.533079,
        "a_A_p": 0.000880698
    }
}