{
    "ECS_p": 0.340717,
    "ECS_n": 0.227286,
    "APower_p": 0.394187,
    "APower_n": 0.20053,
    "RCS_p": 0.00420248,
    "TCS_n": 0.030172
}