{
    "KDHartreeFock": {
        "V1_0": 60.1692,
        "V1_asymm": 2.3216,
        "V1_A": 0.0570598,
        "V2_0_n": 0.00497658,
        "V2_A_n": 7.78957e-06,
        "V3_0_n": -4.47581e-06,
        "V3_A_n": 5.08534e-08,
        "V2_0_p": 0.00536529,
        "V2_A_p": -7.35715e-06,
        "V3_0_p": -1.45131e-06,
        "V3_A_p": -2.00535e-08,
        "V4_0": -4.25326e-08,
        "r_0": 1.29106,
        "r_A": 0.515417,
        "a_0": 0.701553,
        "a_A": 3.94442e-05
    },
    "KDCoulomb": {
        "r_C_0": 1.2642,
        "r_C_A": 0.191483,
        "r_C_A2": 22.5267
    },
    "KDRealSpinOrbit": {
        "V1_0": 7.0797,
        "V1_A": -0.0123159,
        "V2_0": 0.0035196,
        "r_0": 1.23875,
        "r_A": 0.928635,
        "a_0": 0.699294
    },
    "KDImagSpinOrbit": {
        "W1_0": -0.984046,
        "W2_0": 33.4697
    },
    "KDImagVolume": {
        "W1_0_n": 23.024,
        "W1_A_n": 0.0110964,
        "W1_0_p": 21.8118,
        "W1_A_p": 0.00347408,
        "W2_0": 111.818,
        "W2_A": 0.146341
    },
    "KDImagSurface": {
        "D1_0": 13.3797,
        "D1_asymm": 16.3281,
        "D2_0": -0.0773124,
        "D2_A": 0.0970772,
        "D2_A2": -5.71701,
        "D2_A3": -48.1885,
        "D3_0": 11.5905,
        "r_0": 1.44171,
        "r_A": 0.0314222,
        "a_0_n": 0.592767,
        "a_A_n": -0.000371394,
        "a_0_p": 0.454852,
        "a_A_p": 0.00210048
    }
}