{
    "ECS_p": 0.488112,
    "ECS_n": 0.257932,
    "APower_p": 1.01172,
    "APower_n": 0.787791,
    "RCS_p": 0.0431194,
    "TCS_n": 0.040138
}