{
    "KDHartreeFock": {
        "V1_0": 61.9531,
        "V1_asymm": 1.60332,
        "V1_A": 0.0493962,
        "V2_0_n": 0.00645039,
        "V2_A_n": -1.39591e-07,
        "V3_0_n": 1.63734e-05,
        "V3_A_n": 9.0901e-09,
        "V2_0_p": 0.00445153,
        "V2_A_p": 1.1128e-05,
        "V3_0_p": -5.287e-06,
        "V3_A_p": 1.274e-07,
        "V4_0": 3.69238e-09,
        "r_0": 1.33691,
        "r_A": 0.714849,
        "a_0": 0.681136,
        "a_A": -0.000414589
    },
    "KDCoulomb": {
        "r_C_0": 1.23525,
        "r_C_A": -0.271012,
        "r_C_A2": 4.68773
    },
    "KDRealSpinOrbit": {
        "V1_0": 8.13292,
        "V1_A": -0.0306291,
        "V2_0": 0.00712767,
        "r_0": 1.27645,
        "r_A": 0.710614,
        "a_0": 0.631311
    },
    "KDImagSpinOrbit": {
        "W1_0": -0.737918,
        "W2_0": 113.11
    },
    "KDImagVolume": {
        "W1_0_n": 18.1857,
        "W1_A_n": -0.016824,
        "W1_0_p": 20.3781,
        "W1_A_p": -0.00205354,
        "W2_0": 73.1792,
        "W2_A": 0.306709
    },
    "KDImagSurface": {
        "D1_0": 26.7743,
        "D1_asymm": 5.04074,
        "D2_0": -0.0219869,
        "D2_A": 0.0585674,
        "D2_A2": -5.16199,
        "D2_A3": -65.9575,
        "D3_0": 18.0053,
        "r_0": 1.26472,
        "r_A": -2.69797e-06,
        "a_0_n": 0.589747,
        "a_A_n": 0.000247095,
        "a_0_p": 0.485404,
        "a_A_p": 0.00141634
    }
}