{
    "ECS_p": 0.407094,
    "ECS_n": 0.370577,
    "APower_p": 0.834752,
    "APower_n": 0.479773,
    "RCS_p": 0.0347551,
    "TCS_n": 0.0450169
}