{
    "KDHartreeFock": {
        "V1_0": 62.2673,
        "V1_asymm": 17.6876,
        "V1_A": 0.0365505,
        "V2_0_n": 0.00596575,
        "V2_A_n": 2.17408e-06,
        "V3_0_n": 6.18693e-06,
        "V3_A_n": 2.42022e-09,
        "V2_0_p": 0.00770774,
        "V2_A_p": 5.81764e-06,
        "V3_0_p": 1.69814e-05,
        "V3_A_p": 6.8716e-09,
        "V4_0": -1.93501e-08,
        "r_0": 1.35071,
        "r_A": 0.761215,
        "a_0": 0.722686,
        "a_A": 0.000228218
    },
    "KDCoulomb": {
        "r_C_0": 1.09696,
        "r_C_A": 0.92212,
        "r_C_A2": 18.1022
    },
    "KDRealSpinOrbit": {
        "V1_0": 6.56377,
        "V1_A": -0.00207802,
        "V2_0": 0.00519915,
        "r_0": 1.30402,
        "r_A": 0.957878,
        "a_0": 0.57617
    },
    "KDImagSpinOrbit": {
        "W1_0": -0.890425,
        "W2_0": 254.925
    },
    "KDImagVolume": {
        "W1_0_n": 25.3717,
        "W1_A_n": -0.0738416,
        "W1_0_p": 19.552,
        "W1_A_p": -0.0232616,
        "W2_0": 86.3232,
        "W2_A": -0.0652799
    },
    "KDImagSurface": {
        "D1_0": 20.8682,
        "D1_asymm": 5.40022,
        "D2_0": -0.00315625,
        "D2_A": 0.0332586,
        "D2_A2": 11.1397,
        "D2_A3": 478.354,
        "D3_0": 16.8405,
        "r_0": 1.45722,
        "r_A": 0.0371325,
        "a_0_n": 0.63148,
        "a_A_n": 0.000447826,
        "a_0_p": 0.451796,
        "a_A_p": 0.00212343
    }
}