{
    "ECS_p": 0.262456,
    "ECS_n": 0.213792,
    "APower_p": 0.623209,
    "APower_n": 0.689004,
    "RCS_p": 0.0367579,
    "TCS_n": 0.0265739
}