{
    "KDHartreeFock": {
        "V1_0": 60.5801,
        "V1_asymm": 11.3883,
        "V1_A": 0.0254501,
        "V2_0_n": 0.00704923,
        "V2_A_n": 3.18125e-06,
        "V3_0_n": 1.92927e-05,
        "V3_A_n": 3.09691e-08,
        "V2_0_p": 0.00702002,
        "V2_A_p": 8.68197e-07,
        "V3_0_p": 1.76865e-05,
        "V3_A_p": 7.30104e-09,
        "V4_0": 9.36105e-09,
        "r_0": 1.16492,
        "r_A": -0.055991,
        "a_0": 0.64843,
        "a_A": -0.000416842
    },
    "KDCoulomb": {
        "r_C_0": 1.02202,
        "r_C_A": 0.272039,
        "r_C_A2": 36.0455
    },
    "KDRealSpinOrbit": {
        "V1_0": 2.30416,
        "V1_A": 0.0134986,
        "V2_0": 0.000790857,
        "r_0": 1.20621,
        "r_A": 0.746746,
        "a_0": 0.618339
    },
    "KDImagSpinOrbit": {
        "W1_0": -4.56751,
        "W2_0": 219.151
    },
    "KDImagVolume": {
        "W1_0_n": 14.6055,
        "W1_A_n": 0.0827565,
        "W1_0_p": 12.779,
        "W1_A_p": 0.182479,
        "W2_0": 87.7833,
        "W2_A": 0.494601
    },
    "KDImagSurface": {
        "D1_0": 28.46,
        "D1_asymm": 21.7711,
        "D2_0": 0.0283329,
        "D2_A": 0.0021441,
        "D2_A2": 13.0611,
        "D2_A3": 133.292,
        "D3_0": 20.8041,
        "r_0": 1.23006,
        "r_A": -0.0117875,
        "a_0_n": 0.588257,
        "a_A_n": 0.000484187,
        "a_0_p": 0.448211,
        "a_A_p": 0.001275
    }
}