{
    "ECS_p": 0.364617,
    "ECS_n": 0.30778,
    "APower_p": 0.692331,
    "APower_n": 0.628431,
    "RCS_p": 0.0372099,
    "TCS_n": 0.0533275
}