{
    "KDHartreeFock": {
        "V1_0": 58.1363,
        "V1_asymm": 12.1723,
        "V1_A": 0.0363599,
        "V2_0_n": 0.00581671,
        "V2_A_n": 1.03884e-05,
        "V3_0_n": 7.41935e-06,
        "V3_A_n": 5.41742e-08,
        "V2_0_p": 0.00614534,
        "V2_A_p": 1.17759e-05,
        "V3_0_p": 5.11544e-06,
        "V3_A_p": 7.85713e-08,
        "V4_0": -7.86532e-09,
        "r_0": 1.32721,
        "r_A": 0.568173,
        "a_0": 0.69674,
        "a_A": 0.000372535
    },
    "KDCoulomb": {
        "r_C_0": 1.2432,
        "r_C_A": -0.100366,
        "r_C_A2": 17.5004
    },
    "KDRealSpinOrbit": {
        "V1_0": 5.41489,
        "V1_A": -0.00890622,
        "V2_0": -0.000150046,
        "r_0": 1.26594,
        "r_A": 0.9749,
        "a_0": 0.636434
    },
    "KDImagSpinOrbit": {
        "W1_0": -2.07449,
        "W2_0": 132.923
    },
    "KDImagVolume": {
        "W1_0_n": 17.6045,
        "W1_A_n": -0.0114814,
        "W1_0_p": 22.0362,
        "W1_A_p": -0.00976769,
        "W2_0": 94.4484,
        "W2_A": 0.0290545
    },
    "KDImagSurface": {
        "D1_0": 26.8156,
        "D1_asymm": -1.81071,
        "D2_0": 0.0316743,
        "D2_A": 0.0057719,
        "D2_A2": 10.3703,
        "D2_A3": 116.258,
        "D3_0": 19.9142,
        "r_0": 1.45368,
        "r_A": 0.0414377,
        "a_0_n": 0.486756,
        "a_A_n": -0.0008877,
        "a_0_p": 0.466573,
        "a_A_p": 0.00187286
    }
}