{
    "ECS_p": 0.368709,
    "ECS_n": 0.55756,
    "APower_p": 0.618358,
    "APower_n": 0.570419,
    "RCS_p": 0.0388152,
    "TCS_n": 0.0386327
}