{
    "KDHartreeFock": {
        "V1_0": 53.6838,
        "V1_asymm": 24.2814,
        "V1_A": 0.0117523,
        "V2_0_n": 0.00469747,
        "V2_A_n": 1.21668e-05,
        "V3_0_n": -7.20459e-06,
        "V3_A_n": 7.04271e-08,
        "V2_0_p": 0.0057599,
        "V2_A_p": 3.0929e-06,
        "V3_0_p": 1.33651e-06,
        "V3_A_p": -1.00676e-08,
        "V4_0": -5.1439e-08,
        "r_0": 1.2553,
        "r_A": 0.203673,
        "a_0": 0.625852,
        "a_A": -0.000288119
    },
    "KDCoulomb": {
        "r_C_0": 1.20614,
        "r_C_A": 0.76929,
        "r_C_A2": 8.1444
    },
    "KDRealSpinOrbit": {
        "V1_0": 3.80136,
        "V1_A": 0.00866503,
        "V2_0": 0.00143004,
        "r_0": 1.21276,
        "r_A": 0.734752,
        "a_0": 0.611748
    },
    "KDImagSpinOrbit": {
        "W1_0": -0.593426,
        "W2_0": 287.519
    },
    "KDImagVolume": {
        "W1_0_n": 15.167,
        "W1_A_n": 0.0282431,
        "W1_0_p": 11.8086,
        "W1_A_p": 0.0541092,
        "W2_0": 45.4304,
        "W2_A": 0.239757
    },
    "KDImagSurface": {
        "D1_0": 20.3716,
        "D1_asymm": 8.07003,
        "D2_0": 0.0285822,
        "D2_A": 0.00710247,
        "D2_A2": 14.946,
        "D2_A3": 165.707,
        "D3_0": 13.8478,
        "r_0": 1.48089,
        "r_A": 0.0332933,
        "a_0_n": 0.567376,
        "a_A_n": 0.000707393,
        "a_0_p": 0.43699,
        "a_A_p": 0.0013407
    }
}