{
    "ECS_p": 0.265691,
    "ECS_n": 0.151829,
    "APower_p": 0.455507,
    "APower_n": 0.130394,
    "RCS_p": 0.0172556,
    "TCS_n": 0.0177058
}