{
    "KDHartreeFock": {
        "V1_0": 56.2868,
        "V1_asymm": 1.90663,
        "V1_A": 0.0409172,
        "V2_0_n": 0.00551784,
        "V2_A_n": 2.65131e-06,
        "V3_0_n": 1.434e-06,
        "V3_A_n": 1.30619e-08,
        "V2_0_p": 0.00584061,
        "V2_A_p": 5.41317e-06,
        "V3_0_p": 4.41725e-06,
        "V3_A_p": 1.86139e-08,
        "V4_0": -2.34818e-08,
        "r_0": 1.30557,
        "r_A": 0.399739,
        "a_0": 0.686212,
        "a_A": -4.87227e-05
    },
    "KDCoulomb": {
        "r_C_0": 1.19352,
        "r_C_A": 0.372368,
        "r_C_A2": 10.2353
    },
    "KDRealSpinOrbit": {
        "V1_0": 3.98173,
        "V1_A": 0.0143439,
        "V2_0": 0.00304202,
        "r_0": 1.17159,
        "r_A": 0.550795,
        "a_0": 0.604277
    },
    "KDImagSpinOrbit": {
        "W1_0": -0.42786,
        "W2_0": 160.545
    },
    "KDImagVolume": {
        "W1_0_n": 19.2098,
        "W1_A_n": -0.00957931,
        "W1_0_p": 10.3638,
        "W1_A_p": 0.053043,
        "W2_0": 83.5939,
        "W2_A": 0.0735921
    },
    "KDImagSurface": {
        "D1_0": 20.4291,
        "D1_asymm": 5.42846,
        "D2_0": -0.0135691,
        "D2_A": 0.0429912,
        "D2_A2": 11.6095,
        "D2_A3": 290.472,
        "D3_0": 15.8747,
        "r_0": 1.46706,
        "r_A": 0.0352032,
        "a_0_n": 0.505434,
        "a_A_n": -0.000188011,
        "a_0_p": 0.489014,
        "a_A_p": 0.00109475
    }
}