{
    "ECS_p": 0.19025,
    "ECS_n": 0.176358,
    "APower_p": 0.271589,
    "APower_n": 0.257283,
    "RCS_p": 0.0111502,
    "TCS_n": 0.029971
}