{
    "KDHartreeFock": {
        "V1_0": 60.9736,
        "V1_asymm": 18.2405,
        "V1_A": 0.0214302,
        "V2_0_n": 0.00578489,
        "V2_A_n": 4.14547e-06,
        "V3_0_n": 3.3306e-06,
        "V3_A_n": 2.63783e-08,
        "V2_0_p": 0.00605031,
        "V2_A_p": -1.99161e-07,
        "V3_0_p": 8.28589e-06,
        "V3_A_p": -2.27263e-08,
        "V4_0": -2.88817e-08,
        "r_0": 1.2132,
        "r_A": 0.266218,
        "a_0": 0.670607,
        "a_A": -0.000205591
    },
    "KDCoulomb": {
        "r_C_0": 1.00684,
        "r_C_A": -0.0624345,
        "r_C_A2": 23.3706
    },
    "KDRealSpinOrbit": {
        "V1_0": 6.11319,
        "V1_A": 0.00175699,
        "V2_0": 0.0034253,
        "r_0": 1.20346,
        "r_A": 0.776329,
        "a_0": 0.6121
    },
    "KDImagSpinOrbit": {
        "W1_0": -3.70113,
        "W2_0": 151.996
    },
    "KDImagVolume": {
        "W1_0_n": 23.1863,
        "W1_A_n": 0.00296867,
        "W1_0_p": 31.9363,
        "W1_A_p": 0.0313824,
        "W2_0": 145.05,
        "W2_A": 0.00455947
    },
    "KDImagSurface": {
        "D1_0": 11.126,
        "D1_asymm": 9.81521,
        "D2_0": -0.00681586,
        "D2_A": 0.0198498,
        "D2_A2": 10.5618,
        "D2_A3": 239.086,
        "D3_0": 10.7243,
        "r_0": 1.26849,
        "r_A": -0.000496049,
        "a_0_n": 0.591843,
        "a_A_n": -0.000243016,
        "a_0_p": 0.53945,
        "a_A_p": 0.00101607
    }
}