{
    "ECS_p": 0.35327,
    "ECS_n": 0.295892,
    "APower_p": 0.785328,
    "APower_n": 0.574837,
    "RCS_p": 0.0350142,
    "TCS_n": 0.0484175
}