{
    "KDHartreeFock": {
        "V1_0": 59.4771,
        "V1_asymm": 17.4331,
        "V1_A": 0.0392888,
        "V2_0_n": 0.00599294,
        "V2_A_n": -4.72744e-06,
        "V3_0_n": 1.59736e-05,
        "V3_A_n": 4.9042e-09,
        "V2_0_p": 0.00570123,
        "V2_A_p": 1.98009e-05,
        "V3_0_p": 6.28603e-06,
        "V3_A_p": 1.8111e-07,
        "V4_0": 2.09438e-08,
        "r_0": 1.3345,
        "r_A": 0.603815,
        "a_0": 0.644811,
        "a_A": -0.000385492
    },
    "KDCoulomb": {
        "r_C_0": 1.1529,
        "r_C_A": 1.24611,
        "r_C_A2": -4.8588
    },
    "KDRealSpinOrbit": {
        "V1_0": 5.00204,
        "V1_A": 0.0319042,
        "V2_0": 0.0122705,
        "r_0": 1.24125,
        "r_A": 0.6149,
        "a_0": 0.518937
    },
    "KDImagSpinOrbit": {
        "W1_0": -3.30941,
        "W2_0": 172.126
    },
    "KDImagVolume": {
        "W1_0_n": 16.4479,
        "W1_A_n": 0.0427462,
        "W1_0_p": 17.2833,
        "W1_A_p": 0.0415301,
        "W2_0": 59.6074,
        "W2_A": 0.416839
    },
    "KDImagSurface": {
        "D1_0": 20.5025,
        "D1_asymm": 15.4478,
        "D2_0": -0.00214985,
        "D2_A": 0.0336015,
        "D2_A2": 15.0695,
        "D2_A3": 274.347,
        "D3_0": 13.686,
        "r_0": 1.34593,
        "r_A": 0.0228556,
        "a_0_n": 0.555569,
        "a_A_n": -0.000766677,
        "a_0_p": 0.449317,
        "a_A_p": 0.00210762
    }
}