{
    "ECS_p": 0.468686,
    "ECS_n": 0.341605,
    "APower_p": 0.595434,
    "APower_n": 0.619823,
    "RCS_p": 0.0326039,
    "TCS_n": 0.0541382
}