{
    "KDHartreeFock": {
        "V1_0": 60.4043,
        "V1_asymm": 3.81386,
        "V1_A": 0.038041,
        "V2_0_n": 0.00793982,
        "V2_A_n": -5.08959e-07,
        "V3_0_n": 2.84701e-05,
        "V3_A_n": 9.02556e-09,
        "V2_0_p": 0.00700071,
        "V2_A_p": -1.73576e-06,
        "V3_0_p": 1.73518e-05,
        "V3_A_p": 1.61516e-08,
        "V4_0": 4.19205e-08,
        "r_0": 1.27681,
        "r_A": 0.370857,
        "a_0": 0.67207,
        "a_A": 6.17594e-06
    },
    "KDCoulomb": {
        "r_C_0": 1.28243,
        "r_C_A": 0.80823,
        "r_C_A2": -4.26924
    },
    "KDRealSpinOrbit": {
        "V1_0": 5.44896,
        "V1_A": 0.00817274,
        "V2_0": 0.00268951,
        "r_0": 1.28952,
        "r_A": 0.975285,
        "a_0": 0.602489
    },
    "KDImagSpinOrbit": {
        "W1_0": -7.53204,
        "W2_0": 263.33
    },
    "KDImagVolume": {
        "W1_0_n": 24.9251,
        "W1_A_n": 0.040479,
        "W1_0_p": 23.0248,
        "W1_A_p": 0.0814848,
        "W2_0": 137.271,
        "W2_A": 0.430123
    },
    "KDImagSurface": {
        "D1_0": 19.5896,
        "D1_asymm": 5.13973,
        "D2_0": 0.040531,
        "D2_A": -0.0163627,
        "D2_A2": 9.81068,
        "D2_A3": 367.339,
        "D3_0": 17.1231,
        "r_0": 1.3008,
        "r_A": 0.00768705,
        "a_0_n": 0.63001,
        "a_A_n": 7.33337e-05,
        "a_0_p": 0.484994,
        "a_A_p": 0.00172467
    }
}