{
    "ECS_p": 0.31185,
    "ECS_n": 0.270819,
    "APower_p": 0.465349,
    "APower_n": 0.233046,
    "RCS_p": 0.000302478,
    "TCS_n": 0.0241755
}