{
    "KDHartreeFock": {
        "V1_0": 60.0424,
        "V1_asymm": 10.8521,
        "V1_A": 0.0313121,
        "V2_0_n": 0.00735299,
        "V2_A_n": 3.33337e-07,
        "V3_0_n": 1.97859e-05,
        "V3_A_n": 1.63568e-08,
        "V2_0_p": 0.00692783,
        "V2_A_p": 5.55844e-07,
        "V3_0_p": 1.66514e-05,
        "V3_A_p": 2.34267e-08,
        "V4_0": 1.45339e-08,
        "r_0": 1.24706,
        "r_A": 0.233846,
        "a_0": 0.690944,
        "a_A": -0.000253465
    },
    "KDCoulomb": {
        "r_C_0": 1.2347,
        "r_C_A": 0.961878,
        "r_C_A2": 8.87697
    },
    "KDRealSpinOrbit": {
        "V1_0": 5.50117,
        "V1_A": 0.0134861,
        "V2_0": 0.00472553,
        "r_0": 1.11913,
        "r_A": 0.42551,
        "a_0": 0.638387
    },
    "KDImagSpinOrbit": {
        "W1_0": -7.46731,
        "W2_0": 238.321
    },
    "KDImagVolume": {
        "W1_0_n": 26.2487,
        "W1_A_n": 0.0202249,
        "W1_0_p": 20.9636,
        "W1_A_p": 0.0889889,
        "W2_0": 170.772,
        "W2_A": 0.0592175
    },
    "KDImagSurface": {
        "D1_0": 16.2399,
        "D1_asymm": -1.22967,
        "D2_0": 0.00891426,
        "D2_A": 0.00854719,
        "D2_A2": 6.91223,
        "D2_A3": 502.514,
        "D3_0": 14.4063,
        "r_0": 1.27186,
        "r_A": 0.0093255,
        "a_0_n": 0.5537,
        "a_A_n": -0.000246507,
        "a_0_p": 0.503739,
        "a_A_p": 0.00105411
    }
}