{
    "ECS_p": 0.375849,
    "ECS_n": 0.226689,
    "APower_p": 0.667735,
    "APower_n": 0.389987,
    "RCS_p": 0.0163103,
    "TCS_n": 0.0207146
}