{
    "KDHartreeFock": {
        "V1_0": 57.9679,
        "V1_asymm": 9.0688,
        "V1_A": 0.0252035,
        "V2_0_n": 0.0049283,
        "V2_A_n": -4.92782e-06,
        "V3_0_n": 5.30222e-07,
        "V3_A_n": -1.33372e-08,
        "V2_0_p": 0.00468775,
        "V2_A_p": 1.96521e-05,
        "V3_0_p": -3.31861e-07,
        "V3_A_p": 1.395e-07,
        "V4_0": -2.13539e-08,
        "r_0": 1.29286,
        "r_A": 0.444294,
        "a_0": 0.689959,
        "a_A": -0.000168258
    },
    "KDCoulomb": {
        "r_C_0": 1.37505,
        "r_C_A": 0.626077,
        "r_C_A2": -20.7946
    },
    "KDRealSpinOrbit": {
        "V1_0": 6.83302,
        "V1_A": 0.0120805,
        "V2_0": 0.0113685,
        "r_0": 1.16168,
        "r_A": 0.32379,
        "a_0": 0.553059
    },
    "KDImagSpinOrbit": {
        "W1_0": -2.94538,
        "W2_0": 238.401
    },
    "KDImagVolume": {
        "W1_0_n": 22.4789,
        "W1_A_n": -0.0195761,
        "W1_0_p": 17.8018,
        "W1_A_p": -0.000952087,
        "W2_0": 102.565,
        "W2_A": -0.119894
    },
    "KDImagSurface": {
        "D1_0": 13.6214,
        "D1_asymm": 8.71283,
        "D2_0": 0.0392028,
        "D2_A": -0.0152449,
        "D2_A2": 10.8075,
        "D2_A3": 355.587,
        "D3_0": 11.9109,
        "r_0": 1.35443,
        "r_A": 0.0162544,
        "a_0_n": 0.576446,
        "a_A_n": 3.35328e-05,
        "a_0_p": 0.529536,
        "a_A_p": 0.00132653
    }
}