{
    "ECS_p": 0.32421,
    "ECS_n": 0.147199,
    "APower_p": 0.335559,
    "APower_n": 0.425553,
    "RCS_p": 0.0114811,
    "TCS_n": 0.0246865
}