{
    "KDHartreeFock": {
        "V1_0": 58.1724,
        "V1_asymm": 11.9161,
        "V1_A": 0.029834,
        "V2_0_n": 0.00553135,
        "V2_A_n": -4.03022e-06,
        "V3_0_n": 4.85641e-06,
        "V3_A_n": -2.85524e-08,
        "V2_0_p": 0.00707547,
        "V2_A_p": -2.49045e-06,
        "V3_0_p": 1.6661e-05,
        "V3_A_p": -2.64625e-08,
        "V4_0": -3.96117e-09,
        "r_0": 1.27773,
        "r_A": 0.373942,
        "a_0": 0.656795,
        "a_A": -0.000114539
    },
    "KDCoulomb": {
        "r_C_0": 1.27878,
        "r_C_A": 1.12031,
        "r_C_A2": 21.634
    },
    "KDRealSpinOrbit": {
        "V1_0": 4.01656,
        "V1_A": 0.0195104,
        "V2_0": 0.00349525,
        "r_0": 1.05418,
        "r_A": -0.0145683,
        "a_0": 0.680842
    },
    "KDImagSpinOrbit": {
        "W1_0": -4.73546,
        "W2_0": 213.18
    },
    "KDImagVolume": {
        "W1_0_n": 25.5996,
        "W1_A_n": 0.0182198,
        "W1_0_p": 19.344,
        "W1_A_p": 0.0724233,
        "W2_0": 113.312,
        "W2_A": 0.450626
    },
    "KDImagSurface": {
        "D1_0": 12.7028,
        "D1_asymm": 14.8316,
        "D2_0": 0.0185231,
        "D2_A": 0.00553592,
        "D2_A2": 10.9723,
        "D2_A3": 13.7861,
        "D3_0": 14.4923,
        "r_0": 1.23896,
        "r_A": 0.00731354,
        "a_0_n": 0.624489,
        "a_A_n": -0.00153245,
        "a_0_p": 0.550488,
        "a_A_p": 0.00256764
    }
}