{
    "ECS_p": 0.221126,
    "ECS_n": 0.168908,
    "APower_p": 0.410774,
    "APower_n": 0.131147,
    "RCS_p": 0.00541239,
    "TCS_n": 0.0205041
}