{
    "KDHartreeFock": {
        "V1_0": 60.6483,
        "V1_asymm": 12.5528,
        "V1_A": 0.0402741,
        "V2_0_n": 0.00672346,
        "V2_A_n": -1.48099e-06,
        "V3_0_n": 1.3114e-05,
        "V3_A_n": -1.5173e-08,
        "V2_0_p": 0.0065252,
        "V2_A_p": 9.82425e-06,
        "V3_0_p": 1.71927e-05,
        "V3_A_p": 5.40978e-08,
        "V4_0": 7.15852e-09,
        "r_0": 1.33899,
        "r_A": 0.613744,
        "a_0": 0.690877,
        "a_A": 0.000224477
    },
    "KDCoulomb": {
        "r_C_0": 1.09427,
        "r_C_A": 0.136643,
        "r_C_A2": -2.15961
    },
    "KDRealSpinOrbit": {
        "V1_0": 6.67195,
        "V1_A": 0.00503773,
        "V2_0": 0.0070279,
        "r_0": 1.27227,
        "r_A": 1.11926,
        "a_0": 0.569529
    },
    "KDImagSpinOrbit": {
        "W1_0": -5.37387,
        "W2_0": 177.832
    },
    "KDImagVolume": {
        "W1_0_n": 27.364,
        "W1_A_n": -0.0236922,
        "W1_0_p": 27.8474,
        "W1_A_p": -0.0170287,
        "W2_0": 151.619,
        "W2_A": -0.0874608
    },
    "KDImagSurface": {
        "D1_0": 13.3999,
        "D1_asymm": 9.22352,
        "D2_0": 0.0185635,
        "D2_A": -0.00134274,
        "D2_A2": 12.4193,
        "D2_A3": 186.842,
        "D3_0": 9.5447,
        "r_0": 1.42166,
        "r_A": 0.038255,
        "a_0_n": 0.518091,
        "a_A_n": -0.000230757,
        "a_0_p": 0.422526,
        "a_A_p": 0.00269182
    }
}