{
    "ECS_p": 0.3112,
    "ECS_n": 0.224175,
    "APower_p": 0.24011,
    "APower_n": 0.21181,
    "RCS_p": 0.0128543,
    "TCS_n": 0.0217934
}