{
    "KDHartreeFock": {
        "V1_0": 59.5159,
        "V1_asymm": 18.945,
        "V1_A": 0.0280931,
        "V2_0_n": 0.00672562,
        "V2_A_n": 4.82936e-06,
        "V3_0_n": 1.23298e-05,
        "V3_A_n": 4.13232e-08,
        "V2_0_p": 0.00667163,
        "V2_A_p": 1.17623e-05,
        "V3_0_p": 1.10012e-05,
        "V3_A_p": 6.69323e-08,
        "V4_0": -1.02743e-08,
        "r_0": 1.30909,
        "r_A": 0.543132,
        "a_0": 0.689503,
        "a_A": 0.000169503
    },
    "KDCoulomb": {
        "r_C_0": 1.11361,
        "r_C_A": 1.07406,
        "r_C_A2": 19.0994
    },
    "KDRealSpinOrbit": {
        "V1_0": 3.73103,
        "V1_A": 0.0148323,
        "V2_0": 0.000580367,
        "r_0": 1.1345,
        "r_A": 0.576654,
        "a_0": 0.596669
    },
    "KDImagSpinOrbit": {
        "W1_0": -6.38126,
        "W2_0": 330.16
    },
    "KDImagVolume": {
        "W1_0_n": 18.5743,
        "W1_A_n": -0.00570322,
        "W1_0_p": 19.4876,
        "W1_A_p": 0.0506667,
        "W2_0": 96.9531,
        "W2_A": 0.0127565
    },
    "KDImagSurface": {
        "D1_0": 10.8416,
        "D1_asymm": 3.88588,
        "D2_0": -0.00281726,
        "D2_A": 0.0195241,
        "D2_A2": 8.12966,
        "D2_A3": 427.01,
        "D3_0": 9.38787,
        "r_0": 1.38462,
        "r_A": 0.0172669,
        "a_0_n": 0.546041,
        "a_A_n": -3.78508e-05,
        "a_0_p": 0.554941,
        "a_A_p": 0.00125073
    }
}