{
    "ECS_p": 0.344498,
    "ECS_n": 0.206969,
    "APower_p": 0.541424,
    "APower_n": 0.164587,
    "RCS_p": 0.0275877,
    "TCS_n": 0.035976
}