{
    "KDHartreeFock": {
        "V1_0": 58.5107,
        "V1_asymm": 8.06965,
        "V1_A": 0.0302956,
        "V2_0_n": 0.00557769,
        "V2_A_n": 3.40976e-06,
        "V3_0_n": -2.79565e-06,
        "V3_A_n": 5.58387e-09,
        "V2_0_p": 0.00633103,
        "V2_A_p": -6.34591e-06,
        "V3_0_p": 9.68889e-06,
        "V3_A_p": -1.12872e-07,
        "V4_0": -3.24851e-08,
        "r_0": 1.22464,
        "r_A": 0.193408,
        "a_0": 0.655672,
        "a_A": -0.000664942
    },
    "KDCoulomb": {
        "r_C_0": 1.22763,
        "r_C_A": 0.201357,
        "r_C_A2": 9.83458
    },
    "KDRealSpinOrbit": {
        "V1_0": 5.30137,
        "V1_A": -0.00212899,
        "V2_0": 0.00329944,
        "r_0": 1.15277,
        "r_A": 0.421353,
        "a_0": 0.650736
    },
    "KDImagSpinOrbit": {
        "W1_0": -2.95724,
        "W2_0": 360.751
    },
    "KDImagVolume": {
        "W1_0_n": 22.1149,
        "W1_A_n": 0.00179778,
        "W1_0_p": 11.0391,
        "W1_A_p": 0.0679108,
        "W2_0": 72.8757,
        "W2_A": 0.310889
    },
    "KDImagSurface": {
        "D1_0": 19.8859,
        "D1_asymm": 12.4918,
        "D2_0": -0.0125338,
        "D2_A": 0.0404737,
        "D2_A2": 10.9391,
        "D2_A3": 235.525,
        "D3_0": 14.5447,
        "r_0": 1.24903,
        "r_A": -0.0120946,
        "a_0_n": 0.511359,
        "a_A_n": -0.000214902,
        "a_0_p": 0.492993,
        "a_A_p": 0.00134076
    }
}