{
    "ECS_p": 0.293022,
    "ECS_n": 0.184074,
    "APower_p": 0.25157,
    "APower_n": 0.230663,
    "RCS_p": 0.00664107,
    "TCS_n": 0.0289249
}