{
    "KDHartreeFock": {
        "V1_0": 56.845,
        "V1_asymm": 15.8408,
        "V1_A": 0.0229887,
        "V2_0_n": 0.00600899,
        "V2_A_n": 6.55554e-06,
        "V3_0_n": 6.21078e-06,
        "V3_A_n": 2.86126e-08,
        "V2_0_p": 0.00724217,
        "V2_A_p": 4.50392e-06,
        "V3_0_p": 1.77295e-05,
        "V3_A_p": 3.28961e-08,
        "V4_0": -1.05126e-08,
        "r_0": 1.2585,
        "r_A": 0.220598,
        "a_0": 0.64851,
        "a_A": -4.50243e-05
    },
    "KDCoulomb": {
        "r_C_0": 1.28784,
        "r_C_A": 0.0825504,
        "r_C_A2": 20.8241
    },
    "KDRealSpinOrbit": {
        "V1_0": 6.83493,
        "V1_A": -0.00686592,
        "V2_0": 0.00725553,
        "r_0": 1.18571,
        "r_A": 0.540956,
        "a_0": 0.546594
    },
    "KDImagSpinOrbit": {
        "W1_0": -1.98012,
        "W2_0": 121.776
    },
    "KDImagVolume": {
        "W1_0_n": 24.4554,
        "W1_A_n": -0.0266375,
        "W1_0_p": 21.7551,
        "W1_A_p": -0.0193597,
        "W2_0": 126.422,
        "W2_A": -0.235037
    },
    "KDImagSurface": {
        "D1_0": 14.5843,
        "D1_asymm": 9.00059,
        "D2_0": 0.0106816,
        "D2_A": 0.0128134,
        "D2_A2": 10.7248,
        "D2_A3": 426.57,
        "D3_0": 13.253,
        "r_0": 1.34056,
        "r_A": 0.0153685,
        "a_0_n": 0.593974,
        "a_A_n": 0.000366718,
        "a_0_p": 0.505871,
        "a_A_p": 0.00214944
    }
}