{
    "ECS_p": 0.307178,
    "ECS_n": 0.284258,
    "APower_p": 0.858084,
    "APower_n": 0.734257,
    "RCS_p": 0.0240038,
    "TCS_n": 0.0252264
}