{
    "KDHartreeFock": {
        "V1_0": 57.8364,
        "V1_asymm": 14.2568,
        "V1_A": 0.0359867,
        "V2_0_n": 0.00627046,
        "V2_A_n": -5.39025e-08,
        "V3_0_n": 1.21497e-05,
        "V3_A_n": 3.93596e-08,
        "V2_0_p": 0.00856885,
        "V2_A_p": -1.47846e-06,
        "V3_0_p": 2.22854e-05,
        "V3_A_p": -1.2098e-08,
        "V4_0": -1.44196e-08,
        "r_0": 1.29367,
        "r_A": 0.295307,
        "a_0": 0.601015,
        "a_A": -0.000390592
    },
    "KDCoulomb": {
        "r_C_0": 1.14314,
        "r_C_A": 0.0881191,
        "r_C_A2": 4.97358
    },
    "KDRealSpinOrbit": {
        "V1_0": 5.16177,
        "V1_A": 0.00709607,
        "V2_0": 0.0058279,
        "r_0": 1.20071,
        "r_A": 0.522291,
        "a_0": 0.524803
    },
    "KDImagSpinOrbit": {
        "W1_0": -4.02717,
        "W2_0": 150.542
    },
    "KDImagVolume": {
        "W1_0_n": 12.2053,
        "W1_A_n": 0.054556,
        "W1_0_p": 15.6859,
        "W1_A_p": 0.0271764,
        "W2_0": 54.3934,
        "W2_A": 0.272938
    },
    "KDImagSurface": {
        "D1_0": 18.3963,
        "D1_asymm": 9.05158,
        "D2_0": 0.0369939,
        "D2_A": -0.00365755,
        "D2_A2": -1.72512,
        "D2_A3": 174.036,
        "D3_0": 10.4752,
        "r_0": 1.25316,
        "r_A": -0.00960846,
        "a_0_n": 0.584822,
        "a_A_n": 0.000740499,
        "a_0_p": 0.549295,
        "a_A_p": 0.000571481
    }
}