{
    "ECS_p": 0.291898,
    "ECS_n": 0.200315,
    "APower_p": 0.321286,
    "APower_n": 0.176017,
    "RCS_p": 0.0188689,
    "TCS_n": 0.0243902
}