{
    "KDHartreeFock": {
        "V1_0": 57.688,
        "V1_asymm": 7.83155,
        "V1_A": 0.0319204,
        "V2_0_n": 0.00731227,
        "V2_A_n": 4.65508e-06,
        "V3_0_n": 2.08115e-05,
        "V3_A_n": 2.9899e-08,
        "V2_0_p": 0.00814304,
        "V2_A_p": 7.27517e-06,
        "V3_0_p": 2.73304e-05,
        "V3_A_p": 7.64151e-08,
        "V4_0": 2.24602e-08,
        "r_0": 1.28897,
        "r_A": 0.326752,
        "a_0": 0.694927,
        "a_A": 0.00016868
    },
    "KDCoulomb": {
        "r_C_0": 1.356,
        "r_C_A": 0.12102,
        "r_C_A2": 12.9373
    },
    "KDRealSpinOrbit": {
        "V1_0": 5.96724,
        "V1_A": -0.00252347,
        "V2_0": 0.0093002,
        "r_0": 1.11695,
        "r_A": 0.215282,
        "a_0": 0.525228
    },
    "KDImagSpinOrbit": {
        "W1_0": -5.64779,
        "W2_0": 345.923
    },
    "KDImagVolume": {
        "W1_0_n": 17.8079,
        "W1_A_n": 0.0388809,
        "W1_0_p": 13.7674,
        "W1_A_p": 0.048031,
        "W2_0": 67.5865,
        "W2_A": 0.340735
    },
    "KDImagSurface": {
        "D1_0": 16.3991,
        "D1_asymm": 27.7783,
        "D2_0": -0.0392438,
        "D2_A": 0.0688974,
        "D2_A2": 21.0317,
        "D2_A3": 275.378,
        "D3_0": 7.77729,
        "r_0": 1.35519,
        "r_A": 0.0235677,
        "a_0_n": 0.490702,
        "a_A_n": -0.00064806,
        "a_0_p": 0.528128,
        "a_A_p": 0.00137382
    }
}