{
    "ECS_p": 0.308489,
    "ECS_n": 0.184682,
    "APower_p": 0.422634,
    "APower_n": 0.284716,
    "RCS_p": 0.0136011,
    "TCS_n": 0.0194971
}