{
    "KDHartreeFock": {
        "V1_0": 60.0762,
        "V1_asymm": 12.2993,
        "V1_A": 0.0449051,
        "V2_0_n": 0.00697185,
        "V2_A_n": 8.65303e-06,
        "V3_0_n": 1.70534e-05,
        "V3_A_n": 4.74918e-08,
        "V2_0_p": 0.0072858,
        "V2_A_p": -6.67271e-06,
        "V3_0_p": 2.00558e-05,
        "V3_A_p": -4.41974e-08,
        "V4_0": 3.83677e-09,
        "r_0": 1.27529,
        "r_A": 0.37818,
        "a_0": 0.685341,
        "a_A": 4.63343e-05
    },
    "KDCoulomb": {
        "r_C_0": 1.25685,
        "r_C_A": -0.0962579,
        "r_C_A2": 8.29284
    },
    "KDRealSpinOrbit": {
        "V1_0": 7.6042,
        "V1_A": -0.0238138,
        "V2_0": 0.00549927,
        "r_0": 1.19921,
        "r_A": 0.849866,
        "a_0": 0.654069
    },
    "KDImagSpinOrbit": {
        "W1_0": -6.05159,
        "W2_0": 233.739
    },
    "KDImagVolume": {
        "W1_0_n": 20.4364,
        "W1_A_n": 0.0229432,
        "W1_0_p": 24.0799,
        "W1_A_p": 0.00567112,
        "W2_0": 132.327,
        "W2_A": 0.0836992
    },
    "KDImagSurface": {
        "D1_0": 12.5033,
        "D1_asymm": 10.5723,
        "D2_0": -0.00535877,
        "D2_A": 0.0212219,
        "D2_A2": 15.5868,
        "D2_A3": 343.459,
        "D3_0": 11.8829,
        "r_0": 1.28634,
        "r_A": 0.00870614,
        "a_0_n": 0.57815,
        "a_A_n": -0.000323832,
        "a_0_p": 0.495309,
        "a_A_p": 0.00176831
    }
}