{
    "ECS_p": 0.485156,
    "ECS_n": 0.294275,
    "APower_p": 0.586014,
    "APower_n": 0.666319,
    "RCS_p": 0.0260812,
    "TCS_n": 0.0458943
}