{
    "KDHartreeFock": {
        "V1_0": 59.2035,
        "V1_asymm": -0.869689,
        "V1_A": 0.0385236,
        "V2_0_n": 0.00720003,
        "V2_A_n": 5.55292e-07,
        "V3_0_n": 2.22131e-05,
        "V3_A_n": 1.62973e-08,
        "V2_0_p": 0.00669366,
        "V2_A_p": 3.02358e-06,
        "V3_0_p": 1.86883e-05,
        "V3_A_p": 2.8323e-08,
        "V4_0": 1.91888e-08,
        "r_0": 1.30528,
        "r_A": 0.444825,
        "a_0": 0.633272,
        "a_A": -0.000165091
    },
    "KDCoulomb": {
        "r_C_0": 1.47511,
        "r_C_A": -0.272339,
        "r_C_A2": -0.862367
    },
    "KDRealSpinOrbit": {
        "V1_0": 4.72587,
        "V1_A": -0.00236719,
        "V2_0": 0.00440297,
        "r_0": 1.26245,
        "r_A": 0.93437,
        "a_0": 0.595335
    },
    "KDImagSpinOrbit": {
        "W1_0": -2.81867,
        "W2_0": 174.702
    },
    "KDImagVolume": {
        "W1_0_n": 17.1362,
        "W1_A_n": -0.00449606,
        "W1_0_p": 20.2233,
        "W1_A_p": -0.0289596,
        "W2_0": 105.023,
        "W2_A": -0.168199
    },
    "KDImagSurface": {
        "D1_0": 20.5692,
        "D1_asymm": -2.84445,
        "D2_0": 0.0296449,
        "D2_A": -0.0220036,
        "D2_A2": 16.9292,
        "D2_A3": -138.908,
        "D3_0": 13.1324,
        "r_0": 1.35074,
        "r_A": 0.0150708,
        "a_0_n": 0.568896,
        "a_A_n": 0.000829537,
        "a_0_p": 0.441263,
        "a_A_p": 0.00185604
    }
}