{
    "ECS_p": 0.20627,
    "ECS_n": 0.270147,
    "APower_p": 0.507645,
    "APower_n": 0.273703,
    "RCS_p": 0.0123917,
    "TCS_n": 0.0196106
}