{
    "KDHartreeFock": {
        "V1_0": 55.5058,
        "V1_asymm": 14.8002,
        "V1_A": 0.00889808,
        "V2_0_n": 0.00524769,
        "V2_A_n": -1.40553e-06,
        "V3_0_n": 7.08784e-07,
        "V3_A_n": -1.15494e-08,
        "V2_0_p": 0.00612148,
        "V2_A_p": 1.14657e-05,
        "V3_0_p": 8.15709e-06,
        "V3_A_p": 5.76104e-08,
        "V4_0": -2.1988e-08,
        "r_0": 1.2838,
        "r_A": 0.317466,
        "a_0": 0.699861,
        "a_A": 0.000189964
    },
    "KDCoulomb": {
        "r_C_0": 1.22313,
        "r_C_A": -0.0393464,
        "r_C_A2": 0.951937
    },
    "KDRealSpinOrbit": {
        "V1_0": 6.74052,
        "V1_A": 0.000933673,
        "V2_0": 0.00588209,
        "r_0": 1.23326,
        "r_A": 0.661491,
        "a_0": 0.602865
    },
    "KDImagSpinOrbit": {
        "W1_0": -0.927718,
        "W2_0": 192.008
    },
    "KDImagVolume": {
        "W1_0_n": 18.3469,
        "W1_A_n": -0.00369315,
        "W1_0_p": 18.8703,
        "W1_A_p": -0.0299644,
        "W2_0": 80.6298,
        "W2_A": -0.0342795
    },
    "KDImagSurface": {
        "D1_0": 19.0187,
        "D1_asymm": 16.818,
        "D2_0": -0.0111235,
        "D2_A": 0.0454363,
        "D2_A2": 3.09043,
        "D2_A3": 254.389,
        "D3_0": 12.5986,
        "r_0": 1.27304,
        "r_A": 0.0059018,
        "a_0_n": 0.566654,
        "a_A_n": 0.000186608,
        "a_0_p": 0.520678,
        "a_A_p": 0.00157277
    }
}