{
    "ECS_p": 0.274573,
    "ECS_n": 0.217547,
    "APower_p": 0.318065,
    "APower_n": 0.233137,
    "RCS_p": 0.0179682,
    "TCS_n": 0.0187243
}