{
    "KDHartreeFock": {
        "V1_0": 58.4848,
        "V1_asymm": 22.0873,
        "V1_A": 0.018966,
        "V2_0_n": 0.00560193,
        "V2_A_n": 3.63979e-06,
        "V3_0_n": 5.61671e-06,
        "V3_A_n": 3.86594e-08,
        "V2_0_p": 0.00480946,
        "V2_A_p": 1.00223e-05,
        "V3_0_p": -1.83466e-07,
        "V3_A_p": 6.58037e-08,
        "V4_0": -2.07872e-08,
        "r_0": 1.24576,
        "r_A": 0.355091,
        "a_0": 0.696002,
        "a_A": -0.000338791
    },
    "KDCoulomb": {
        "r_C_0": 1.23775,
        "r_C_A": 0.687421,
        "r_C_A2": -3.482
    },
    "KDRealSpinOrbit": {
        "V1_0": 5.66444,
        "V1_A": 0.00207499,
        "V2_0": 0.00303078,
        "r_0": 1.17968,
        "r_A": 0.645773,
        "a_0": 0.642041
    },
    "KDImagSpinOrbit": {
        "W1_0": -3.50092,
        "W2_0": 287.247
    },
    "KDImagVolume": {
        "W1_0_n": 18.6083,
        "W1_A_n": 0.0632564,
        "W1_0_p": 25.5632,
        "W1_A_p": 0.0413503,
        "W2_0": 129.241,
        "W2_A": 0.190893
    },
    "KDImagSurface": {
        "D1_0": 14.7202,
        "D1_asymm": 12.5919,
        "D2_0": -0.0242223,
        "D2_A": 0.0443284,
        "D2_A2": -10.8565,
        "D2_A3": -53.1334,
        "D3_0": 14.7197,
        "r_0": 1.31137,
        "r_A": 0.0133089,
        "a_0_n": 0.613134,
        "a_A_n": -0.000319917,
        "a_0_p": 0.518619,
        "a_A_p": 0.00170169
    }
}