{
    "ECS_p": 0.318069,
    "ECS_n": 0.246315,
    "APower_p": 0.695438,
    "APower_n": 0.672059,
    "RCS_p": 0.0546251,
    "TCS_n": 0.0519756
}