{
    "KDHartreeFock": {
        "V1_0": 58.7324,
        "V1_asymm": 16.7289,
        "V1_A": 0.0230232,
        "V2_0_n": 0.00617455,
        "V2_A_n": -8.25958e-06,
        "V3_0_n": 1.81247e-05,
        "V3_A_n": 1.77347e-08,
        "V2_0_p": 0.00751551,
        "V2_A_p": 6.802e-06,
        "V3_0_p": 1.95741e-05,
        "V3_A_p": 6.01272e-08,
        "V4_0": 5.93669e-10,
        "r_0": 1.29456,
        "r_A": 0.395422,
        "a_0": 0.627661,
        "a_A": -0.000316634
    },
    "KDCoulomb": {
        "r_C_0": 1.24709,
        "r_C_A": 1.13224,
        "r_C_A2": 35.9942
    },
    "KDRealSpinOrbit": {
        "V1_0": 6.26217,
        "V1_A": 0.0114037,
        "V2_0": 0.00859561,
        "r_0": 1.14888,
        "r_A": 0.584281,
        "a_0": 0.624328
    },
    "KDImagSpinOrbit": {
        "W1_0": -6.42778,
        "W2_0": 277.645
    },
    "KDImagVolume": {
        "W1_0_n": 3.26234,
        "W1_A_n": 0.123279,
        "W1_0_p": 15.8824,
        "W1_A_p": 0.0191243,
        "W2_0": 112.396,
        "W2_A": -0.149903
    },
    "KDImagSurface": {
        "D1_0": 12.7598,
        "D1_asymm": 6.54368,
        "D2_0": 0.013214,
        "D2_A": 0.0067229,
        "D2_A2": 8.96692,
        "D2_A3": 304.598,
        "D3_0": 7.73519,
        "r_0": 1.33472,
        "r_A": 0.0137862,
        "a_0_n": 0.583776,
        "a_A_n": 0.000560464,
        "a_0_p": 0.534425,
        "a_A_p": 0.000220347
    }
}