{
    "ECS_p": 0.433281,
    "ECS_n": 0.210727,
    "APower_p": 0.317069,
    "APower_n": 0.231324,
    "RCS_p": 0.0156996,
    "TCS_n": 0.0272695
}