{
    "KDHartreeFock": {
        "V1_0": 55.7845,
        "V1_asymm": 12.1023,
        "V1_A": 0.0157854,
        "V2_0_n": 0.0062831,
        "V2_A_n": -3.34592e-06,
        "V3_0_n": 1.13073e-05,
        "V3_A_n": -2.34176e-08,
        "V2_0_p": 0.00866014,
        "V2_A_p": 2.81813e-06,
        "V3_0_p": 2.73114e-05,
        "V3_A_p": 2.84547e-08,
        "V4_0": 9.85416e-09,
        "r_0": 1.26953,
        "r_A": 0.23524,
        "a_0": 0.662223,
        "a_A": -0.000156488
    },
    "KDCoulomb": {
        "r_C_0": 1.2372,
        "r_C_A": -0.461834,
        "r_C_A2": -5.52095
    },
    "KDRealSpinOrbit": {
        "V1_0": 5.73351,
        "V1_A": 0.00179879,
        "V2_0": 0.00480812,
        "r_0": 1.239,
        "r_A": 0.796301,
        "a_0": 0.563961
    },
    "KDImagSpinOrbit": {
        "W1_0": -5.13905,
        "W2_0": 267.578
    },
    "KDImagVolume": {
        "W1_0_n": 24.9306,
        "W1_A_n": -0.00422212,
        "W1_0_p": 18.4767,
        "W1_A_p": 0.0147525,
        "W2_0": 151.122,
        "W2_A": -0.0777773
    },
    "KDImagSurface": {
        "D1_0": 13.8115,
        "D1_asymm": -5.94169,
        "D2_0": 0.0203881,
        "D2_A": 0.0134019,
        "D2_A2": 3.91277,
        "D2_A3": -320.194,
        "D3_0": 12.8599,
        "r_0": 1.32472,
        "r_A": 0.00898912,
        "a_0_n": 0.537104,
        "a_A_n": 1.86638e-05,
        "a_0_p": 0.538083,
        "a_A_p": 0.00184256
    }
}