{
    "ECS_p": 0.246025,
    "ECS_n": 0.175165,
    "APower_p": 0.38152,
    "APower_n": 0.27755,
    "RCS_p": 0.0259439,
    "TCS_n": 0.023654
}