{
    "KDHartreeFock": {
        "V1_0": 61.0941,
        "V1_asymm": 2.46236,
        "V1_A": 0.0490122,
        "V2_0_n": 0.00615147,
        "V2_A_n": 7.1392e-06,
        "V3_0_n": 1.53637e-05,
        "V3_A_n": 3.7474e-08,
        "V2_0_p": 0.00780048,
        "V2_A_p": -1.27191e-05,
        "V3_0_p": 2.20005e-05,
        "V3_A_p": -4.99652e-08,
        "V4_0": 2.16734e-08,
        "r_0": 1.23515,
        "r_A": 0.356082,
        "a_0": 0.702717,
        "a_A": -0.000339006
    },
    "KDCoulomb": {
        "r_C_0": 1.27886,
        "r_C_A": 1.74006,
        "r_C_A2": 20.8871
    },
    "KDRealSpinOrbit": {
        "V1_0": 5.50833,
        "V1_A": 0.00239213,
        "V2_0": 0.00406972,
        "r_0": 1.28083,
        "r_A": 1.06344,
        "a_0": 0.613535
    },
    "KDImagSpinOrbit": {
        "W1_0": -2.612,
        "W2_0": 249.805
    },
    "KDImagVolume": {
        "W1_0_n": 25.2874,
        "W1_A_n": -0.0187235,
        "W1_0_p": 22.8724,
        "W1_A_p": 0.0454301,
        "W2_0": 131.974,
        "W2_A": -0.0750738
    },
    "KDImagSurface": {
        "D1_0": 31.3915,
        "D1_asymm": -0.306524,
        "D2_0": 0.0400483,
        "D2_A": 0.00405972,
        "D2_A2": 4.69294,
        "D2_A3": -116.978,
        "D3_0": 19.3757,
        "r_0": 1.32724,
        "r_A": 0.0076261,
        "a_0_n": 0.526192,
        "a_A_n": -9.68729e-06,
        "a_0_p": 0.564181,
        "a_A_p": 0.00200519
    }
}