{
    "ECS_p": 0.329655,
    "ECS_n": 0.54727,
    "APower_p": 0.861154,
    "APower_n": 0.637904,
    "RCS_p": 0.0132545,
    "TCS_n": 0.0352041
}