{
    "KDHartreeFock": {
        "V1_0": 60.2231,
        "V1_asymm": 2.5627,
        "V1_A": 0.038303,
        "V2_0_n": 0.00709267,
        "V2_A_n": 6.07329e-06,
        "V3_0_n": 2.40904e-05,
        "V3_A_n": 3.71072e-08,
        "V2_0_p": 0.00698616,
        "V2_A_p": -5.17476e-06,
        "V3_0_p": 2.55761e-05,
        "V3_A_p": -8.24282e-09,
        "V4_0": 4.2552e-08,
        "r_0": 1.28623,
        "r_A": 0.465313,
        "a_0": 0.662765,
        "a_A": -0.000294743
    },
    "KDCoulomb": {
        "r_C_0": 1.06754,
        "r_C_A": -1.28102,
        "r_C_A2": 9.50048
    },
    "KDRealSpinOrbit": {
        "V1_0": 7.83043,
        "V1_A": -0.00979745,
        "V2_0": 0.00874456,
        "r_0": 1.22498,
        "r_A": 0.76145,
        "a_0": 0.557603
    },
    "KDImagSpinOrbit": {
        "W1_0": -1.87254,
        "W2_0": 101.804
    },
    "KDImagVolume": {
        "W1_0_n": 20.8867,
        "W1_A_n": 0.0121848,
        "W1_0_p": 19.5453,
        "W1_A_p": -0.0107264,
        "W2_0": 107.257,
        "W2_A": -0.205901
    },
    "KDImagSurface": {
        "D1_0": 13.2531,
        "D1_asymm": 21.2838,
        "D2_0": 0.0930415,
        "D2_A": -0.0709843,
        "D2_A2": 25.6879,
        "D2_A3": 349.946,
        "D3_0": 11.2338,
        "r_0": 1.50185,
        "r_A": 0.0478387,
        "a_0_n": 0.574138,
        "a_A_n": -0.000196254,
        "a_0_p": 0.476123,
        "a_A_p": 0.0015241
    }
}