{
    "ECS_p": 0.312637,
    "ECS_n": 0.196356,
    "APower_p": 0.390458,
    "APower_n": 0.27798,
    "RCS_p": 0.00717831,
    "TCS_n": 0.0281366
}