{
    "KDHartreeFock": {
        "V1_0": 58.3749,
        "V1_asymm": 11.2078,
        "V1_A": 0.0267947,
        "V2_0_n": 0.00596169,
        "V2_A_n": -5.28349e-06,
        "V3_0_n": 9.04588e-06,
        "V3_A_n": -3.51671e-08,
        "V2_0_p": 0.00891657,
        "V2_A_p": -5.24156e-06,
        "V3_0_p": 2.62881e-05,
        "V3_A_p": 6.36448e-09,
        "V4_0": 1.78155e-09,
        "r_0": 1.31413,
        "r_A": 0.463668,
        "a_0": 0.668093,
        "a_A": 8.73165e-05
    },
    "KDCoulomb": {
        "r_C_0": 1.11686,
        "r_C_A": 0.625549,
        "r_C_A2": 45.211
    },
    "KDRealSpinOrbit": {
        "V1_0": 7.10357,
        "V1_A": 0.00221481,
        "V2_0": 0.00842911,
        "r_0": 1.07092,
        "r_A": 0.113358,
        "a_0": 0.597225
    },
    "KDImagSpinOrbit": {
        "W1_0": -4.18963,
        "W2_0": 230.973
    },
    "KDImagVolume": {
        "W1_0_n": 25.5099,
        "W1_A_n": -0.0477029,
        "W1_0_p": 22.1501,
        "W1_A_p": -0.00825994,
        "W2_0": 128.589,
        "W2_A": -0.087715
    },
    "KDImagSurface": {
        "D1_0": 21.4886,
        "D1_asymm": 2.48843,
        "D2_0": 0.023956,
        "D2_A": 0.00909592,
        "D2_A2": 14.3688,
        "D2_A3": 85.008,
        "D3_0": 15.6954,
        "r_0": 1.47541,
        "r_A": 0.0413961,
        "a_0_n": 0.505491,
        "a_A_n": 0.000191846,
        "a_0_p": 0.569509,
        "a_A_p": 0.000438801
    }
}