{
    "ECS_p": 0.263334,
    "ECS_n": 0.184614,
    "APower_p": 0.40977,
    "APower_n": 0.172297,
    "RCS_p": 0.0199889,
    "TCS_n": 0.0283456
}