{
    "KDHartreeFock": {
        "V1_0": 59.2944,
        "V1_asymm": 14.4783,
        "V1_A": 0.0232203,
        "V2_0_n": 0.00673866,
        "V2_A_n": 4.87348e-06,
        "V3_0_n": 1.3824e-05,
        "V3_A_n": 2.31062e-08,
        "V2_0_p": 0.00699362,
        "V2_A_p": -2.33627e-06,
        "V3_0_p": 1.5497e-05,
        "V3_A_p": -1.38169e-08,
        "V4_0": -5.73796e-09,
        "r_0": 1.20476,
        "r_A": 0.105723,
        "a_0": 0.686688,
        "a_A": -0.000284334
    },
    "KDCoulomb": {
        "r_C_0": 1.19775,
        "r_C_A": 0.872366,
        "r_C_A2": 17.2407
    },
    "KDRealSpinOrbit": {
        "V1_0": 7.51847,
        "V1_A": -0.00996342,
        "V2_0": 0.00959132,
        "r_0": 1.04281,
        "r_A": -0.116596,
        "a_0": 0.576828
    },
    "KDImagSpinOrbit": {
        "W1_0": -3.98046,
        "W2_0": 180.797
    },
    "KDImagVolume": {
        "W1_0_n": 14.2874,
        "W1_A_n": 0.0551691,
        "W1_0_p": 13.4419,
        "W1_A_p": 0.108814,
        "W2_0": 88.1106,
        "W2_A": 0.211279
    },
    "KDImagSurface": {
        "D1_0": 15.3535,
        "D1_asymm": 16.3351,
        "D2_0": 0.0229357,
        "D2_A": -0.00971127,
        "D2_A2": -2.88845,
        "D2_A3": 394.999,
        "D3_0": 11.251,
        "r_0": 1.22813,
        "r_A": -0.008271,
        "a_0_n": 0.528215,
        "a_A_n": -0.000349945,
        "a_0_p": 0.545703,
        "a_A_p": 0.000347393
    }
}