{
    "ECS_p": 0.420894,
    "ECS_n": 0.329032,
    "APower_p": 0.787037,
    "APower_n": 0.745701,
    "RCS_p": 0.0263037,
    "TCS_n": 0.0280216
}