{
    "KDHartreeFock": {
        "V1_0": 59.3912,
        "V1_asymm": 17.3255,
        "V1_A": 0.0289178,
        "V2_0_n": 0.00502079,
        "V2_A_n": -8.24121e-06,
        "V3_0_n": 5.69946e-06,
        "V3_A_n": -5.19336e-08,
        "V2_0_p": 0.00645941,
        "V2_A_p": 9.47609e-06,
        "V3_0_p": 1.07642e-05,
        "V3_A_p": 9.21237e-08,
        "V4_0": 1.15485e-08,
        "r_0": 1.32533,
        "r_A": 0.570052,
        "a_0": 0.698691,
        "a_A": 0.000349713
    },
    "KDCoulomb": {
        "r_C_0": 1.40115,
        "r_C_A": 1.45809,
        "r_C_A2": 0.680688
    },
    "KDRealSpinOrbit": {
        "V1_0": 6.97478,
        "V1_A": -0.0106163,
        "V2_0": 0.0155189,
        "r_0": 1.20421,
        "r_A": 0.66853,
        "a_0": 0.660159
    },
    "KDImagSpinOrbit": {
        "W1_0": -5.6837,
        "W2_0": 221.411
    },
    "KDImagVolume": {
        "W1_0_n": 20.436,
        "W1_A_n": 0.0367922,
        "W1_0_p": 14.1422,
        "W1_A_p": 0.0439212,
        "W2_0": 93.1913,
        "W2_A": 0.303658
    },
    "KDImagSurface": {
        "D1_0": 15.6819,
        "D1_asymm": 11.9105,
        "D2_0": -0.0138306,
        "D2_A": 0.0359705,
        "D2_A2": 30.4695,
        "D2_A3": 404.361,
        "D3_0": 12.8618,
        "r_0": 1.17195,
        "r_A": -0.0150211,
        "a_0_n": 0.671574,
        "a_A_n": 0.000608949,
        "a_0_p": 0.563839,
        "a_A_p": 0.000686627
    }
}