{
    "ECS_p": 0.398503,
    "ECS_n": 0.256144,
    "APower_p": 0.614023,
    "APower_n": 0.65833,
    "RCS_p": 0.0551783,
    "TCS_n": 0.0262886
}