{
    "KDHartreeFock": {
        "V1_0": 60.0786,
        "V1_asymm": 18.0664,
        "V1_A": 0.0304081,
        "V2_0_n": 0.00676746,
        "V2_A_n": 4.81528e-06,
        "V3_0_n": 1.74198e-05,
        "V3_A_n": 4.25135e-08,
        "V2_0_p": 0.00693226,
        "V2_A_p": -1.31502e-07,
        "V3_0_p": 1.86294e-05,
        "V3_A_p": -1.04065e-08,
        "V4_0": 1.26882e-08,
        "r_0": 1.23403,
        "r_A": 0.233374,
        "a_0": 0.634085,
        "a_A": -0.000686
    },
    "KDCoulomb": {
        "r_C_0": 1.15091,
        "r_C_A": 0.755667,
        "r_C_A2": 22.9109
    },
    "KDRealSpinOrbit": {
        "V1_0": 3.12419,
        "V1_A": 0.000395601,
        "V2_0": 0.00103671,
        "r_0": 1.22868,
        "r_A": 0.692017,
        "a_0": 0.530652
    },
    "KDImagSpinOrbit": {
        "W1_0": -0.851608,
        "W2_0": 102.373
    },
    "KDImagVolume": {
        "W1_0_n": 22.6202,
        "W1_A_n": -0.0212612,
        "W1_0_p": 20.0588,
        "W1_A_p": 0.0157928,
        "W2_0": 115.36,
        "W2_A": -0.0988743
    },
    "KDImagSurface": {
        "D1_0": 18.6274,
        "D1_asymm": 28.1412,
        "D2_0": 0.0124016,
        "D2_A": 0.0118543,
        "D2_A2": 9.36897,
        "D2_A3": 243.931,
        "D3_0": 11.7661,
        "r_0": 1.41922,
        "r_A": 0.0413667,
        "a_0_n": 0.494681,
        "a_A_n": -0.0014237,
        "a_0_p": 0.431579,
        "a_A_p": 0.00166784
    }
}