{
    "ECS_p": 0.319553,
    "ECS_n": 0.196131,
    "APower_p": 0.25793,
    "APower_n": 0.0860822,
    "RCS_p": 0.0134502,
    "TCS_n": 0.0204747
}