{
    "KDHartreeFock": {
        "V1_0": 58.3474,
        "V1_asymm": 10.3653,
        "V1_A": 0.021761,
        "V2_0_n": 0.00669244,
        "V2_A_n": -5.19635e-07,
        "V3_0_n": 1.32828e-05,
        "V3_A_n": -5.92369e-09,
        "V2_0_p": 0.00681914,
        "V2_A_p": 1.05551e-07,
        "V3_0_p": 1.48661e-05,
        "V3_A_p": -2.14759e-08,
        "V4_0": 1.45931e-09,
        "r_0": 1.27609,
        "r_A": 0.383167,
        "a_0": 0.736223,
        "a_A": 0.000405476
    },
    "KDCoulomb": {
        "r_C_0": 1.40227,
        "r_C_A": 1.00252,
        "r_C_A2": 35.5339
    },
    "KDRealSpinOrbit": {
        "V1_0": 5.98623,
        "V1_A": 0.00727023,
        "V2_0": 0.00456413,
        "r_0": 1.22368,
        "r_A": 0.586575,
        "a_0": 0.593924
    },
    "KDImagSpinOrbit": {
        "W1_0": -3.32602,
        "W2_0": 218.796
    },
    "KDImagVolume": {
        "W1_0_n": 21.5552,
        "W1_A_n": -0.0174487,
        "W1_0_p": 16.9668,
        "W1_A_p": 0.0317121,
        "W2_0": 122.845,
        "W2_A": -0.0348061
    },
    "KDImagSurface": {
        "D1_0": 13.6076,
        "D1_asymm": 4.7047,
        "D2_0": 0.10573,
        "D2_A": -0.0850464,
        "D2_A2": 16.9655,
        "D2_A3": 271.538,
        "D3_0": 11.137,
        "r_0": 1.38762,
        "r_A": 0.0380252,
        "a_0_n": 0.575872,
        "a_A_n": -0.000197043,
        "a_0_p": 0.454587,
        "a_A_p": 0.00297205
    }
}