{
    "ECS_p": 0.332694,
    "ECS_n": 0.306254,
    "APower_p": 0.640254,
    "APower_n": 0.386085,
    "RCS_p": 0.0412799,
    "TCS_n": 0.0323932
}