{
    "KDHartreeFock": {
        "V1_0": 61.6467,
        "V1_asymm": 0.840238,
        "V1_A": 0.0485662,
        "V2_0_n": 0.00679311,
        "V2_A_n": -9.33306e-06,
        "V3_0_n": 2.20067e-05,
        "V3_A_n": -5.7668e-08,
        "V2_0_p": 0.00762343,
        "V2_A_p": -6.8103e-06,
        "V3_0_p": 2.9283e-05,
        "V3_A_p": -5.35819e-08,
        "V4_0": 4.68742e-08,
        "r_0": 1.31491,
        "r_A": 0.551823,
        "a_0": 0.677077,
        "a_A": -0.000255879
    },
    "KDCoulomb": {
        "r_C_0": 1.28874,
        "r_C_A": 1.24357,
        "r_C_A2": 13.3824
    },
    "KDRealSpinOrbit": {
        "V1_0": 4.74954,
        "V1_A": 0.0128739,
        "V2_0": 0.00511427,
        "r_0": 1.25413,
        "r_A": 0.723401,
        "a_0": 0.560522
    },
    "KDImagSpinOrbit": {
        "W1_0": -1.47822,
        "W2_0": 133.121
    },
    "KDImagVolume": {
        "W1_0_n": 23.6033,
        "W1_A_n": -0.0367029,
        "W1_0_p": 19.7328,
        "W1_A_p": -0.0311956,
        "W2_0": 79.7166,
        "W2_A": 0.150273
    },
    "KDImagSurface": {
        "D1_0": 21.9714,
        "D1_asymm": 1.71091,
        "D2_0": 0.0256477,
        "D2_A": 0.0103583,
        "D2_A2": 21.4223,
        "D2_A3": 89.5176,
        "D3_0": 16.9892,
        "r_0": 1.44033,
        "r_A": 0.0321472,
        "a_0_n": 0.568261,
        "a_A_n": 0.00031955,
        "a_0_p": 0.510004,
        "a_A_p": 0.00131383
    }
}