{
    "ECS_p": 0.495272,
    "ECS_n": 0.288087,
    "APower_p": 1.00731,
    "APower_n": 0.517201,
    "RCS_p": 0.0275113,
    "TCS_n": 0.0341129
}