{
    "KDHartreeFock": {
        "V1_0": 61.118,
        "V1_asymm": 12.4974,
        "V1_A": 0.0429779,
        "V2_0_n": 0.0057003,
        "V2_A_n": -4.63781e-06,
        "V3_0_n": 1.06762e-05,
        "V3_A_n": -1.85758e-08,
        "V2_0_p": 0.00639033,
        "V2_A_p": 1.42323e-06,
        "V3_0_p": 1.31757e-05,
        "V3_A_p": 2.44831e-08,
        "V4_0": 1.55023e-08,
        "r_0": 1.28712,
        "r_A": 0.446802,
        "a_0": 0.609304,
        "a_A": -0.000574992
    },
    "KDCoulomb": {
        "r_C_0": 1.11493,
        "r_C_A": 0.478203,
        "r_C_A2": 9.41913
    },
    "KDRealSpinOrbit": {
        "V1_0": 3.82249,
        "V1_A": 0.00296831,
        "V2_0": 0.000566656,
        "r_0": 1.29651,
        "r_A": 0.985789,
        "a_0": 0.620277
    },
    "KDImagSpinOrbit": {
        "W1_0": -4.19057,
        "W2_0": 331.653
    },
    "KDImagVolume": {
        "W1_0_n": 21.8271,
        "W1_A_n": 0.0939808,
        "W1_0_p": 18.1252,
        "W1_A_p": 0.0864474,
        "W2_0": 90.8482,
        "W2_A": 1.02061
    },
    "KDImagSurface": {
        "D1_0": 16.1681,
        "D1_asymm": 5.31709,
        "D2_0": 0.036318,
        "D2_A": -0.0170319,
        "D2_A2": 4.77749,
        "D2_A3": 402.982,
        "D3_0": 15.4241,
        "r_0": 1.26305,
        "r_A": -0.00118672,
        "a_0_n": 0.575369,
        "a_A_n": -0.000171234,
        "a_0_p": 0.502329,
        "a_A_p": 0.00137246
    }
}