{
    "ECS_p": 0.344848,
    "ECS_n": 0.448072,
    "APower_p": 1.00068,
    "APower_n": 0.783208,
    "RCS_p": 0.0412816,
    "TCS_n": 0.0530965
}