{
    "KDHartreeFock": {
        "V1_0": 53.6782,
        "V1_asymm": 9.56558,
        "V1_A": -0.00285656,
        "V2_0_n": 0.00562526,
        "V2_A_n": -3.57031e-06,
        "V3_0_n": 1.40503e-05,
        "V3_A_n": -1.01865e-08,
        "V2_0_p": 0.00627816,
        "V2_A_p": -4.72233e-06,
        "V3_0_p": 2.02081e-05,
        "V3_A_p": 3.21529e-09,
        "V4_0": 2.46298e-08,
        "r_0": 1.16552,
        "r_A": -0.0773588,
        "a_0": 0.635236,
        "a_A": -0.00117796
    },
    "KDCoulomb": {
        "r_C_0": 1.21026,
        "r_C_A": 0.816175,
        "r_C_A2": 20.5967
    },
    "KDRealSpinOrbit": {
        "V1_0": 8.35715,
        "V1_A": -0.020562,
        "V2_0": 0.0156735,
        "r_0": 1.24599,
        "r_A": 0.853789,
        "a_0": 0.606074
    },
    "KDImagSpinOrbit": {
        "W1_0": -0.513131,
        "W2_0": 82.4092
    },
    "KDImagVolume": {
        "W1_0_n": 19.4487,
        "W1_A_n": 0.0211126,
        "W1_0_p": 17.8311,
        "W1_A_p": 0.0465502,
        "W2_0": 83.2374,
        "W2_A": 0.540169
    },
    "KDImagSurface": {
        "D1_0": 28.0107,
        "D1_asymm": 25.4813,
        "D2_0": 0.0281091,
        "D2_A": 0.0128283,
        "D2_A2": 9.7309,
        "D2_A3": 51.4722,
        "D3_0": 21.7847,
        "r_0": 1.39676,
        "r_A": 0.0190313,
        "a_0_n": 0.525553,
        "a_A_n": -0.000101141,
        "a_0_p": 0.549982,
        "a_A_p": 0.000229623
    }
}