{
    "ECS_p": 0.256319,
    "ECS_n": 0.193007,
    "APower_p": 0.2592,
    "APower_n": 0.175027,
    "RCS_p": 0.0135635,
    "TCS_n": 0.0392794
}