{
    "KDHartreeFock": {
        "V1_0": 56.5041,
        "V1_asymm": 12.9273,
        "V1_A": 0.0214843,
        "V2_0_n": 0.00711102,
        "V2_A_n": 7.73968e-06,
        "V3_0_n": 1.52878e-05,
        "V3_A_n": 1.8968e-08,
        "V2_0_p": 0.00640157,
        "V2_A_p": 1.08116e-05,
        "V3_0_p": 1.47424e-05,
        "V3_A_p": 4.81111e-08,
        "V4_0": 1.45289e-08,
        "r_0": 1.34059,
        "r_A": 0.584428,
        "a_0": 0.716684,
        "a_A": 0.000438929
    },
    "KDCoulomb": {
        "r_C_0": 1.25719,
        "r_C_A": 0.163437,
        "r_C_A2": 18.942
    },
    "KDRealSpinOrbit": {
        "V1_0": 5.91776,
        "V1_A": 0.00239602,
        "V2_0": 0.00482575,
        "r_0": 1.28405,
        "r_A": 1.02613,
        "a_0": 0.586804
    },
    "KDImagSpinOrbit": {
        "W1_0": -5.03754,
        "W2_0": 240.507
    },
    "KDImagVolume": {
        "W1_0_n": 19.2324,
        "W1_A_n": -0.00131438,
        "W1_0_p": 19.4439,
        "W1_A_p": 0.0011353,
        "W2_0": 81.4794,
        "W2_A": -0.0556764
    },
    "KDImagSurface": {
        "D1_0": 15.7616,
        "D1_asymm": 2.05613,
        "D2_0": 0.0467206,
        "D2_A": -0.0167203,
        "D2_A2": 12.2063,
        "D2_A3": 392.786,
        "D3_0": 12.9015,
        "r_0": 1.24047,
        "r_A": 0.00454745,
        "a_0_n": 0.641995,
        "a_A_n": 0.000682978,
        "a_0_p": 0.553136,
        "a_A_p": 0.00300911
    }
}