{
    "ECS_p": 0.257454,
    "ECS_n": 0.18511,
    "APower_p": 0.463407,
    "APower_n": 0.290645,
    "RCS_p": 0.0212653,
    "TCS_n": 0.0347338
}