{
    "KDHartreeFock": {
        "V1_0": 58.6503,
        "V1_asymm": 21.877,
        "V1_A": 0.0238009,
        "V2_0_n": 0.0060852,
        "V2_A_n": 2.42887e-06,
        "V3_0_n": 7.94354e-06,
        "V3_A_n": 1.33897e-08,
        "V2_0_p": 0.00484196,
        "V2_A_p": 1.74545e-05,
        "V3_0_p": 2.28779e-06,
        "V3_A_p": 9.93173e-08,
        "V4_0": -1.49564e-08,
        "r_0": 1.33564,
        "r_A": 0.62797,
        "a_0": 0.73567,
        "a_A": 0.00054221
    },
    "KDCoulomb": {
        "r_C_0": 1.24131,
        "r_C_A": 0.65989,
        "r_C_A2": 35.8883
    },
    "KDRealSpinOrbit": {
        "V1_0": 8.19252,
        "V1_A": -0.000971911,
        "V2_0": 0.0123625,
        "r_0": 1.24581,
        "r_A": 0.767189,
        "a_0": 0.569994
    },
    "KDImagSpinOrbit": {
        "W1_0": -1.95195,
        "W2_0": 67.1401
    },
    "KDImagVolume": {
        "W1_0_n": 23.3871,
        "W1_A_n": -0.0336697,
        "W1_0_p": 14.0678,
        "W1_A_p": 0.0206853,
        "W2_0": 104.093,
        "W2_A": -0.0211113
    },
    "KDImagSurface": {
        "D1_0": 15.8267,
        "D1_asymm": 12.3106,
        "D2_0": 0.0116254,
        "D2_A": 0.0103917,
        "D2_A2": -0.729606,
        "D2_A3": -22.3785,
        "D3_0": 13.5614,
        "r_0": 1.32435,
        "r_A": 0.0109947,
        "a_0_n": 0.520256,
        "a_A_n": -0.000281296,
        "a_0_p": 0.532252,
        "a_A_p": 0.00141093
    }
}