{
    "ECS_p": 0.523369,
    "ECS_n": 0.324947,
    "APower_p": 0.875656,
    "APower_n": 0.477571,
    "RCS_p": 0.0651999,
    "TCS_n": 0.036832
}