{
    "KDHartreeFock": {
        "V1_0": 54.6901,
        "V1_asymm": 8.12294,
        "V1_A": 0.00976503,
        "V2_0_n": 0.00469922,
        "V2_A_n": -2.35167e-06,
        "V3_0_n": 7.56101e-09,
        "V3_A_n": 9.20049e-09,
        "V2_0_p": 0.00363571,
        "V2_A_p": 1.28804e-05,
        "V3_0_p": -1.16854e-05,
        "V3_A_p": 8.17875e-08,
        "V4_0": -2.03744e-08,
        "r_0": 1.24115,
        "r_A": 0.163975,
        "a_0": 0.62508,
        "a_A": -0.000355917
    },
    "KDCoulomb": {
        "r_C_0": 1.0829,
        "r_C_A": -0.323525,
        "r_C_A2": 18.583
    },
    "KDRealSpinOrbit": {
        "V1_0": 3.94582,
        "V1_A": 0.0019138,
        "V2_0": 0.000709233,
        "r_0": 1.18941,
        "r_A": 0.630264,
        "a_0": 0.628425
    },
    "KDImagSpinOrbit": {
        "W1_0": -2.3376,
        "W2_0": 355.464
    },
    "KDImagVolume": {
        "W1_0_n": 17.1757,
        "W1_A_n": 0.0309133,
        "W1_0_p": 15.1132,
        "W1_A_p": 0.0452506,
        "W2_0": 89.8975,
        "W2_A": 0.101682
    },
    "KDImagSurface": {
        "D1_0": 19.2721,
        "D1_asymm": 17.4249,
        "D2_0": -0.00703496,
        "D2_A": 0.0332049,
        "D2_A2": 0.415812,
        "D2_A3": 391.832,
        "D3_0": 11.7041,
        "r_0": 1.41028,
        "r_A": 0.0331765,
        "a_0_n": 0.505411,
        "a_A_n": -0.000154711,
        "a_0_p": 0.531266,
        "a_A_p": 0.00121645
    }
}