{
    "ECS_p": 0.421232,
    "ECS_n": 0.355311,
    "APower_p": 0.663094,
    "APower_n": 0.761785,
    "RCS_p": 0.0542513,
    "TCS_n": 0.0459212
}