{
    "KDHartreeFock": {
        "V1_0": 60.8798,
        "V1_asymm": 9.24702,
        "V1_A": 0.0349686,
        "V2_0_n": 0.00715511,
        "V2_A_n": 8.90508e-07,
        "V3_0_n": 2.12754e-05,
        "V3_A_n": 1.58129e-08,
        "V2_0_p": 0.00648158,
        "V2_A_p": 5.93735e-06,
        "V3_0_p": 1.6049e-05,
        "V3_A_p": 7.57847e-08,
        "V4_0": 1.45888e-08,
        "r_0": 1.21777,
        "r_A": 0.196551,
        "a_0": 0.600227,
        "a_A": -0.00101714
    },
    "KDCoulomb": {
        "r_C_0": 0.939309,
        "r_C_A": 0.573061,
        "r_C_A2": 7.00766
    },
    "KDRealSpinOrbit": {
        "V1_0": 5.93412,
        "V1_A": -0.0189746,
        "V2_0": 0.00626006,
        "r_0": 1.13441,
        "r_A": 0.511241,
        "a_0": 0.608496
    },
    "KDImagSpinOrbit": {
        "W1_0": -4.85303,
        "W2_0": 265.706
    },
    "KDImagVolume": {
        "W1_0_n": 16.4799,
        "W1_A_n": 0.118265,
        "W1_0_p": 15.5287,
        "W1_A_p": 0.116466,
        "W2_0": 109.165,
        "W2_A": 0.665666
    },
    "KDImagSurface": {
        "D1_0": 15.9319,
        "D1_asymm": -0.649363,
        "D2_0": 0.0166116,
        "D2_A": 0.00103063,
        "D2_A2": 18.747,
        "D2_A3": 252.513,
        "D3_0": 15.8079,
        "r_0": 1.27676,
        "r_A": -0.00129174,
        "a_0_n": 0.663227,
        "a_A_n": 0.000890581,
        "a_0_p": 0.467725,
        "a_A_p": 0.00180981
    }
}