{
    "ECS_p": 0.42089,
    "ECS_n": 0.427321,
    "APower_p": 0.68804,
    "APower_n": 0.519511,
    "RCS_p": 0.03381,
    "TCS_n": 0.0300325
}