{
    "KDHartreeFock": {
        "V1_0": 58.697,
        "V1_asymm": 24.3814,
        "V1_A": 0.0112046,
        "V2_0_n": 0.00581344,
        "V2_A_n": 1.19695e-06,
        "V3_0_n": 7.55795e-06,
        "V3_A_n": 9.80932e-09,
        "V2_0_p": 0.00846062,
        "V2_A_p": -8.99189e-06,
        "V3_0_p": 2.39799e-05,
        "V3_A_p": -3.78547e-08,
        "V4_0": 5.30894e-09,
        "r_0": 1.22808,
        "r_A": 0.19507,
        "a_0": 0.649427,
        "a_A": -0.000607319
    },
    "KDCoulomb": {
        "r_C_0": 1.09657,
        "r_C_A": -0.277142,
        "r_C_A2": 14.4877
    },
    "KDRealSpinOrbit": {
        "V1_0": 6.26096,
        "V1_A": -0.00469464,
        "V2_0": 0.00303214,
        "r_0": 1.20022,
        "r_A": 0.697553,
        "a_0": 0.591609
    },
    "KDImagSpinOrbit": {
        "W1_0": -5.53192,
        "W2_0": 353.976
    },
    "KDImagVolume": {
        "W1_0_n": 19.2368,
        "W1_A_n": 0.000603488,
        "W1_0_p": 16.7992,
        "W1_A_p": 0.0134163,
        "W2_0": 93.3582,
        "W2_A": -0.119275
    },
    "KDImagSurface": {
        "D1_0": 8.50025,
        "D1_asymm": -5.64336,
        "D2_0": 0.0122368,
        "D2_A": 0.00245985,
        "D2_A2": 13.1259,
        "D2_A3": 373.958,
        "D3_0": 5.20254,
        "r_0": 1.32245,
        "r_A": 0.00796452,
        "a_0_n": 0.571849,
        "a_A_n": 0.000458362,
        "a_0_p": 0.520406,
        "a_A_p": 0.000834592
    }
}