{
    "ECS_p": 0.261947,
    "ECS_n": 0.205891,
    "APower_p": 0.367822,
    "APower_n": 0.261266,
    "RCS_p": 0.0108912,
    "TCS_n": 0.0327295
}