{
    "KDHartreeFock": {
        "V1_0": 59.9374,
        "V1_asymm": 18.6922,
        "V1_A": 0.0246764,
        "V2_0_n": 0.00651275,
        "V2_A_n": 4.84642e-06,
        "V3_0_n": 1.51044e-05,
        "V3_A_n": 4.44641e-08,
        "V2_0_p": 0.00744043,
        "V2_A_p": 3.45836e-06,
        "V3_0_p": 2.179e-05,
        "V3_A_p": 6.18046e-09,
        "V4_0": 1.07459e-08,
        "r_0": 1.25542,
        "r_A": 0.30363,
        "a_0": 0.667921,
        "a_A": -0.000390561
    },
    "KDCoulomb": {
        "r_C_0": 1.22476,
        "r_C_A": 0.99171,
        "r_C_A2": 4.22786
    },
    "KDRealSpinOrbit": {
        "V1_0": 5.85348,
        "V1_A": -0.0015256,
        "V2_0": 0.00168211,
        "r_0": 1.23649,
        "r_A": 0.915483,
        "a_0": 0.603851
    },
    "KDImagSpinOrbit": {
        "W1_0": -2.52762,
        "W2_0": 223.337
    },
    "KDImagVolume": {
        "W1_0_n": 17.7779,
        "W1_A_n": -0.00250464,
        "W1_0_p": 14.2578,
        "W1_A_p": 0.0413968,
        "W2_0": 57.3052,
        "W2_A": 0.02357
    },
    "KDImagSurface": {
        "D1_0": 23.4274,
        "D1_asymm": 5.17648,
        "D2_0": 0.0615891,
        "D2_A": -0.0279956,
        "D2_A2": 15.2249,
        "D2_A3": 418.645,
        "D3_0": 16.137,
        "r_0": 1.24862,
        "r_A": -0.00511358,
        "a_0_n": 0.488443,
        "a_A_n": 0.000514896,
        "a_0_p": 0.514421,
        "a_A_p": 0.000962333
    }
}