{
    "ECS_p": 0.304209,
    "ECS_n": 0.148284,
    "APower_p": 0.470307,
    "APower_n": 0.298272,
    "RCS_p": 0.00550159,
    "TCS_n": 0.0264511
}