{
    "KDHartreeFock": {
        "V1_0": 57.8803,
        "V1_asymm": 9.84292,
        "V1_A": 0.0351429,
        "V2_0_n": 0.00675093,
        "V2_A_n": 6.59867e-06,
        "V3_0_n": 9.4373e-06,
        "V3_A_n": 4.62045e-08,
        "V2_0_p": 0.00708712,
        "V2_A_p": 3.01033e-06,
        "V3_0_p": 1.10421e-05,
        "V3_A_p": 5.06897e-08,
        "V4_0": -1.8025e-08,
        "r_0": 1.30775,
        "r_A": 0.421613,
        "a_0": 0.673248,
        "a_A": 3.3172e-05
    },
    "KDCoulomb": {
        "r_C_0": 1.19698,
        "r_C_A": 0.55062,
        "r_C_A2": 1.05662
    },
    "KDRealSpinOrbit": {
        "V1_0": 6.42614,
        "V1_A": -0.000708422,
        "V2_0": 0.00399079,
        "r_0": 1.07648,
        "r_A": 0.121362,
        "a_0": 0.643657
    },
    "KDImagSpinOrbit": {
        "W1_0": -2.54439,
        "W2_0": 148.29
    },
    "KDImagVolume": {
        "W1_0_n": 19.4348,
        "W1_A_n": 0.0181852,
        "W1_0_p": 12.6899,
        "W1_A_p": 0.0165429,
        "W2_0": 70.6598,
        "W2_A": 0.160408
    },
    "KDImagSurface": {
        "D1_0": 10.8439,
        "D1_asymm": 6.15297,
        "D2_0": 0.00438523,
        "D2_A": 0.0127384,
        "D2_A2": 3.51457,
        "D2_A3": 256.31,
        "D3_0": 7.75362,
        "r_0": 1.20824,
        "r_A": -0.0140764,
        "a_0_n": 0.526669,
        "a_A_n": 0.000165662,
        "a_0_p": 0.545001,
        "a_A_p": 0.000938537
    }
}