{
    "ECS_p": 0.446337,
    "ECS_n": 0.467176,
    "APower_p": 0.850698,
    "APower_n": 0.742816,
    "RCS_p": 0.0356284,
    "TCS_n": 0.0287416
}