{
    "KDHartreeFock": {
        "V1_0": 59.326,
        "V1_asymm": 12.321,
        "V1_A": 0.0366076,
        "V2_0_n": 0.00580987,
        "V2_A_n": 3.79868e-06,
        "V3_0_n": 4.29353e-06,
        "V3_A_n": 6.77366e-10,
        "V2_0_p": 0.00474835,
        "V2_A_p": 1.03265e-05,
        "V3_0_p": 7.23595e-07,
        "V3_A_p": 3.79679e-08,
        "V4_0": -8.96324e-09,
        "r_0": 1.30804,
        "r_A": 0.535337,
        "a_0": 0.651213,
        "a_A": -0.000431817
    },
    "KDCoulomb": {
        "r_C_0": 1.13175,
        "r_C_A": -0.589896,
        "r_C_A2": 7.55826
    },
    "KDRealSpinOrbit": {
        "V1_0": 4.76784,
        "V1_A": 0.00705221,
        "V2_0": 0.00218216,
        "r_0": 1.25726,
        "r_A": 1.02167,
        "a_0": 0.643481
    },
    "KDImagSpinOrbit": {
        "W1_0": -0.589797,
        "W2_0": 183.623
    },
    "KDImagVolume": {
        "W1_0_n": 23.5469,
        "W1_A_n": -0.0296724,
        "W1_0_p": 17.8184,
        "W1_A_p": 0.0477472,
        "W2_0": 59.1363,
        "W2_A": 0.209372
    },
    "KDImagSurface": {
        "D1_0": 28.2043,
        "D1_asymm": 4.46002,
        "D2_0": 0.0291074,
        "D2_A": 0.0116388,
        "D2_A2": 6.66971,
        "D2_A3": 122.839,
        "D3_0": 18.6913,
        "r_0": 1.38187,
        "r_A": 0.0265643,
        "a_0_n": 0.603231,
        "a_A_n": 0.000292748,
        "a_0_p": 0.519136,
        "a_A_p": 0.00120202
    }
}