{
    "ECS_p": 0.426201,
    "ECS_n": 0.263504,
    "APower_p": 0.668601,
    "APower_n": 0.55917,
    "RCS_p": 0.0394687,
    "TCS_n": 0.0708495
}