{
    "KDHartreeFock": {
        "V1_0": 56.3476,
        "V1_asymm": 8.04049,
        "V1_A": 0.0288552,
        "V2_0_n": 0.00453411,
        "V2_A_n": 1.33773e-06,
        "V3_0_n": -7.51783e-06,
        "V3_A_n": -2.1425e-09,
        "V2_0_p": 0.00615132,
        "V2_A_p": 8.59845e-06,
        "V3_0_p": 2.72348e-06,
        "V3_A_p": 6.52135e-08,
        "V4_0": -4.23151e-08,
        "r_0": 1.3306,
        "r_A": 0.561784,
        "a_0": 0.68401,
        "a_A": 0.000114817
    },
    "KDCoulomb": {
        "r_C_0": 1.42044,
        "r_C_A": 0.916008,
        "r_C_A2": 4.04071
    },
    "KDRealSpinOrbit": {
        "V1_0": 5.69052,
        "V1_A": -0.00207052,
        "V2_0": 0.00556807,
        "r_0": 1.27606,
        "r_A": 0.841023,
        "a_0": 0.541608
    },
    "KDImagSpinOrbit": {
        "W1_0": -4.86485,
        "W2_0": 325.218
    },
    "KDImagVolume": {
        "W1_0_n": 20.1961,
        "W1_A_n": -0.0129029,
        "W1_0_p": 14.3233,
        "W1_A_p": 0.0192176,
        "W2_0": 74.4757,
        "W2_A": 0.0202096
    },
    "KDImagSurface": {
        "D1_0": 14.0657,
        "D1_asymm": 14.9082,
        "D2_0": 0.0354733,
        "D2_A": -0.0111706,
        "D2_A2": 7.15417,
        "D2_A3": 617.156,
        "D3_0": 11.714,
        "r_0": 1.28778,
        "r_A": 0.000126945,
        "a_0_n": 0.500642,
        "a_A_n": -0.000594889,
        "a_0_p": 0.51724,
        "a_A_p": 0.00122765
    }
}