{
    "ECS_p": 0.43548,
    "ECS_n": 0.460261,
    "APower_p": 0.395471,
    "APower_n": 0.692963,
    "RCS_p": 0.0422607,
    "TCS_n": 0.0418585
}