{
    "KDHartreeFock": {
        "V1_0": 60.4515,
        "V1_asymm": 13.8,
        "V1_A": 0.023123,
        "V2_0_n": 0.00655442,
        "V2_A_n": 2.6835e-06,
        "V3_0_n": 1.25118e-05,
        "V3_A_n": 3.56017e-10,
        "V2_0_p": 0.00675901,
        "V2_A_p": 4.4327e-06,
        "V3_0_p": 1.74444e-05,
        "V3_A_p": 1.42828e-08,
        "V4_0": 8.90183e-09,
        "r_0": 1.22334,
        "r_A": 0.251873,
        "a_0": 0.726137,
        "a_A": 1.76128e-05
    },
    "KDCoulomb": {
        "r_C_0": 1.28486,
        "r_C_A": -0.0701709,
        "r_C_A2": 33.9102
    },
    "KDRealSpinOrbit": {
        "V1_0": 5.42673,
        "V1_A": 0.0168244,
        "V2_0": 0.00443198,
        "r_0": 1.23357,
        "r_A": 0.853247,
        "a_0": 0.596387
    },
    "KDImagSpinOrbit": {
        "W1_0": -6.02643,
        "W2_0": 269.863
    },
    "KDImagVolume": {
        "W1_0_n": 23.1504,
        "W1_A_n": 0.026575,
        "W1_0_p": 17.3818,
        "W1_A_p": 0.0729766,
        "W2_0": 112.997,
        "W2_A": 0.27868
    },
    "KDImagSurface": {
        "D1_0": 12.1956,
        "D1_asymm": -1.5031,
        "D2_0": 0.0182686,
        "D2_A": -0.022909,
        "D2_A2": 6.02713,
        "D2_A3": -154.522,
        "D3_0": 11.8659,
        "r_0": 1.28132,
        "r_A": -0.00373168,
        "a_0_n": 0.508699,
        "a_A_n": -0.000769714,
        "a_0_p": 0.524501,
        "a_A_p": 0.00146469
    }
}