{
    "ECS_p": 0.356572,
    "ECS_n": 0.205842,
    "APower_p": 0.716348,
    "APower_n": 0.685772,
    "RCS_p": 0.0393374,
    "TCS_n": 0.0321841
}