{
    "KDHartreeFock": {
        "V1_0": 57.577,
        "V1_asymm": 9.12688,
        "V1_A": 0.0237878,
        "V2_0_n": 0.00706403,
        "V2_A_n": -3.2715e-06,
        "V3_0_n": 1.81644e-05,
        "V3_A_n": -1.51128e-08,
        "V2_0_p": 0.00620958,
        "V2_A_p": 1.14012e-05,
        "V3_0_p": 1.15668e-05,
        "V3_A_p": 8.79636e-08,
        "V4_0": 1.44815e-08,
        "r_0": 1.29282,
        "r_A": 0.35707,
        "a_0": 0.664148,
        "a_A": -2.70618e-05
    },
    "KDCoulomb": {
        "r_C_0": 1.48618,
        "r_C_A": 0.788272,
        "r_C_A2": 2.49035
    },
    "KDRealSpinOrbit": {
        "V1_0": 4.48848,
        "V1_A": -0.0112746,
        "V2_0": -0.000312171,
        "r_0": 1.2371,
        "r_A": 0.72598,
        "a_0": 0.593541
    },
    "KDImagSpinOrbit": {
        "W1_0": -8.55156,
        "W2_0": 412.978
    },
    "KDImagVolume": {
        "W1_0_n": 20.3518,
        "W1_A_n": 0.0112183,
        "W1_0_p": 18.3981,
        "W1_A_p": 0.0329255,
        "W2_0": 126.962,
        "W2_A": 0.314578
    },
    "KDImagSurface": {
        "D1_0": 16.3453,
        "D1_asymm": 23.3818,
        "D2_0": -0.0109968,
        "D2_A": 0.0310475,
        "D2_A2": 9.19282,
        "D2_A3": 332.487,
        "D3_0": 13.2815,
        "r_0": 1.16945,
        "r_A": -0.00410748,
        "a_0_n": 0.558737,
        "a_A_n": -0.000810134,
        "a_0_p": 0.514259,
        "a_A_p": 0.00153226
    }
}