{
    "ECS_p": 0.339709,
    "ECS_n": 0.198527,
    "APower_p": 0.309508,
    "APower_n": 0.22104,
    "RCS_p": 0.0194697,
    "TCS_n": 0.0221789
}