{
    "KDHartreeFock": {
        "V1_0": 60.757,
        "V1_asymm": 14.7991,
        "V1_A": 0.0371864,
        "V2_0_n": 0.00751579,
        "V2_A_n": 3.88016e-06,
        "V3_0_n": 2.1948e-05,
        "V3_A_n": 1.55945e-08,
        "V2_0_p": 0.00718577,
        "V2_A_p": 5.52204e-06,
        "V3_0_p": 2.71492e-05,
        "V3_A_p": 2.56758e-08,
        "V4_0": 3.20136e-08,
        "r_0": 1.27697,
        "r_A": 0.353246,
        "a_0": 0.712998,
        "a_A": 7.5369e-05
    },
    "KDCoulomb": {
        "r_C_0": 1.07924,
        "r_C_A": 1.11962,
        "r_C_A2": 24.9925
    },
    "KDRealSpinOrbit": {
        "V1_0": 5.93121,
        "V1_A": 0.0011322,
        "V2_0": 0.00613313,
        "r_0": 1.25644,
        "r_A": 0.830071,
        "a_0": 0.549622
    },
    "KDImagSpinOrbit": {
        "W1_0": -5.84638,
        "W2_0": 265.477
    },
    "KDImagVolume": {
        "W1_0_n": 21.1314,
        "W1_A_n": 0.0114741,
        "W1_0_p": 21.6568,
        "W1_A_p": -0.0146072,
        "W2_0": 101.695,
        "W2_A": 0.0298798
    },
    "KDImagSurface": {
        "D1_0": 14.9093,
        "D1_asymm": 16.7502,
        "D2_0": 0.0366051,
        "D2_A": -0.0185117,
        "D2_A2": 5.12923,
        "D2_A3": 361.362,
        "D3_0": 12.2809,
        "r_0": 1.17714,
        "r_A": -0.0154244,
        "a_0_n": 0.544775,
        "a_A_n": 5.6937e-05,
        "a_0_p": 0.442229,
        "a_A_p": 0.00133167
    }
}