{
    "ECS_p": 0.481666,
    "ECS_n": 0.435562,
    "APower_p": 0.637514,
    "APower_n": 0.768808,
    "RCS_p": 0.0527878,
    "TCS_n": 0.0278414
}