{
    "KDHartreeFock": {
        "V1_0": 62.8587,
        "V1_asymm": 4.56204,
        "V1_A": 0.0583391,
        "V2_0_n": 0.00726536,
        "V2_A_n": 8.60952e-06,
        "V3_0_n": 1.65896e-05,
        "V3_A_n": 1.65895e-08,
        "V2_0_p": 0.00791184,
        "V2_A_p": -9.62567e-06,
        "V3_0_p": 2.14452e-05,
        "V3_A_p": -5.53035e-09,
        "V4_0": 1.85973e-08,
        "r_0": 1.2886,
        "r_A": 0.449879,
        "a_0": 0.70367,
        "a_A": 0.000181745
    },
    "KDCoulomb": {
        "r_C_0": 1.16823,
        "r_C_A": 1.38212,
        "r_C_A2": 18.0576
    },
    "KDRealSpinOrbit": {
        "V1_0": 7.27989,
        "V1_A": -0.0261549,
        "V2_0": 0.00542648,
        "r_0": 1.16325,
        "r_A": 0.592262,
        "a_0": 0.577406
    },
    "KDImagSpinOrbit": {
        "W1_0": -2.19733,
        "W2_0": 243.299
    },
    "KDImagVolume": {
        "W1_0_n": 27.588,
        "W1_A_n": -0.0159068,
        "W1_0_p": 18.6134,
        "W1_A_p": 0.0367416,
        "W2_0": 140.07,
        "W2_A": 0.158575
    },
    "KDImagSurface": {
        "D1_0": 13.4186,
        "D1_asymm": 13.7616,
        "D2_0": 0.0229473,
        "D2_A": -0.0071173,
        "D2_A2": 12.1686,
        "D2_A3": 207.436,
        "D3_0": 6.89276,
        "r_0": 1.3356,
        "r_A": 0.0154312,
        "a_0_n": 0.498624,
        "a_A_n": -0.000106445,
        "a_0_p": 0.455766,
        "a_A_p": 0.00166347
    }
}