{
    "ECS_p": 0.358721,
    "ECS_n": 0.156909,
    "APower_p": 0.374262,
    "APower_n": 0.235389,
    "RCS_p": 0.0217501,
    "TCS_n": 0.0306698
}