{
    "KDHartreeFock": {
        "V1_0": 56.7989,
        "V1_asymm": 13.0788,
        "V1_A": 0.0172666,
        "V2_0_n": 0.00560711,
        "V2_A_n": -9.36835e-07,
        "V3_0_n": 7.49458e-06,
        "V3_A_n": -3.49074e-09,
        "V2_0_p": 0.00594195,
        "V2_A_p": -4.12316e-06,
        "V3_0_p": 1.12878e-05,
        "V3_A_p": -2.30207e-08,
        "V4_0": 1.33926e-09,
        "r_0": 1.24974,
        "r_A": 0.25444,
        "a_0": 0.710989,
        "a_A": 0.000133452
    },
    "KDCoulomb": {
        "r_C_0": 1.04267,
        "r_C_A": 2.25121,
        "r_C_A2": 4.5081
    },
    "KDRealSpinOrbit": {
        "V1_0": 7.30341,
        "V1_A": 0.000108457,
        "V2_0": 0.0105222,
        "r_0": 1.22879,
        "r_A": 0.81435,
        "a_0": 0.599784
    },
    "KDImagSpinOrbit": {
        "W1_0": -5.547,
        "W2_0": 203.735
    },
    "KDImagVolume": {
        "W1_0_n": 18.2535,
        "W1_A_n": 0.0321837,
        "W1_0_p": 13.9992,
        "W1_A_p": 0.107839,
        "W2_0": 77.0705,
        "W2_A": 0.104036
    },
    "KDImagSurface": {
        "D1_0": 25.1492,
        "D1_asymm": 15.8401,
        "D2_0": 0.00309257,
        "D2_A": 0.0285229,
        "D2_A2": 15.001,
        "D2_A3": 312.64,
        "D3_0": 19.5773,
        "r_0": 1.37041,
        "r_A": 0.0169609,
        "a_0_n": 0.557165,
        "a_A_n": 0.000198983,
        "a_0_p": 0.498083,
        "a_A_p": 0.000576506
    }
}