{
    "ECS_p": 0.427242,
    "ECS_n": 0.259764,
    "APower_p": 0.74139,
    "APower_n": 0.579474,
    "RCS_p": 0.0381665,
    "TCS_n": 0.0362572
}