{
    "KDHartreeFock": {
        "V1_0": 61.0511,
        "V1_asymm": 16.417,
        "V1_A": 0.0311964,
        "V2_0_n": 0.00586272,
        "V2_A_n": -4.08123e-06,
        "V3_0_n": 1.12519e-05,
        "V3_A_n": -2.48199e-08,
        "V2_0_p": 0.00431521,
        "V2_A_p": 2.08678e-05,
        "V3_0_p": 6.01251e-06,
        "V3_A_p": 1.08398e-07,
        "V4_0": 1.78751e-08,
        "r_0": 1.27289,
        "r_A": 0.387991,
        "a_0": 0.683528,
        "a_A": -0.000309719
    },
    "KDCoulomb": {
        "r_C_0": 0.997647,
        "r_C_A": 1.35062,
        "r_C_A2": 24.7029
    },
    "KDRealSpinOrbit": {
        "V1_0": 3.28845,
        "V1_A": 0.0173601,
        "V2_0": 0.00451494,
        "r_0": 1.24988,
        "r_A": 0.866289,
        "a_0": 0.630632
    },
    "KDImagSpinOrbit": {
        "W1_0": -2.58176,
        "W2_0": 138.073
    },
    "KDImagVolume": {
        "W1_0_n": 20.5006,
        "W1_A_n": -0.0173894,
        "W1_0_p": 15.1331,
        "W1_A_p": 0.0109854,
        "W2_0": 68.5152,
        "W2_A": -0.0210108
    },
    "KDImagSurface": {
        "D1_0": 22.4363,
        "D1_asymm": 35.069,
        "D2_0": 0.0211928,
        "D2_A": 0.0093703,
        "D2_A2": 9.27462,
        "D2_A3": 418.696,
        "D3_0": 15.1556,
        "r_0": 1.34935,
        "r_A": 0.0116632,
        "a_0_n": 0.545415,
        "a_A_n": -0.00024864,
        "a_0_p": 0.388357,
        "a_A_p": 0.00131536
    }
}