{
    "ECS_p": 0.420795,
    "ECS_n": 0.210136,
    "APower_p": 0.348927,
    "APower_n": 0.245674,
    "RCS_p": 0.0105296,
    "TCS_n": 0.0363053
}