{
    "KDHartreeFock": {
        "V1_0": 60.527,
        "V1_asymm": 13.0232,
        "V1_A": 0.0260835,
        "V2_0_n": 0.00706868,
        "V2_A_n": -5.19811e-06,
        "V3_0_n": 2.28746e-05,
        "V3_A_n": -2.499e-08,
        "V2_0_p": 0.00767101,
        "V2_A_p": 1.93031e-06,
        "V3_0_p": 2.52942e-05,
        "V3_A_p": 4.59867e-08,
        "V4_0": 4.24238e-08,
        "r_0": 1.2925,
        "r_A": 0.527443,
        "a_0": 0.693469,
        "a_A": -8.83362e-05
    },
    "KDCoulomb": {
        "r_C_0": 1.17334,
        "r_C_A": 1.03136,
        "r_C_A2": 29.999
    },
    "KDRealSpinOrbit": {
        "V1_0": 7.03991,
        "V1_A": 0.000943421,
        "V2_0": 0.00943851,
        "r_0": 1.16771,
        "r_A": 0.39953,
        "a_0": 0.603804
    },
    "KDImagSpinOrbit": {
        "W1_0": -5.72934,
        "W2_0": 291.111
    },
    "KDImagVolume": {
        "W1_0_n": 24.9402,
        "W1_A_n": -0.0117824,
        "W1_0_p": 18.6307,
        "W1_A_p": 0.00615366,
        "W2_0": 100.607,
        "W2_A": -0.0763568
    },
    "KDImagSurface": {
        "D1_0": 13.5016,
        "D1_asymm": 12.5154,
        "D2_0": 0.0213776,
        "D2_A": 0.000157157,
        "D2_A2": 9.20002,
        "D2_A3": 42.0767,
        "D3_0": 11.969,
        "r_0": 1.46811,
        "r_A": 0.043771,
        "a_0_n": 0.536483,
        "a_A_n": -0.000685163,
        "a_0_p": 0.532871,
        "a_A_p": 0.00107619
    }
}