{
    "ECS_p": 0.407535,
    "ECS_n": 0.366556,
    "APower_p": 0.741242,
    "APower_n": 0.654315,
    "RCS_p": 0.0425095,
    "TCS_n": 0.0405831
}