{
    "KDHartreeFock": {
        "V1_0": 59.2454,
        "V1_asymm": 14.6597,
        "V1_A": 0.0205247,
        "V2_0_n": 0.00503778,
        "V2_A_n": -2.49715e-07,
        "V3_0_n": 4.26014e-06,
        "V3_A_n": 9.15938e-10,
        "V2_0_p": 0.00757557,
        "V2_A_p": -5.02179e-06,
        "V3_0_p": 2.15256e-05,
        "V3_A_p": -2.69927e-08,
        "V4_0": -6.20301e-09,
        "r_0": 1.24374,
        "r_A": 0.282119,
        "a_0": 0.634488,
        "a_A": -0.000420688
    },
    "KDCoulomb": {
        "r_C_0": 1.05589,
        "r_C_A": 2.42616,
        "r_C_A2": -3.39575
    },
    "KDRealSpinOrbit": {
        "V1_0": 3.87346,
        "V1_A": 0.000271183,
        "V2_0": 0.00608721,
        "r_0": 1.19565,
        "r_A": 0.692314,
        "a_0": 0.547258
    },
    "KDImagSpinOrbit": {
        "W1_0": -5.95841,
        "W2_0": 245.365
    },
    "KDImagVolume": {
        "W1_0_n": 22.6387,
        "W1_A_n": 0.0664739,
        "W1_0_p": 21.6765,
        "W1_A_p": 0.0531657,
        "W2_0": 106.363,
        "W2_A": 0.291697
    },
    "KDImagSurface": {
        "D1_0": 22.8958,
        "D1_asymm": 25.2719,
        "D2_0": 0.0512805,
        "D2_A": -0.0242554,
        "D2_A2": 5.19231,
        "D2_A3": 339.205,
        "D3_0": 16.3013,
        "r_0": 1.41826,
        "r_A": 0.0349036,
        "a_0_n": 0.535951,
        "a_A_n": -0.000280596,
        "a_0_p": 0.399637,
        "a_A_p": 0.00234759
    }
}