{
    "ECS_p": 0.524677,
    "ECS_n": 0.368949,
    "APower_p": 0.784345,
    "APower_n": 0.826226,
    "RCS_p": 0.0537961,
    "TCS_n": 0.028032
}