{
    "KDHartreeFock": {
        "V1_0": 58.9992,
        "V1_asymm": 2.7278,
        "V1_A": 0.0445361,
        "V2_0_n": 0.00593565,
        "V2_A_n": 3.33755e-07,
        "V3_0_n": 8.66249e-06,
        "V3_A_n": 1.98799e-08,
        "V2_0_p": 0.00878729,
        "V2_A_p": -8.61823e-06,
        "V3_0_p": 2.02684e-05,
        "V3_A_p": -5.48906e-08,
        "V4_0": -1.89299e-08,
        "r_0": 1.27245,
        "r_A": 0.305561,
        "a_0": 0.610058,
        "a_A": -0.000652436
    },
    "KDCoulomb": {
        "r_C_0": 1.31589,
        "r_C_A": 1.08083,
        "r_C_A2": 6.06624
    },
    "KDRealSpinOrbit": {
        "V1_0": 3.04219,
        "V1_A": 0.0116135,
        "V2_0": 0.00264527,
        "r_0": 1.21739,
        "r_A": 0.803176,
        "a_0": 0.555366
    },
    "KDImagSpinOrbit": {
        "W1_0": -4.37227,
        "W2_0": 161.703
    },
    "KDImagVolume": {
        "W1_0_n": 14.9351,
        "W1_A_n": 0.00332468,
        "W1_0_p": 24.6556,
        "W1_A_p": 0.00842465,
        "W2_0": 98.9681,
        "W2_A": -0.138106
    },
    "KDImagSurface": {
        "D1_0": 28.5946,
        "D1_asymm": 14.5672,
        "D2_0": 0.0405185,
        "D2_A": 0.00616165,
        "D2_A2": 8.77633,
        "D2_A3": -83.8723,
        "D3_0": 17.0007,
        "r_0": 1.35639,
        "r_A": 0.0111625,
        "a_0_n": 0.478329,
        "a_A_n": -0.000177809,
        "a_0_p": 0.490652,
        "a_A_p": 0.00176734
    }
}