{
    "ECS_p": 0.255479,
    "ECS_n": 0.185162,
    "APower_p": 0.275316,
    "APower_n": 0.310044,
    "RCS_p": 0.00662251,
    "TCS_n": 0.0261055
}