{
    "KDHartreeFock": {
        "V1_0": 58.809,
        "V1_asymm": 9.89346,
        "V1_A": 0.0314864,
        "V2_0_n": 0.00741412,
        "V2_A_n": 1.4067e-06,
        "V3_0_n": 2.58336e-05,
        "V3_A_n": 1.63694e-08,
        "V2_0_p": 0.00769951,
        "V2_A_p": -5.649e-06,
        "V3_0_p": 2.28827e-05,
        "V3_A_p": 4.77889e-10,
        "V4_0": 3.26164e-08,
        "r_0": 1.26198,
        "r_A": 0.306171,
        "a_0": 0.656272,
        "a_A": -0.00035771
    },
    "KDCoulomb": {
        "r_C_0": 1.28277,
        "r_C_A": 0.464201,
        "r_C_A2": 21.7229
    },
    "KDRealSpinOrbit": {
        "V1_0": 6.15276,
        "V1_A": -0.00838333,
        "V2_0": 0.00450924,
        "r_0": 1.20825,
        "r_A": 0.639371,
        "a_0": 0.602037
    },
    "KDImagSpinOrbit": {
        "W1_0": -5.30155,
        "W2_0": 245.715
    },
    "KDImagVolume": {
        "W1_0_n": 21.5302,
        "W1_A_n": -0.0177786,
        "W1_0_p": 21.1456,
        "W1_A_p": -0.00961711,
        "W2_0": 128.208,
        "W2_A": -0.271072
    },
    "KDImagSurface": {
        "D1_0": 25.9961,
        "D1_asymm": 19.2693,
        "D2_0": 0.0672564,
        "D2_A": -0.0358663,
        "D2_A2": 9.49429,
        "D2_A3": 222.831,
        "D3_0": 19.3272,
        "r_0": 1.31054,
        "r_A": 0.00989375,
        "a_0_n": 0.536301,
        "a_A_n": -0.000348911,
        "a_0_p": 0.50112,
        "a_A_p": 0.00186764
    }
}