{
    "ECS_p": 0.501715,
    "ECS_n": 0.272189,
    "APower_p": 0.770529,
    "APower_n": 0.942992,
    "RCS_p": 0.0274166,
    "TCS_n": 0.035216
}