{
    "KDHartreeFock": {
        "V1_0": 58.9692,
        "V1_asymm": 9.725,
        "V1_A": 0.03514,
        "V2_0_n": 0.00576656,
        "V2_A_n": 9.79924e-06,
        "V3_0_n": 8.24937e-06,
        "V3_A_n": 4.55818e-08,
        "V2_0_p": 0.00648423,
        "V2_A_p": -1.59971e-05,
        "V3_0_p": 8.51003e-06,
        "V3_A_p": -2.83856e-08,
        "V4_0": -7.34818e-09,
        "r_0": 1.31106,
        "r_A": 0.5682,
        "a_0": 0.647202,
        "a_A": -0.000243509
    },
    "KDCoulomb": {
        "r_C_0": 0.783837,
        "r_C_A": 3.17051,
        "r_C_A2": 13.7253
    },
    "KDRealSpinOrbit": {
        "V1_0": 5.16552,
        "V1_A": -0.0235407,
        "V2_0": 0.000534026,
        "r_0": 1.21976,
        "r_A": 0.755862,
        "a_0": 0.639091
    },
    "KDImagSpinOrbit": {
        "W1_0": -0.580665,
        "W2_0": 183.292
    },
    "KDImagVolume": {
        "W1_0_n": 19.5018,
        "W1_A_n": 0.0305723,
        "W1_0_p": 17.3,
        "W1_A_p": 0.032867,
        "W2_0": 91.9022,
        "W2_A": 0.23678
    },
    "KDImagSurface": {
        "D1_0": 28.4523,
        "D1_asymm": 6.3582,
        "D2_0": 0.022231,
        "D2_A": 0.0112829,
        "D2_A2": 20.3572,
        "D2_A3": 229.443,
        "D3_0": 26.3489,
        "r_0": 1.43477,
        "r_A": 0.0395938,
        "a_0_n": 0.556865,
        "a_A_n": -0.000680479,
        "a_0_p": 0.484346,
        "a_A_p": 0.00236611
    }
}