{
    "ECS_p": 0.322957,
    "ECS_n": 0.172434,
    "APower_p": 0.409535,
    "APower_n": 0.141883,
    "RCS_p": 0.0114052,
    "TCS_n": 0.0257013
}