{
    "KDHartreeFock": {
        "V1_0": 60.6755,
        "V1_asymm": 11.2215,
        "V1_A": 0.0455965,
        "V2_0_n": 0.00680414,
        "V2_A_n": 1.92006e-06,
        "V3_0_n": 1.55573e-05,
        "V3_A_n": -3.7387e-09,
        "V2_0_p": 0.00689306,
        "V2_A_p": -3.32556e-06,
        "V3_0_p": 1.86664e-05,
        "V3_A_p": -1.9904e-08,
        "V4_0": 1.06836e-08,
        "r_0": 1.29427,
        "r_A": 0.461091,
        "a_0": 0.684508,
        "a_A": 6.03955e-05
    },
    "KDCoulomb": {
        "r_C_0": 1.1719,
        "r_C_A": 0.875412,
        "r_C_A2": 27.3967
    },
    "KDRealSpinOrbit": {
        "V1_0": 7.4256,
        "V1_A": 0.00608685,
        "V2_0": 0.0123021,
        "r_0": 1.25472,
        "r_A": 0.776917,
        "a_0": 0.561463
    },
    "KDImagSpinOrbit": {
        "W1_0": -4.2106,
        "W2_0": 145.561
    },
    "KDImagVolume": {
        "W1_0_n": 23.246,
        "W1_A_n": -0.0285506,
        "W1_0_p": 17.4538,
        "W1_A_p": 0.107418,
        "W2_0": 91.4871,
        "W2_A": 0.0976202
    },
    "KDImagSurface": {
        "D1_0": 20.0842,
        "D1_asymm": 4.12747,
        "D2_0": 0.00322808,
        "D2_A": 0.027806,
        "D2_A2": 11.1186,
        "D2_A3": 455.075,
        "D3_0": 18.0754,
        "r_0": 1.43635,
        "r_A": 0.0383438,
        "a_0_n": 0.603106,
        "a_A_n": -0.00048789,
        "a_0_p": 0.495515,
        "a_A_p": 0.00158035
    }
}