{
    "ECS_p": 0.292991,
    "ECS_n": 0.205622,
    "APower_p": 0.409181,
    "APower_n": 0.217606,
    "RCS_p": 0.0153613,
    "TCS_n": 0.0244399
}