{
    "KDHartreeFock": {
        "V1_0": 62.0566,
        "V1_asymm": 27.1432,
        "V1_A": 0.0146163,
        "V2_0_n": 0.00550311,
        "V2_A_n": 1.80468e-06,
        "V3_0_n": 5.40704e-06,
        "V3_A_n": 1.81314e-08,
        "V2_0_p": 0.00523721,
        "V2_A_p": 1.26895e-05,
        "V3_0_p": -9.31943e-08,
        "V3_A_p": 8.45791e-08,
        "V4_0": -2.44467e-08,
        "r_0": 1.22997,
        "r_A": 0.399415,
        "a_0": 0.724087,
        "a_A": -0.000174577
    },
    "KDCoulomb": {
        "r_C_0": 1.25441,
        "r_C_A": -0.219232,
        "r_C_A2": 24.1555
    },
    "KDRealSpinOrbit": {
        "V1_0": 5.60781,
        "V1_A": -0.000371901,
        "V2_0": 0.001233,
        "r_0": 1.18998,
        "r_A": 0.910837,
        "a_0": 0.648881
    },
    "KDImagSpinOrbit": {
        "W1_0": -5.71858,
        "W2_0": 194.604
    },
    "KDImagVolume": {
        "W1_0_n": 13.9649,
        "W1_A_n": 0.00868158,
        "W1_0_p": 21.7861,
        "W1_A_p": 0.0550906,
        "W2_0": 64.3534,
        "W2_A": 0.0961593
    },
    "KDImagSurface": {
        "D1_0": 27.7734,
        "D1_asymm": 37.1224,
        "D2_0": 0.0234674,
        "D2_A": 0.0165972,
        "D2_A2": -2.03596,
        "D2_A3": 9.86801,
        "D3_0": 18.4169,
        "r_0": 1.42966,
        "r_A": 0.0332321,
        "a_0_n": 0.56997,
        "a_A_n": -0.000769007,
        "a_0_p": 0.476452,
        "a_A_p": 0.00108531
    }
}