{
    "ECS_p": 0.28306,
    "ECS_n": 0.215278,
    "APower_p": 0.657073,
    "APower_n": 0.653264,
    "RCS_p": 0.0469,
    "TCS_n": 0.0455353
}