{
    "KDHartreeFock": {
        "V1_0": 61.3826,
        "V1_asymm": -4.13842,
        "V1_A": 0.0580296,
        "V2_0_n": 0.00560396,
        "V2_A_n": -4.96501e-06,
        "V3_0_n": 9.19245e-06,
        "V3_A_n": -2.11747e-08,
        "V2_0_p": 0.00478454,
        "V2_A_p": -3.24723e-07,
        "V3_0_p": -2.61854e-06,
        "V3_A_p": 3.00843e-08,
        "V4_0": 5.13047e-09,
        "r_0": 1.33533,
        "r_A": 0.647884,
        "a_0": 0.722634,
        "a_A": 5.51523e-05
    },
    "KDCoulomb": {
        "r_C_0": 1.30797,
        "r_C_A": 0.876406,
        "r_C_A2": 1.17431
    },
    "KDRealSpinOrbit": {
        "V1_0": 5.55581,
        "V1_A": -0.00038039,
        "V2_0": 0.00484069,
        "r_0": 1.19973,
        "r_A": 0.554355,
        "a_0": 0.591741
    },
    "KDImagSpinOrbit": {
        "W1_0": -4.12892,
        "W2_0": 235.762
    },
    "KDImagVolume": {
        "W1_0_n": 23.308,
        "W1_A_n": 0.0443694,
        "W1_0_p": 26.7357,
        "W1_A_p": 0.00872022,
        "W2_0": 140.351,
        "W2_A": 0.2501
    },
    "KDImagSurface": {
        "D1_0": 18.1787,
        "D1_asymm": 10.3641,
        "D2_0": 0.00759218,
        "D2_A": 0.0140617,
        "D2_A2": 6.02887,
        "D2_A3": 322.266,
        "D3_0": 12.607,
        "r_0": 1.27487,
        "r_A": 0.00610638,
        "a_0_n": 0.537509,
        "a_A_n": 0.000321925,
        "a_0_p": 0.475769,
        "a_A_p": 0.00129952
    }
}