{
    "ECS_p": 0.265277,
    "ECS_n": 0.165136,
    "APower_p": 0.364745,
    "APower_n": 0.124317,
    "RCS_p": 0.021493,
    "TCS_n": 0.0237742
}