{
    "KDHartreeFock": {
        "V1_0": 56.9902,
        "V1_asymm": 11.9035,
        "V1_A": 0.0185935,
        "V2_0_n": 0.00644732,
        "V2_A_n": 1.16289e-07,
        "V3_0_n": 9.78582e-06,
        "V3_A_n": 3.07193e-09,
        "V2_0_p": 0.00599743,
        "V2_A_p": 4.29288e-06,
        "V3_0_p": 1.13157e-05,
        "V3_A_p": 1.67816e-08,
        "V4_0": -2.9828e-09,
        "r_0": 1.26073,
        "r_A": 0.280281,
        "a_0": 0.655037,
        "a_A": -0.000289699
    },
    "KDCoulomb": {
        "r_C_0": 1.3316,
        "r_C_A": -0.667666,
        "r_C_A2": 19.5929
    },
    "KDRealSpinOrbit": {
        "V1_0": 6.2271,
        "V1_A": -0.00816037,
        "V2_0": 0.00611688,
        "r_0": 1.28662,
        "r_A": 0.923498,
        "a_0": 0.558984
    },
    "KDImagSpinOrbit": {
        "W1_0": -4.24948,
        "W2_0": 230.117
    },
    "KDImagVolume": {
        "W1_0_n": 25.621,
        "W1_A_n": -0.0240097,
        "W1_0_p": 20.9323,
        "W1_A_p": -0.0213253,
        "W2_0": 136.477,
        "W2_A": -0.265205
    },
    "KDImagSurface": {
        "D1_0": 10.5877,
        "D1_asymm": 7.33385,
        "D2_0": 0.0489761,
        "D2_A": -0.0340009,
        "D2_A2": 3.28837,
        "D2_A3": 269.6,
        "D3_0": 8.6041,
        "r_0": 1.28925,
        "r_A": 0.00602108,
        "a_0_n": 0.624696,
        "a_A_n": 0.00039521,
        "a_0_p": 0.529917,
        "a_A_p": 0.00143636
    }
}