{
    "ECS_p": 0.289164,
    "ECS_n": 0.178163,
    "APower_p": 0.239517,
    "APower_n": 0.230371,
    "RCS_p": 0.002872,
    "TCS_n": 0.0142211
}