{
    "KDHartreeFock": {
        "V1_0": 58.1398,
        "V1_asymm": 16.6109,
        "V1_A": 0.0179566,
        "V2_0_n": 0.00665171,
        "V2_A_n": 7.23603e-06,
        "V3_0_n": 1.43957e-05,
        "V3_A_n": 4.44864e-08,
        "V2_0_p": 0.00600351,
        "V2_A_p": 9.31205e-06,
        "V3_0_p": 1.35823e-05,
        "V3_A_p": 4.39564e-08,
        "V4_0": 7.15972e-09,
        "r_0": 1.23351,
        "r_A": 0.216665,
        "a_0": 0.656724,
        "a_A": -0.000140259
    },
    "KDCoulomb": {
        "r_C_0": 1.12179,
        "r_C_A": 0.614498,
        "r_C_A2": 35.0675
    },
    "KDRealSpinOrbit": {
        "V1_0": 6.14849,
        "V1_A": -0.00255446,
        "V2_0": 0.00453015,
        "r_0": 1.19679,
        "r_A": 0.67321,
        "a_0": 0.582084
    },
    "KDImagSpinOrbit": {
        "W1_0": -6.33961,
        "W2_0": 259.849
    },
    "KDImagVolume": {
        "W1_0_n": 26.2029,
        "W1_A_n": 0.00791234,
        "W1_0_p": 22.9515,
        "W1_A_p": 0.0293691,
        "W2_0": 150.02,
        "W2_A": -0.0498734
    },
    "KDImagSurface": {
        "D1_0": 17.7074,
        "D1_asymm": 14.9793,
        "D2_0": 0.0501222,
        "D2_A": -0.0277326,
        "D2_A2": 9.00993,
        "D2_A3": 250.958,
        "D3_0": 15.9254,
        "r_0": 1.25415,
        "r_A": -0.000698554,
        "a_0_n": 0.578965,
        "a_A_n": -0.000327465,
        "a_0_p": 0.53316,
        "a_A_p": 0.00160808
    }
}