{
    "ECS_p": 0.358961,
    "ECS_n": 0.311423,
    "APower_p": 0.581618,
    "APower_n": 0.655493,
    "RCS_p": 0.0344765,
    "TCS_n": 0.0343015
}