{
    "KDHartreeFock": {
        "V1_0": 56.6888,
        "V1_asymm": 15.3468,
        "V1_A": 0.0180025,
        "V2_0_n": 0.00634453,
        "V2_A_n": 1.63216e-05,
        "V3_0_n": 6.1097e-06,
        "V3_A_n": 8.65096e-08,
        "V2_0_p": 0.00636039,
        "V2_A_p": -1.70133e-06,
        "V3_0_p": 6.94973e-06,
        "V3_A_p": 7.72616e-09,
        "V4_0": -3.1527e-08,
        "r_0": 1.19833,
        "r_A": 0.0518887,
        "a_0": 0.687223,
        "a_A": -0.000398608
    },
    "KDCoulomb": {
        "r_C_0": 1.06743,
        "r_C_A": 0.132505,
        "r_C_A2": 23.9701
    },
    "KDRealSpinOrbit": {
        "V1_0": 5.67275,
        "V1_A": 0.00328985,
        "V2_0": 0.00894011,
        "r_0": 1.22661,
        "r_A": 0.661273,
        "a_0": 0.554457
    },
    "KDImagSpinOrbit": {
        "W1_0": -2.27996,
        "W2_0": 147.305
    },
    "KDImagVolume": {
        "W1_0_n": 17.8922,
        "W1_A_n": 0.041764,
        "W1_0_p": 12.5621,
        "W1_A_p": 0.0708178,
        "W2_0": 99.0772,
        "W2_A": 0.18401
    },
    "KDImagSurface": {
        "D1_0": 15.6834,
        "D1_asymm": 9.7145,
        "D2_0": 0.0276377,
        "D2_A": -0.00204322,
        "D2_A2": -4.47728,
        "D2_A3": 181.259,
        "D3_0": 10.3896,
        "r_0": 1.34005,
        "r_A": 0.00744932,
        "a_0_n": 0.52522,
        "a_A_n": 0.000112025,
        "a_0_p": 0.582194,
        "a_A_p": 0.000112861
    }
}