{
    "ECS_p": 0.251395,
    "ECS_n": 0.214747,
    "APower_p": 0.29265,
    "APower_n": 0.206953,
    "RCS_p": 0.0240965,
    "TCS_n": 0.0407446
}