{
    "KDHartreeFock": {
        "V1_0": 59.1845,
        "V1_asymm": 14.9964,
        "V1_A": 0.0306832,
        "V2_0_n": 0.00595492,
        "V2_A_n": -2.34179e-06,
        "V3_0_n": 1.31645e-05,
        "V3_A_n": 1.25364e-08,
        "V2_0_p": 0.00769998,
        "V2_A_p": 4.3484e-06,
        "V3_0_p": 2.10023e-05,
        "V3_A_p": 4.79301e-08,
        "V4_0": -7.34933e-09,
        "r_0": 1.2967,
        "r_A": 0.448759,
        "a_0": 0.663648,
        "a_A": -0.000245846
    },
    "KDCoulomb": {
        "r_C_0": 0.99574,
        "r_C_A": 1.2338,
        "r_C_A2": 16.3938
    },
    "KDRealSpinOrbit": {
        "V1_0": 5.45936,
        "V1_A": 0.00919257,
        "V2_0": 0.0112897,
        "r_0": 1.28635,
        "r_A": 1.02278,
        "a_0": 0.535618
    },
    "KDImagSpinOrbit": {
        "W1_0": -6.001,
        "W2_0": 250.468
    },
    "KDImagVolume": {
        "W1_0_n": 11.8078,
        "W1_A_n": 0.0241298,
        "W1_0_p": 17.0906,
        "W1_A_p": -0.0028656,
        "W2_0": 82.1191,
        "W2_A": -0.150726
    },
    "KDImagSurface": {
        "D1_0": 16.9242,
        "D1_asymm": 21.6661,
        "D2_0": -0.0080591,
        "D2_A": 0.0382546,
        "D2_A2": 17.3605,
        "D2_A3": 569.888,
        "D3_0": 11.8875,
        "r_0": 1.40465,
        "r_A": 0.0218719,
        "a_0_n": 0.628604,
        "a_A_n": 0.000863862,
        "a_0_p": 0.566956,
        "a_A_p": -0.00019545
    }
}