{
    "ECS_p": 0.531436,
    "ECS_n": 0.288979,
    "APower_p": 0.714339,
    "APower_n": 0.677653,
    "RCS_p": 0.0415211,
    "TCS_n": 0.0828715
}