{
    "KDHartreeFock": {
        "V1_0": 59.2355,
        "V1_asymm": 7.99952,
        "V1_A": 0.0444453,
        "V2_0_n": 0.00839113,
        "V2_A_n": 2.19223e-05,
        "V3_0_n": 3.48761e-05,
        "V3_A_n": 1.1501e-07,
        "V2_0_p": 0.00835559,
        "V2_A_p": -1.02873e-05,
        "V3_0_p": 3.29673e-05,
        "V3_A_p": -8.00269e-08,
        "V4_0": 5.76235e-08,
        "r_0": 1.30571,
        "r_A": 0.515456,
        "a_0": 0.737516,
        "a_A": 0.000291248
    },
    "KDCoulomb": {
        "r_C_0": 1.31767,
        "r_C_A": 1.2301,
        "r_C_A2": 25.6979
    },
    "KDRealSpinOrbit": {
        "V1_0": 6.61226,
        "V1_A": -0.028588,
        "V2_0": 0.00391356,
        "r_0": 1.18842,
        "r_A": 0.480733,
        "a_0": 0.545275
    },
    "KDImagSpinOrbit": {
        "W1_0": -1.3275,
        "W2_0": 363.535
    },
    "KDImagVolume": {
        "W1_0_n": 17.6205,
        "W1_A_n": 0.0214021,
        "W1_0_p": 12.5213,
        "W1_A_p": 0.0442101,
        "W2_0": 72.6831,
        "W2_A": 0.156778
    },
    "KDImagSurface": {
        "D1_0": 16.5308,
        "D1_asymm": 1.63641,
        "D2_0": -0.014774,
        "D2_A": 0.0450978,
        "D2_A2": -4.49336,
        "D2_A3": -87.8553,
        "D3_0": 13.1529,
        "r_0": 1.52862,
        "r_A": 0.0649232,
        "a_0_n": 0.539857,
        "a_A_n": -0.00143642,
        "a_0_p": 0.453669,
        "a_A_p": 0.00329308
    }
}