{
    "ECS_p": 0.355887,
    "ECS_n": 0.383765,
    "APower_p": 0.916868,
    "APower_n": 0.520101,
    "RCS_p": 0.0308589,
    "TCS_n": 0.0375067
}