{
    "KDHartreeFock": {
        "V1_0": 61.9924,
        "V1_asymm": 8.31581,
        "V1_A": 0.0316704,
        "V2_0_n": 0.00598914,
        "V2_A_n": -9.7779e-06,
        "V3_0_n": 1.75531e-05,
        "V3_A_n": -4.7281e-08,
        "V2_0_p": 0.00766805,
        "V2_A_p": -3.92572e-06,
        "V3_0_p": 2.85256e-05,
        "V3_A_p": -2.07032e-08,
        "V4_0": 3.06926e-08,
        "r_0": 1.29496,
        "r_A": 0.598877,
        "a_0": 0.722151,
        "a_A": -0.000123936
    },
    "KDCoulomb": {
        "r_C_0": 1.22519,
        "r_C_A": 0.713992,
        "r_C_A2": 1.83474
    },
    "KDRealSpinOrbit": {
        "V1_0": 7.83096,
        "V1_A": 0.000464872,
        "V2_0": 0.0196064,
        "r_0": 1.2044,
        "r_A": 0.488188,
        "a_0": 0.503649
    },
    "KDImagSpinOrbit": {
        "W1_0": -4.55974,
        "W2_0": 254.917
    },
    "KDImagVolume": {
        "W1_0_n": 25.1662,
        "W1_A_n": 0.0605797,
        "W1_0_p": 24.0911,
        "W1_A_p": 0.0308442,
        "W2_0": 139.534,
        "W2_A": 0.433556
    },
    "KDImagSurface": {
        "D1_0": 15.7792,
        "D1_asymm": -10.3398,
        "D2_0": 0.0281181,
        "D2_A": -0.00720031,
        "D2_A2": 16.3413,
        "D2_A3": 261.743,
        "D3_0": 14.7616,
        "r_0": 1.36654,
        "r_A": 0.0226945,
        "a_0_n": 0.59587,
        "a_A_n": 0.00039223,
        "a_0_p": 0.488518,
        "a_A_p": 0.00235473
    }
}