{
    "ECS_p": 0.320802,
    "ECS_n": 0.171549,
    "APower_p": 0.351283,
    "APower_n": 0.193212,
    "RCS_p": 0.0245335,
    "TCS_n": 0.0249462
}