{
    "KDHartreeFock": {
        "V1_0": 60.5676,
        "V1_asymm": 12.6794,
        "V1_A": 0.025617,
        "V2_0_n": 0.00667015,
        "V2_A_n": -1.99068e-06,
        "V3_0_n": 1.6337e-05,
        "V3_A_n": -4.87665e-09,
        "V2_0_p": 0.00610972,
        "V2_A_p": 5.69437e-06,
        "V3_0_p": 1.36839e-05,
        "V3_A_p": 4.23939e-08,
        "V4_0": 1.58189e-08,
        "r_0": 1.24938,
        "r_A": 0.35794,
        "a_0": 0.668363,
        "a_A": -0.000338578
    },
    "KDCoulomb": {
        "r_C_0": 0.959887,
        "r_C_A": 0.78088,
        "r_C_A2": 25.7956
    },
    "KDRealSpinOrbit": {
        "V1_0": 4.95742,
        "V1_A": 0.00117044,
        "V2_0": 0.00264099,
        "r_0": 1.07547,
        "r_A": 0.27078,
        "a_0": 0.653468
    },
    "KDImagSpinOrbit": {
        "W1_0": -2.36376,
        "W2_0": 173.975
    },
    "KDImagVolume": {
        "W1_0_n": 22.7203,
        "W1_A_n": 0.0243508,
        "W1_0_p": 12.3846,
        "W1_A_p": 0.139899,
        "W2_0": 108.25,
        "W2_A": 0.353912
    },
    "KDImagSurface": {
        "D1_0": 16.6255,
        "D1_asymm": 12.3528,
        "D2_0": -0.0193738,
        "D2_A": 0.0422666,
        "D2_A2": -3.67127,
        "D2_A3": -107.579,
        "D3_0": 16.5431,
        "r_0": 1.4368,
        "r_A": 0.0343344,
        "a_0_n": 0.6112,
        "a_A_n": -0.000321462,
        "a_0_p": 0.548384,
        "a_A_p": 0.00149652
    }
}