{
    "ECS_p": 0.255333,
    "ECS_n": 0.169343,
    "APower_p": 0.35404,
    "APower_n": 0.157849,
    "RCS_p": 0.00011679,
    "TCS_n": 0.0348928
}