{
    "KDHartreeFock": {
        "V1_0": 59.1216,
        "V1_asymm": 10.3729,
        "V1_A": 0.0366507,
        "V2_0_n": 0.00737585,
        "V2_A_n": 4.73729e-06,
        "V3_0_n": 1.98958e-05,
        "V3_A_n": 3.65857e-08,
        "V2_0_p": 0.00483396,
        "V2_A_p": 8.77292e-06,
        "V3_0_p": 5.73379e-06,
        "V3_A_p": 2.91739e-08,
        "V4_0": 9.44425e-09,
        "r_0": 1.32891,
        "r_A": 0.556246,
        "a_0": 0.692637,
        "a_A": 3.07295e-05
    },
    "KDCoulomb": {
        "r_C_0": 1.12077,
        "r_C_A": 0.618325,
        "r_C_A2": 0.43555
    },
    "KDRealSpinOrbit": {
        "V1_0": 5.49273,
        "V1_A": 0.00850061,
        "V2_0": 0.00373483,
        "r_0": 1.18363,
        "r_A": 0.513241,
        "a_0": 0.662296
    },
    "KDImagSpinOrbit": {
        "W1_0": -1.9794,
        "W2_0": 186.789
    },
    "KDImagVolume": {
        "W1_0_n": 16.3371,
        "W1_A_n": -0.00658677,
        "W1_0_p": 14.3651,
        "W1_A_p": -0.00599969,
        "W2_0": 86.3925,
        "W2_A": -0.176643
    },
    "KDImagSurface": {
        "D1_0": 11.0862,
        "D1_asymm": 18.0786,
        "D2_0": 0.0192549,
        "D2_A": -0.00164387,
        "D2_A2": 5.89212,
        "D2_A3": 359.15,
        "D3_0": 5.70663,
        "r_0": 1.33973,
        "r_A": 0.0144626,
        "a_0_n": 0.594979,
        "a_A_n": 0.000738033,
        "a_0_p": 0.539402,
        "a_A_p": 5.53403e-05
    }
}