{
    "ECS_p": 0.298503,
    "ECS_n": 0.150513,
    "APower_p": 0.362609,
    "APower_n": 0.371064,
    "RCS_p": 0.0042108,
    "TCS_n": 0.0233222
}