{
    "KDHartreeFock": {
        "V1_0": 61.084,
        "V1_asymm": 23.2449,
        "V1_A": 0.0244006,
        "V2_0_n": 0.00648882,
        "V2_A_n": 5.8497e-06,
        "V3_0_n": 1.35338e-05,
        "V3_A_n": 2.79187e-08,
        "V2_0_p": 0.0074386,
        "V2_A_p": 4.46884e-06,
        "V3_0_p": 1.79951e-05,
        "V3_A_p": 3.67207e-08,
        "V4_0": 9.39472e-09,
        "r_0": 1.26208,
        "r_A": 0.383507,
        "a_0": 0.681695,
        "a_A": 7.51965e-06
    },
    "KDCoulomb": {
        "r_C_0": 1.15194,
        "r_C_A": 0.953827,
        "r_C_A2": 21.7999
    },
    "KDRealSpinOrbit": {
        "V1_0": 5.27867,
        "V1_A": 0.00209377,
        "V2_0": 0.00270191,
        "r_0": 1.2284,
        "r_A": 0.816209,
        "a_0": 0.607217
    },
    "KDImagSpinOrbit": {
        "W1_0": -1.41727,
        "W2_0": 99.399
    },
    "KDImagVolume": {
        "W1_0_n": 20.654,
        "W1_A_n": -0.00207784,
        "W1_0_p": 19.9478,
        "W1_A_p": 0.0609963,
        "W2_0": 103.179,
        "W2_A": -0.026638
    },
    "KDImagSurface": {
        "D1_0": 22.6686,
        "D1_asymm": 26.0546,
        "D2_0": 0.0320417,
        "D2_A": -0.0216641,
        "D2_A2": 5.99154,
        "D2_A3": -67.415,
        "D3_0": 18.2509,
        "r_0": 1.4202,
        "r_A": 0.0359831,
        "a_0_n": 0.530734,
        "a_A_n": -0.00125368,
        "a_0_p": 0.477683,
        "a_A_p": 0.00180111
    }
}