{
    "ECS_p": 0.350858,
    "ECS_n": 0.206271,
    "APower_p": 0.631439,
    "APower_n": 0.596109,
    "RCS_p": 0.0257625,
    "TCS_n": 0.0516195
}