{
    "KDHartreeFock": {
        "V1_0": 57.4821,
        "V1_asymm": 9.20382,
        "V1_A": 0.0322652,
        "V2_0_n": 0.00606402,
        "V2_A_n": 1.57526e-06,
        "V3_0_n": 1.17581e-06,
        "V3_A_n": -1.79824e-08,
        "V2_0_p": 0.00679262,
        "V2_A_p": 7.25823e-07,
        "V3_0_p": 7.83503e-06,
        "V3_A_p": 4.08568e-08,
        "V4_0": -2.50104e-08,
        "r_0": 1.33239,
        "r_A": 0.554777,
        "a_0": 0.682073,
        "a_A": 1.91137e-05
    },
    "KDCoulomb": {
        "r_C_0": 1.38647,
        "r_C_A": 1.29408,
        "r_C_A2": 2.36965
    },
    "KDRealSpinOrbit": {
        "V1_0": 4.86924,
        "V1_A": 0.000401406,
        "V2_0": 0.00382396,
        "r_0": 1.10282,
        "r_A": 0.244974,
        "a_0": 0.518401
    },
    "KDImagSpinOrbit": {
        "W1_0": -5.52455,
        "W2_0": 193.36
    },
    "KDImagVolume": {
        "W1_0_n": 29.0605,
        "W1_A_n": -0.0968615,
        "W1_0_p": 21.1397,
        "W1_A_p": -0.0177278,
        "W2_0": 99.1794,
        "W2_A": -0.228208
    },
    "KDImagSurface": {
        "D1_0": 17.5988,
        "D1_asymm": 5.41036,
        "D2_0": 0.0321589,
        "D2_A": 0.0089228,
        "D2_A2": -1.91835,
        "D2_A3": 285.241,
        "D3_0": 11.2765,
        "r_0": 1.37993,
        "r_A": 0.024041,
        "a_0_n": 0.502785,
        "a_A_n": 0.000428822,
        "a_0_p": 0.589424,
        "a_A_p": 0.000123062
    }
}