{
    "ECS_p": 0.278712,
    "ECS_n": 0.242859,
    "APower_p": 0.500743,
    "APower_n": 0.132257,
    "RCS_p": 0.0130499,
    "TCS_n": 0.0218673
}