{
    "KDHartreeFock": {
        "V1_0": 59.6591,
        "V1_asymm": 8.33678,
        "V1_A": 0.0377637,
        "V2_0_n": 0.00706837,
        "V2_A_n": -3.73067e-07,
        "V3_0_n": 2.06253e-05,
        "V3_A_n": -6.66171e-09,
        "V2_0_p": 0.0078278,
        "V2_A_p": -2.93218e-06,
        "V3_0_p": 2.63511e-05,
        "V3_A_p": -3.69464e-08,
        "V4_0": 2.35901e-08,
        "r_0": 1.28137,
        "r_A": 0.370083,
        "a_0": 0.67965,
        "a_A": -9.84018e-05
    },
    "KDCoulomb": {
        "r_C_0": 1.20426,
        "r_C_A": 0.697058,
        "r_C_A2": 2.78425
    },
    "KDRealSpinOrbit": {
        "V1_0": 7.47824,
        "V1_A": -0.0101209,
        "V2_0": 0.00706556,
        "r_0": 1.20951,
        "r_A": 0.819382,
        "a_0": 0.574369
    },
    "KDImagSpinOrbit": {
        "W1_0": -4.03897,
        "W2_0": 225.503
    },
    "KDImagVolume": {
        "W1_0_n": 23.5238,
        "W1_A_n": -0.02632,
        "W1_0_p": 19.4655,
        "W1_A_p": 0.0579474,
        "W2_0": 138.983,
        "W2_A": -0.143974
    },
    "KDImagSurface": {
        "D1_0": 20.57,
        "D1_asymm": -2.82974,
        "D2_0": 0.0416346,
        "D2_A": -0.0142923,
        "D2_A2": 0.458176,
        "D2_A3": 285.465,
        "D3_0": 15.7307,
        "r_0": 1.32959,
        "r_A": 0.0102415,
        "a_0_n": 0.566739,
        "a_A_n": 0.000414944,
        "a_0_p": 0.481192,
        "a_A_p": 0.0014132
    }
}