{
    "ECS_p": 0.266193,
    "ECS_n": 0.210681,
    "APower_p": 0.373446,
    "APower_n": 0.361577,
    "RCS_p": 0.00276213,
    "TCS_n": 0.035163
}