{
    "KDHartreeFock": {
        "V1_0": 57.9666,
        "V1_asymm": 16.5328,
        "V1_A": 0.016425,
        "V2_0_n": 0.00632296,
        "V2_A_n": 1.03253e-06,
        "V3_0_n": 1.72486e-05,
        "V3_A_n": 8.38734e-09,
        "V2_0_p": 0.007349,
        "V2_A_p": 2.50075e-06,
        "V3_0_p": 2.72126e-05,
        "V3_A_p": -1.15722e-08,
        "V4_0": 2.86519e-08,
        "r_0": 1.26264,
        "r_A": 0.346658,
        "a_0": 0.67013,
        "a_A": -0.000143365
    },
    "KDCoulomb": {
        "r_C_0": 1.28827,
        "r_C_A": 1.50697,
        "r_C_A2": 0.162504
    },
    "KDRealSpinOrbit": {
        "V1_0": 6.12042,
        "V1_A": -0.0027354,
        "V2_0": 0.0060026,
        "r_0": 1.27158,
        "r_A": 1.05218,
        "a_0": 0.607718
    },
    "KDImagSpinOrbit": {
        "W1_0": -3.72851,
        "W2_0": 161.949
    },
    "KDImagVolume": {
        "W1_0_n": 20.9967,
        "W1_A_n": 0.00754407,
        "W1_0_p": 20.8523,
        "W1_A_p": 0.0656998,
        "W2_0": 123.103,
        "W2_A": -0.0930071
    },
    "KDImagSurface": {
        "D1_0": 21.6748,
        "D1_asymm": 7.6432,
        "D2_0": 0.0340988,
        "D2_A": -0.0087418,
        "D2_A2": 7.18589,
        "D2_A3": 139.309,
        "D3_0": 18.6517,
        "r_0": 1.56413,
        "r_A": 0.0665597,
        "a_0_n": 0.492498,
        "a_A_n": -0.000630571,
        "a_0_p": 0.463087,
        "a_A_p": 0.00161315
    }
}