{
    "ECS_p": 0.37617,
    "ECS_n": 0.419432,
    "APower_p": 0.980046,
    "APower_n": 0.589013,
    "RCS_p": 0.0251972,
    "TCS_n": 0.0383207
}