{
    "KDHartreeFock": {
        "V1_0": 60.0815,
        "V1_asymm": 16.6581,
        "V1_A": 0.0376025,
        "V2_0_n": 0.00587673,
        "V2_A_n": 1.92008e-06,
        "V3_0_n": 1.29842e-05,
        "V3_A_n": 3.55251e-08,
        "V2_0_p": 0.00744322,
        "V2_A_p": 3.72981e-06,
        "V3_0_p": 1.58628e-05,
        "V3_A_p": 5.77188e-08,
        "V4_0": 7.65871e-09,
        "r_0": 1.31395,
        "r_A": 0.571647,
        "a_0": 0.666673,
        "a_A": -0.0002931
    },
    "KDCoulomb": {
        "r_C_0": 1.28916,
        "r_C_A": 1.0527,
        "r_C_A2": 18.691
    },
    "KDRealSpinOrbit": {
        "V1_0": 5.83531,
        "V1_A": -0.00257271,
        "V2_0": 0.00643095,
        "r_0": 1.21133,
        "r_A": 0.584782,
        "a_0": 0.538736
    },
    "KDImagSpinOrbit": {
        "W1_0": -4.39482,
        "W2_0": 173.777
    },
    "KDImagVolume": {
        "W1_0_n": 24.8855,
        "W1_A_n": 0.00780326,
        "W1_0_p": 25.3123,
        "W1_A_p": 0.039227,
        "W2_0": 149.849,
        "W2_A": -0.0112798
    },
    "KDImagSurface": {
        "D1_0": 25.6316,
        "D1_asymm": 4.46838,
        "D2_0": 0.0234534,
        "D2_A": 0.00483167,
        "D2_A2": 13.4736,
        "D2_A3": 232.325,
        "D3_0": 24.1687,
        "r_0": 1.28599,
        "r_A": 0.000957641,
        "a_0_n": 0.561835,
        "a_A_n": -0.000440938,
        "a_0_p": 0.576762,
        "a_A_p": 0.000456775
    }
}