{
    "ECS_p": 0.18016,
    "ECS_n": 0.168248,
    "APower_p": 0.293345,
    "APower_n": 0.21167,
    "RCS_p": 0.0249956,
    "TCS_n": 0.0254443
}