{
    "KDHartreeFock": {
        "V1_0": 57.0918,
        "V1_asymm": 7.87504,
        "V1_A": 0.0319652,
        "V2_0_n": 0.00630251,
        "V2_A_n": -2.60932e-06,
        "V3_0_n": 7.7254e-06,
        "V3_A_n": -8.88315e-09,
        "V2_0_p": 0.00681968,
        "V2_A_p": -1.46456e-06,
        "V3_0_p": 1.52591e-05,
        "V3_A_p": -2.73655e-08,
        "V4_0": -1.28148e-08,
        "r_0": 1.33107,
        "r_A": 0.524584,
        "a_0": 0.693756,
        "a_A": 0.000226766
    },
    "KDCoulomb": {
        "r_C_0": 1.31486,
        "r_C_A": 2.36228,
        "r_C_A2": 14.6627
    },
    "KDRealSpinOrbit": {
        "V1_0": 5.11108,
        "V1_A": 0.0114133,
        "V2_0": 0.00350016,
        "r_0": 1.22476,
        "r_A": 0.86349,
        "a_0": 0.623856
    },
    "KDImagSpinOrbit": {
        "W1_0": -3.00533,
        "W2_0": 112.559
    },
    "KDImagVolume": {
        "W1_0_n": 23.2542,
        "W1_A_n": -0.0334825,
        "W1_0_p": 19.2743,
        "W1_A_p": -0.0200155,
        "W2_0": 128.3,
        "W2_A": -0.189845
    },
    "KDImagSurface": {
        "D1_0": 11.0327,
        "D1_asymm": 12.3892,
        "D2_0": 0.0148025,
        "D2_A": 0.0129778,
        "D2_A2": 20.6312,
        "D2_A3": -38.6379,
        "D3_0": 8.04875,
        "r_0": 1.34246,
        "r_A": 0.0127457,
        "a_0_n": 0.560319,
        "a_A_n": -0.000322519,
        "a_0_p": 0.541814,
        "a_A_p": 0.000614263
    }
}