{
    "ECS_p": 0.307465,
    "ECS_n": 0.250571,
    "APower_p": 0.42663,
    "APower_n": 0.174735,
    "RCS_p": 0.0103116,
    "TCS_n": 0.0231392
}