{
    "KDHartreeFock": {
        "V1_0": 62.2671,
        "V1_asymm": 13.5209,
        "V1_A": 0.049232,
        "V2_0_n": 0.00644471,
        "V2_A_n": 9.19643e-07,
        "V3_0_n": 1.30483e-05,
        "V3_A_n": 4.69969e-09,
        "V2_0_p": 0.0074195,
        "V2_A_p": -2.01049e-06,
        "V3_0_p": 1.6286e-05,
        "V3_A_p": 2.87154e-09,
        "V4_0": 6.48044e-09,
        "r_0": 1.29191,
        "r_A": 0.496134,
        "a_0": 0.696275,
        "a_A": -0.000193278
    },
    "KDCoulomb": {
        "r_C_0": 1.29526,
        "r_C_A": 0.0322711,
        "r_C_A2": 0.697727
    },
    "KDRealSpinOrbit": {
        "V1_0": 5.42226,
        "V1_A": -0.00183807,
        "V2_0": 0.00130195,
        "r_0": 1.17385,
        "r_A": 0.622662,
        "a_0": 0.589029
    },
    "KDImagSpinOrbit": {
        "W1_0": -1.22976,
        "W2_0": 163.473
    },
    "KDImagVolume": {
        "W1_0_n": 18.3469,
        "W1_A_n": -0.00208918,
        "W1_0_p": 19.7699,
        "W1_A_p": 0.0372253,
        "W2_0": 59.2699,
        "W2_A": 0.184669
    },
    "KDImagSurface": {
        "D1_0": 15.3587,
        "D1_asymm": 9.5522,
        "D2_0": 0.0310314,
        "D2_A": -0.00515779,
        "D2_A2": 8.9662,
        "D2_A3": 392.862,
        "D3_0": 13.2006,
        "r_0": 1.28948,
        "r_A": 0.00579043,
        "a_0_n": 0.532883,
        "a_A_n": -0.000487918,
        "a_0_p": 0.515628,
        "a_A_p": 0.000820746
    }
}