{
    "ECS_p": 0.438982,
    "ECS_n": 0.392069,
    "APower_p": 0.643433,
    "APower_n": 0.469693,
    "RCS_p": 0.0278598,
    "TCS_n": 0.0398945
}