{
    "KDHartreeFock": {
        "V1_0": 58.4421,
        "V1_asymm": 18.4629,
        "V1_A": 0.0207488,
        "V2_0_n": 0.00409269,
        "V2_A_n": -4.14926e-06,
        "V3_0_n": -7.57508e-06,
        "V3_A_n": 1.896e-08,
        "V2_0_p": 0.00459299,
        "V2_A_p": 1.29661e-05,
        "V3_0_p": -1.49671e-06,
        "V3_A_p": 9.05342e-08,
        "V4_0": -4.35716e-08,
        "r_0": 1.28589,
        "r_A": 0.472033,
        "a_0": 0.724169,
        "a_A": 0.0001545
    },
    "KDCoulomb": {
        "r_C_0": 1.16637,
        "r_C_A": 1.44196,
        "r_C_A2": 21.5583
    },
    "KDRealSpinOrbit": {
        "V1_0": 5.87658,
        "V1_A": 0.0109215,
        "V2_0": 0.0160229,
        "r_0": 1.28126,
        "r_A": 0.861666,
        "a_0": 0.450044
    },
    "KDImagSpinOrbit": {
        "W1_0": -4.6186,
        "W2_0": 202.291
    },
    "KDImagVolume": {
        "W1_0_n": 24.8857,
        "W1_A_n": -0.014782,
        "W1_0_p": 21.9433,
        "W1_A_p": -0.00959586,
        "W2_0": 111.272,
        "W2_A": -0.253856
    },
    "KDImagSurface": {
        "D1_0": 32.4727,
        "D1_asymm": -5.809,
        "D2_0": 0.0429489,
        "D2_A": -0.00482785,
        "D2_A2": 14.5459,
        "D2_A3": 230.018,
        "D3_0": 21.9087,
        "r_0": 1.31579,
        "r_A": 0.0157657,
        "a_0_n": 0.612405,
        "a_A_n": -6.165e-05,
        "a_0_p": 0.486355,
        "a_A_p": 0.00194699
    }
}