{
    "ECS_p": 0.223491,
    "ECS_n": 0.14505,
    "APower_p": 0.358539,
    "APower_n": 0.19873,
    "RCS_p": 0.00848242,
    "TCS_n": 0.0221239
}