{
    "KDHartreeFock": {
        "V1_0": 56.3939,
        "V1_asymm": 11.5657,
        "V1_A": 0.0200757,
        "V2_0_n": 0.0062331,
        "V2_A_n": 1.37427e-06,
        "V3_0_n": 5.73786e-06,
        "V3_A_n": -9.8093e-09,
        "V2_0_p": 0.00673008,
        "V2_A_p": 2.18051e-06,
        "V3_0_p": 1.31333e-05,
        "V3_A_p": -7.09013e-09,
        "V4_0": -1.33948e-08,
        "r_0": 1.28331,
        "r_A": 0.342505,
        "a_0": 0.722219,
        "a_A": 0.000379713
    },
    "KDCoulomb": {
        "r_C_0": 1.10936,
        "r_C_A": 1.15796,
        "r_C_A2": 24.3927
    },
    "KDRealSpinOrbit": {
        "V1_0": 6.23362,
        "V1_A": -0.00308971,
        "V2_0": 0.00358608,
        "r_0": 1.25222,
        "r_A": 0.693855,
        "a_0": 0.628866
    },
    "KDImagSpinOrbit": {
        "W1_0": -2.01134,
        "W2_0": 271.617
    },
    "KDImagVolume": {
        "W1_0_n": 20.1156,
        "W1_A_n": -0.0286058,
        "W1_0_p": 6.80448,
        "W1_A_p": 0.0576884,
        "W2_0": 74.4066,
        "W2_A": -0.033639
    },
    "KDImagSurface": {
        "D1_0": 16.5029,
        "D1_asymm": 13.357,
        "D2_0": 0.0240156,
        "D2_A": 0.000461035,
        "D2_A2": -0.442996,
        "D2_A3": 322.483,
        "D3_0": 15.489,
        "r_0": 1.33461,
        "r_A": 0.00513824,
        "a_0_n": 0.538364,
        "a_A_n": 2.13452e-06,
        "a_0_p": 0.547849,
        "a_A_p": 0.000170178
    }
}