{
    "ECS_p": 0.31431,
    "ECS_n": 0.300596,
    "APower_p": 0.766793,
    "APower_n": 0.887495,
    "RCS_p": 0.0479352,
    "TCS_n": 0.0556702
}