{
    "KDHartreeFock": {
        "V1_0": 56.203,
        "V1_asymm": 30.5354,
        "V1_A": -0.0114526,
        "V2_0_n": 0.00491755,
        "V2_A_n": -4.15812e-06,
        "V3_0_n": 9.1572e-06,
        "V3_A_n": -4.18803e-09,
        "V2_0_p": 0.00617416,
        "V2_A_p": 1.18957e-05,
        "V3_0_p": 1.40192e-05,
        "V3_A_p": 4.0791e-08,
        "V4_0": 6.48052e-09,
        "r_0": 1.17823,
        "r_A": -0.0108208,
        "a_0": 0.625876,
        "a_A": -0.000503659
    },
    "KDCoulomb": {
        "r_C_0": 1.22493,
        "r_C_A": 0.875689,
        "r_C_A2": 20.8038
    },
    "KDRealSpinOrbit": {
        "V1_0": 3.18804,
        "V1_A": -0.00153602,
        "V2_0": 0.0013385,
        "r_0": 1.07021,
        "r_A": 0.0290498,
        "a_0": 0.61525
    },
    "KDImagSpinOrbit": {
        "W1_0": -3.88208,
        "W2_0": 349.652
    },
    "KDImagVolume": {
        "W1_0_n": 15.0955,
        "W1_A_n": 0.0522844,
        "W1_0_p": 9.46675,
        "W1_A_p": 0.144835,
        "W2_0": 100.574,
        "W2_A": 0.199848
    },
    "KDImagSurface": {
        "D1_0": 23.8745,
        "D1_asymm": 0.395508,
        "D2_0": 0.0180335,
        "D2_A": 0.00886318,
        "D2_A2": 16.2436,
        "D2_A3": 251.546,
        "D3_0": 21.7086,
        "r_0": 1.34309,
        "r_A": 0.0252163,
        "a_0_n": 0.558372,
        "a_A_n": -0.000830997,
        "a_0_p": 0.491505,
        "a_A_p": 0.00142273
    }
}