{
    "ECS_p": 0.676503,
    "ECS_n": 0.655868,
    "APower_p": 0.728103,
    "APower_n": 0.877271,
    "RCS_p": 0.053453,
    "TCS_n": 0.033158
}