{
    "KDHartreeFock": {
        "V1_0": 54.7709,
        "V1_asymm": 22.743,
        "V1_A": 0.00406029,
        "V2_0_n": 0.00585029,
        "V2_A_n": -2.18532e-07,
        "V3_0_n": 1.2236e-05,
        "V3_A_n": 1.03308e-08,
        "V2_0_p": 0.00767514,
        "V2_A_p": 7.38212e-06,
        "V3_0_p": 2.58482e-05,
        "V3_A_p": 2.31401e-08,
        "V4_0": 8.91998e-09,
        "r_0": 1.25435,
        "r_A": 0.175442,
        "a_0": 0.608099,
        "a_A": -0.000261471
    },
    "KDCoulomb": {
        "r_C_0": 1.23618,
        "r_C_A": 1.15626,
        "r_C_A2": -5.45264
    },
    "KDRealSpinOrbit": {
        "V1_0": 1.94229,
        "V1_A": -0.00723365,
        "V2_0": 0.00751535,
        "r_0": 1.24469,
        "r_A": 1.10132,
        "a_0": 0.652862
    },
    "KDImagSpinOrbit": {
        "W1_0": -0.896606,
        "W2_0": 189.502
    },
    "KDImagVolume": {
        "W1_0_n": 19.3693,
        "W1_A_n": 0.0327426,
        "W1_0_p": 15.8808,
        "W1_A_p": 0.121082,
        "W2_0": 64.1092,
        "W2_A": 0.558329
    },
    "KDImagSurface": {
        "D1_0": 24.7622,
        "D1_asymm": 44.2545,
        "D2_0": -0.00875347,
        "D2_A": 0.0458335,
        "D2_A2": 2.49252,
        "D2_A3": 394.52,
        "D3_0": 9.89286,
        "r_0": 1.43693,
        "r_A": 0.0402911,
        "a_0_n": 0.58361,
        "a_A_n": -0.0008179,
        "a_0_p": 0.446349,
        "a_A_p": 0.00168782
    }
}