{
    "ECS_p": 0.38617,
    "ECS_n": 0.338674,
    "APower_p": 0.726746,
    "APower_n": 0.560127,
    "RCS_p": 0.00910202,
    "TCS_n": 0.0348896
}