{
    "KDHartreeFock": {
        "V1_0": 58.5029,
        "V1_asymm": 7.18776,
        "V1_A": 0.0226133,
        "V2_0_n": 0.00388627,
        "V2_A_n": -2.89577e-06,
        "V3_0_n": -8.70631e-06,
        "V3_A_n": 5.38713e-09,
        "V2_0_p": 0.00271427,
        "V2_A_p": 1.11418e-05,
        "V3_0_p": -2.32028e-05,
        "V3_A_p": 8.68822e-08,
        "V4_0": -4.72287e-08,
        "r_0": 1.30915,
        "r_A": 0.653687,
        "a_0": 0.730777,
        "a_A": 0.000437917
    },
    "KDCoulomb": {
        "r_C_0": 1.23932,
        "r_C_A": 0.403803,
        "r_C_A2": 27.8398
    },
    "KDRealSpinOrbit": {
        "V1_0": 5.64003,
        "V1_A": 0.0231327,
        "V2_0": 0.010134,
        "r_0": 1.16128,
        "r_A": 0.322616,
        "a_0": 0.558879
    },
    "KDImagSpinOrbit": {
        "W1_0": -0.801855,
        "W2_0": 37.7736
    },
    "KDImagVolume": {
        "W1_0_n": 24.8208,
        "W1_A_n": 0.00189653,
        "W1_0_p": 18.8355,
        "W1_A_p": 0.0209333,
        "W2_0": 90.0891,
        "W2_A": 0.0928885
    },
    "KDImagSurface": {
        "D1_0": 15.994,
        "D1_asymm": 7.49417,
        "D2_0": 0.0803812,
        "D2_A": -0.0536075,
        "D2_A2": 10.6704,
        "D2_A3": 254.027,
        "D3_0": 13.1082,
        "r_0": 1.36245,
        "r_A": 0.0164617,
        "a_0_n": 0.494485,
        "a_A_n": -0.000763794,
        "a_0_p": 0.486416,
        "a_A_p": 0.00183933
    }
}