{
    "ECS_p": 0.357182,
    "ECS_n": 0.312604,
    "APower_p": 0.696412,
    "APower_n": 0.65412,
    "RCS_p": 0.0306494,
    "TCS_n": 0.0308896
}