{
    "KDHartreeFock": {
        "V1_0": 61.1597,
        "V1_asymm": 9.98554,
        "V1_A": 0.0367538,
        "V2_0_n": 0.0053996,
        "V2_A_n": -2.00588e-06,
        "V3_0_n": 3.60202e-06,
        "V3_A_n": -1.64842e-08,
        "V2_0_p": 0.00620305,
        "V2_A_p": 5.40488e-06,
        "V3_0_p": 8.24925e-06,
        "V3_A_p": 6.92862e-08,
        "V4_0": -1.30723e-08,
        "r_0": 1.33602,
        "r_A": 0.727739,
        "a_0": 0.652757,
        "a_A": -0.000135882
    },
    "KDCoulomb": {
        "r_C_0": 1.27186,
        "r_C_A": 0.236559,
        "r_C_A2": 10.2429
    },
    "KDRealSpinOrbit": {
        "V1_0": 5.81687,
        "V1_A": -0.0121443,
        "V2_0": 0.00771722,
        "r_0": 1.24972,
        "r_A": 1.04131,
        "a_0": 0.586043
    },
    "KDImagSpinOrbit": {
        "W1_0": -8.16688,
        "W2_0": 387.875
    },
    "KDImagVolume": {
        "W1_0_n": 27.5295,
        "W1_A_n": -0.0117501,
        "W1_0_p": 24.0832,
        "W1_A_p": -0.00485776,
        "W2_0": 128.855,
        "W2_A": -0.0659868
    },
    "KDImagSurface": {
        "D1_0": 16.6194,
        "D1_asymm": 4.54975,
        "D2_0": -0.0248032,
        "D2_A": 0.049865,
        "D2_A2": 9.71792,
        "D2_A3": 377.989,
        "D3_0": 14.5403,
        "r_0": 1.44703,
        "r_A": 0.0350344,
        "a_0_n": 0.60107,
        "a_A_n": 0.000467511,
        "a_0_p": 0.486523,
        "a_A_p": 0.00234578
    }
}