{
    "ECS_p": 0.291279,
    "ECS_n": 0.332422,
    "APower_p": 1.03859,
    "APower_n": 0.608845,
    "RCS_p": 0.020386,
    "TCS_n": 0.0344461
}