{
    "KDHartreeFock": {
        "V1_0": 56.9366,
        "V1_asymm": 15.298,
        "V1_A": 0.0207269,
        "V2_0_n": 0.00579742,
        "V2_A_n": -6.2755e-07,
        "V3_0_n": 7.99025e-06,
        "V3_A_n": -1.12269e-08,
        "V2_0_p": 0.00541507,
        "V2_A_p": 1.74035e-05,
        "V3_0_p": -4.09422e-06,
        "V3_A_p": 1.92677e-07,
        "V4_0": -6.83297e-09,
        "r_0": 1.31212,
        "r_A": 0.411586,
        "a_0": 0.609615,
        "a_A": -0.000434659
    },
    "KDCoulomb": {
        "r_C_0": 1.1704,
        "r_C_A": 0.620619,
        "r_C_A2": -12.9994
    },
    "KDRealSpinOrbit": {
        "V1_0": 5.53171,
        "V1_A": -0.0223052,
        "V2_0": 0.000611132,
        "r_0": 1.08923,
        "r_A": 0.15162,
        "a_0": 0.633745
    },
    "KDImagSpinOrbit": {
        "W1_0": -8.02191,
        "W2_0": 395.816
    },
    "KDImagVolume": {
        "W1_0_n": 19.2308,
        "W1_A_n": -0.0450432,
        "W1_0_p": 18.9485,
        "W1_A_p": -0.0162591,
        "W2_0": 135.031,
        "W2_A": -0.539733
    },
    "KDImagSurface": {
        "D1_0": 25.3048,
        "D1_asymm": 13.7396,
        "D2_0": 0.0566458,
        "D2_A": -0.0281491,
        "D2_A2": 10.1574,
        "D2_A3": 150.954,
        "D3_0": 17.8364,
        "r_0": 1.35386,
        "r_A": 0.0125082,
        "a_0_n": 0.472336,
        "a_A_n": -0.000170381,
        "a_0_p": 0.497517,
        "a_A_p": -0.000128503
    }
}