{
    "ECS_p": 0.35011,
    "ECS_n": 0.186636,
    "APower_p": 0.326534,
    "APower_n": 0.218706,
    "RCS_p": 0.0156134,
    "TCS_n": 0.0198673
}