{
    "KDHartreeFock": {
        "V1_0": 55.8202,
        "V1_asymm": 10.1916,
        "V1_A": 0.0188832,
        "V2_0_n": 0.0061417,
        "V2_A_n": 1.09149e-06,
        "V3_0_n": 9.07348e-06,
        "V3_A_n": 1.84767e-08,
        "V2_0_p": 0.00786286,
        "V2_A_p": -7.53227e-07,
        "V3_0_p": 1.71267e-05,
        "V3_A_p": 3.10896e-09,
        "V4_0": -1.90366e-08,
        "r_0": 1.27177,
        "r_A": 0.287893,
        "a_0": 0.676636,
        "a_A": 6.54405e-06
    },
    "KDCoulomb": {
        "r_C_0": 1.33769,
        "r_C_A": 1.416,
        "r_C_A2": 35.4547
    },
    "KDRealSpinOrbit": {
        "V1_0": 5.63771,
        "V1_A": 0.00488332,
        "V2_0": 0.00603025,
        "r_0": 1.23127,
        "r_A": 0.741979,
        "a_0": 0.588755
    },
    "KDImagSpinOrbit": {
        "W1_0": -4.12498,
        "W2_0": 201.518
    },
    "KDImagVolume": {
        "W1_0_n": 14.0881,
        "W1_A_n": 0.031416,
        "W1_0_p": 17.2417,
        "W1_A_p": -0.00299138,
        "W2_0": 64.6882,
        "W2_A": 0.145011
    },
    "KDImagSurface": {
        "D1_0": 15.7265,
        "D1_asymm": 12.3419,
        "D2_0": 0.0221929,
        "D2_A": 0.00526899,
        "D2_A2": 17.9255,
        "D2_A3": 102.265,
        "D3_0": 13.5203,
        "r_0": 1.36311,
        "r_A": 0.0180794,
        "a_0_n": 0.561505,
        "a_A_n": -0.000200224,
        "a_0_p": 0.502637,
        "a_A_p": 0.0017694
    }
}