{
    "ECS_p": 0.540157,
    "ECS_n": 0.38354,
    "APower_p": 0.968801,
    "APower_n": 0.730894,
    "RCS_p": 0.0294203,
    "TCS_n": 0.0437682
}