{
    "KDHartreeFock": {
        "V1_0": 60.9066,
        "V1_asymm": 33.8471,
        "V1_A": 0.0119323,
        "V2_0_n": 0.0043646,
        "V2_A_n": -6.19755e-06,
        "V3_0_n": -1.05751e-06,
        "V3_A_n": -3.22692e-08,
        "V2_0_p": 0.00599287,
        "V2_A_p": 1.09331e-05,
        "V3_0_p": 1.68493e-05,
        "V3_A_p": 1.48894e-08,
        "V4_0": -1.33837e-08,
        "r_0": 1.29241,
        "r_A": 0.604328,
        "a_0": 0.680954,
        "a_A": -0.000162157
    },
    "KDCoulomb": {
        "r_C_0": 1.15952,
        "r_C_A": 0.0932854,
        "r_C_A2": -0.579779
    },
    "KDRealSpinOrbit": {
        "V1_0": 5.09867,
        "V1_A": -0.0214059,
        "V2_0": 0.00614639,
        "r_0": 1.15687,
        "r_A": 0.375057,
        "a_0": 0.592644
    },
    "KDImagSpinOrbit": {
        "W1_0": -1.23524,
        "W2_0": 349.659
    },
    "KDImagVolume": {
        "W1_0_n": 20.4924,
        "W1_A_n": 0.102859,
        "W1_0_p": 14.7872,
        "W1_A_p": 0.0957403,
        "W2_0": 77.8005,
        "W2_A": 0.716484
    },
    "KDImagSurface": {
        "D1_0": 20.3642,
        "D1_asymm": 15.177,
        "D2_0": 0.020281,
        "D2_A": 0.00710308,
        "D2_A2": 12.2892,
        "D2_A3": 149.397,
        "D3_0": 18.625,
        "r_0": 1.49196,
        "r_A": 0.0687131,
        "a_0_n": 0.537814,
        "a_A_n": -0.00148199,
        "a_0_p": 0.527559,
        "a_A_p": 0.00181427
    }
}