{
    "ECS_p": 0.305204,
    "ECS_n": 0.23634,
    "APower_p": 0.83683,
    "APower_n": 0.513226,
    "RCS_p": 0.0244645,
    "TCS_n": 0.0357148
}