{
    "KDHartreeFock": {
        "V1_0": 57.6541,
        "V1_asymm": 11.9911,
        "V1_A": 0.0323564,
        "V2_0_n": 0.00419047,
        "V2_A_n": -5.80558e-06,
        "V3_0_n": -1.06509e-05,
        "V3_A_n": -3.60745e-08,
        "V2_0_p": 0.00552962,
        "V2_A_p": 6.68137e-06,
        "V3_0_p": -3.535e-06,
        "V3_A_p": 6.28159e-08,
        "V4_0": -4.8358e-08,
        "r_0": 1.3133,
        "r_A": 0.45374,
        "a_0": 0.655957,
        "a_A": -0.000336577
    },
    "KDCoulomb": {
        "r_C_0": 1.26146,
        "r_C_A": -0.10456,
        "r_C_A2": 9.38192
    },
    "KDRealSpinOrbit": {
        "V1_0": 5.28399,
        "V1_A": -0.00844017,
        "V2_0": 0.00304851,
        "r_0": 1.20079,
        "r_A": 0.586955,
        "a_0": 0.556063
    },
    "KDImagSpinOrbit": {
        "W1_0": -4.6334,
        "W2_0": 204.885
    },
    "KDImagVolume": {
        "W1_0_n": 23.1667,
        "W1_A_n": -0.0235994,
        "W1_0_p": 16.2675,
        "W1_A_p": 0.0330521,
        "W2_0": 79.2208,
        "W2_A": 0.311278
    },
    "KDImagSurface": {
        "D1_0": 36.1172,
        "D1_asymm": -1.842,
        "D2_0": 0.0277722,
        "D2_A": 0.0218098,
        "D2_A2": 25.9721,
        "D2_A3": 31.4034,
        "D3_0": 26.8714,
        "r_0": 1.45166,
        "r_A": 0.0397668,
        "a_0_n": 0.48926,
        "a_A_n": -0.000391909,
        "a_0_p": 0.491501,
        "a_A_p": 0.00129252
    }
}