{
    "ECS_p": 0.429906,
    "ECS_n": 0.389594,
    "APower_p": 0.597491,
    "APower_n": 0.431315,
    "RCS_p": 0.0451401,
    "TCS_n": 0.0379562
}