{
    "KDHartreeFock": {
        "V1_0": 60.6743,
        "V1_asymm": 11.9774,
        "V1_A": 0.023841,
        "V2_0_n": 0.00576471,
        "V2_A_n": -9.91953e-06,
        "V3_0_n": 1.10003e-05,
        "V3_A_n": -6.16614e-08,
        "V2_0_p": 0.0101216,
        "V2_A_p": -2.00012e-05,
        "V3_0_p": 3.92699e-05,
        "V3_A_p": -1.12273e-07,
        "V4_0": 1.55946e-08,
        "r_0": 1.23276,
        "r_A": 0.226525,
        "a_0": 0.689429,
        "a_A": -0.000201618
    },
    "KDCoulomb": {
        "r_C_0": 1.10234,
        "r_C_A": 1.24269,
        "r_C_A2": 23.6799
    },
    "KDRealSpinOrbit": {
        "V1_0": 3.83517,
        "V1_A": -0.010177,
        "V2_0": -0.00094094,
        "r_0": 1.25027,
        "r_A": 0.916155,
        "a_0": 0.667035
    },
    "KDImagSpinOrbit": {
        "W1_0": -0.701228,
        "W2_0": 84.7691
    },
    "KDImagVolume": {
        "W1_0_n": 17.5852,
        "W1_A_n": -0.023726,
        "W1_0_p": 13.456,
        "W1_A_p": 0.0521554,
        "W2_0": 43.9132,
        "W2_A": 0.31281
    },
    "KDImagSurface": {
        "D1_0": 30.0901,
        "D1_asymm": 21.082,
        "D2_0": 0.0385915,
        "D2_A": 0.0318009,
        "D2_A2": 16.0905,
        "D2_A3": 23.6311,
        "D3_0": 17.1874,
        "r_0": 1.3847,
        "r_A": 0.0213532,
        "a_0_n": 0.542827,
        "a_A_n": 0.000365691,
        "a_0_p": 0.462708,
        "a_A_p": 0.00103461
    }
}