{
    "ECS_p": 0.25441,
    "ECS_n": 0.191235,
    "APower_p": 0.38382,
    "APower_n": 0.207756,
    "RCS_p": 0.0326928,
    "TCS_n": 0.0304852
}