{
    "KDHartreeFock": {
        "V1_0": 58.3125,
        "V1_asymm": 7.70022,
        "V1_A": 0.0300648,
        "V2_0_n": 0.00583583,
        "V2_A_n": -3.9889e-06,
        "V3_0_n": 7.86242e-06,
        "V3_A_n": -1.9591e-08,
        "V2_0_p": 0.00658855,
        "V2_A_p": 4.09484e-06,
        "V3_0_p": 1.33142e-05,
        "V3_A_p": 2.62327e-08,
        "V4_0": -5.0709e-09,
        "r_0": 1.29084,
        "r_A": 0.410533,
        "a_0": 0.678906,
        "a_A": -2.24718e-07
    },
    "KDCoulomb": {
        "r_C_0": 1.30534,
        "r_C_A": 0.315536,
        "r_C_A2": 13.472
    },
    "KDRealSpinOrbit": {
        "V1_0": 4.61275,
        "V1_A": 0.0120888,
        "V2_0": 0.00735493,
        "r_0": 1.29159,
        "r_A": 0.969266,
        "a_0": 0.5196
    },
    "KDImagSpinOrbit": {
        "W1_0": -3.84465,
        "W2_0": 159.195
    },
    "KDImagVolume": {
        "W1_0_n": 20.3858,
        "W1_A_n": 0.00988109,
        "W1_0_p": 21.0619,
        "W1_A_p": 0.0420226,
        "W2_0": 103.573,
        "W2_A": -0.00435095
    },
    "KDImagSurface": {
        "D1_0": 15.0677,
        "D1_asymm": 4.06124,
        "D2_0": 0.0416015,
        "D2_A": -0.0194089,
        "D2_A2": 21.7882,
        "D2_A3": 369.229,
        "D3_0": 12.6534,
        "r_0": 1.27545,
        "r_A": 0.00471226,
        "a_0_n": 0.524567,
        "a_A_n": -0.000306221,
        "a_0_p": 0.496381,
        "a_A_p": 0.00203211
    }
}