{
    "ECS_p": 0.295522,
    "ECS_n": 0.20024,
    "APower_p": 0.435426,
    "APower_n": 0.400427,
    "RCS_p": 0.0115083,
    "TCS_n": 0.0218006
}