{
    "KDHartreeFock": {
        "V1_0": 59.4517,
        "V1_asymm": 14.1762,
        "V1_A": 0.0188302,
        "V2_0_n": 0.00675229,
        "V2_A_n": 2.67446e-06,
        "V3_0_n": 1.23572e-05,
        "V3_A_n": 1.04318e-08,
        "V2_0_p": 0.00683954,
        "V2_A_p": 1.89638e-06,
        "V3_0_p": 1.19861e-05,
        "V3_A_p": 1.46765e-08,
        "V4_0": 1.60051e-10,
        "r_0": 1.23074,
        "r_A": 0.253795,
        "a_0": 0.664273,
        "a_A": -0.000547284
    },
    "KDCoulomb": {
        "r_C_0": 1.19548,
        "r_C_A": 0.701974,
        "r_C_A2": 28.7654
    },
    "KDRealSpinOrbit": {
        "V1_0": 6.34038,
        "V1_A": 0.000829487,
        "V2_0": 0.00301747,
        "r_0": 1.227,
        "r_A": 1.00387,
        "a_0": 0.638213
    },
    "KDImagSpinOrbit": {
        "W1_0": -2.46916,
        "W2_0": 110.329
    },
    "KDImagVolume": {
        "W1_0_n": 22.1849,
        "W1_A_n": -0.0123543,
        "W1_0_p": 21.1443,
        "W1_A_p": 0.0490403,
        "W2_0": 97.7838,
        "W2_A": -0.0422799
    },
    "KDImagSurface": {
        "D1_0": 26.8674,
        "D1_asymm": 6.36275,
        "D2_0": 0.0360485,
        "D2_A": -0.00627319,
        "D2_A2": 11.2804,
        "D2_A3": 18.4185,
        "D3_0": 18.3838,
        "r_0": 1.2263,
        "r_A": -0.0141593,
        "a_0_n": 0.567635,
        "a_A_n": 0.000286617,
        "a_0_p": 0.514723,
        "a_A_p": 0.000900286
    }
}