{
    "ECS_p": 0.310869,
    "ECS_n": 0.168025,
    "APower_p": 0.329323,
    "APower_n": 0.258128,
    "RCS_p": 0.00523289,
    "TCS_n": 0.0201954
}