{
    "KDHartreeFock": {
        "V1_0": 57.1973,
        "V1_asymm": 21.0443,
        "V1_A": 0.0180429,
        "V2_0_n": 0.00585167,
        "V2_A_n": 7.8866e-06,
        "V3_0_n": 1.5652e-06,
        "V3_A_n": 5.00995e-08,
        "V2_0_p": 0.00653886,
        "V2_A_p": 8.65722e-06,
        "V3_0_p": 7.48143e-06,
        "V3_A_p": 5.21364e-08,
        "V4_0": -3.53141e-08,
        "r_0": 1.27308,
        "r_A": 0.316144,
        "a_0": 0.644668,
        "a_A": -0.000286478
    },
    "KDCoulomb": {
        "r_C_0": 1.11541,
        "r_C_A": 1.05034,
        "r_C_A2": 31.6024
    },
    "KDRealSpinOrbit": {
        "V1_0": 5.86318,
        "V1_A": 0.00896176,
        "V2_0": 0.00438017,
        "r_0": 1.22962,
        "r_A": 0.812673,
        "a_0": 0.577182
    },
    "KDImagSpinOrbit": {
        "W1_0": -1.65368,
        "W2_0": 95.0855
    },
    "KDImagVolume": {
        "W1_0_n": 18.2096,
        "W1_A_n": 0.0145038,
        "W1_0_p": 15.6983,
        "W1_A_p": 0.0357833,
        "W2_0": 62.9368,
        "W2_A": 0.249178
    },
    "KDImagSurface": {
        "D1_0": 11.8671,
        "D1_asymm": 13.847,
        "D2_0": 0.0502271,
        "D2_A": -0.032425,
        "D2_A2": 6.80938,
        "D2_A3": 263.508,
        "D3_0": 12.0768,
        "r_0": 1.3605,
        "r_A": 0.0125525,
        "a_0_n": 0.577858,
        "a_A_n": -0.000437255,
        "a_0_p": 0.471845,
        "a_A_p": 0.000935653
    }
}