{
    "ECS_p": 0.50704,
    "ECS_n": 0.224221,
    "APower_p": 1.03324,
    "APower_n": 0.779518,
    "RCS_p": 0.0473173,
    "TCS_n": 0.0481975
}