{
    "KDHartreeFock": {
        "V1_0": 57.6079,
        "V1_asymm": 26.5783,
        "V1_A": 0.0127836,
        "V2_0_n": 0.00554871,
        "V2_A_n": 1.45213e-05,
        "V3_0_n": -5.50856e-06,
        "V3_A_n": 5.26189e-08,
        "V2_0_p": 0.00606811,
        "V2_A_p": 1.85071e-05,
        "V3_0_p": 1.04518e-06,
        "V3_A_p": 1.56688e-07,
        "V4_0": -4.4411e-08,
        "r_0": 1.32871,
        "r_A": 0.579861,
        "a_0": 0.641787,
        "a_A": -0.000178946
    },
    "KDCoulomb": {
        "r_C_0": 1.25911,
        "r_C_A": 0.201199,
        "r_C_A2": 20.7175
    },
    "KDRealSpinOrbit": {
        "V1_0": 6.16183,
        "V1_A": -0.0271413,
        "V2_0": 0.00113655,
        "r_0": 1.14042,
        "r_A": 0.466624,
        "a_0": 0.551798
    },
    "KDImagSpinOrbit": {
        "W1_0": -2.01393,
        "W2_0": 278.024
    },
    "KDImagVolume": {
        "W1_0_n": 18.6946,
        "W1_A_n": 0.00046812,
        "W1_0_p": 11.723,
        "W1_A_p": 0.0583712,
        "W2_0": 77.1276,
        "W2_A": -0.106511
    },
    "KDImagSurface": {
        "D1_0": 11.6751,
        "D1_asymm": 34.2519,
        "D2_0": 0.0733936,
        "D2_A": -0.0509792,
        "D2_A2": 8.03753,
        "D2_A3": 179.066,
        "D3_0": 10.6868,
        "r_0": 1.40165,
        "r_A": 0.0352281,
        "a_0_n": 0.537429,
        "a_A_n": -0.00199285,
        "a_0_p": 0.584037,
        "a_A_p": 0.000175526
    }
}