{
    "ECS_p": 0.269019,
    "ECS_n": 0.20823,
    "APower_p": 0.676569,
    "APower_n": 0.684651,
    "RCS_p": 0.0465759,
    "TCS_n": 0.0346702
}