{
    "KDHartreeFock": {
        "V1_0": 56.3719,
        "V1_asymm": 7.7137,
        "V1_A": 0.0159229,
        "V2_0_n": 0.00573956,
        "V2_A_n": -8.62251e-06,
        "V3_0_n": 1.3225e-05,
        "V3_A_n": -5.51867e-08,
        "V2_0_p": 0.00681554,
        "V2_A_p": 7.49783e-06,
        "V3_0_p": 1.6884e-05,
        "V3_A_p": 4.57545e-08,
        "V4_0": 3.30567e-08,
        "r_0": 1.28422,
        "r_A": 0.329869,
        "a_0": 0.666387,
        "a_A": 9.80608e-05
    },
    "KDCoulomb": {
        "r_C_0": 1.45842,
        "r_C_A": 1.62272,
        "r_C_A2": 31.8235
    },
    "KDRealSpinOrbit": {
        "V1_0": 5.18265,
        "V1_A": -0.00713226,
        "V2_0": 0.0028693,
        "r_0": 1.18374,
        "r_A": 0.511252,
        "a_0": 0.603655
    },
    "KDImagSpinOrbit": {
        "W1_0": -4.9305,
        "W2_0": 267.787
    },
    "KDImagVolume": {
        "W1_0_n": 21.1857,
        "W1_A_n": -0.029347,
        "W1_0_p": 17.5871,
        "W1_A_p": -0.00278647,
        "W2_0": 81.6721,
        "W2_A": -0.00295298
    },
    "KDImagSurface": {
        "D1_0": 30.2216,
        "D1_asymm": 26.1132,
        "D2_0": 0.0144903,
        "D2_A": 0.022798,
        "D2_A2": 7.85582,
        "D2_A3": 308.651,
        "D3_0": 20.9741,
        "r_0": 1.31346,
        "r_A": 0.00373522,
        "a_0_n": 0.579111,
        "a_A_n": 0.000330399,
        "a_0_p": 0.435648,
        "a_A_p": 0.00171662
    }
}