{
    "ECS_p": 0.270459,
    "ECS_n": 0.168392,
    "APower_p": 0.343316,
    "APower_n": 0.0322359,
    "RCS_p": 0.00873034,
    "TCS_n": 0.022148
}