{
    "KDHartreeFock": {
        "V1_0": 59.8125,
        "V1_asymm": 15.7065,
        "V1_A": 0.0329307,
        "V2_0_n": 0.0064798,
        "V2_A_n": 7.70868e-06,
        "V3_0_n": 1.01875e-05,
        "V3_A_n": 5.13585e-08,
        "V2_0_p": 0.00592803,
        "V2_A_p": 9.71624e-06,
        "V3_0_p": 5.89787e-06,
        "V3_A_p": 6.71263e-08,
        "V4_0": -7.88016e-09,
        "r_0": 1.28186,
        "r_A": 0.42235,
        "a_0": 0.730072,
        "a_A": 0.000346008
    },
    "KDCoulomb": {
        "r_C_0": 1.11765,
        "r_C_A": 0.0799603,
        "r_C_A2": 4.25073
    },
    "KDRealSpinOrbit": {
        "V1_0": 5.09219,
        "V1_A": 0.00387539,
        "V2_0": 0.00320655,
        "r_0": 1.13159,
        "r_A": 0.333596,
        "a_0": 0.625606
    },
    "KDImagSpinOrbit": {
        "W1_0": -3.77138,
        "W2_0": 241.492
    },
    "KDImagVolume": {
        "W1_0_n": 19.8203,
        "W1_A_n": 0.00272481,
        "W1_0_p": 11.973,
        "W1_A_p": 0.0511159,
        "W2_0": 78.8736,
        "W2_A": 0.126959
    },
    "KDImagSurface": {
        "D1_0": 15.0882,
        "D1_asymm": 13.9278,
        "D2_0": 0.0237376,
        "D2_A": 0.00741392,
        "D2_A2": 11.8347,
        "D2_A3": -152.066,
        "D3_0": 13.4673,
        "r_0": 1.28677,
        "r_A": 0.00865138,
        "a_0_n": 0.561862,
        "a_A_n": -0.000443309,
        "a_0_p": 0.538669,
        "a_A_p": 0.00180957
    }
}