{
    "ECS_p": 0.372612,
    "ECS_n": 0.227142,
    "APower_p": 0.352956,
    "APower_n": 0.299145,
    "RCS_p": 0.0114506,
    "TCS_n": 0.0295628
}