{
    "KDHartreeFock": {
        "V1_0": 60.5754,
        "V1_asymm": 20.0057,
        "V1_A": 0.0345929,
        "V2_0_n": 0.00466765,
        "V2_A_n": 2.97822e-06,
        "V3_0_n": -4.02658e-06,
        "V3_A_n": 1.66376e-08,
        "V2_0_p": 0.00394085,
        "V2_A_p": 1.70719e-05,
        "V3_0_p": -6.31506e-06,
        "V3_A_p": 7.77065e-08,
        "V4_0": -4.03343e-08,
        "r_0": 1.29797,
        "r_A": 0.576106,
        "a_0": 0.685551,
        "a_A": -0.000113133
    },
    "KDCoulomb": {
        "r_C_0": 1.18094,
        "r_C_A": 0.292106,
        "r_C_A2": 15.8346
    },
    "KDRealSpinOrbit": {
        "V1_0": 5.72229,
        "V1_A": 0.0108437,
        "V2_0": 0.00553705,
        "r_0": 1.08137,
        "r_A": 0.397292,
        "a_0": 0.659774
    },
    "KDImagSpinOrbit": {
        "W1_0": -2.99123,
        "W2_0": 127.58
    },
    "KDImagVolume": {
        "W1_0_n": 20.6921,
        "W1_A_n": 0.0116297,
        "W1_0_p": 22.0673,
        "W1_A_p": 0.0867579,
        "W2_0": 85.2911,
        "W2_A": 0.335211
    },
    "KDImagSurface": {
        "D1_0": 23.1324,
        "D1_asymm": 7.9215,
        "D2_0": 0.00446544,
        "D2_A": 0.0258222,
        "D2_A2": 8.34958,
        "D2_A3": 262.808,
        "D3_0": 16.4832,
        "r_0": 1.43132,
        "r_A": 0.0380786,
        "a_0_n": 0.497446,
        "a_A_n": -0.000600808,
        "a_0_p": 0.456651,
        "a_A_p": 0.00194348
    }
}