{
    "ECS_p": 0.469521,
    "ECS_n": 0.224158,
    "APower_p": 0.891323,
    "APower_n": 0.626992,
    "RCS_p": 0.0424515,
    "TCS_n": 0.0377845
}