{
    "KDHartreeFock": {
        "V1_0": 64.1371,
        "V1_asymm": 11.9194,
        "V1_A": 0.0533962,
        "V2_0_n": 0.00631548,
        "V2_A_n": 7.75628e-06,
        "V3_0_n": 1.55065e-05,
        "V3_A_n": 5.35923e-08,
        "V2_0_p": 0.00815056,
        "V2_A_p": -2.34176e-05,
        "V3_0_p": 2.47865e-05,
        "V3_A_p": -1.38167e-07,
        "V4_0": 1.21024e-08,
        "r_0": 1.26213,
        "r_A": 0.478882,
        "a_0": 0.652592,
        "a_A": -0.000429974
    },
    "KDCoulomb": {
        "r_C_0": 1.10451,
        "r_C_A": 1.11997,
        "r_C_A2": -8.53788
    },
    "KDRealSpinOrbit": {
        "V1_0": 7.99916,
        "V1_A": 0.00567718,
        "V2_0": 0.0213334,
        "r_0": 1.18716,
        "r_A": 0.394748,
        "a_0": 0.516033
    },
    "KDImagSpinOrbit": {
        "W1_0": -6.32411,
        "W2_0": 402.461
    },
    "KDImagVolume": {
        "W1_0_n": 23.8182,
        "W1_A_n": 0.0962817,
        "W1_0_p": 22.6843,
        "W1_A_p": 0.0993163,
        "W2_0": 115.347,
        "W2_A": 0.626506
    },
    "KDImagSurface": {
        "D1_0": 15.3082,
        "D1_asymm": 9.37134,
        "D2_0": 0.0607936,
        "D2_A": -0.03875,
        "D2_A2": 5.52446,
        "D2_A3": 354.629,
        "D3_0": 11.5597,
        "r_0": 1.40121,
        "r_A": 0.0386574,
        "a_0_n": 0.567605,
        "a_A_n": -0.000640728,
        "a_0_p": 0.543944,
        "a_A_p": 0.00217752
    }
}