{
    "ECS_p": 0.338677,
    "ECS_n": 0.199645,
    "APower_p": 0.275132,
    "APower_n": 0.116664,
    "RCS_p": 0.0218966,
    "TCS_n": 0.0277649
}