{
    "KDHartreeFock": {
        "V1_0": 56.6063,
        "V1_asymm": 19.5006,
        "V1_A": 0.0158682,
        "V2_0_n": 0.00384408,
        "V2_A_n": -5.65862e-06,
        "V3_0_n": -8.81424e-06,
        "V3_A_n": -9.65564e-09,
        "V2_0_p": 0.00398891,
        "V2_A_p": 2.19615e-05,
        "V3_0_p": -6.56845e-06,
        "V3_A_p": 1.47997e-07,
        "V4_0": -4.59324e-08,
        "r_0": 1.31445,
        "r_A": 0.54195,
        "a_0": 0.724265,
        "a_A": 0.000252628
    },
    "KDCoulomb": {
        "r_C_0": 1.1378,
        "r_C_A": 1.51002,
        "r_C_A2": 5.05821
    },
    "KDRealSpinOrbit": {
        "V1_0": 5.87014,
        "V1_A": -0.000921805,
        "V2_0": 0.00880977,
        "r_0": 1.13178,
        "r_A": 0.342639,
        "a_0": 0.559124
    },
    "KDImagSpinOrbit": {
        "W1_0": -6.0013,
        "W2_0": 261.926
    },
    "KDImagVolume": {
        "W1_0_n": 18.8639,
        "W1_A_n": 0.0571395,
        "W1_0_p": 21.6329,
        "W1_A_p": 0.0321429,
        "W2_0": 91.0434,
        "W2_A": 0.307074
    },
    "KDImagSurface": {
        "D1_0": 26.6947,
        "D1_asymm": 34.8192,
        "D2_0": 0.0295227,
        "D2_A": 0.00236066,
        "D2_A2": 5.20443,
        "D2_A3": 126.651,
        "D3_0": 15.4745,
        "r_0": 1.23996,
        "r_A": -0.00557325,
        "a_0_n": 0.525635,
        "a_A_n": 0.000162913,
        "a_0_p": 0.535281,
        "a_A_p": 4.42281e-05
    }
}