{
    "ECS_p": 0.385852,
    "ECS_n": 0.23112,
    "APower_p": 0.650459,
    "APower_n": 0.549409,
    "RCS_p": 0.0216318,
    "TCS_n": 0.03768
}