{
    "KDHartreeFock": {
        "V1_0": 55.8796,
        "V1_asymm": 23.5754,
        "V1_A": 0.0120143,
        "V2_0_n": 0.0045736,
        "V2_A_n": 1.38711e-05,
        "V3_0_n": -1.17668e-05,
        "V3_A_n": 7.5856e-08,
        "V2_0_p": 0.00577756,
        "V2_A_p": 1.54047e-05,
        "V3_0_p": -2.18328e-06,
        "V3_A_p": 1.16645e-07,
        "V4_0": -6.37905e-08,
        "r_0": 1.25549,
        "r_A": 0.256073,
        "a_0": 0.652085,
        "a_A": -0.00042122
    },
    "KDCoulomb": {
        "r_C_0": 1.35572,
        "r_C_A": -0.838697,
        "r_C_A2": 13.6283
    },
    "KDRealSpinOrbit": {
        "V1_0": 4.18691,
        "V1_A": -0.003947,
        "V2_0": 0.00433327,
        "r_0": 1.19801,
        "r_A": 0.714336,
        "a_0": 0.538722
    },
    "KDImagSpinOrbit": {
        "W1_0": -2.16891,
        "W2_0": 174.713
    },
    "KDImagVolume": {
        "W1_0_n": 21.1869,
        "W1_A_n": -0.0151756,
        "W1_0_p": 17.2721,
        "W1_A_p": 0.00114083,
        "W2_0": 74.8379,
        "W2_A": 0.0446599
    },
    "KDImagSurface": {
        "D1_0": 22.4506,
        "D1_asymm": 6.0452,
        "D2_0": 0.00554926,
        "D2_A": 0.0262434,
        "D2_A2": 0.623941,
        "D2_A3": 218.936,
        "D3_0": 16.5909,
        "r_0": 1.44493,
        "r_A": 0.0323313,
        "a_0_n": 0.477501,
        "a_A_n": -0.000657473,
        "a_0_p": 0.439036,
        "a_A_p": 0.00161021
    }
}