{
    "ECS_p": 0.232395,
    "ECS_n": 0.172935,
    "APower_p": 0.332116,
    "APower_n": 0.408542,
    "RCS_p": 0.00256374,
    "TCS_n": 0.02768
}