{
    "KDHartreeFock": {
        "V1_0": 61.2257,
        "V1_asymm": 11.3052,
        "V1_A": 0.0414933,
        "V2_0_n": 0.00748155,
        "V2_A_n": 9.73451e-06,
        "V3_0_n": 1.64704e-05,
        "V3_A_n": 5.1254e-08,
        "V2_0_p": 0.00768987,
        "V2_A_p": -3.62928e-06,
        "V3_0_p": 2.33655e-05,
        "V3_A_p": -5.46428e-08,
        "V4_0": 7.6336e-11,
        "r_0": 1.28675,
        "r_A": 0.447897,
        "a_0": 0.700749,
        "a_A": 8.58347e-05
    },
    "KDCoulomb": {
        "r_C_0": 1.37328,
        "r_C_A": 1.91975,
        "r_C_A2": 7.93133
    },
    "KDRealSpinOrbit": {
        "V1_0": 3.71546,
        "V1_A": 0.0220341,
        "V2_0": 0.00429062,
        "r_0": 1.15024,
        "r_A": 0.536247,
        "a_0": 0.57746
    },
    "KDImagSpinOrbit": {
        "W1_0": -6.03896,
        "W2_0": 250.472
    },
    "KDImagVolume": {
        "W1_0_n": 28.0605,
        "W1_A_n": -0.0245441,
        "W1_0_p": 24.7024,
        "W1_A_p": 0.068449,
        "W2_0": 152.42,
        "W2_A": -0.0795505
    },
    "KDImagSurface": {
        "D1_0": 11.3916,
        "D1_asymm": 7.34152,
        "D2_0": -0.0162589,
        "D2_A": 0.0310827,
        "D2_A2": 7.76244,
        "D2_A3": 475.371,
        "D3_0": 9.61337,
        "r_0": 1.30862,
        "r_A": 0.0172882,
        "a_0_n": 0.544893,
        "a_A_n": -0.000575306,
        "a_0_p": 0.564205,
        "a_A_p": 0.000980571
    }
}