{
    "ECS_p": 0.363089,
    "ECS_n": 0.198511,
    "APower_p": 0.475234,
    "APower_n": 0.262482,
    "RCS_p": 0.0180977,
    "TCS_n": 0.0255697
}