{
    "KDHartreeFock": {
        "V1_0": 60.7247,
        "V1_asymm": 7.61679,
        "V1_A": 0.0411574,
        "V2_0_n": 0.00652099,
        "V2_A_n": -1.315e-06,
        "V3_0_n": 1.82522e-05,
        "V3_A_n": 1.86972e-08,
        "V2_0_p": 0.00692465,
        "V2_A_p": 1.81644e-05,
        "V3_0_p": 1.50198e-05,
        "V3_A_p": 1.33562e-07,
        "V4_0": 1.28855e-08,
        "r_0": 1.31116,
        "r_A": 0.582488,
        "a_0": 0.646289,
        "a_A": -0.00034208
    },
    "KDCoulomb": {
        "r_C_0": 1.48708,
        "r_C_A": 1.96111,
        "r_C_A2": 21.6829
    },
    "KDRealSpinOrbit": {
        "V1_0": 6.50086,
        "V1_A": 0.00660561,
        "V2_0": 0.00788352,
        "r_0": 1.13172,
        "r_A": 0.337073,
        "a_0": 0.610151
    },
    "KDImagSpinOrbit": {
        "W1_0": -5.31675,
        "W2_0": 269.908
    },
    "KDImagVolume": {
        "W1_0_n": 25.8318,
        "W1_A_n": 0.00597041,
        "W1_0_p": 18.7771,
        "W1_A_p": 0.0321632,
        "W2_0": 173.412,
        "W2_A": -0.0258187
    },
    "KDImagSurface": {
        "D1_0": 14.3041,
        "D1_asymm": -11.1221,
        "D2_0": -0.048731,
        "D2_A": 0.0687698,
        "D2_A2": 5.95999,
        "D2_A3": 243.337,
        "D3_0": 16.4528,
        "r_0": 1.34331,
        "r_A": 0.0275951,
        "a_0_n": 0.656996,
        "a_A_n": -2.36619e-05,
        "a_0_p": 0.573733,
        "a_A_p": 0.00481632
    }
}