{
    "ECS_p": 0.416375,
    "ECS_n": 0.256821,
    "APower_p": 0.69041,
    "APower_n": 0.608418,
    "RCS_p": 0.0599854,
    "TCS_n": 0.0325427
}