{
    "KDHartreeFock": {
        "V1_0": 62.6292,
        "V1_asymm": 19.6441,
        "V1_A": 0.0273141,
        "V2_0_n": 0.00854994,
        "V2_A_n": 1.17383e-05,
        "V3_0_n": 2.86854e-05,
        "V3_A_n": 4.71114e-08,
        "V2_0_p": 0.00833637,
        "V2_A_p": -3.19268e-07,
        "V3_0_p": 3.06846e-05,
        "V3_A_p": -4.07572e-09,
        "V4_0": 4.00896e-08,
        "r_0": 1.2098,
        "r_A": 0.191358,
        "a_0": 0.652126,
        "a_A": -0.000901852
    },
    "KDCoulomb": {
        "r_C_0": 1.12876,
        "r_C_A": 1.31596,
        "r_C_A2": 13.182
    },
    "KDRealSpinOrbit": {
        "V1_0": 6.13061,
        "V1_A": -0.00301328,
        "V2_0": 0.00266263,
        "r_0": 1.22696,
        "r_A": 0.891594,
        "a_0": 0.629432
    },
    "KDImagSpinOrbit": {
        "W1_0": -3.12567,
        "W2_0": 397.998
    },
    "KDImagVolume": {
        "W1_0_n": 18.7945,
        "W1_A_n": 0.00759202,
        "W1_0_p": 19.7038,
        "W1_A_p": 0.0142051,
        "W2_0": 58.3402,
        "W2_A": 0.157491
    },
    "KDImagSurface": {
        "D1_0": 15.1936,
        "D1_asymm": 25.5301,
        "D2_0": 0.0239431,
        "D2_A": 0.0136742,
        "D2_A2": 4.99527,
        "D2_A3": 72.5225,
        "D3_0": 9.45839,
        "r_0": 1.36209,
        "r_A": 0.0111833,
        "a_0_n": 0.462288,
        "a_A_n": -3.07173e-05,
        "a_0_p": 0.487863,
        "a_A_p": 0.00050945
    }
}