{
    "ECS_p": 0.259329,
    "ECS_n": 0.167616,
    "APower_p": 0.405282,
    "APower_n": 0.298613,
    "RCS_p": 0.0190286,
    "TCS_n": 0.0190288
}