{
    "KDHartreeFock": {
        "V1_0": 59.5081,
        "V1_asymm": 10.1398,
        "V1_A": 0.0203691,
        "V2_0_n": 0.00765215,
        "V2_A_n": -8.63572e-07,
        "V3_0_n": 2.87176e-05,
        "V3_A_n": -5.64998e-09,
        "V2_0_p": 0.00602478,
        "V2_A_p": 1.14326e-05,
        "V3_0_p": 2.39078e-05,
        "V3_A_p": 6.03997e-08,
        "V4_0": 5.25901e-08,
        "r_0": 1.26689,
        "r_A": 0.361238,
        "a_0": 0.711516,
        "a_A": 0.000401163
    },
    "KDCoulomb": {
        "r_C_0": 1.08581,
        "r_C_A": 0.58317,
        "r_C_A2": 29.1704
    },
    "KDRealSpinOrbit": {
        "V1_0": 5.85099,
        "V1_A": 0.00931351,
        "V2_0": 0.00877305,
        "r_0": 1.27921,
        "r_A": 1.01466,
        "a_0": 0.601945
    },
    "KDImagSpinOrbit": {
        "W1_0": -6.09832,
        "W2_0": -247.106
    },
    "KDImagVolume": {
        "W1_0_n": 22.1272,
        "W1_A_n": 0.0908707,
        "W1_0_p": 15.9012,
        "W1_A_p": 0.159463,
        "W2_0": 137.22,
        "W2_A": 0.537097
    },
    "KDImagSurface": {
        "D1_0": 12.4482,
        "D1_asymm": 8.40242,
        "D2_0": 0.0393808,
        "D2_A": -0.0237249,
        "D2_A2": 3.36405,
        "D2_A3": 339.227,
        "D3_0": 12.1495,
        "r_0": 1.28706,
        "r_A": 0.00927791,
        "a_0_n": 0.602756,
        "a_A_n": 6.36964e-05,
        "a_0_p": 0.511846,
        "a_A_p": 0.00207069
    }
}