{
    "ECS_p": 0.295972,
    "ECS_n": 0.253541,
    "APower_p": 0.857557,
    "APower_n": 0.644459,
    "RCS_p": 0.0270651,
    "TCS_n": 0.0308256
}