{
    "KDHartreeFock": {
        "V1_0": 58.1449,
        "V1_asymm": 16.4734,
        "V1_A": 0.018321,
        "V2_0_n": 0.00444213,
        "V2_A_n": -3.92374e-06,
        "V3_0_n": -6.6514e-07,
        "V3_A_n": -1.61916e-08,
        "V2_0_p": 0.00691632,
        "V2_A_p": 1.71058e-06,
        "V3_0_p": 1.65787e-05,
        "V3_A_p": -3.86801e-08,
        "V4_0": -9.34402e-09,
        "r_0": 1.27359,
        "r_A": 0.397698,
        "a_0": 0.685702,
        "a_A": -9.9077e-05
    },
    "KDCoulomb": {
        "r_C_0": 1.30595,
        "r_C_A": 1.2394,
        "r_C_A2": -5.57899
    },
    "KDRealSpinOrbit": {
        "V1_0": 5.03027,
        "V1_A": 0.00173142,
        "V2_0": 0.00590017,
        "r_0": 1.25184,
        "r_A": 0.850453,
        "a_0": 0.576033
    },
    "KDImagSpinOrbit": {
        "W1_0": -3.89355,
        "W2_0": 162.861
    },
    "KDImagVolume": {
        "W1_0_n": 26.5925,
        "W1_A_n": 0.0631966,
        "W1_0_p": 22.2327,
        "W1_A_p": 0.115503,
        "W2_0": 181.736,
        "W2_A": 0.239945
    },
    "KDImagSurface": {
        "D1_0": 11.1579,
        "D1_asymm": -9.15637,
        "D2_0": 0.0424454,
        "D2_A": -0.0294921,
        "D2_A2": 6.44797,
        "D2_A3": 489.695,
        "D3_0": 12.0537,
        "r_0": 1.42441,
        "r_A": 0.0420016,
        "a_0_n": 0.507558,
        "a_A_n": -0.000674724,
        "a_0_p": 0.46436,
        "a_A_p": 0.00300321
    }
}