{
    "ECS_p": 0.400923,
    "ECS_n": 0.157887,
    "APower_p": 0.370412,
    "APower_n": 0.306112,
    "RCS_p": 0.0160758,
    "TCS_n": 0.034536
}