{
    "KDHartreeFock": {
        "V1_0": 59.2574,
        "V1_asymm": 11.2291,
        "V1_A": 0.0310568,
        "V2_0_n": 0.00668617,
        "V2_A_n": 6.36976e-06,
        "V3_0_n": 1.83117e-05,
        "V3_A_n": 7.79847e-08,
        "V2_0_p": 0.00624716,
        "V2_A_p": -2.49542e-06,
        "V3_0_p": 1.19135e-05,
        "V3_A_p": -3.37531e-10,
        "V4_0": 1.91824e-09,
        "r_0": 1.29573,
        "r_A": 0.549223,
        "a_0": 0.713858,
        "a_A": -4.36058e-05
    },
    "KDCoulomb": {
        "r_C_0": 1.214,
        "r_C_A": 0.939462,
        "r_C_A2": 34.0435
    },
    "KDRealSpinOrbit": {
        "V1_0": 6.97539,
        "V1_A": -0.00731612,
        "V2_0": 0.00272198,
        "r_0": 1.18792,
        "r_A": 0.660706,
        "a_0": 0.64954
    },
    "KDImagSpinOrbit": {
        "W1_0": -5.06183,
        "W2_0": 250.016
    },
    "KDImagVolume": {
        "W1_0_n": 10.7284,
        "W1_A_n": 0.072076,
        "W1_0_p": 14.8825,
        "W1_A_p": 0.0469985,
        "W2_0": 69.1705,
        "W2_A": 0.180553
    },
    "KDImagSurface": {
        "D1_0": 30.1849,
        "D1_asymm": 19.3148,
        "D2_0": 0.0379655,
        "D2_A": -0.0101362,
        "D2_A2": 3.08153,
        "D2_A3": 16.8223,
        "D3_0": 18.5956,
        "r_0": 1.43502,
        "r_A": 0.0281125,
        "a_0_n": 0.488147,
        "a_A_n": -0.000362486,
        "a_0_p": 0.497927,
        "a_A_p": 0.0015781
    }
}