{
    "ECS_p": 0.27213,
    "ECS_n": 0.250699,
    "APower_p": 0.356113,
    "APower_n": 0.199651,
    "RCS_p": 0.00907533,
    "TCS_n": 0.0277136
}