{
    "KDHartreeFock": {
        "V1_0": 58.2397,
        "V1_asymm": 9.14344,
        "V1_A": 0.0209034,
        "V2_0_n": 0.00426421,
        "V2_A_n": -9.82174e-06,
        "V3_0_n": -5.77102e-06,
        "V3_A_n": -4.25608e-08,
        "V2_0_p": 0.00558653,
        "V2_A_p": 6.47348e-07,
        "V3_0_p": 7.06432e-06,
        "V3_A_p": -2.86841e-08,
        "V4_0": -3.30792e-08,
        "r_0": 1.23942,
        "r_A": 0.303665,
        "a_0": 0.678622,
        "a_A": -0.000461541
    },
    "KDCoulomb": {
        "r_C_0": 0.989813,
        "r_C_A": 0.814009,
        "r_C_A2": 25.9532
    },
    "KDRealSpinOrbit": {
        "V1_0": 3.33673,
        "V1_A": 0.027961,
        "V2_0": 0.00504379,
        "r_0": 1.24478,
        "r_A": 0.803024,
        "a_0": 0.568139
    },
    "KDImagSpinOrbit": {
        "W1_0": -2.45368,
        "W2_0": 87.4964
    },
    "KDImagVolume": {
        "W1_0_n": 22.4486,
        "W1_A_n": -0.00677017,
        "W1_0_p": 24.3626,
        "W1_A_p": -0.00339135,
        "W2_0": 116.974,
        "W2_A": -0.162213
    },
    "KDImagSurface": {
        "D1_0": 11.3812,
        "D1_asymm": 25.795,
        "D2_0": -0.00787715,
        "D2_A": 0.0251235,
        "D2_A2": 7.23341,
        "D2_A3": 249.304,
        "D3_0": 8.02753,
        "r_0": 1.33294,
        "r_A": 0.0115404,
        "a_0_n": 0.581535,
        "a_A_n": -0.000643418,
        "a_0_p": 0.55572,
        "a_A_p": 0.00076797
    }
}