{
    "ECS_p": 0.321515,
    "ECS_n": 0.257726,
    "APower_p": 0.808725,
    "APower_n": 0.580569,
    "RCS_p": 0.0294587,
    "TCS_n": 0.0290044
}