{
    "KDHartreeFock": {
        "V1_0": 60.4804,
        "V1_asymm": 6.46696,
        "V1_A": 0.0461404,
        "V2_0_n": 0.0045214,
        "V2_A_n": 1.57522e-07,
        "V3_0_n": -1.98803e-06,
        "V3_A_n": 8.9885e-09,
        "V2_0_p": 0.00421421,
        "V2_A_p": 9.87369e-06,
        "V3_0_p": -2.95294e-06,
        "V3_A_p": 7.80153e-08,
        "V4_0": -2.08062e-08,
        "r_0": 1.31189,
        "r_A": 0.601142,
        "a_0": 0.637094,
        "a_A": -0.000229362
    },
    "KDCoulomb": {
        "r_C_0": 1.15332,
        "r_C_A": -0.152934,
        "r_C_A2": 7.95728
    },
    "KDRealSpinOrbit": {
        "V1_0": 2.9491,
        "V1_A": 0.030825,
        "V2_0": 0.00906707,
        "r_0": 1.1472,
        "r_A": 0.388128,
        "a_0": 0.565807
    },
    "KDImagSpinOrbit": {
        "W1_0": -6.88771,
        "W2_0": 275.246
    },
    "KDImagVolume": {
        "W1_0_n": 32.1488,
        "W1_A_n": -0.0334778,
        "W1_0_p": 29.6394,
        "W1_A_p": -0.0395469,
        "W2_0": 124.84,
        "W2_A": 0.0694412
    },
    "KDImagSurface": {
        "D1_0": 19.6007,
        "D1_asymm": 9.84267,
        "D2_0": 0.0175986,
        "D2_A": 0.00951273,
        "D2_A2": 23.9661,
        "D2_A3": 201.458,
        "D3_0": 14.5035,
        "r_0": 1.40277,
        "r_A": 0.024609,
        "a_0_n": 0.547161,
        "a_A_n": 0.000177922,
        "a_0_p": 0.464741,
        "a_A_p": 0.00143491
    }
}