{
    "ECS_p": 0.447692,
    "ECS_n": 0.268423,
    "APower_p": 0.70789,
    "APower_n": 0.50457,
    "RCS_p": 0.026586,
    "TCS_n": 0.0279821
}