{
    "KDHartreeFock": {
        "V1_0": 56.8379,
        "V1_asymm": 18.3292,
        "V1_A": 0.0152106,
        "V2_0_n": 0.0054892,
        "V2_A_n": 4.51883e-06,
        "V3_0_n": 9.31052e-07,
        "V3_A_n": 4.40874e-08,
        "V2_0_p": 0.00704101,
        "V2_A_p": 4.12576e-06,
        "V3_0_p": 9.14394e-06,
        "V3_A_p": 4.50226e-09,
        "V4_0": -2.72036e-08,
        "r_0": 1.28287,
        "r_A": 0.329875,
        "a_0": 0.662999,
        "a_A": -9.28769e-05
    },
    "KDCoulomb": {
        "r_C_0": 1.21416,
        "r_C_A": 1.60436,
        "r_C_A2": 16.6983
    },
    "KDRealSpinOrbit": {
        "V1_0": 3.40049,
        "V1_A": 0.0111688,
        "V2_0": -0.00236053,
        "r_0": 1.14663,
        "r_A": 0.692629,
        "a_0": 0.603922
    },
    "KDImagSpinOrbit": {
        "W1_0": -9.44966,
        "W2_0": 277.586
    },
    "KDImagVolume": {
        "W1_0_n": 18.9434,
        "W1_A_n": -0.0351152,
        "W1_0_p": 18.6771,
        "W1_A_p": 0.0398986,
        "W2_0": 109.941,
        "W2_A": -0.177131
    },
    "KDImagSurface": {
        "D1_0": 19.0813,
        "D1_asymm": -10.163,
        "D2_0": 0.0281547,
        "D2_A": 0.0139954,
        "D2_A2": -1.63077,
        "D2_A3": 382.604,
        "D3_0": 13.5856,
        "r_0": 1.35164,
        "r_A": 0.0176837,
        "a_0_n": 0.551302,
        "a_A_n": 0.000671664,
        "a_0_p": 0.499688,
        "a_A_p": 0.000873456
    }
}