{
    "ECS_p": 0.474596,
    "ECS_n": 0.240368,
    "APower_p": 0.916119,
    "APower_n": 0.525877,
    "RCS_p": 0.0193159,
    "TCS_n": 0.0545513
}