{
    "KDHartreeFock": {
        "V1_0": 58.1103,
        "V1_asymm": 13.3846,
        "V1_A": 0.0270538,
        "V2_0_n": 0.00769777,
        "V2_A_n": 3.80667e-06,
        "V3_0_n": 2.56285e-05,
        "V3_A_n": 2.30419e-08,
        "V2_0_p": 0.00699442,
        "V2_A_p": 1.83357e-05,
        "V3_0_p": 2.17499e-05,
        "V3_A_p": 1.10119e-07,
        "V4_0": 3.95438e-08,
        "r_0": 1.33049,
        "r_A": 0.552862,
        "a_0": 0.700099,
        "a_A": 6.913e-05
    },
    "KDCoulomb": {
        "r_C_0": 1.17333,
        "r_C_A": 0.767455,
        "r_C_A2": -4.88003
    },
    "KDRealSpinOrbit": {
        "V1_0": 7.09068,
        "V1_A": -0.00524607,
        "V2_0": 0.00395111,
        "r_0": 1.26578,
        "r_A": 0.991267,
        "a_0": 0.651651
    },
    "KDImagSpinOrbit": {
        "W1_0": -4.77236,
        "W2_0": 231.567
    },
    "KDImagVolume": {
        "W1_0_n": 17.1565,
        "W1_A_n": -0.00922656,
        "W1_0_p": 15.4514,
        "W1_A_p": -0.00216215,
        "W2_0": 65.5735,
        "W2_A": -0.126517
    },
    "KDImagSurface": {
        "D1_0": 27.9823,
        "D1_asymm": 18.8469,
        "D2_0": 0.0926556,
        "D2_A": -0.0472678,
        "D2_A2": 17.4908,
        "D2_A3": 366.799,
        "D3_0": 20.6174,
        "r_0": 1.48704,
        "r_A": 0.0438894,
        "a_0_n": 0.55979,
        "a_A_n": -0.00019453,
        "a_0_p": 0.498369,
        "a_A_p": 0.00176201
    }
}