{
    "ECS_p": 0.252087,
    "ECS_n": 0.2128,
    "APower_p": 0.276139,
    "APower_n": 0.322327,
    "RCS_p": 0.0159238,
    "TCS_n": 0.0233497
}