{
    "KDHartreeFock": {
        "V1_0": 57.3525,
        "V1_asymm": 10.6205,
        "V1_A": 0.0257409,
        "V2_0_n": 0.00568869,
        "V2_A_n": -2.90422e-06,
        "V3_0_n": 4.86422e-06,
        "V3_A_n": -1.2899e-08,
        "V2_0_p": 0.00624593,
        "V2_A_p": 3.30008e-06,
        "V3_0_p": 9.96331e-06,
        "V3_A_p": 7.50521e-09,
        "V4_0": -1.09044e-08,
        "r_0": 1.27865,
        "r_A": 0.366497,
        "a_0": 0.679032,
        "a_A": -0.000103268
    },
    "KDCoulomb": {
        "r_C_0": 1.25212,
        "r_C_A": 0.849494,
        "r_C_A2": -0.668923
    },
    "KDRealSpinOrbit": {
        "V1_0": 5.77148,
        "V1_A": -0.00849775,
        "V2_0": 0.00187361,
        "r_0": 1.20652,
        "r_A": 0.842268,
        "a_0": 0.641457
    },
    "KDImagSpinOrbit": {
        "W1_0": -4.84763,
        "W2_0": 176.268
    },
    "KDImagVolume": {
        "W1_0_n": 23.7539,
        "W1_A_n": 0.0182561,
        "W1_0_p": 23.1011,
        "W1_A_p": 0.0428768,
        "W2_0": 128.035,
        "W2_A": 0.162195
    },
    "KDImagSurface": {
        "D1_0": 22.8756,
        "D1_asymm": 10.4344,
        "D2_0": 0.0181035,
        "D2_A": 0.00777455,
        "D2_A2": 20.506,
        "D2_A3": 403.137,
        "D3_0": 16.9125,
        "r_0": 1.32737,
        "r_A": 0.00631408,
        "a_0_n": 0.519952,
        "a_A_n": 0.000185477,
        "a_0_p": 0.471972,
        "a_A_p": 0.00128925
    }
}