{
    "ECS_p": 0.304603,
    "ECS_n": 0.230834,
    "APower_p": 0.568978,
    "APower_n": 0.813339,
    "RCS_p": 0.022262,
    "TCS_n": 0.0560283
}