{
    "KDHartreeFock": {
        "V1_0": 57.305,
        "V1_asymm": 4.7469,
        "V1_A": 0.0288562,
        "V2_0_n": 0.00328701,
        "V2_A_n": -5.88124e-06,
        "V3_0_n": -2.65831e-05,
        "V3_A_n": -2.903e-08,
        "V2_0_p": 0.00508066,
        "V2_A_p": 7.06139e-06,
        "V3_0_p": -1.03836e-05,
        "V3_A_p": 1.86699e-08,
        "V4_0": -8.68921e-08,
        "r_0": 1.26605,
        "r_A": 0.310927,
        "a_0": 0.631394,
        "a_A": -0.000417103
    },
    "KDCoulomb": {
        "r_C_0": 1.16266,
        "r_C_A": 0.934299,
        "r_C_A2": 3.84232
    },
    "KDRealSpinOrbit": {
        "V1_0": 2.9793,
        "V1_A": 0.0181138,
        "V2_0": 6.51908e-05,
        "r_0": 1.26276,
        "r_A": 1.0579,
        "a_0": 0.634989
    },
    "KDImagSpinOrbit": {
        "W1_0": -3.6731,
        "W2_0": 183.3
    },
    "KDImagVolume": {
        "W1_0_n": 27.3947,
        "W1_A_n": -0.0630806,
        "W1_0_p": 18.3446,
        "W1_A_p": 0.0133029,
        "W2_0": 77.8293,
        "W2_A": 0.110579
    },
    "KDImagSurface": {
        "D1_0": 46.9587,
        "D1_asymm": 23.8749,
        "D2_0": 0.0395442,
        "D2_A": -0.00572915,
        "D2_A2": -7.81983,
        "D2_A3": 204.727,
        "D3_0": 28.2362,
        "r_0": 1.13722,
        "r_A": -0.0337252,
        "a_0_n": 0.562803,
        "a_A_n": 0.000316765,
        "a_0_p": 0.473826,
        "a_A_p": 0.00112594
    }
}