{
    "ECS_p": 0.353544,
    "ECS_n": 0.254542,
    "APower_p": 0.801654,
    "APower_n": 0.491323,
    "RCS_p": 0.0326782,
    "TCS_n": 0.0391122
}