{
    "KDHartreeFock": {
        "V1_0": 61.6791,
        "V1_asymm": 17.3235,
        "V1_A": 0.0364224,
        "V2_0_n": 0.00738039,
        "V2_A_n": 1.79526e-06,
        "V3_0_n": 2.09519e-05,
        "V3_A_n": 7.45933e-09,
        "V2_0_p": 0.00865281,
        "V2_A_p": 1.379e-06,
        "V3_0_p": 3.14606e-05,
        "V3_A_p": 3.76147e-08,
        "V4_0": 2.17129e-08,
        "r_0": 1.29783,
        "r_A": 0.467591,
        "a_0": 0.68659,
        "a_A": -0.00012611
    },
    "KDCoulomb": {
        "r_C_0": 1.26558,
        "r_C_A": 1.13226,
        "r_C_A2": 7.13628
    },
    "KDRealSpinOrbit": {
        "V1_0": 5.00089,
        "V1_A": -0.00548315,
        "V2_0": 0.00835934,
        "r_0": 1.15701,
        "r_A": 0.44602,
        "a_0": 0.465458
    },
    "KDImagSpinOrbit": {
        "W1_0": -2.23019,
        "W2_0": 192.034
    },
    "KDImagVolume": {
        "W1_0_n": 17.262,
        "W1_A_n": 0.0728985,
        "W1_0_p": 12.2506,
        "W1_A_p": 0.125118,
        "W2_0": 57.9286,
        "W2_A": 0.860548
    },
    "KDImagSurface": {
        "D1_0": 18.5021,
        "D1_asymm": 9.92319,
        "D2_0": 0.0205324,
        "D2_A": 0.000623424,
        "D2_A2": 14.9384,
        "D2_A3": 256.219,
        "D3_0": 15.9587,
        "r_0": 1.11991,
        "r_A": -0.0221228,
        "a_0_n": 0.596655,
        "a_A_n": 0.000122335,
        "a_0_p": 0.508557,
        "a_A_p": 0.00163285
    }
}