{
    "ECS_p": 0.278044,
    "ECS_n": 0.189481,
    "APower_p": 0.342366,
    "APower_n": 0.447403,
    "RCS_p": 0.023734,
    "TCS_n": 0.0271777
}