{
    "KDHartreeFock": {
        "V1_0": 57.5193,
        "V1_asymm": 22.7895,
        "V1_A": 0.00984043,
        "V2_0_n": 0.0076244,
        "V2_A_n": 1.36832e-05,
        "V3_0_n": 1.71805e-05,
        "V3_A_n": 6.9176e-08,
        "V2_0_p": 0.00809115,
        "V2_A_p": 2.0545e-06,
        "V3_0_p": 2.58309e-05,
        "V3_A_p": 2.84158e-08,
        "V4_0": 2.0142e-09,
        "r_0": 1.22599,
        "r_A": 0.14114,
        "a_0": 0.684805,
        "a_A": -9.48929e-05
    },
    "KDCoulomb": {
        "r_C_0": 1.23623,
        "r_C_A": 0.191379,
        "r_C_A2": 6.76407
    },
    "KDRealSpinOrbit": {
        "V1_0": 7.09112,
        "V1_A": 0.00434584,
        "V2_0": 0.0117198,
        "r_0": 1.17143,
        "r_A": 0.664633,
        "a_0": 0.545985
    },
    "KDImagSpinOrbit": {
        "W1_0": -5.51341,
        "W2_0": 191.781
    },
    "KDImagVolume": {
        "W1_0_n": 22.9504,
        "W1_A_n": -0.0038341,
        "W1_0_p": 18.9116,
        "W1_A_p": 0.0294765,
        "W2_0": 130.568,
        "W2_A": -0.187607
    },
    "KDImagSurface": {
        "D1_0": 11.2321,
        "D1_asymm": 9.56961,
        "D2_0": 0.0429346,
        "D2_A": -0.0244776,
        "D2_A2": 5.53809,
        "D2_A3": 265.163,
        "D3_0": 8.01646,
        "r_0": 1.28753,
        "r_A": 0.018199,
        "a_0_n": 0.581081,
        "a_A_n": -0.000355459,
        "a_0_p": 0.553299,
        "a_A_p": 0.00164414
    }
}