{
    "ECS_p": 0.367323,
    "ECS_n": 0.303663,
    "APower_p": 0.416419,
    "APower_n": 0.721026,
    "RCS_p": 0.059562,
    "TCS_n": 0.0276535
}