{
    "KDHartreeFock": {
        "V1_0": 60.4895,
        "V1_asymm": 11.9046,
        "V1_A": 0.025454,
        "V2_0_n": 0.00807045,
        "V2_A_n": -4.99576e-06,
        "V3_0_n": 3.59606e-05,
        "V3_A_n": -2.56838e-08,
        "V2_0_p": 0.0104052,
        "V2_A_p": -9.81991e-06,
        "V3_0_p": 5.08292e-05,
        "V3_A_p": -8.38852e-08,
        "V4_0": 7.12075e-08,
        "r_0": 1.21962,
        "r_A": 0.147759,
        "a_0": 0.676378,
        "a_A": -0.000446673
    },
    "KDCoulomb": {
        "r_C_0": 1.12285,
        "r_C_A": 1.48821,
        "r_C_A2": 12.8453
    },
    "KDRealSpinOrbit": {
        "V1_0": 5.91697,
        "V1_A": -0.0094114,
        "V2_0": 0.004783,
        "r_0": 1.28615,
        "r_A": 0.893887,
        "a_0": 0.519536
    },
    "KDImagSpinOrbit": {
        "W1_0": -1.14468,
        "W2_0": 152.201
    },
    "KDImagVolume": {
        "W1_0_n": 19.2067,
        "W1_A_n": 0.0330425,
        "W1_0_p": 21.0845,
        "W1_A_p": 0.0571066,
        "W2_0": 97.8508,
        "W2_A": 0.649171
    },
    "KDImagSurface": {
        "D1_0": 24.3462,
        "D1_asymm": 1.0725,
        "D2_0": 0.0216745,
        "D2_A": 0.0108847,
        "D2_A2": 26.9907,
        "D2_A3": 136.39,
        "D3_0": 20.538,
        "r_0": 1.27252,
        "r_A": 0.000497969,
        "a_0_n": 0.563259,
        "a_A_n": -0.000320684,
        "a_0_p": 0.556486,
        "a_A_p": 0.00106514
    }
}