{
    "ECS_p": 0.38499,
    "ECS_n": 0.474669,
    "APower_p": 0.703132,
    "APower_n": 0.597212,
    "RCS_p": 0.039502,
    "TCS_n": 0.0380682
}