{
    "KDHartreeFock": {
        "V1_0": 54.5335,
        "V1_asymm": 17.9491,
        "V1_A": 0.0158351,
        "V2_0_n": 0.00385988,
        "V2_A_n": 7.35582e-06,
        "V3_0_n": -2.19343e-05,
        "V3_A_n": 2.38671e-08,
        "V2_0_p": 0.00771071,
        "V2_A_p": -5.16711e-08,
        "V3_0_p": -5.12755e-06,
        "V3_A_p": 3.72021e-08,
        "V4_0": -8.14726e-08,
        "r_0": 1.26104,
        "r_A": 0.189101,
        "a_0": 0.66491,
        "a_A": -0.00031979
    },
    "KDCoulomb": {
        "r_C_0": 1.14234,
        "r_C_A": 0.898777,
        "r_C_A2": 15.4028
    },
    "KDRealSpinOrbit": {
        "V1_0": 5.42748,
        "V1_A": -0.00400323,
        "V2_0": 0.00296045,
        "r_0": 1.22754,
        "r_A": 0.580167,
        "a_0": 0.52192
    },
    "KDImagSpinOrbit": {
        "W1_0": -4.48515,
        "W2_0": 371.58
    },
    "KDImagVolume": {
        "W1_0_n": 18.6568,
        "W1_A_n": -0.0136101,
        "W1_0_p": 13.4267,
        "W1_A_p": 0.00427457,
        "W2_0": 53.2032,
        "W2_A": -0.0434611
    },
    "KDImagSurface": {
        "D1_0": 26.4898,
        "D1_asymm": 4.61866,
        "D2_0": 0.0486802,
        "D2_A": -0.00428995,
        "D2_A2": 1.07673,
        "D2_A3": 466.658,
        "D3_0": 16.7901,
        "r_0": 1.48896,
        "r_A": 0.0325171,
        "a_0_n": 0.552315,
        "a_A_n": 0.00119556,
        "a_0_p": 0.477189,
        "a_A_p": 0.000327909
    }
}