{
    "ECS_p": 0.49562,
    "ECS_n": 0.316035,
    "APower_p": 1.03316,
    "APower_n": 0.868465,
    "RCS_p": 0.0671408,
    "TCS_n": 0.053447
}