{
    "KDHartreeFock": {
        "V1_0": 59.9149,
        "V1_asymm": 13.413,
        "V1_A": 0.037753,
        "V2_0_n": 0.00545761,
        "V2_A_n": -8.72304e-07,
        "V3_0_n": 9.55725e-06,
        "V3_A_n": 1.33818e-08,
        "V2_0_p": 0.00857234,
        "V2_A_p": -1.13664e-05,
        "V3_0_p": 5.57719e-06,
        "V3_A_p": 5.36678e-08,
        "V4_0": -5.98929e-09,
        "r_0": 1.25378,
        "r_A": 0.300198,
        "a_0": 0.667362,
        "a_A": -0.000426808
    },
    "KDCoulomb": {
        "r_C_0": 1.443,
        "r_C_A": 0.82149,
        "r_C_A2": 24.1998
    },
    "KDRealSpinOrbit": {
        "V1_0": 5.49175,
        "V1_A": 0.00817817,
        "V2_0": 0.00471016,
        "r_0": 1.07473,
        "r_A": -0.114811,
        "a_0": 0.561627
    },
    "KDImagSpinOrbit": {
        "W1_0": -7.8429,
        "W2_0": 446.658
    },
    "KDImagVolume": {
        "W1_0_n": 21.147,
        "W1_A_n": 0.0342517,
        "W1_0_p": 28.8689,
        "W1_A_p": 0.0438348,
        "W2_0": 186.019,
        "W2_A": -0.137072
    },
    "KDImagSurface": {
        "D1_0": 31.6532,
        "D1_asymm": 8.9793,
        "D2_0": 0.0109464,
        "D2_A": 0.0229544,
        "D2_A2": 14.4154,
        "D2_A3": 222.63,
        "D3_0": 23.3072,
        "r_0": 1.25895,
        "r_A": 0.0032941,
        "a_0_n": 0.547318,
        "a_A_n": -0.000656467,
        "a_0_p": 0.532176,
        "a_A_p": 0.00159321
    }
}