{
    "ECS_p": 0.188565,
    "ECS_n": 0.181649,
    "APower_p": 0.301637,
    "APower_n": 0.242171,
    "RCS_p": 0.00310874,
    "TCS_n": 0.0268597
}