{
    "KDHartreeFock": {
        "V1_0": 61.2575,
        "V1_asymm": 14.0434,
        "V1_A": 0.0295881,
        "V2_0_n": 0.00697018,
        "V2_A_n": -2.20152e-06,
        "V3_0_n": 1.83854e-05,
        "V3_A_n": -2.06919e-08,
        "V2_0_p": 0.00777723,
        "V2_A_p": -1.62967e-06,
        "V3_0_p": 2.56921e-05,
        "V3_A_p": 5.67095e-09,
        "V4_0": 2.03815e-08,
        "r_0": 1.23527,
        "r_A": 0.2711,
        "a_0": 0.705979,
        "a_A": -0.000114609
    },
    "KDCoulomb": {
        "r_C_0": 1.18829,
        "r_C_A": -0.410838,
        "r_C_A2": 8.07316
    },
    "KDRealSpinOrbit": {
        "V1_0": 6.31962,
        "V1_A": -0.00283497,
        "V2_0": 0.00465392,
        "r_0": 1.2238,
        "r_A": 0.986085,
        "a_0": 0.613489
    },
    "KDImagSpinOrbit": {
        "W1_0": -1.50176,
        "W2_0": 88.8014
    },
    "KDImagVolume": {
        "W1_0_n": 23.7824,
        "W1_A_n": -0.0199749,
        "W1_0_p": 24.6143,
        "W1_A_p": -0.0064873,
        "W2_0": 118.122,
        "W2_A": 0.00636965
    },
    "KDImagSurface": {
        "D1_0": 25.1921,
        "D1_asymm": 13.8434,
        "D2_0": 0.0292493,
        "D2_A": 0.00571009,
        "D2_A2": -3.63073,
        "D2_A3": 349.508,
        "D3_0": 20.0189,
        "r_0": 1.26314,
        "r_A": -0.00307344,
        "a_0_n": 0.504082,
        "a_A_n": -0.000541368,
        "a_0_p": 0.485625,
        "a_A_p": 0.00163996
    }
}