{
    "ECS_p": 0.301572,
    "ECS_n": 0.210831,
    "APower_p": 0.293742,
    "APower_n": 0.212536,
    "RCS_p": 0.00967669,
    "TCS_n": 0.0191132
}