{
    "KDHartreeFock": {
        "V1_0": 58.8215,
        "V1_asymm": 10.5058,
        "V1_A": 0.0264359,
        "V2_0_n": 0.00660936,
        "V2_A_n": 5.89033e-06,
        "V3_0_n": 1.29558e-05,
        "V3_A_n": 5.41456e-08,
        "V2_0_p": 0.00418784,
        "V2_A_p": 1.40809e-05,
        "V3_0_p": 1.31866e-06,
        "V3_A_p": 4.47828e-08,
        "V4_0": -8.63058e-09,
        "r_0": 1.28301,
        "r_A": 0.430385,
        "a_0": 0.664532,
        "a_A": -0.000437119
    },
    "KDCoulomb": {
        "r_C_0": 1.11581,
        "r_C_A": 1.09814,
        "r_C_A2": 14.5936
    },
    "KDRealSpinOrbit": {
        "V1_0": 4.98408,
        "V1_A": 0.000524896,
        "V2_0": 0.00166113,
        "r_0": 1.24621,
        "r_A": 0.935496,
        "a_0": 0.624592
    },
    "KDImagSpinOrbit": {
        "W1_0": -1.19675,
        "W2_0": 271.813
    },
    "KDImagVolume": {
        "W1_0_n": 17.9917,
        "W1_A_n": 0.00975501,
        "W1_0_p": 26.582,
        "W1_A_p": -0.0528015,
        "W2_0": 108.589,
        "W2_A": -0.0982265
    },
    "KDImagSurface": {
        "D1_0": 12.6704,
        "D1_asymm": 16.1096,
        "D2_0": 0.0173079,
        "D2_A": 0.00432966,
        "D2_A2": 6.5073,
        "D2_A3": -23.1861,
        "D3_0": 8.16948,
        "r_0": 1.28825,
        "r_A": 0.00111535,
        "a_0_n": 0.532793,
        "a_A_n": 7.32467e-05,
        "a_0_p": 0.466782,
        "a_A_p": 0.000961377
    }
}