{
    "ECS_p": 0.358987,
    "ECS_n": 0.187455,
    "APower_p": 0.776113,
    "APower_n": 0.724293,
    "RCS_p": 0.0258558,
    "TCS_n": 0.0493573
}