{
    "KDHartreeFock": {
        "V1_0": 56.3455,
        "V1_asymm": 20.0115,
        "V1_A": 0.0123064,
        "V2_0_n": 0.00438561,
        "V2_A_n": 2.3421e-06,
        "V3_0_n": -7.85609e-06,
        "V3_A_n": -1.29598e-08,
        "V2_0_p": 0.00558429,
        "V2_A_p": 8.8504e-06,
        "V3_0_p": 3.91214e-06,
        "V3_A_p": 2.34317e-08,
        "V4_0": -3.48798e-08,
        "r_0": 1.28927,
        "r_A": 0.430385,
        "a_0": 0.682308,
        "a_A": 0.000111479
    },
    "KDCoulomb": {
        "r_C_0": 1.29382,
        "r_C_A": 0.739076,
        "r_C_A2": 7.93033
    },
    "KDRealSpinOrbit": {
        "V1_0": 3.8471,
        "V1_A": 0.00338898,
        "V2_0": 0.00140631,
        "r_0": 1.26296,
        "r_A": 1.08407,
        "a_0": 0.664255
    },
    "KDImagSpinOrbit": {
        "W1_0": -7.49415,
        "W2_0": 491.224
    },
    "KDImagVolume": {
        "W1_0_n": 23.5344,
        "W1_A_n": -0.0425982,
        "W1_0_p": 20.4513,
        "W1_A_p": -0.0209326,
        "W2_0": 74.3265,
        "W2_A": -0.0869751
    },
    "KDImagSurface": {
        "D1_0": 24.1524,
        "D1_asymm": 26.1298,
        "D2_0": 0.00815121,
        "D2_A": 0.0346329,
        "D2_A2": -2.34264,
        "D2_A3": -8.05471,
        "D3_0": 15.1534,
        "r_0": 1.44915,
        "r_A": 0.0418246,
        "a_0_n": 0.544407,
        "a_A_n": -0.000655154,
        "a_0_p": 0.478777,
        "a_A_p": 0.0011014
    }
}