{
    "ECS_p": 0.236499,
    "ECS_n": 0.198825,
    "APower_p": 0.311637,
    "APower_n": 0.174829,
    "RCS_p": 0.0054906,
    "TCS_n": 0.0257233
}