{
    "KDHartreeFock": {
        "V1_0": 61.0055,
        "V1_asymm": 18.0925,
        "V1_A": 0.0224166,
        "V2_0_n": 0.00721689,
        "V2_A_n": 1.74989e-06,
        "V3_0_n": 2.33181e-05,
        "V3_A_n": 8.9284e-09,
        "V2_0_p": 0.00826602,
        "V2_A_p": -4.83595e-06,
        "V3_0_p": 2.82105e-05,
        "V3_A_p": -2.56091e-08,
        "V4_0": 3.49893e-08,
        "r_0": 1.2272,
        "r_A": 0.240566,
        "a_0": 0.683278,
        "a_A": -0.000265976
    },
    "KDCoulomb": {
        "r_C_0": 1.26024,
        "r_C_A": 1.17908,
        "r_C_A2": 2.54214
    },
    "KDRealSpinOrbit": {
        "V1_0": 6.27481,
        "V1_A": -0.00393334,
        "V2_0": 0.00241775,
        "r_0": 1.20486,
        "r_A": 0.752365,
        "a_0": 0.629743
    },
    "KDImagSpinOrbit": {
        "W1_0": -3.29614,
        "W2_0": 185.386
    },
    "KDImagVolume": {
        "W1_0_n": 21.7354,
        "W1_A_n": -0.00388876,
        "W1_0_p": 23.3251,
        "W1_A_p": 0.0244583,
        "W2_0": 127.607,
        "W2_A": -0.148984
    },
    "KDImagSurface": {
        "D1_0": 25.4104,
        "D1_asymm": 28.6683,
        "D2_0": 0.0327529,
        "D2_A": 0.000348884,
        "D2_A2": -2.97904,
        "D2_A3": -158.494,
        "D3_0": 17.8906,
        "r_0": 1.45564,
        "r_A": 0.0414829,
        "a_0_n": 0.527737,
        "a_A_n": -0.000449288,
        "a_0_p": 0.436866,
        "a_A_p": 0.00197062
    }
}