{
    "ECS_p": 0.380234,
    "ECS_n": 0.209017,
    "APower_p": 0.3469,
    "APower_n": 0.214046,
    "RCS_p": 0.011213,
    "TCS_n": 0.0274844
}