{
    "KDHartreeFock": {
        "V1_0": 54.8446,
        "V1_asymm": 18.1811,
        "V1_A": 0.00579168,
        "V2_0_n": 0.00569787,
        "V2_A_n": 1.82827e-06,
        "V3_0_n": 7.98382e-06,
        "V3_A_n": 2.80164e-08,
        "V2_0_p": 0.00681922,
        "V2_A_p": 8.52807e-06,
        "V3_0_p": 1.03161e-05,
        "V3_A_p": 4.85043e-08,
        "V4_0": -4.39451e-09,
        "r_0": 1.25902,
        "r_A": 0.234112,
        "a_0": 0.677186,
        "a_A": -1.5232e-05
    },
    "KDCoulomb": {
        "r_C_0": 1.29607,
        "r_C_A": 1.07508,
        "r_C_A2": 30.5787
    },
    "KDRealSpinOrbit": {
        "V1_0": 6.13779,
        "V1_A": 0.00335541,
        "V2_0": 0.0053517,
        "r_0": 1.29261,
        "r_A": 1.04783,
        "a_0": 0.573937
    },
    "KDImagSpinOrbit": {
        "W1_0": -1.57287,
        "W2_0": 241.985
    },
    "KDImagVolume": {
        "W1_0_n": 17.3405,
        "W1_A_n": 0.0293096,
        "W1_0_p": 17.4841,
        "W1_A_p": 0.0124601,
        "W2_0": 73.2029,
        "W2_A": 0.0862499
    },
    "KDImagSurface": {
        "D1_0": 19.5461,
        "D1_asymm": 3.45938,
        "D2_0": -0.00451353,
        "D2_A": 0.0390978,
        "D2_A2": 7.60599,
        "D2_A3": 275.861,
        "D3_0": 15.019,
        "r_0": 1.36628,
        "r_A": 0.0195423,
        "a_0_n": 0.533806,
        "a_A_n": -0.000291242,
        "a_0_p": 0.501183,
        "a_A_p": 0.00195621
    }
}