{
    "ECS_p": 0.247204,
    "ECS_n": 0.153126,
    "APower_p": 0.35331,
    "APower_n": 0.223694,
    "RCS_p": 0.0319745,
    "TCS_n": 0.0279851
}