{
    "KDHartreeFock": {
        "V1_0": 56.4985,
        "V1_asymm": 8.73721,
        "V1_A": 0.0243965,
        "V2_0_n": 0.00547062,
        "V2_A_n": -1.24854e-08,
        "V3_0_n": 5.59209e-06,
        "V3_A_n": -7.64517e-10,
        "V2_0_p": 0.00737643,
        "V2_A_p": -2.04158e-06,
        "V3_0_p": 1.27603e-05,
        "V3_A_p": 6.31041e-09,
        "V4_0": -7.67618e-09,
        "r_0": 1.27248,
        "r_A": 0.297564,
        "a_0": 0.693952,
        "a_A": 8.27182e-05
    },
    "KDCoulomb": {
        "r_C_0": 1.27866,
        "r_C_A": 0.565226,
        "r_C_A2": 7.57286
    },
    "KDRealSpinOrbit": {
        "V1_0": 5.94059,
        "V1_A": 0.000831175,
        "V2_0": 0.00690204,
        "r_0": 1.13998,
        "r_A": 0.338633,
        "a_0": 0.580251
    },
    "KDImagSpinOrbit": {
        "W1_0": -3.2936,
        "W2_0": 161.337
    },
    "KDImagVolume": {
        "W1_0_n": 20.9795,
        "W1_A_n": 0.00877467,
        "W1_0_p": 11.8158,
        "W1_A_p": 0.0585542,
        "W2_0": 107.893,
        "W2_A": 0.00317987
    },
    "KDImagSurface": {
        "D1_0": 28.0939,
        "D1_asymm": 13.235,
        "D2_0": -0.0517543,
        "D2_A": 0.0862884,
        "D2_A2": 8.41292,
        "D2_A3": 356.587,
        "D3_0": 19.2004,
        "r_0": 1.29384,
        "r_A": 0.0062861,
        "a_0_n": 0.53377,
        "a_A_n": -4.67802e-05,
        "a_0_p": 0.510693,
        "a_A_p": 0.00195515
    }
}