{
    "ECS_p": 0.45419,
    "ECS_n": 0.437439,
    "APower_p": 0.964617,
    "APower_n": 0.66698,
    "RCS_p": 0.102653,
    "TCS_n": 0.0474328
}