{
    "KDHartreeFock": {
        "V1_0": 58.7871,
        "V1_asymm": 5.24698,
        "V1_A": 0.0340002,
        "V2_0_n": 0.00589568,
        "V2_A_n": -1.86609e-06,
        "V3_0_n": 1.30975e-05,
        "V3_A_n": -5.93658e-09,
        "V2_0_p": 0.00777285,
        "V2_A_p": -6.94357e-06,
        "V3_0_p": 1.60511e-05,
        "V3_A_p": 1.71722e-08,
        "V4_0": -1.3506e-09,
        "r_0": 1.25961,
        "r_A": 0.339087,
        "a_0": 0.607073,
        "a_A": -0.000914297
    },
    "KDCoulomb": {
        "r_C_0": 1.33956,
        "r_C_A": 1.05867,
        "r_C_A2": 25.5615
    },
    "KDRealSpinOrbit": {
        "V1_0": 4.35533,
        "V1_A": -0.00491281,
        "V2_0": 0.00673891,
        "r_0": 1.34253,
        "r_A": 1.00332,
        "a_0": 0.550037
    },
    "KDImagSpinOrbit": {
        "W1_0": -5.60705,
        "W2_0": 213.085
    },
    "KDImagVolume": {
        "W1_0_n": 19.7477,
        "W1_A_n": -0.0324008,
        "W1_0_p": 21.4124,
        "W1_A_p": 0.000262712,
        "W2_0": 149.647,
        "W2_A": -0.162298
    },
    "KDImagSurface": {
        "D1_0": 27.1977,
        "D1_asymm": 13.7289,
        "D2_0": 0.0660263,
        "D2_A": -0.0320755,
        "D2_A2": -4.6899,
        "D2_A3": -54.6664,
        "D3_0": 18.0547,
        "r_0": 1.38476,
        "r_A": 0.0261063,
        "a_0_n": 0.573194,
        "a_A_n": -0.00057777,
        "a_0_p": 0.496373,
        "a_A_p": 0.00312304
    }
}