{
    "ECS_p": 0.314829,
    "ECS_n": 0.213976,
    "APower_p": 0.455456,
    "APower_n": 0.30199,
    "RCS_p": 0.00655841,
    "TCS_n": 0.033202
}