{
    "KDHartreeFock": {
        "V1_0": 54.7576,
        "V1_asymm": 9.0528,
        "V1_A": 0.0111245,
        "V2_0_n": 0.00657929,
        "V2_A_n": -1.14133e-06,
        "V3_0_n": 1.21207e-05,
        "V3_A_n": 3.72131e-09,
        "V2_0_p": 0.00790843,
        "V2_A_p": -3.28078e-07,
        "V3_0_p": 1.518e-05,
        "V3_A_p": 6.46343e-09,
        "V4_0": -6.22264e-09,
        "r_0": 1.26386,
        "r_A": 0.174531,
        "a_0": 0.66509,
        "a_A": -2.75513e-05
    },
    "KDCoulomb": {
        "r_C_0": 1.16444,
        "r_C_A": 2.1853,
        "r_C_A2": 15.328
    },
    "KDRealSpinOrbit": {
        "V1_0": 5.53585,
        "V1_A": 0.00391018,
        "V2_0": 0.00182685,
        "r_0": 1.26179,
        "r_A": 0.8333,
        "a_0": 0.627187
    },
    "KDImagSpinOrbit": {
        "W1_0": -0.986397,
        "W2_0": 175.394
    },
    "KDImagVolume": {
        "W1_0_n": 12.2127,
        "W1_A_n": 0.0563428,
        "W1_0_p": 8.72187,
        "W1_A_p": 0.091796,
        "W2_0": 59.4663,
        "W2_A": 0.407833
    },
    "KDImagSurface": {
        "D1_0": 21.6568,
        "D1_asymm": 9.96424,
        "D2_0": 0.0259417,
        "D2_A": 0.00781257,
        "D2_A2": 13.0448,
        "D2_A3": 63.8446,
        "D3_0": 16.6177,
        "r_0": 1.48802,
        "r_A": 0.0508046,
        "a_0_n": 0.488324,
        "a_A_n": -0.000573204,
        "a_0_p": 0.499149,
        "a_A_p": 0.00139948
    }
}