{
    "ECS_p": 0.572233,
    "ECS_n": 0.243987,
    "APower_p": 0.566021,
    "APower_n": 0.575241,
    "RCS_p": 0.0387691,
    "TCS_n": 0.0363066
}