{
    "KDHartreeFock": {
        "V1_0": 58.7172,
        "V1_asymm": 10.4076,
        "V1_A": 0.0228864,
        "V2_0_n": 0.00663848,
        "V2_A_n": -3.42357e-06,
        "V3_0_n": 2.06397e-05,
        "V3_A_n": -8.95178e-09,
        "V2_0_p": 0.00548297,
        "V2_A_p": 1.17677e-05,
        "V3_0_p": 9.81972e-07,
        "V3_A_p": 1.15369e-07,
        "V4_0": 3.72668e-08,
        "r_0": 1.23333,
        "r_A": 0.242382,
        "a_0": 0.665621,
        "a_A": -0.000513646
    },
    "KDCoulomb": {
        "r_C_0": 1.31981,
        "r_C_A": 0.481887,
        "r_C_A2": 1.29024
    },
    "KDRealSpinOrbit": {
        "V1_0": 5.57958,
        "V1_A": -0.00227973,
        "V2_0": 0.00302437,
        "r_0": 1.1221,
        "r_A": 0.228495,
        "a_0": 0.588771
    },
    "KDImagSpinOrbit": {
        "W1_0": -1.67458,
        "W2_0": 312.55
    },
    "KDImagVolume": {
        "W1_0_n": 17.9939,
        "W1_A_n": 0.0288566,
        "W1_0_p": 18.658,
        "W1_A_p": 0.0558064,
        "W2_0": 84.4121,
        "W2_A": 0.0430589
    },
    "KDImagSurface": {
        "D1_0": 26.1409,
        "D1_asymm": 20.7694,
        "D2_0": 0.0383149,
        "D2_A": 0.0012642,
        "D2_A2": 8.79032,
        "D2_A3": 208.375,
        "D3_0": 17.2401,
        "r_0": 1.31862,
        "r_A": 0.00513827,
        "a_0_n": 0.574669,
        "a_A_n": -6.99593e-05,
        "a_0_p": 0.524158,
        "a_A_p": 0.000924787
    }
}