{
    "ECS_p": 0.359955,
    "ECS_n": 0.236525,
    "APower_p": 0.295039,
    "APower_n": 0.155557,
    "RCS_p": 0.00312801,
    "TCS_n": 0.028017
}