{
    "KDHartreeFock": {
        "V1_0": 55.9296,
        "V1_asymm": 11.4173,
        "V1_A": 0.0136516,
        "V2_0_n": 0.00640245,
        "V2_A_n": 4.78233e-07,
        "V3_0_n": 1.04487e-05,
        "V3_A_n": 1.86351e-08,
        "V2_0_p": 0.0074614,
        "V2_A_p": 2.44527e-06,
        "V3_0_p": 1.13594e-05,
        "V3_A_p": 2.38456e-08,
        "V4_0": -1.24262e-08,
        "r_0": 1.25019,
        "r_A": 0.173666,
        "a_0": 0.722215,
        "a_A": 0.000267287
    },
    "KDCoulomb": {
        "r_C_0": 1.43779,
        "r_C_A": 0.474974,
        "r_C_A2": 16.2542
    },
    "KDRealSpinOrbit": {
        "V1_0": 4.19676,
        "V1_A": 0.013945,
        "V2_0": 0.00214607,
        "r_0": 1.19103,
        "r_A": 0.511499,
        "a_0": 0.556964
    },
    "KDImagSpinOrbit": {
        "W1_0": -5.39383,
        "W2_0": 237.702
    },
    "KDImagVolume": {
        "W1_0_n": 15.721,
        "W1_A_n": 0.00142259,
        "W1_0_p": 17.6502,
        "W1_A_p": 0.00427959,
        "W2_0": 87.5246,
        "W2_A": -0.108409
    },
    "KDImagSurface": {
        "D1_0": 24.4729,
        "D1_asymm": 11.1576,
        "D2_0": 0.0387219,
        "D2_A": -0.00632019,
        "D2_A2": 1.13556,
        "D2_A3": 322.167,
        "D3_0": 15.4613,
        "r_0": 1.20995,
        "r_A": -0.00387545,
        "a_0_n": 0.569271,
        "a_A_n": 0.000552372,
        "a_0_p": 0.501436,
        "a_A_p": 0.00186982
    }
}