{
    "ECS_p": 0.368939,
    "ECS_n": 0.255256,
    "APower_p": 0.938972,
    "APower_n": 0.781429,
    "RCS_p": 0.0409912,
    "TCS_n": 0.0606353
}