{
    "KDHartreeFock": {
        "V1_0": 61.4363,
        "V1_asymm": 19.6976,
        "V1_A": 0.0383387,
        "V2_0_n": 0.004057,
        "V2_A_n": -9.59753e-06,
        "V3_0_n": -7.78046e-06,
        "V3_A_n": -4.94406e-08,
        "V2_0_p": 0.00504053,
        "V2_A_p": 2.16866e-05,
        "V3_0_p": 1.70447e-06,
        "V3_A_p": 1.683e-07,
        "V4_0": -2.80769e-08,
        "r_0": 1.25591,
        "r_A": 0.413913,
        "a_0": 0.645216,
        "a_A": -0.000783963
    },
    "KDCoulomb": {
        "r_C_0": 1.07876,
        "r_C_A": 0.541948,
        "r_C_A2": 25.8506
    },
    "KDRealSpinOrbit": {
        "V1_0": 4.03361,
        "V1_A": 0.0233182,
        "V2_0": 0.0166374,
        "r_0": 1.03799,
        "r_A": 0.144045,
        "a_0": 0.608815
    },
    "KDImagSpinOrbit": {
        "W1_0": -2.32587,
        "W2_0": 124.906
    },
    "KDImagVolume": {
        "W1_0_n": 18.4117,
        "W1_A_n": 0.116329,
        "W1_0_p": 17.0722,
        "W1_A_p": 0.0503858,
        "W2_0": 68.2156,
        "W2_A": 0.42087
    },
    "KDImagSurface": {
        "D1_0": 24.0655,
        "D1_asymm": 13.1483,
        "D2_0": 0.0916686,
        "D2_A": -0.0614675,
        "D2_A2": 14.8029,
        "D2_A3": 264.557,
        "D3_0": 21.3917,
        "r_0": 1.33682,
        "r_A": 0.011323,
        "a_0_n": 0.589767,
        "a_A_n": -0.000840908,
        "a_0_p": 0.471388,
        "a_A_p": 0.00216951
    }
}