{
    "ECS_p": 0.267229,
    "ECS_n": 0.280068,
    "APower_p": 0.620668,
    "APower_n": 0.802732,
    "RCS_p": 0.0541277,
    "TCS_n": 0.0329615
}