{
    "KDHartreeFock": {
        "V1_0": 58.2197,
        "V1_asymm": 15.149,
        "V1_A": 0.033554,
        "V2_0_n": 0.00598808,
        "V2_A_n": 4.0381e-06,
        "V3_0_n": 1.02374e-05,
        "V3_A_n": 4.84994e-08,
        "V2_0_p": 0.00344413,
        "V2_A_p": 2.31028e-05,
        "V3_0_p": -1.33531e-05,
        "V3_A_p": 1.46791e-07,
        "V4_0": -1.4047e-08,
        "r_0": 1.35192,
        "r_A": 0.682967,
        "a_0": 0.703219,
        "a_A": 0.000400151
    },
    "KDCoulomb": {
        "r_C_0": 1.25046,
        "r_C_A": 1.31534,
        "r_C_A2": 8.15807
    },
    "KDRealSpinOrbit": {
        "V1_0": 6.16319,
        "V1_A": -0.000240334,
        "V2_0": 0.00476776,
        "r_0": 1.20973,
        "r_A": 0.49035,
        "a_0": 0.540399
    },
    "KDImagSpinOrbit": {
        "W1_0": -0.618548,
        "W2_0": 54.2281
    },
    "KDImagVolume": {
        "W1_0_n": 16.2261,
        "W1_A_n": 0.0281325,
        "W1_0_p": 16.7657,
        "W1_A_p": 0.0118494,
        "W2_0": 79.964,
        "W2_A": 0.151744
    },
    "KDImagSurface": {
        "D1_0": 24.5805,
        "D1_asymm": 3.14289,
        "D2_0": 0.0145044,
        "D2_A": 0.0145505,
        "D2_A2": 5.86363,
        "D2_A3": 203.285,
        "D3_0": 21.5296,
        "r_0": 1.33615,
        "r_A": 0.0211948,
        "a_0_n": 0.589368,
        "a_A_n": -0.000510256,
        "a_0_p": 0.466208,
        "a_A_p": 0.00194432
    }
}