{
    "ECS_p": 0.291102,
    "ECS_n": 0.260899,
    "APower_p": 0.624497,
    "APower_n": 0.530895,
    "RCS_p": 0.0263976,
    "TCS_n": 0.0370442
}