{
    "KDHartreeFock": {
        "V1_0": 56.7429,
        "V1_asymm": 17.4765,
        "V1_A": 0.0192461,
        "V2_0_n": 0.00580745,
        "V2_A_n": -3.34019e-06,
        "V3_0_n": 9.50009e-06,
        "V3_A_n": -2.63902e-08,
        "V2_0_p": 0.00523897,
        "V2_A_p": 1.57157e-05,
        "V3_0_p": 6.57176e-06,
        "V3_A_p": 1.12823e-07,
        "V4_0": 4.7628e-10,
        "r_0": 1.30475,
        "r_A": 0.46038,
        "a_0": 0.660967,
        "a_A": -0.000139431
    },
    "KDCoulomb": {
        "r_C_0": 1.22454,
        "r_C_A": 1.08486,
        "r_C_A2": 3.77279
    },
    "KDRealSpinOrbit": {
        "V1_0": 3.13971,
        "V1_A": 0.0125711,
        "V2_0": 0.00750816,
        "r_0": 1.2802,
        "r_A": 0.880045,
        "a_0": 0.516814
    },
    "KDImagSpinOrbit": {
        "W1_0": -2.94924,
        "W2_0": 170.757
    },
    "KDImagVolume": {
        "W1_0_n": 23.7871,
        "W1_A_n": -0.0498423,
        "W1_0_p": 15.1057,
        "W1_A_p": 0.0120692,
        "W2_0": 94.192,
        "W2_A": 0.0268548
    },
    "KDImagSurface": {
        "D1_0": 19.2973,
        "D1_asymm": 17.9939,
        "D2_0": 0.0317259,
        "D2_A": -0.00674813,
        "D2_A2": 8.68074,
        "D2_A3": 412.969,
        "D3_0": 17.5082,
        "r_0": 1.14814,
        "r_A": -0.0121626,
        "a_0_n": 0.672777,
        "a_A_n": 8.39071e-05,
        "a_0_p": 0.571856,
        "a_A_p": 0.00100205
    }
}