{
    "ECS_p": 0.341602,
    "ECS_n": 0.315328,
    "APower_p": 0.933709,
    "APower_n": 0.795848,
    "RCS_p": 0.0106388,
    "TCS_n": 0.0516163
}