{
    "KDHartreeFock": {
        "V1_0": 57.4436,
        "V1_asymm": 7.21511,
        "V1_A": 0.0264655,
        "V2_0_n": 0.00575219,
        "V2_A_n": -8.59221e-06,
        "V3_0_n": 1.42767e-05,
        "V3_A_n": -2.8649e-08,
        "V2_0_p": 0.00887426,
        "V2_A_p": 2.27445e-06,
        "V3_0_p": 3.02368e-05,
        "V3_A_p": 8.72441e-09,
        "V4_0": 2.4223e-08,
        "r_0": 1.31618,
        "r_A": 0.446346,
        "a_0": 0.678438,
        "a_A": 0.000209983
    },
    "KDCoulomb": {
        "r_C_0": 1.64418,
        "r_C_A": 1.63525,
        "r_C_A2": 18.2546
    },
    "KDRealSpinOrbit": {
        "V1_0": 4.25263,
        "V1_A": 0.00286364,
        "V2_0": 0.00153861,
        "r_0": 1.32412,
        "r_A": 1.26467,
        "a_0": 0.641986
    },
    "KDImagSpinOrbit": {
        "W1_0": -3.37964,
        "W2_0": 290.574
    },
    "KDImagVolume": {
        "W1_0_n": 18.1812,
        "W1_A_n": 0.000301673,
        "W1_0_p": 15.7765,
        "W1_A_p": 0.0170083,
        "W2_0": 66.3245,
        "W2_A": -0.081293
    },
    "KDImagSurface": {
        "D1_0": 33.8505,
        "D1_asymm": -13.1325,
        "D2_0": 0.0497908,
        "D2_A": -0.00754432,
        "D2_A2": 10.9462,
        "D2_A3": 281.35,
        "D3_0": 21.3392,
        "r_0": 1.42737,
        "r_A": 0.0250969,
        "a_0_n": 0.495187,
        "a_A_n": 0.000839647,
        "a_0_p": 0.419231,
        "a_A_p": 0.0013583
    }
}