{
    "ECS_p": 0.206283,
    "ECS_n": 0.23812,
    "APower_p": 0.419089,
    "APower_n": 0.205749,
    "RCS_p": 0.0106133,
    "TCS_n": 0.0303669
}