{
    "KDHartreeFock": {
        "V1_0": 57.5811,
        "V1_asymm": 6.65103,
        "V1_A": 0.0139799,
        "V2_0_n": 0.00486114,
        "V2_A_n": -1.49258e-06,
        "V3_0_n": -8.48972e-06,
        "V3_A_n": -2.27613e-08,
        "V2_0_p": 0.00446226,
        "V2_A_p": 3.05075e-06,
        "V3_0_p": -9.40318e-06,
        "V3_A_p": 4.30461e-08,
        "V4_0": -4.25319e-08,
        "r_0": 1.20403,
        "r_A": 0.20075,
        "a_0": 0.706665,
        "a_A": -0.000469226
    },
    "KDCoulomb": {
        "r_C_0": 1.13168,
        "r_C_A": 0.519482,
        "r_C_A2": -0.452655
    },
    "KDRealSpinOrbit": {
        "V1_0": 6.63429,
        "V1_A": -0.00353855,
        "V2_0": 0.00323136,
        "r_0": 1.18165,
        "r_A": 0.582994,
        "a_0": 0.613141
    },
    "KDImagSpinOrbit": {
        "W1_0": -4.41721,
        "W2_0": 344.488
    },
    "KDImagVolume": {
        "W1_0_n": 22.7715,
        "W1_A_n": -0.0053905,
        "W1_0_p": 19.8185,
        "W1_A_p": 0.013188,
        "W2_0": 84.9141,
        "W2_A": 0.085616
    },
    "KDImagSurface": {
        "D1_0": 15.3835,
        "D1_asymm": 16.7276,
        "D2_0": 0.022564,
        "D2_A": -0.00214789,
        "D2_A2": 15.5111,
        "D2_A3": -86.2137,
        "D3_0": 11.7506,
        "r_0": 1.40452,
        "r_A": 0.0270534,
        "a_0_n": 0.494357,
        "a_A_n": -0.000587071,
        "a_0_p": 0.476084,
        "a_A_p": 0.00169312
    }
}