{
    "ECS_p": 0.291042,
    "ECS_n": 0.312029,
    "APower_p": 0.808498,
    "APower_n": 0.577113,
    "RCS_p": 0.0597238,
    "TCS_n": 0.0337591
}