{
    "KDHartreeFock": {
        "V1_0": 58.4438,
        "V1_asymm": 5.39745,
        "V1_A": 0.0435206,
        "V2_0_n": 0.00572322,
        "V2_A_n": 3.80101e-06,
        "V3_0_n": 6.43799e-06,
        "V3_A_n": 2.12957e-08,
        "V2_0_p": 0.00661346,
        "V2_A_p": -3.72846e-06,
        "V3_0_p": 1.30698e-05,
        "V3_A_p": -2.8303e-08,
        "V4_0": -1.48173e-08,
        "r_0": 1.27224,
        "r_A": 0.3879,
        "a_0": 0.723907,
        "a_A": -0.000178761
    },
    "KDCoulomb": {
        "r_C_0": 1.18665,
        "r_C_A": 0.419797,
        "r_C_A2": 26.2107
    },
    "KDRealSpinOrbit": {
        "V1_0": 5.94895,
        "V1_A": 0.00844687,
        "V2_0": 0.00698441,
        "r_0": 1.27055,
        "r_A": 0.842381,
        "a_0": 0.56539
    },
    "KDImagSpinOrbit": {
        "W1_0": -5.58074,
        "W2_0": 214.908
    },
    "KDImagVolume": {
        "W1_0_n": 20.0299,
        "W1_A_n": 0.00992094,
        "W1_0_p": 18.6178,
        "W1_A_p": 0.0285166,
        "W2_0": 92.5268,
        "W2_A": 0.183552
    },
    "KDImagSurface": {
        "D1_0": 15.3084,
        "D1_asymm": 6.02425,
        "D2_0": 0.0238037,
        "D2_A": -0.00320288,
        "D2_A2": -1.92523,
        "D2_A3": 199.026,
        "D3_0": 10.6061,
        "r_0": 1.41246,
        "r_A": 0.0250525,
        "a_0_n": 0.525725,
        "a_A_n": -0.000403501,
        "a_0_p": 0.462299,
        "a_A_p": 0.00188005
    }
}