{
    "ECS_p": 0.258558,
    "ECS_n": 0.206017,
    "APower_p": 0.44,
    "APower_n": 0.114323,
    "RCS_p": 0.0344429,
    "TCS_n": 0.0320423
}