{
    "KDHartreeFock": {
        "V1_0": 57.5637,
        "V1_asymm": 16.8902,
        "V1_A": 0.0190325,
        "V2_0_n": 0.00521113,
        "V2_A_n": -3.33614e-06,
        "V3_0_n": 1.09388e-06,
        "V3_A_n": -4.60572e-09,
        "V2_0_p": 0.00553465,
        "V2_A_p": 6.90622e-06,
        "V3_0_p": 6.26608e-06,
        "V3_A_p": 2.15732e-08,
        "V4_0": -3.04531e-08,
        "r_0": 1.26492,
        "r_A": 0.292702,
        "a_0": 0.665475,
        "a_A": 9.66626e-06
    },
    "KDCoulomb": {
        "r_C_0": 1.04709,
        "r_C_A": 0.453682,
        "r_C_A2": 4.08359
    },
    "KDRealSpinOrbit": {
        "V1_0": 8.29385,
        "V1_A": 0.00695961,
        "V2_0": 0.0143803,
        "r_0": 1.21893,
        "r_A": 0.711805,
        "a_0": 0.571659
    },
    "KDImagSpinOrbit": {
        "W1_0": -8.14171,
        "W2_0": 227.395
    },
    "KDImagVolume": {
        "W1_0_n": 20.3929,
        "W1_A_n": 0.0139838,
        "W1_0_p": 20.296,
        "W1_A_p": 0.00832191,
        "W2_0": 94.9589,
        "W2_A": -0.158988
    },
    "KDImagSurface": {
        "D1_0": 19.7255,
        "D1_asymm": 20.0511,
        "D2_0": 0.0466287,
        "D2_A": -0.0169394,
        "D2_A2": -1.1735,
        "D2_A3": -153.204,
        "D3_0": 15.5845,
        "r_0": 1.3486,
        "r_A": 0.0108987,
        "a_0_n": 0.549757,
        "a_A_n": 0.000181425,
        "a_0_p": 0.533312,
        "a_A_p": -2.47518e-06
    }
}