{
    "ECS_p": 0.664065,
    "ECS_n": 0.472877,
    "APower_p": 0.930354,
    "APower_n": 0.891991,
    "RCS_p": 0.0693432,
    "TCS_n": 0.0557387
}