{
    "KDHartreeFock": {
        "V1_0": 55.2209,
        "V1_asymm": 20.3131,
        "V1_A": 0.0054404,
        "V2_0_n": 0.00414708,
        "V2_A_n": 2.9486e-06,
        "V3_0_n": -8.93429e-06,
        "V3_A_n": 5.17572e-09,
        "V2_0_p": 0.00417169,
        "V2_A_p": 1.08352e-05,
        "V3_0_p": -4.14225e-06,
        "V3_A_p": 3.99724e-08,
        "V4_0": -4.23301e-08,
        "r_0": 1.22931,
        "r_A": 0.124849,
        "a_0": 0.65214,
        "a_A": -0.000171155
    },
    "KDCoulomb": {
        "r_C_0": 1.0969,
        "r_C_A": 0.0688906,
        "r_C_A2": 8.82978
    },
    "KDRealSpinOrbit": {
        "V1_0": 7.68762,
        "V1_A": -0.0237571,
        "V2_0": 0.0258771,
        "r_0": 1.19427,
        "r_A": 0.418563,
        "a_0": 0.499484
    },
    "KDImagSpinOrbit": {
        "W1_0": -0.253018,
        "W2_0": 399.977
    },
    "KDImagVolume": {
        "W1_0_n": 17.4918,
        "W1_A_n": 0.0247764,
        "W1_0_p": 15.3877,
        "W1_A_p": 0.130907,
        "W2_0": 79.8075,
        "W2_A": 0.195668
    },
    "KDImagSurface": {
        "D1_0": 30.8734,
        "D1_asymm": 14.2494,
        "D2_0": -0.0224002,
        "D2_A": 0.0588307,
        "D2_A2": 3.1383,
        "D2_A3": 233.46,
        "D3_0": 16.2883,
        "r_0": 1.21404,
        "r_A": 0.0176196,
        "a_0_n": 0.530754,
        "a_A_n": -0.000930303,
        "a_0_p": 0.49773,
        "a_A_p": 0.00244733
    }
}