{
    "ECS_p": 0.319796,
    "ECS_n": 0.181912,
    "APower_p": 0.430522,
    "APower_n": 0.234791,
    "RCS_p": 0.00436438,
    "TCS_n": 0.0281153
}