{
    "KDHartreeFock": {
        "V1_0": 59.3268,
        "V1_asymm": 8.54405,
        "V1_A": 0.0243304,
        "V2_0_n": 0.00729103,
        "V2_A_n": -1.29488e-06,
        "V3_0_n": 2.45634e-05,
        "V3_A_n": -3.95369e-09,
        "V2_0_p": 0.00537874,
        "V2_A_p": 6.97672e-06,
        "V3_0_p": 1.41227e-05,
        "V3_A_p": 9.43139e-09,
        "V4_0": 3.43597e-08,
        "r_0": 1.27587,
        "r_A": 0.429228,
        "a_0": 0.676372,
        "a_A": -4.26848e-05
    },
    "KDCoulomb": {
        "r_C_0": 1.38509,
        "r_C_A": -0.0137024,
        "r_C_A2": 31.7669
    },
    "KDRealSpinOrbit": {
        "V1_0": 6.46785,
        "V1_A": -0.00447509,
        "V2_0": 0.00683114,
        "r_0": 1.16609,
        "r_A": 0.548216,
        "a_0": 0.51628
    },
    "KDImagSpinOrbit": {
        "W1_0": -3.40478,
        "W2_0": 205.728
    },
    "KDImagVolume": {
        "W1_0_n": 23.9279,
        "W1_A_n": 0.0332965,
        "W1_0_p": 24.9673,
        "W1_A_p": 0.146846,
        "W2_0": 166.918,
        "W2_A": 0.0254896
    },
    "KDImagSurface": {
        "D1_0": 15.7879,
        "D1_asymm": 12.3947,
        "D2_0": 0.0221315,
        "D2_A": -0.00274518,
        "D2_A2": 25.0712,
        "D2_A3": 107.012,
        "D3_0": 15.2151,
        "r_0": 1.41925,
        "r_A": 0.0302176,
        "a_0_n": 0.552619,
        "a_A_n": -0.000600537,
        "a_0_p": 0.467438,
        "a_A_p": 0.00171215
    }
}