{
    "ECS_p": 0.235689,
    "ECS_n": 0.181317,
    "APower_p": 0.512899,
    "APower_n": 0.237688,
    "RCS_p": 0.0133998,
    "TCS_n": 0.030217
}