{
    "KDHartreeFock": {
        "V1_0": 55.2797,
        "V1_asymm": 11.1834,
        "V1_A": 0.0119432,
        "V2_0_n": 0.00424588,
        "V2_A_n": -1.75567e-05,
        "V3_0_n": 1.49868e-06,
        "V3_A_n": -8.87537e-08,
        "V2_0_p": 0.00499598,
        "V2_A_p": 2.13713e-05,
        "V3_0_p": 7.01575e-06,
        "V3_A_p": 1.16313e-07,
        "V4_0": 6.22173e-09,
        "r_0": 1.34192,
        "r_A": 0.60746,
        "a_0": 0.691323,
        "a_A": 0.000247348
    },
    "KDCoulomb": {
        "r_C_0": 1.33113,
        "r_C_A": 0.804038,
        "r_C_A2": 35.5585
    },
    "KDRealSpinOrbit": {
        "V1_0": 4.37857,
        "V1_A": 0.0165388,
        "V2_0": 0.00256782,
        "r_0": 1.09472,
        "r_A": 0.496487,
        "a_0": 0.602517
    },
    "KDImagSpinOrbit": {
        "W1_0": -6.45828,
        "W2_0": 308.119
    },
    "KDImagVolume": {
        "W1_0_n": 21.9132,
        "W1_A_n": -0.022705,
        "W1_0_p": 24.7919,
        "W1_A_p": -0.0240179,
        "W2_0": 87.5573,
        "W2_A": -0.049286
    },
    "KDImagSurface": {
        "D1_0": 18.5245,
        "D1_asymm": 14.2903,
        "D2_0": 0.03623,
        "D2_A": -0.00748751,
        "D2_A2": 5.93273,
        "D2_A3": 250.75,
        "D3_0": 14.16,
        "r_0": 1.4263,
        "r_A": 0.0285712,
        "a_0_n": 0.503574,
        "a_A_n": -0.000228859,
        "a_0_p": 0.509613,
        "a_A_p": 0.00126869
    }
}