{
    "ECS_p": 0.266978,
    "ECS_n": 0.249332,
    "APower_p": 0.827628,
    "APower_n": 0.372363,
    "RCS_p": 0.0253945,
    "TCS_n": 0.0285922
}