{
    "KDHartreeFock": {
        "V1_0": 55.1733,
        "V1_asymm": 13.5748,
        "V1_A": 0.0123324,
        "V2_0_n": 0.00569353,
        "V2_A_n": 8.07895e-06,
        "V3_0_n": 4.0283e-06,
        "V3_A_n": 6.59769e-08,
        "V2_0_p": 0.00522096,
        "V2_A_p": 9.61396e-06,
        "V3_0_p": 8.09428e-07,
        "V3_A_p": 7.97098e-08,
        "V4_0": -2.52504e-08,
        "r_0": 1.21154,
        "r_A": 0.0410028,
        "a_0": 0.627989,
        "a_A": -0.0006237
    },
    "KDCoulomb": {
        "r_C_0": 1.09508,
        "r_C_A": -0.606894,
        "r_C_A2": 9.92015
    },
    "KDRealSpinOrbit": {
        "V1_0": 5.60843,
        "V1_A": 0.00870293,
        "V2_0": 0.0130797,
        "r_0": 1.13927,
        "r_A": 0.14985,
        "a_0": 0.538581
    },
    "KDImagSpinOrbit": {
        "W1_0": -3.70421,
        "W2_0": 161.968
    },
    "KDImagVolume": {
        "W1_0_n": 21.0426,
        "W1_A_n": 0.0132521,
        "W1_0_p": 15.6538,
        "W1_A_p": 0.0342747,
        "W2_0": 106.977,
        "W2_A": 0.0939742
    },
    "KDImagSurface": {
        "D1_0": 18.1264,
        "D1_asymm": 14.8025,
        "D2_0": 0.0228421,
        "D2_A": 0.00508513,
        "D2_A2": -3.02005,
        "D2_A3": 251.895,
        "D3_0": 15.0727,
        "r_0": 1.32382,
        "r_A": 0.00681339,
        "a_0_n": 0.502643,
        "a_A_n": -0.000438244,
        "a_0_p": 0.481982,
        "a_A_p": 0.000878538
    }
}