{
    "ECS_p": 0.379671,
    "ECS_n": 0.192165,
    "APower_p": 0.3229,
    "APower_n": 0.122713,
    "RCS_p": 0.0177089,
    "TCS_n": 0.0257441
}