{
    "KDHartreeFock": {
        "V1_0": 60.3965,
        "V1_asymm": 18.5764,
        "V1_A": 0.0313908,
        "V2_0_n": 0.00676383,
        "V2_A_n": -1.74201e-06,
        "V3_0_n": 1.53634e-05,
        "V3_A_n": -1.85297e-09,
        "V2_0_p": 0.00960107,
        "V2_A_p": -7.97046e-06,
        "V3_0_p": 3.12649e-05,
        "V3_A_p": -5.51179e-08,
        "V4_0": 5.70032e-09,
        "r_0": 1.27658,
        "r_A": 0.375073,
        "a_0": 0.700361,
        "a_A": 8.62631e-05
    },
    "KDCoulomb": {
        "r_C_0": 1.29955,
        "r_C_A": -0.301834,
        "r_C_A2": 7.9176
    },
    "KDRealSpinOrbit": {
        "V1_0": 6.0456,
        "V1_A": 0.0110243,
        "V2_0": 0.00475574,
        "r_0": 1.26943,
        "r_A": 0.897315,
        "a_0": 0.620502
    },
    "KDImagSpinOrbit": {
        "W1_0": -4.49182,
        "W2_0": 304.362
    },
    "KDImagVolume": {
        "W1_0_n": 20.1687,
        "W1_A_n": -0.000960419,
        "W1_0_p": 15.9498,
        "W1_A_p": 0.0273962,
        "W2_0": 85.9096,
        "W2_A": 0.0276914
    },
    "KDImagSurface": {
        "D1_0": 27.7873,
        "D1_asymm": 26.0629,
        "D2_0": 0.0262126,
        "D2_A": 0.0117899,
        "D2_A2": 9.91906,
        "D2_A3": 277.436,
        "D3_0": 20.3319,
        "r_0": 1.40309,
        "r_A": 0.0190887,
        "a_0_n": 0.533304,
        "a_A_n": -0.000318772,
        "a_0_p": 0.51282,
        "a_A_p": 0.00129464
    }
}