{
    "ECS_p": 0.272087,
    "ECS_n": 0.200787,
    "APower_p": 0.275627,
    "APower_n": 0.165336,
    "RCS_p": 0.0153525,
    "TCS_n": 0.0323308
}