{
    "KDHartreeFock": {
        "V1_0": 58.5408,
        "V1_asymm": 5.80659,
        "V1_A": 0.0355684,
        "V2_0_n": 0.00640549,
        "V2_A_n": 8.32335e-07,
        "V3_0_n": 1.10813e-05,
        "V3_A_n": 1.14072e-08,
        "V2_0_p": 0.00703579,
        "V2_A_p": 2.54088e-06,
        "V3_0_p": 1.4669e-05,
        "V3_A_p": 1.77151e-09,
        "V4_0": -6.68844e-09,
        "r_0": 1.27256,
        "r_A": 0.327545,
        "a_0": 0.675951,
        "a_A": -0.000275621
    },
    "KDCoulomb": {
        "r_C_0": 1.49962,
        "r_C_A": 2.5734,
        "r_C_A2": 24.6257
    },
    "KDRealSpinOrbit": {
        "V1_0": 6.07797,
        "V1_A": 0.00866542,
        "V2_0": 0.00564036,
        "r_0": 1.22292,
        "r_A": 0.719458,
        "a_0": 0.613289
    },
    "KDImagSpinOrbit": {
        "W1_0": -3.16572,
        "W2_0": 263.089
    },
    "KDImagVolume": {
        "W1_0_n": 18.7078,
        "W1_A_n": 0.0138685,
        "W1_0_p": 18.2703,
        "W1_A_p": 0.0143868,
        "W2_0": 102.383,
        "W2_A": 0.0427653
    },
    "KDImagSurface": {
        "D1_0": 13.8099,
        "D1_asymm": 11.0863,
        "D2_0": 0.0224605,
        "D2_A": -0.0011886,
        "D2_A2": 2.12871,
        "D2_A3": 144.654,
        "D3_0": 11.5185,
        "r_0": 1.34695,
        "r_A": 0.0136644,
        "a_0_n": 0.54238,
        "a_A_n": -0.000391327,
        "a_0_p": 0.482031,
        "a_A_p": 0.00130141
    }
}