{
    "ECS_p": 0.251428,
    "ECS_n": 0.225382,
    "APower_p": 0.453759,
    "APower_n": 0.311832,
    "RCS_p": 0.014941,
    "TCS_n": 0.0227213
}