{
    "KDHartreeFock": {
        "V1_0": 61.3535,
        "V1_asymm": 18.8309,
        "V1_A": 0.0235473,
        "V2_0_n": 0.00646806,
        "V2_A_n": -4.37648e-07,
        "V3_0_n": 1.07764e-05,
        "V3_A_n": -1.21735e-08,
        "V2_0_p": 0.0072688,
        "V2_A_p": 2.26366e-07,
        "V3_0_p": 1.76403e-05,
        "V3_A_p": 3.18658e-08,
        "V4_0": 7.88954e-09,
        "r_0": 1.26359,
        "r_A": 0.41822,
        "a_0": 0.696876,
        "a_A": 0.000137779
    },
    "KDCoulomb": {
        "r_C_0": 1.08754,
        "r_C_A": -0.0505333,
        "r_C_A2": 13.4237
    },
    "KDRealSpinOrbit": {
        "V1_0": 7.90583,
        "V1_A": -0.0173782,
        "V2_0": 0.00478838,
        "r_0": 1.14216,
        "r_A": 0.418264,
        "a_0": 0.584089
    },
    "KDImagSpinOrbit": {
        "W1_0": -2.77787,
        "W2_0": 154.616
    },
    "KDImagVolume": {
        "W1_0_n": 20.2842,
        "W1_A_n": 0.0393126,
        "W1_0_p": 14.5955,
        "W1_A_p": 0.110408,
        "W2_0": 88.1986,
        "W2_A": 0.391274
    },
    "KDImagSurface": {
        "D1_0": 9.43489,
        "D1_asymm": 3.20218,
        "D2_0": 0.0413751,
        "D2_A": -0.029012,
        "D2_A2": -4.33289,
        "D2_A3": -230.259,
        "D3_0": 10.3369,
        "r_0": 1.46603,
        "r_A": 0.0473716,
        "a_0_n": 0.533708,
        "a_A_n": -0.0010079,
        "a_0_p": 0.561567,
        "a_A_p": 0.00130404
    }
}