{
    "ECS_p": 0.35801,
    "ECS_n": 0.230104,
    "APower_p": 0.313996,
    "APower_n": 0.216403,
    "RCS_p": 0.00417967,
    "TCS_n": 0.0217804
}