{
    "KDHartreeFock": {
        "V1_0": 59.5684,
        "V1_asymm": 7.8789,
        "V1_A": 0.0396182,
        "V2_0_n": 0.00629947,
        "V2_A_n": -3.38516e-06,
        "V3_0_n": 1.27111e-05,
        "V3_A_n": -8.21971e-09,
        "V2_0_p": 0.00811959,
        "V2_A_p": -5.38869e-06,
        "V3_0_p": 2.47689e-05,
        "V3_A_p": -6.02628e-08,
        "V4_0": 3.98957e-09,
        "r_0": 1.2592,
        "r_A": 0.254371,
        "a_0": 0.639348,
        "a_A": -0.00032953
    },
    "KDCoulomb": {
        "r_C_0": 1.20798,
        "r_C_A": 0.619613,
        "r_C_A2": 12.3232
    },
    "KDRealSpinOrbit": {
        "V1_0": 4.68225,
        "V1_A": 0.00727029,
        "V2_0": 0.00141854,
        "r_0": 1.14807,
        "r_A": 0.728494,
        "a_0": 0.597207
    },
    "KDImagSpinOrbit": {
        "W1_0": -5.491,
        "W2_0": 219.139
    },
    "KDImagVolume": {
        "W1_0_n": 23.1978,
        "W1_A_n": -0.0124982,
        "W1_0_p": 27.6208,
        "W1_A_p": 0.0568169,
        "W2_0": 144.144,
        "W2_A": -0.208501
    },
    "KDImagSurface": {
        "D1_0": 23.6555,
        "D1_asymm": 6.72657,
        "D2_0": 0.0322101,
        "D2_A": -0.0211526,
        "D2_A2": -0.630185,
        "D2_A3": 444.266,
        "D3_0": 15.2435,
        "r_0": 1.19793,
        "r_A": -0.0123518,
        "a_0_n": 0.555043,
        "a_A_n": 0.000160048,
        "a_0_p": 0.566869,
        "a_A_p": 0.000893624
    }
}