{
    "ECS_p": 0.39087,
    "ECS_n": 0.242817,
    "APower_p": 0.833344,
    "APower_n": 0.748918,
    "RCS_p": 0.0279829,
    "TCS_n": 0.0358321
}