{
    "KDHartreeFock": {
        "V1_0": 58.6938,
        "V1_asymm": 14.6961,
        "V1_A": 0.00942671,
        "V2_0_n": 0.00692781,
        "V2_A_n": -3.75932e-06,
        "V3_0_n": 1.47698e-05,
        "V3_A_n": -3.73163e-08,
        "V2_0_p": 0.00812473,
        "V2_A_p": -2.29088e-06,
        "V3_0_p": 2.20809e-05,
        "V3_A_p": 2.42679e-08,
        "V4_0": 1.08958e-08,
        "r_0": 1.24768,
        "r_A": 0.28003,
        "a_0": 0.648313,
        "a_A": -0.000475636
    },
    "KDCoulomb": {
        "r_C_0": 1.25344,
        "r_C_A": 1.02568,
        "r_C_A2": 16.2424
    },
    "KDRealSpinOrbit": {
        "V1_0": 7.73915,
        "V1_A": -0.031411,
        "V2_0": 0.00475784,
        "r_0": 1.20339,
        "r_A": 0.663935,
        "a_0": 0.59583
    },
    "KDImagSpinOrbit": {
        "W1_0": -6.18318,
        "W2_0": 327.092
    },
    "KDImagVolume": {
        "W1_0_n": 24.5655,
        "W1_A_n": -0.0467037,
        "W1_0_p": 19.4519,
        "W1_A_p": -0.0167703,
        "W2_0": 114.521,
        "W2_A": -0.312397
    },
    "KDImagSurface": {
        "D1_0": 11.7623,
        "D1_asymm": 5.3555,
        "D2_0": 0.0199182,
        "D2_A": 0.00886933,
        "D2_A2": 9.51209,
        "D2_A3": -183.889,
        "D3_0": 7.79928,
        "r_0": 1.48631,
        "r_A": 0.0379779,
        "a_0_n": 0.525536,
        "a_A_n": 0.000174929,
        "a_0_p": 0.484216,
        "a_A_p": 0.000585818
    }
}