{
    "ECS_p": 0.274626,
    "ECS_n": 0.229789,
    "APower_p": 0.297993,
    "APower_n": 0.230684,
    "RCS_p": 0.0179342,
    "TCS_n": 0.0359643
}