{
    "KDHartreeFock": {
        "V1_0": 60.448,
        "V1_asymm": 20.7361,
        "V1_A": 0.0420701,
        "V2_0_n": 0.00543348,
        "V2_A_n": 2.80612e-06,
        "V3_0_n": 4.69055e-07,
        "V3_A_n": 2.37152e-09,
        "V2_0_p": 0.00581004,
        "V2_A_p": 5.42361e-06,
        "V3_0_p": 8.90961e-06,
        "V3_A_p": 9.80289e-11,
        "V4_0": -1.66869e-08,
        "r_0": 1.33058,
        "r_A": 0.619591,
        "a_0": 0.710594,
        "a_A": 0.000303899
    },
    "KDCoulomb": {
        "r_C_0": 1.09957,
        "r_C_A": 0.862998,
        "r_C_A2": 0.070756
    },
    "KDRealSpinOrbit": {
        "V1_0": 6.74928,
        "V1_A": -0.00036031,
        "V2_0": 0.00476018,
        "r_0": 1.30564,
        "r_A": 1.10845,
        "a_0": 0.624668
    },
    "KDImagSpinOrbit": {
        "W1_0": -5.46835,
        "W2_0": 469.178
    },
    "KDImagVolume": {
        "W1_0_n": 22.8323,
        "W1_A_n": -0.0279153,
        "W1_0_p": 18.5619,
        "W1_A_p": -0.0191822,
        "W2_0": 103.717,
        "W2_A": -0.141702
    },
    "KDImagSurface": {
        "D1_0": 12.5526,
        "D1_asymm": 30.3407,
        "D2_0": -0.0480828,
        "D2_A": 0.067709,
        "D2_A2": 14.374,
        "D2_A3": 416.312,
        "D3_0": 8.83379,
        "r_0": 1.41363,
        "r_A": 0.0512515,
        "a_0_n": 0.513345,
        "a_A_n": -0.00259819,
        "a_0_p": 0.521813,
        "a_A_p": 0.00160173
    }
}