{
    "ECS_p": 0.342163,
    "ECS_n": 0.560705,
    "APower_p": 0.824199,
    "APower_n": 0.706477,
    "RCS_p": 0.0257706,
    "TCS_n": 0.0393656
}