{
    "KDHartreeFock": {
        "V1_0": 61.722,
        "V1_asymm": 9.15149,
        "V1_A": 0.0440977,
        "V2_0_n": 0.00634326,
        "V2_A_n": 3.31172e-06,
        "V3_0_n": 1.06105e-05,
        "V3_A_n": 8.36808e-09,
        "V2_0_p": 0.00666859,
        "V2_A_p": -3.5849e-06,
        "V3_0_p": 9.41179e-06,
        "V3_A_p": 2.68133e-08,
        "V4_0": -1.11811e-08,
        "r_0": 1.2841,
        "r_A": 0.448203,
        "a_0": 0.634457,
        "a_A": -7.66399e-05
    },
    "KDCoulomb": {
        "r_C_0": 1.23356,
        "r_C_A": 2.10422,
        "r_C_A2": 2.64392
    },
    "KDRealSpinOrbit": {
        "V1_0": 2.78829,
        "V1_A": 0.021962,
        "V2_0": 0.00943874,
        "r_0": 1.20971,
        "r_A": 0.824816,
        "a_0": 0.566954
    },
    "KDImagSpinOrbit": {
        "W1_0": -5.92479,
        "W2_0": 326.736
    },
    "KDImagVolume": {
        "W1_0_n": 18.3241,
        "W1_A_n": -0.046197,
        "W1_0_p": 17.5945,
        "W1_A_p": 0.0141484,
        "W2_0": 68.4422,
        "W2_A": -0.0423651
    },
    "KDImagSurface": {
        "D1_0": 23.473,
        "D1_asymm": 26.7814,
        "D2_0": 0.0295843,
        "D2_A": 0.00562297,
        "D2_A2": 14.7007,
        "D2_A3": 227.119,
        "D3_0": 14.4866,
        "r_0": 1.3928,
        "r_A": 0.0350811,
        "a_0_n": 0.554315,
        "a_A_n": -0.000664049,
        "a_0_p": 0.438279,
        "a_A_p": 0.00249473
    }
}