{
    "ECS_p": 0.266079,
    "ECS_n": 0.241278,
    "APower_p": 0.508761,
    "APower_n": 0.290763,
    "RCS_p": 0.00313785,
    "TCS_n": 0.0250696
}