{
    "KDHartreeFock": {
        "V1_0": 58.6494,
        "V1_asymm": 23.3895,
        "V1_A": 0.02404,
        "V2_0_n": 0.00659236,
        "V2_A_n": 5.09949e-06,
        "V3_0_n": 9.34334e-06,
        "V3_A_n": 9.82569e-09,
        "V2_0_p": 0.00675963,
        "V2_A_p": 1.11645e-05,
        "V3_0_p": 1.47551e-05,
        "V3_A_p": 7.91797e-08,
        "V4_0": -5.26982e-09,
        "r_0": 1.32569,
        "r_A": 0.561674,
        "a_0": 0.738181,
        "a_A": 0.000243413
    },
    "KDCoulomb": {
        "r_C_0": 1.16381,
        "r_C_A": 1.56726,
        "r_C_A2": 19.822
    },
    "KDRealSpinOrbit": {
        "V1_0": 7.10564,
        "V1_A": -0.0203316,
        "V2_0": 0.00297265,
        "r_0": 1.11732,
        "r_A": 0.578138,
        "a_0": 0.61574
    },
    "KDImagSpinOrbit": {
        "W1_0": -2.22149,
        "W2_0": 106.487
    },
    "KDImagVolume": {
        "W1_0_n": 21.3986,
        "W1_A_n": -0.033359,
        "W1_0_p": 19.2257,
        "W1_A_p": -0.00578343,
        "W2_0": 96.6525,
        "W2_A": -0.121657
    },
    "KDImagSurface": {
        "D1_0": 19.4051,
        "D1_asymm": 0.572644,
        "D2_0": -0.0266915,
        "D2_A": 0.0522373,
        "D2_A2": 18.8585,
        "D2_A3": 433.05,
        "D3_0": 16.1124,
        "r_0": 1.42278,
        "r_A": 0.0267968,
        "a_0_n": 0.540882,
        "a_A_n": 0.000192435,
        "a_0_p": 0.46148,
        "a_A_p": 0.00073344
    }
}