{
    "ECS_p": 0.221188,
    "ECS_n": 0.176135,
    "APower_p": 0.316288,
    "APower_n": 0.301261,
    "RCS_p": 0.018408,
    "TCS_n": 0.0211181
}