{
    "KDHartreeFock": {
        "V1_0": 59.378,
        "V1_asymm": 20.9208,
        "V1_A": 0.0324535,
        "V2_0_n": 0.00609888,
        "V2_A_n": 2.5267e-06,
        "V3_0_n": 5.71323e-06,
        "V3_A_n": 1.52556e-08,
        "V2_0_p": 0.0065793,
        "V2_A_p": 5.04971e-06,
        "V3_0_p": 8.31144e-06,
        "V3_A_p": 1.25929e-08,
        "V4_0": -2.72297e-08,
        "r_0": 1.26152,
        "r_A": 0.30187,
        "a_0": 0.67519,
        "a_A": -0.000211505
    },
    "KDCoulomb": {
        "r_C_0": 1.21551,
        "r_C_A": 0.897749,
        "r_C_A2": 21.1151
    },
    "KDRealSpinOrbit": {
        "V1_0": 4.30609,
        "V1_A": 0.0138072,
        "V2_0": 0.00338954,
        "r_0": 1.31385,
        "r_A": 1.04214,
        "a_0": 0.614388
    },
    "KDImagSpinOrbit": {
        "W1_0": -6.55897,
        "W2_0": 258.768
    },
    "KDImagVolume": {
        "W1_0_n": 19.091,
        "W1_A_n": -0.0207727,
        "W1_0_p": 13.98,
        "W1_A_p": 0.0611168,
        "W2_0": 87.1624,
        "W2_A": -0.0345056
    },
    "KDImagSurface": {
        "D1_0": 21.9547,
        "D1_asymm": 28.5599,
        "D2_0": 0.0173522,
        "D2_A": 0.0142858,
        "D2_A2": 10.3417,
        "D2_A3": 428.293,
        "D3_0": 16.3297,
        "r_0": 1.38469,
        "r_A": 0.0285122,
        "a_0_n": 0.529209,
        "a_A_n": -0.00098545,
        "a_0_p": 0.499695,
        "a_A_p": 0.000911217
    }
}