{
    "ECS_p": 0.340858,
    "ECS_n": 0.246952,
    "APower_p": 0.645643,
    "APower_n": 0.533527,
    "RCS_p": 0.0333123,
    "TCS_n": 0.0357449
}