{
    "KDHartreeFock": {
        "V1_0": 59.5494,
        "V1_asymm": 11.4879,
        "V1_A": 0.0369381,
        "V2_0_n": 0.00647349,
        "V2_A_n": 7.08734e-06,
        "V3_0_n": 1.02458e-05,
        "V3_A_n": 5.36533e-08,
        "V2_0_p": 0.00527705,
        "V2_A_p": 1.4895e-05,
        "V3_0_p": -1.90904e-06,
        "V3_A_p": 9.27046e-08,
        "V4_0": -1.83431e-08,
        "r_0": 1.28464,
        "r_A": 0.345547,
        "a_0": 0.666421,
        "a_A": -0.000210664
    },
    "KDCoulomb": {
        "r_C_0": 1.19922,
        "r_C_A": 0.999137,
        "r_C_A2": 5.16896
    },
    "KDRealSpinOrbit": {
        "V1_0": 4.25044,
        "V1_A": -0.00384435,
        "V2_0": 5.43259e-05,
        "r_0": 1.20266,
        "r_A": 0.599062,
        "a_0": 0.630326
    },
    "KDImagSpinOrbit": {
        "W1_0": -6.9496,
        "W2_0": 290.254
    },
    "KDImagVolume": {
        "W1_0_n": 14.5642,
        "W1_A_n": 0.0074878,
        "W1_0_p": 14.9305,
        "W1_A_p": 0.0261729,
        "W2_0": 65.4618,
        "W2_A": 0.0470627
    },
    "KDImagSurface": {
        "D1_0": 32.3001,
        "D1_asymm": 32.6905,
        "D2_0": 0.0349099,
        "D2_A": 0.00800066,
        "D2_A2": 5.40313,
        "D2_A3": 133.49,
        "D3_0": 15.0428,
        "r_0": 1.26544,
        "r_A": 0.00421059,
        "a_0_n": 0.492509,
        "a_A_n": -0.000112626,
        "a_0_p": 0.492238,
        "a_A_p": 0.00108409
    }
}