{
    "ECS_p": 0.220591,
    "ECS_n": 0.214555,
    "APower_p": 0.258385,
    "APower_n": 0.207568,
    "RCS_p": 0.0180142,
    "TCS_n": 0.0199872
}