{
    "KDHartreeFock": {
        "V1_0": 58.7919,
        "V1_asymm": 18.7807,
        "V1_A": 0.0267367,
        "V2_0_n": 0.00680625,
        "V2_A_n": 4.49561e-06,
        "V3_0_n": 1.5205e-05,
        "V3_A_n": 4.60081e-08,
        "V2_0_p": 0.00642293,
        "V2_A_p": 2.33471e-06,
        "V3_0_p": 1.20449e-05,
        "V3_A_p": 2.68564e-08,
        "V4_0": -5.35629e-09,
        "r_0": 1.27609,
        "r_A": 0.38941,
        "a_0": 0.68388,
        "a_A": -0.000166339
    },
    "KDCoulomb": {
        "r_C_0": 0.945128,
        "r_C_A": -0.468462,
        "r_C_A2": 3.59287
    },
    "KDRealSpinOrbit": {
        "V1_0": 5.52949,
        "V1_A": -0.00074454,
        "V2_0": 0.00410917,
        "r_0": 1.22649,
        "r_A": 0.735988,
        "a_0": 0.604118
    },
    "KDImagSpinOrbit": {
        "W1_0": -4.04273,
        "W2_0": 210.875
    },
    "KDImagVolume": {
        "W1_0_n": 17.4897,
        "W1_A_n": 0.0270779,
        "W1_0_p": 21.3569,
        "W1_A_p": -0.00470759,
        "W2_0": 115.504,
        "W2_A": -0.137296
    },
    "KDImagSurface": {
        "D1_0": 14.686,
        "D1_asymm": 18.1275,
        "D2_0": 0.018914,
        "D2_A": 0.000163966,
        "D2_A2": 10.8875,
        "D2_A3": 164.812,
        "D3_0": 13.1113,
        "r_0": 1.38152,
        "r_A": 0.0293438,
        "a_0_n": 0.547782,
        "a_A_n": -0.000680886,
        "a_0_p": 0.460702,
        "a_A_p": 0.00143449
    }
}