{
    "ECS_p": 0.260717,
    "ECS_n": 0.177329,
    "APower_p": 0.375073,
    "APower_n": 0.331193,
    "RCS_p": 0.0180141,
    "TCS_n": 0.0233243
}