{
    "KDHartreeFock": {
        "V1_0": 58.9587,
        "V1_asymm": 19.6673,
        "V1_A": 0.0196592,
        "V2_0_n": 0.00683342,
        "V2_A_n": 3.72752e-06,
        "V3_0_n": 1.74829e-05,
        "V3_A_n": 1.7549e-08,
        "V2_0_p": 0.00731521,
        "V2_A_p": 6.56593e-06,
        "V3_0_p": 2.3154e-05,
        "V3_A_p": 1.11745e-08,
        "V4_0": 2.28562e-08,
        "r_0": 1.2626,
        "r_A": 0.322401,
        "a_0": 0.689988,
        "a_A": -0.000134023
    },
    "KDCoulomb": {
        "r_C_0": 1.02736,
        "r_C_A": 1.5247,
        "r_C_A2": 27.0775
    },
    "KDRealSpinOrbit": {
        "V1_0": 6.89178,
        "V1_A": -0.00626382,
        "V2_0": 0.00334895,
        "r_0": 1.19051,
        "r_A": 0.548625,
        "a_0": 0.621885
    },
    "KDImagSpinOrbit": {
        "W1_0": -1.31074,
        "W2_0": 371.755
    },
    "KDImagVolume": {
        "W1_0_n": 18.9787,
        "W1_A_n": 0.0137055,
        "W1_0_p": 14.9343,
        "W1_A_p": 0.0321104,
        "W2_0": 120.186,
        "W2_A": -0.0319732
    },
    "KDImagSurface": {
        "D1_0": 19.1933,
        "D1_asymm": 11.3094,
        "D2_0": 0.0237926,
        "D2_A": -0.00171435,
        "D2_A2": 6.16114,
        "D2_A3": 2.80991,
        "D3_0": 16.8084,
        "r_0": 1.39829,
        "r_A": 0.0291564,
        "a_0_n": 0.531179,
        "a_A_n": -0.000491148,
        "a_0_p": 0.508333,
        "a_A_p": 0.00110136
    }
}