{
    "ECS_p": 0.220497,
    "ECS_n": 0.194131,
    "APower_p": 0.374405,
    "APower_n": 0.242511,
    "RCS_p": 0.00696937,
    "TCS_n": 0.0299286
}