{
    "KDHartreeFock": {
        "V1_0": 57.1209,
        "V1_asymm": 10.1149,
        "V1_A": 0.0280536,
        "V2_0_n": 0.00773657,
        "V2_A_n": 7.78005e-06,
        "V3_0_n": 1.93916e-05,
        "V3_A_n": 3.14345e-08,
        "V2_0_p": 0.00807684,
        "V2_A_p": 7.73494e-07,
        "V3_0_p": 2.168e-05,
        "V3_A_p": 7.49343e-09,
        "V4_0": 2.58448e-09,
        "r_0": 1.22649,
        "r_A": 0.0393004,
        "a_0": 0.604369,
        "a_A": -0.00051789
    },
    "KDCoulomb": {
        "r_C_0": 1.12596,
        "r_C_A": 1.18604,
        "r_C_A2": 30.5299
    },
    "KDRealSpinOrbit": {
        "V1_0": 5.14195,
        "V1_A": 0.00319595,
        "V2_0": 0.00320152,
        "r_0": 1.28983,
        "r_A": 1.05481,
        "a_0": 0.640569
    },
    "KDImagSpinOrbit": {
        "W1_0": -0.282202,
        "W2_0": 381.809
    },
    "KDImagVolume": {
        "W1_0_n": 16.3429,
        "W1_A_n": -0.00952226,
        "W1_0_p": 13.5743,
        "W1_A_p": -0.00539072,
        "W2_0": 62.8865,
        "W2_A": 0.0352286
    },
    "KDImagSurface": {
        "D1_0": 14.8773,
        "D1_asymm": 24.9086,
        "D2_0": 0.0178919,
        "D2_A": 0.00838026,
        "D2_A2": 13.9228,
        "D2_A3": 314.551,
        "D3_0": 11.8402,
        "r_0": 1.28352,
        "r_A": -0.00330335,
        "a_0_n": 0.531123,
        "a_A_n": -0.000576123,
        "a_0_p": 0.484273,
        "a_A_p": 0.00142829
    }
}