{
    "ECS_p": 0.348228,
    "ECS_n": 0.396626,
    "APower_p": 0.554598,
    "APower_n": 0.637925,
    "RCS_p": 0.0444676,
    "TCS_n": 0.0480243
}