{
    "KDHartreeFock": {
        "V1_0": 57.1135,
        "V1_asymm": 18.8744,
        "V1_A": 0.0131167,
        "V2_0_n": 0.00628976,
        "V2_A_n": 6.29428e-06,
        "V3_0_n": 1.29341e-05,
        "V3_A_n": 4.31778e-08,
        "V2_0_p": 0.00738057,
        "V2_A_p": 6.73878e-08,
        "V3_0_p": 2.01457e-05,
        "V3_A_p": 6.33795e-09,
        "V4_0": 3.6119e-09,
        "r_0": 1.23511,
        "r_A": 0.200199,
        "a_0": 0.685186,
        "a_A": 4.36385e-05
    },
    "KDCoulomb": {
        "r_C_0": 1.36173,
        "r_C_A": -0.108898,
        "r_C_A2": 11.0319
    },
    "KDRealSpinOrbit": {
        "V1_0": 4.81383,
        "V1_A": 0.0244154,
        "V2_0": 0.00762809,
        "r_0": 1.22042,
        "r_A": 0.824701,
        "a_0": 0.622444
    },
    "KDImagSpinOrbit": {
        "W1_0": -2.62318,
        "W2_0": 88.1561
    },
    "KDImagVolume": {
        "W1_0_n": 21.0363,
        "W1_A_n": -0.00519049,
        "W1_0_p": 18.7683,
        "W1_A_p": 0.0240218,
        "W2_0": 122.287,
        "W2_A": -0.243641
    },
    "KDImagSurface": {
        "D1_0": 14.0807,
        "D1_asymm": 1.59003,
        "D2_0": 0.0614583,
        "D2_A": -0.0356151,
        "D2_A2": 4.63349,
        "D2_A3": 318.385,
        "D3_0": 10.6198,
        "r_0": 1.427,
        "r_A": 0.0278087,
        "a_0_n": 0.578771,
        "a_A_n": 0.000197385,
        "a_0_p": 0.497203,
        "a_A_p": 0.00160832
    }
}