{
    "ECS_p": 0.283835,
    "ECS_n": 0.210017,
    "APower_p": 0.402437,
    "APower_n": 0.275003,
    "RCS_p": 0.0229446,
    "TCS_n": 0.0289627
}