{
    "KDHartreeFock": {
        "V1_0": 57.7055,
        "V1_asymm": 17.7012,
        "V1_A": 0.00625965,
        "V2_0_n": 0.00617932,
        "V2_A_n": -1.90626e-06,
        "V3_0_n": 9.24782e-06,
        "V3_A_n": -1.88679e-08,
        "V2_0_p": 0.00788235,
        "V2_A_p": -6.13032e-06,
        "V3_0_p": 2.38645e-05,
        "V3_A_p": -4.55913e-08,
        "V4_0": 1.17981e-08,
        "r_0": 1.21318,
        "r_A": 0.15359,
        "a_0": 0.681438,
        "a_A": -0.000226602
    },
    "KDCoulomb": {
        "r_C_0": 1.03023,
        "r_C_A": 0.742688,
        "r_C_A2": 14.5328
    },
    "KDRealSpinOrbit": {
        "V1_0": 6.11727,
        "V1_A": -0.00119775,
        "V2_0": 0.00568257,
        "r_0": 1.23916,
        "r_A": 0.811412,
        "a_0": 0.539957
    },
    "KDImagSpinOrbit": {
        "W1_0": -7.6287,
        "W2_0": 208.419
    },
    "KDImagVolume": {
        "W1_0_n": 22.1695,
        "W1_A_n": 0.0186802,
        "W1_0_p": 23.7283,
        "W1_A_p": 0.039432,
        "W2_0": 108.937,
        "W2_A": -0.084992
    },
    "KDImagSurface": {
        "D1_0": 11.6934,
        "D1_asymm": 15.5493,
        "D2_0": 0.0755899,
        "D2_A": -0.0563245,
        "D2_A2": 3.94194,
        "D2_A3": 365.119,
        "D3_0": 9.49468,
        "r_0": 1.37074,
        "r_A": 0.022211,
        "a_0_n": 0.524068,
        "a_A_n": -0.000744385,
        "a_0_p": 0.496864,
        "a_A_p": 0.00118038
    }
}