{
    "ECS_p": 0.254415,
    "ECS_n": 0.175603,
    "APower_p": 0.383924,
    "APower_n": 0.20096,
    "RCS_p": 0.0253111,
    "TCS_n": 0.0214018
}