{
    "KDHartreeFock": {
        "V1_0": 58.6438,
        "V1_asymm": 15.8775,
        "V1_A": 0.0307382,
        "V2_0_n": 0.00634097,
        "V2_A_n": -3.02637e-06,
        "V3_0_n": 1.84941e-05,
        "V3_A_n": -3.1954e-09,
        "V2_0_p": 0.0065103,
        "V2_A_p": 8.34704e-06,
        "V3_0_p": 2.37119e-05,
        "V3_A_p": 1.46343e-08,
        "V4_0": 3.01038e-08,
        "r_0": 1.33906,
        "r_A": 0.601168,
        "a_0": 0.712665,
        "a_A": 0.000338915
    },
    "KDCoulomb": {
        "r_C_0": 1.25758,
        "r_C_A": 2.14507,
        "r_C_A2": 23.355
    },
    "KDRealSpinOrbit": {
        "V1_0": 7.84707,
        "V1_A": 0.00978062,
        "V2_0": 0.016148,
        "r_0": 1.33362,
        "r_A": 1.1131,
        "a_0": 0.575627
    },
    "KDImagSpinOrbit": {
        "W1_0": -3.54035,
        "W2_0": 187.997
    },
    "KDImagVolume": {
        "W1_0_n": 20.9767,
        "W1_A_n": 0.0162799,
        "W1_0_p": 18.8459,
        "W1_A_p": 0.0191593,
        "W2_0": 105.61,
        "W2_A": -0.0298702
    },
    "KDImagSurface": {
        "D1_0": 13.9747,
        "D1_asymm": 20.4396,
        "D2_0": 0.00619457,
        "D2_A": 0.0151196,
        "D2_A2": 3.73939,
        "D2_A3": 315.449,
        "D3_0": 8.61112,
        "r_0": 1.32746,
        "r_A": 0.0175095,
        "a_0_n": 0.589672,
        "a_A_n": 0.00017204,
        "a_0_p": 0.558367,
        "a_A_p": 0.000620606
    }
}