{
    "ECS_p": 0.217088,
    "ECS_n": 0.210313,
    "APower_p": 0.419282,
    "APower_n": 0.128295,
    "RCS_p": 0.0112408,
    "TCS_n": 0.0222739
}