{
    "KDHartreeFock": {
        "V1_0": 59.5488,
        "V1_asymm": 9.88859,
        "V1_A": 0.0384297,
        "V2_0_n": 0.00664026,
        "V2_A_n": 7.2178e-06,
        "V3_0_n": 1.474e-05,
        "V3_A_n": 2.95663e-08,
        "V2_0_p": 0.00806213,
        "V2_A_p": -1.42256e-06,
        "V3_0_p": 2.69603e-05,
        "V3_A_p": -2.98839e-08,
        "V4_0": 1.39294e-08,
        "r_0": 1.27331,
        "r_A": 0.309704,
        "a_0": 0.624566,
        "a_A": -0.000447239
    },
    "KDCoulomb": {
        "r_C_0": 1.38705,
        "r_C_A": 0.865588,
        "r_C_A2": 20.3048
    },
    "KDRealSpinOrbit": {
        "V1_0": 4.06416,
        "V1_A": 0.00808131,
        "V2_0": 0.0021783,
        "r_0": 1.18586,
        "r_A": 0.761496,
        "a_0": 0.614561
    },
    "KDImagSpinOrbit": {
        "W1_0": -4.99824,
        "W2_0": 259.011
    },
    "KDImagVolume": {
        "W1_0_n": 23.585,
        "W1_A_n": -0.0371061,
        "W1_0_p": 25.7714,
        "W1_A_p": -0.0346322,
        "W2_0": 105.655,
        "W2_A": -0.191306
    },
    "KDImagSurface": {
        "D1_0": 16.0357,
        "D1_asymm": -2.9878,
        "D2_0": 0.0082436,
        "D2_A": 0.0178115,
        "D2_A2": 3.05123,
        "D2_A3": 224.93,
        "D3_0": 14.2624,
        "r_0": 1.3044,
        "r_A": 0.00763654,
        "a_0_n": 0.51148,
        "a_A_n": -0.000113723,
        "a_0_p": 0.504998,
        "a_A_p": 0.00147372
    }
}