{
    "ECS_p": 0.237369,
    "ECS_n": 0.229711,
    "APower_p": 0.386556,
    "APower_n": 0.144818,
    "RCS_p": 0.0161322,
    "TCS_n": 0.0256762
}