{
    "KDHartreeFock": {
        "V1_0": 57.1487,
        "V1_asymm": 8.20193,
        "V1_A": 0.0202006,
        "V2_0_n": 0.00643375,
        "V2_A_n": 4.8507e-06,
        "V3_0_n": 1.65205e-05,
        "V3_A_n": 3.04291e-08,
        "V2_0_p": 0.00620901,
        "V2_A_p": -4.28866e-06,
        "V3_0_p": 1.56778e-05,
        "V3_A_p": -1.91868e-10,
        "V4_0": 1.7198e-08,
        "r_0": 1.22759,
        "r_A": 0.19757,
        "a_0": 0.697568,
        "a_A": -0.000141782
    },
    "KDCoulomb": {
        "r_C_0": 1.09197,
        "r_C_A": 0.712449,
        "r_C_A2": 36.3313
    },
    "KDRealSpinOrbit": {
        "V1_0": 6.62187,
        "V1_A": 0.00425688,
        "V2_0": 0.0115469,
        "r_0": 1.19754,
        "r_A": 0.565834,
        "a_0": 0.612428
    },
    "KDImagSpinOrbit": {
        "W1_0": -7.20077,
        "W2_0": 291.361
    },
    "KDImagVolume": {
        "W1_0_n": 26.1851,
        "W1_A_n": 0.00035146,
        "W1_0_p": 23.6939,
        "W1_A_p": -0.0100128,
        "W2_0": 164.88,
        "W2_A": -0.266735
    },
    "KDImagSurface": {
        "D1_0": 20.3751,
        "D1_asymm": 7.99448,
        "D2_0": -0.027457,
        "D2_A": 0.0540573,
        "D2_A2": 8.22779,
        "D2_A3": 403.52,
        "D3_0": 18.3917,
        "r_0": 1.28816,
        "r_A": -3.54427e-05,
        "a_0_n": 0.54356,
        "a_A_n": -6.86533e-05,
        "a_0_p": 0.478044,
        "a_A_p": 0.00241431
    }
}