{
    "ECS_p": 0.267081,
    "ECS_n": 0.239863,
    "APower_p": 0.334468,
    "APower_n": 0.362028,
    "RCS_p": 0.0152236,
    "TCS_n": 0.0273695
}