{
    "KDHartreeFock": {
        "V1_0": 60.2627,
        "V1_asymm": 20.4196,
        "V1_A": 0.0178974,
        "V2_0_n": 0.00609524,
        "V2_A_n": 5.68898e-07,
        "V3_0_n": 1.42553e-05,
        "V3_A_n": 3.36451e-08,
        "V2_0_p": 0.00549758,
        "V2_A_p": 1.85293e-06,
        "V3_0_p": 9.27731e-06,
        "V3_A_p": -1.2291e-08,
        "V4_0": -6.24382e-09,
        "r_0": 1.24338,
        "r_A": 0.396993,
        "a_0": 0.702877,
        "a_A": -5.7687e-05
    },
    "KDCoulomb": {
        "r_C_0": 1.03861,
        "r_C_A": 1.95587,
        "r_C_A2": 22.9815
    },
    "KDRealSpinOrbit": {
        "V1_0": 5.00528,
        "V1_A": 0.0027394,
        "V2_0": 0.00240469,
        "r_0": 1.18139,
        "r_A": 0.799196,
        "a_0": 0.602232
    },
    "KDImagSpinOrbit": {
        "W1_0": -8.99399,
        "W2_0": 284.482
    },
    "KDImagVolume": {
        "W1_0_n": 12.2016,
        "W1_A_n": 0.0592229,
        "W1_0_p": 21.2794,
        "W1_A_p": 0.123044,
        "W2_0": 82.3226,
        "W2_A": 0.213658
    },
    "KDImagSurface": {
        "D1_0": 26.4385,
        "D1_asymm": 11.1326,
        "D2_0": 0.00218243,
        "D2_A": 0.0317507,
        "D2_A2": 8.75936,
        "D2_A3": 285.043,
        "D3_0": 22.4454,
        "r_0": 1.37305,
        "r_A": 0.0257347,
        "a_0_n": 0.588107,
        "a_A_n": -0.000741835,
        "a_0_p": 0.500624,
        "a_A_p": 0.00190614
    }
}