{
    "ECS_p": 0.229375,
    "ECS_n": 0.245885,
    "APower_p": 0.505722,
    "APower_n": 0.240877,
    "RCS_p": 0.0121313,
    "TCS_n": 0.0252881
}