{
    "KDHartreeFock": {
        "V1_0": 58.0728,
        "V1_asymm": 18.3424,
        "V1_A": 0.0257594,
        "V2_0_n": 0.00501133,
        "V2_A_n": 3.83143e-06,
        "V3_0_n": -2.62284e-06,
        "V3_A_n": 2.07409e-08,
        "V2_0_p": 0.00698155,
        "V2_A_p": -6.11587e-06,
        "V3_0_p": 1.14094e-05,
        "V3_A_p": -7.36801e-08,
        "V4_0": -2.78644e-08,
        "r_0": 1.27205,
        "r_A": 0.378153,
        "a_0": 0.667347,
        "a_A": -0.000175622
    },
    "KDCoulomb": {
        "r_C_0": 1.18296,
        "r_C_A": 1.59158,
        "r_C_A2": 11.1758
    },
    "KDRealSpinOrbit": {
        "V1_0": 6.58316,
        "V1_A": -0.0110535,
        "V2_0": 0.00264578,
        "r_0": 1.16308,
        "r_A": 0.706489,
        "a_0": 0.668494
    },
    "KDImagSpinOrbit": {
        "W1_0": -5.17253,
        "W2_0": 194.452
    },
    "KDImagVolume": {
        "W1_0_n": 22.6737,
        "W1_A_n": -0.00549653,
        "W1_0_p": 25.7227,
        "W1_A_p": -0.0280886,
        "W2_0": 94.0827,
        "W2_A": -0.0736148
    },
    "KDImagSurface": {
        "D1_0": 25.126,
        "D1_asymm": 25.1534,
        "D2_0": -0.0118309,
        "D2_A": 0.0492997,
        "D2_A2": 15.2546,
        "D2_A3": 244.092,
        "D3_0": 15.7943,
        "r_0": 1.40736,
        "r_A": 0.0268249,
        "a_0_n": 0.602027,
        "a_A_n": 0.000604541,
        "a_0_p": 0.512436,
        "a_A_p": 0.000864753
    }
}