{
    "ECS_p": 0.369957,
    "ECS_n": 0.238354,
    "APower_p": 0.298424,
    "APower_n": 0.190731,
    "RCS_p": 0.0191474,
    "TCS_n": 0.0237378
}