{
    "KDHartreeFock": {
        "V1_0": 54.8695,
        "V1_asymm": 1.04676,
        "V1_A": 0.021653,
        "V2_0_n": 0.00586744,
        "V2_A_n": -1.50098e-06,
        "V3_0_n": 1.00353e-05,
        "V3_A_n": -7.22123e-10,
        "V2_0_p": 0.00527081,
        "V2_A_p": 3.24838e-06,
        "V3_0_p": 1.04398e-05,
        "V3_A_p": -6.95432e-09,
        "V4_0": 5.79432e-09,
        "r_0": 1.251,
        "r_A": 0.179786,
        "a_0": 0.670488,
        "a_A": -4.58402e-05
    },
    "KDCoulomb": {
        "r_C_0": 1.2325,
        "r_C_A": 1.38558,
        "r_C_A2": 38.4399
    },
    "KDRealSpinOrbit": {
        "V1_0": 4.90945,
        "V1_A": 0.0153963,
        "V2_0": 0.00341729,
        "r_0": 1.2612,
        "r_A": 1.02326,
        "a_0": 0.632815
    },
    "KDImagSpinOrbit": {
        "W1_0": -4.3244,
        "W2_0": 346.29
    },
    "KDImagVolume": {
        "W1_0_n": 20.0982,
        "W1_A_n": 0.00544252,
        "W1_0_p": 15.0643,
        "W1_A_p": 0.0919114,
        "W2_0": 107.612,
        "W2_A": 0.0109779
    },
    "KDImagSurface": {
        "D1_0": 17.9855,
        "D1_asymm": 9.49102,
        "D2_0": -0.0246645,
        "D2_A": 0.0529266,
        "D2_A2": 18.065,
        "D2_A3": 312.596,
        "D3_0": 12.5966,
        "r_0": 1.38197,
        "r_A": 0.0325964,
        "a_0_n": 0.505608,
        "a_A_n": -0.000664433,
        "a_0_p": 0.49332,
        "a_A_p": 0.00237221
    }
}