{
    "ECS_p": 0.397607,
    "ECS_n": 0.352394,
    "APower_p": 0.868825,
    "APower_n": 0.733269,
    "RCS_p": 0.0257925,
    "TCS_n": 0.0296427
}