{
    "KDHartreeFock": {
        "V1_0": 53.3331,
        "V1_asymm": 5.46279,
        "V1_A": 0.0177207,
        "V2_0_n": 0.00266828,
        "V2_A_n": 3.21479e-06,
        "V3_0_n": -2.48077e-05,
        "V3_A_n": 1.19157e-08,
        "V2_0_p": 0.00240872,
        "V2_A_p": 9.53293e-06,
        "V3_0_p": -2.62001e-05,
        "V3_A_p": 5.94021e-08,
        "V4_0": -7.37608e-08,
        "r_0": 1.26065,
        "r_A": 0.250006,
        "a_0": 0.632778,
        "a_A": -0.000273919
    },
    "KDCoulomb": {
        "r_C_0": 1.61963,
        "r_C_A": 0.84578,
        "r_C_A2": -6.22246
    },
    "KDRealSpinOrbit": {
        "V1_0": 2.98811,
        "V1_A": 0.00838292,
        "V2_0": 0.00436948,
        "r_0": 1.18144,
        "r_A": 0.485213,
        "a_0": 0.565406
    },
    "KDImagSpinOrbit": {
        "W1_0": -3.58762,
        "W2_0": 193.231
    },
    "KDImagVolume": {
        "W1_0_n": 20.8901,
        "W1_A_n": 0.00921945,
        "W1_0_p": 14.5185,
        "W1_A_p": 0.0331632,
        "W2_0": 67.0321,
        "W2_A": 0.0177067
    },
    "KDImagSurface": {
        "D1_0": 33.405,
        "D1_asymm": 28.8412,
        "D2_0": 0.0375901,
        "D2_A": 0.00468342,
        "D2_A2": 8.60913,
        "D2_A3": -30.5789,
        "D3_0": 21.1126,
        "r_0": 1.38812,
        "r_A": 0.0285891,
        "a_0_n": 0.56385,
        "a_A_n": 1.73655e-05,
        "a_0_p": 0.424014,
        "a_A_p": 0.0017329
    }
}