{
    "ECS_p": 0.430575,
    "ECS_n": 0.333429,
    "APower_p": 0.631724,
    "APower_n": 0.635621,
    "RCS_p": 0.0627559,
    "TCS_n": 0.0292381
}