{
    "KDHartreeFock": {
        "V1_0": 62.3274,
        "V1_asymm": 24.7256,
        "V1_A": 0.0341845,
        "V2_0_n": 0.0056519,
        "V2_A_n": -3.74422e-06,
        "V3_0_n": 7.26344e-06,
        "V3_A_n": 8.04573e-09,
        "V2_0_p": 0.00864248,
        "V2_A_p": 4.62513e-06,
        "V3_0_p": 2.25945e-05,
        "V3_A_p": 2.79926e-08,
        "V4_0": -1.42516e-08,
        "r_0": 1.32717,
        "r_A": 0.684688,
        "a_0": 0.732314,
        "a_A": 0.000123835
    },
    "KDCoulomb": {
        "r_C_0": 1.16218,
        "r_C_A": 0.187141,
        "r_C_A2": 0.387764
    },
    "KDRealSpinOrbit": {
        "V1_0": 6.35538,
        "V1_A": 0.00236907,
        "V2_0": 0.0028676,
        "r_0": 1.20328,
        "r_A": 0.751649,
        "a_0": 0.634931
    },
    "KDImagSpinOrbit": {
        "W1_0": -1.994,
        "W2_0": 409.87
    },
    "KDImagVolume": {
        "W1_0_n": 14.8739,
        "W1_A_n": 0.0288206,
        "W1_0_p": 14.6984,
        "W1_A_p": 0.0162005,
        "W2_0": 51.884,
        "W2_A": 0.00948512
    },
    "KDImagSurface": {
        "D1_0": 22.8485,
        "D1_asymm": 9.67364,
        "D2_0": 0.0376727,
        "D2_A": -0.000947989,
        "D2_A2": 5.88852,
        "D2_A3": 252.774,
        "D3_0": 18.6827,
        "r_0": 1.38285,
        "r_A": 0.00583245,
        "a_0_n": 0.605843,
        "a_A_n": 0.0015513,
        "a_0_p": 0.519818,
        "a_A_p": -0.000200192
    }
}