{
    "ECS_p": 0.628647,
    "ECS_n": 0.428907,
    "APower_p": 0.900091,
    "APower_n": 0.740263,
    "RCS_p": 0.0273207,
    "TCS_n": 0.0500151
}