{
    "KDHartreeFock": {
        "V1_0": 60.5117,
        "V1_asymm": 27.1197,
        "V1_A": 0.0305928,
        "V2_0_n": 0.00498861,
        "V2_A_n": 1.25033e-05,
        "V3_0_n": -9.15368e-06,
        "V3_A_n": 1.88782e-08,
        "V2_0_p": 0.00399538,
        "V2_A_p": 1.05601e-05,
        "V3_0_p": -1.65572e-05,
        "V3_A_p": 1.28733e-07,
        "V4_0": -3.80326e-08,
        "r_0": 1.24747,
        "r_A": 0.363654,
        "a_0": 0.658579,
        "a_A": -0.000735094
    },
    "KDCoulomb": {
        "r_C_0": 1.25229,
        "r_C_A": 1.35992,
        "r_C_A2": 11.9282
    },
    "KDRealSpinOrbit": {
        "V1_0": 5.65339,
        "V1_A": -0.007934,
        "V2_0": 0.0170037,
        "r_0": 1.19288,
        "r_A": 0.561972,
        "a_0": 0.613451
    },
    "KDImagSpinOrbit": {
        "W1_0": -6.78769,
        "W2_0": 310.775
    },
    "KDImagVolume": {
        "W1_0_n": 28.6178,
        "W1_A_n": -0.0137188,
        "W1_0_p": 19.0277,
        "W1_A_p": 0.0316477,
        "W2_0": 100.508,
        "W2_A": 0.385791
    },
    "KDImagSurface": {
        "D1_0": 27.4028,
        "D1_asymm": 10.8155,
        "D2_0": -0.00439782,
        "D2_A": 0.0313519,
        "D2_A2": 20.1005,
        "D2_A3": 400.529,
        "D3_0": 20.1617,
        "r_0": 1.30695,
        "r_A": 0.0265457,
        "a_0_n": 0.636778,
        "a_A_n": -0.000398014,
        "a_0_p": 0.433779,
        "a_A_p": 0.00219698
    }
}