{
    "ECS_p": 0.337398,
    "ECS_n": 0.201446,
    "APower_p": 0.386971,
    "APower_n": 0.316286,
    "RCS_p": 0.00282885,
    "TCS_n": 0.0148521
}