{
    "KDHartreeFock": {
        "V1_0": 58.1697,
        "V1_asymm": 14.385,
        "V1_A": 0.0281207,
        "V2_0_n": 0.00634547,
        "V2_A_n": 2.70384e-07,
        "V3_0_n": 1.16675e-05,
        "V3_A_n": 5.04273e-09,
        "V2_0_p": 0.00616215,
        "V2_A_p": 3.24153e-06,
        "V3_0_p": 1.07997e-05,
        "V3_A_p": 2.22066e-08,
        "V4_0": -1.26657e-09,
        "r_0": 1.29466,
        "r_A": 0.386797,
        "a_0": 0.673131,
        "a_A": 0.000137012
    },
    "KDCoulomb": {
        "r_C_0": 1.21805,
        "r_C_A": 1.14876,
        "r_C_A2": 1.81679
    },
    "KDRealSpinOrbit": {
        "V1_0": 4.46532,
        "V1_A": 0.011571,
        "V2_0": 0.0036983,
        "r_0": 1.21759,
        "r_A": 0.774172,
        "a_0": 0.630564
    },
    "KDImagSpinOrbit": {
        "W1_0": -2.54692,
        "W2_0": 168.586
    },
    "KDImagVolume": {
        "W1_0_n": 20.4389,
        "W1_A_n": -0.00745695,
        "W1_0_p": 14.2949,
        "W1_A_p": 0.0326428,
        "W2_0": 99.5736,
        "W2_A": 0.0116715
    },
    "KDImagSurface": {
        "D1_0": 17.5823,
        "D1_asymm": 18.2403,
        "D2_0": 0.0223504,
        "D2_A": -0.000583056,
        "D2_A2": 10.4732,
        "D2_A3": 145.479,
        "D3_0": 14.663,
        "r_0": 1.42185,
        "r_A": 0.0466526,
        "a_0_n": 0.483277,
        "a_A_n": -0.000806874,
        "a_0_p": 0.460767,
        "a_A_p": 0.00158761
    }
}