{
    "ECS_p": 0.606245,
    "ECS_n": 0.396357,
    "APower_p": 0.858482,
    "APower_n": 0.723927,
    "RCS_p": 0.050635,
    "TCS_n": 0.0498676
}