{
    "KDHartreeFock": {
        "V1_0": 54.9201,
        "V1_asymm": 11.6429,
        "V1_A": 0.0269228,
        "V2_0_n": 0.00540158,
        "V2_A_n": 7.14849e-06,
        "V3_0_n": 1.85331e-06,
        "V3_A_n": 2.8605e-08,
        "V2_0_p": 0.00727412,
        "V2_A_p": -1.10102e-05,
        "V3_0_p": 2.00961e-05,
        "V3_A_p": -5.59427e-08,
        "V4_0": -1.65763e-08,
        "r_0": 1.23132,
        "r_A": 0.0622926,
        "a_0": 0.604521,
        "a_A": -0.000925618
    },
    "KDCoulomb": {
        "r_C_0": 1.22665,
        "r_C_A": 0.18591,
        "r_C_A2": 24.019
    },
    "KDRealSpinOrbit": {
        "V1_0": 5.97216,
        "V1_A": -0.0119603,
        "V2_0": 0.00976019,
        "r_0": 1.19109,
        "r_A": 0.596887,
        "a_0": 0.55008
    },
    "KDImagSpinOrbit": {
        "W1_0": -10.9461,
        "W2_0": 304.235
    },
    "KDImagVolume": {
        "W1_0_n": 24.7134,
        "W1_A_n": 0.0498273,
        "W1_0_p": 19.9884,
        "W1_A_p": 0.136024,
        "W2_0": 121.933,
        "W2_A": 0.508648
    },
    "KDImagSurface": {
        "D1_0": 20.3631,
        "D1_asymm": 12.3792,
        "D2_0": -0.0345048,
        "D2_A": 0.0633958,
        "D2_A2": -2.71188,
        "D2_A3": -4.32254,
        "D3_0": 16.2128,
        "r_0": 1.33925,
        "r_A": 0.0117235,
        "a_0_n": 0.50693,
        "a_A_n": -0.00095032,
        "a_0_p": 0.532433,
        "a_A_p": 0.00106589
    }
}