{
    "ECS_p": 0.407456,
    "ECS_n": 0.313051,
    "APower_p": 0.637521,
    "APower_n": 0.484627,
    "RCS_p": 0.0375457,
    "TCS_n": 0.0346181
}