{
    "KDHartreeFock": {
        "V1_0": 62.5654,
        "V1_asymm": 16.6671,
        "V1_A": 0.0444625,
        "V2_0_n": 0.00661132,
        "V2_A_n": 5.26017e-06,
        "V3_0_n": 8.32172e-06,
        "V3_A_n": 2.76656e-08,
        "V2_0_p": 0.00747622,
        "V2_A_p": 1.80777e-06,
        "V3_0_p": 1.61163e-05,
        "V3_A_p": -1.04046e-08,
        "V4_0": -1.69211e-08,
        "r_0": 1.27583,
        "r_A": 0.410364,
        "a_0": 0.715511,
        "a_A": -2.80992e-05
    },
    "KDCoulomb": {
        "r_C_0": 1.15864,
        "r_C_A": 0.920576,
        "r_C_A2": 32.8651
    },
    "KDRealSpinOrbit": {
        "V1_0": 6.46178,
        "V1_A": 0.0069059,
        "V2_0": 0.00680825,
        "r_0": 1.20725,
        "r_A": 0.554405,
        "a_0": 0.517084
    },
    "KDImagSpinOrbit": {
        "W1_0": -5.34041,
        "W2_0": 429.343
    },
    "KDImagVolume": {
        "W1_0_n": 19.8486,
        "W1_A_n": 0.0394187,
        "W1_0_p": 13.9729,
        "W1_A_p": 0.0946065,
        "W2_0": 105.537,
        "W2_A": 0.100707
    },
    "KDImagSurface": {
        "D1_0": 17.9609,
        "D1_asymm": 15.3343,
        "D2_0": 0.0225185,
        "D2_A": 0.0024999,
        "D2_A2": 9.05292,
        "D2_A3": -166.145,
        "D3_0": 14.2822,
        "r_0": 1.25365,
        "r_A": -0.00613866,
        "a_0_n": 0.55042,
        "a_A_n": 0.000171092,
        "a_0_p": 0.513234,
        "a_A_p": 0.000393351
    }
}