{
    "ECS_p": 0.307134,
    "ECS_n": 0.326426,
    "APower_p": 0.893088,
    "APower_n": 0.61538,
    "RCS_p": 0.0323243,
    "TCS_n": 0.0353927
}