{
    "KDHartreeFock": {
        "V1_0": 61.2363,
        "V1_asymm": 3.57645,
        "V1_A": 0.0522746,
        "V2_0_n": 0.0062517,
        "V2_A_n": -7.63318e-06,
        "V3_0_n": 1.127e-05,
        "V3_A_n": -4.38561e-08,
        "V2_0_p": 0.00728224,
        "V2_A_p": -8.48203e-06,
        "V3_0_p": 1.06718e-05,
        "V3_A_p": -2.0922e-08,
        "V4_0": 6.08273e-09,
        "r_0": 1.35784,
        "r_A": 0.716795,
        "a_0": 0.703763,
        "a_A": 7.85269e-05
    },
    "KDCoulomb": {
        "r_C_0": 1.31643,
        "r_C_A": -0.674781,
        "r_C_A2": -15.6633
    },
    "KDRealSpinOrbit": {
        "V1_0": 6.27457,
        "V1_A": -0.0194084,
        "V2_0": 0.00111525,
        "r_0": 1.22312,
        "r_A": 0.671962,
        "a_0": 0.57034
    },
    "KDImagSpinOrbit": {
        "W1_0": -3.7004,
        "W2_0": 207.883
    },
    "KDImagVolume": {
        "W1_0_n": 23.0731,
        "W1_A_n": -0.0306009,
        "W1_0_p": 21.0184,
        "W1_A_p": -0.0171788,
        "W2_0": 107.89,
        "W2_A": -0.104189
    },
    "KDImagSurface": {
        "D1_0": 30.6,
        "D1_asymm": 26.6569,
        "D2_0": 0.0397113,
        "D2_A": -0.00590047,
        "D2_A2": 3.7679,
        "D2_A3": 221.48,
        "D3_0": 15.6703,
        "r_0": 1.43634,
        "r_A": 0.0349302,
        "a_0_n": 0.496295,
        "a_A_n": 0.000409439,
        "a_0_p": 0.407227,
        "a_A_p": 0.00128576
    }
}