{
    "ECS_p": 0.333878,
    "ECS_n": 0.193179,
    "APower_p": 0.378163,
    "APower_n": 0.162879,
    "RCS_p": 0.0215707,
    "TCS_n": 0.0301116
}