{
    "KDHartreeFock": {
        "V1_0": 61.3405,
        "V1_asymm": 14.0998,
        "V1_A": 0.0356143,
        "V2_0_n": 0.00667828,
        "V2_A_n": 4.54357e-06,
        "V3_0_n": 1.32955e-05,
        "V3_A_n": 3.39285e-08,
        "V2_0_p": 0.00511755,
        "V2_A_p": 5.19314e-06,
        "V3_0_p": 8.37949e-06,
        "V3_A_p": 3.33967e-08,
        "V4_0": 7.543e-09,
        "r_0": 1.27853,
        "r_A": 0.49315,
        "a_0": 0.670047,
        "a_A": -0.000174944
    },
    "KDCoulomb": {
        "r_C_0": 1.09183,
        "r_C_A": 0.152076,
        "r_C_A2": 6.0437
    },
    "KDRealSpinOrbit": {
        "V1_0": 5.37153,
        "V1_A": 0.0161092,
        "V2_0": 0.00616434,
        "r_0": 1.25815,
        "r_A": 0.840788,
        "a_0": 0.566199
    },
    "KDImagSpinOrbit": {
        "W1_0": -4.67473,
        "W2_0": 245.04
    },
    "KDImagVolume": {
        "W1_0_n": 24.6846,
        "W1_A_n": 0.00601488,
        "W1_0_p": 20.9017,
        "W1_A_p": -0.00433305,
        "W2_0": 92.7232,
        "W2_A": 0.0833769
    },
    "KDImagSurface": {
        "D1_0": 10.3269,
        "D1_asymm": 12.4251,
        "D2_0": 0.0477335,
        "D2_A": -0.0305779,
        "D2_A2": 15.0727,
        "D2_A3": 277.472,
        "D3_0": 8.84487,
        "r_0": 1.34373,
        "r_A": 0.0173924,
        "a_0_n": 0.618714,
        "a_A_n": -0.000307129,
        "a_0_p": 0.539425,
        "a_A_p": 0.00176282
    }
}