{
    "ECS_p": 0.287411,
    "ECS_n": 0.259684,
    "APower_p": 0.775727,
    "APower_n": 0.783976,
    "RCS_p": 0.0315995,
    "TCS_n": 0.0320769
}