{
    "KDHartreeFock": {
        "V1_0": 56.7027,
        "V1_asymm": 1.98227,
        "V1_A": 0.038213,
        "V2_0_n": 0.00557649,
        "V2_A_n": -4.95245e-06,
        "V3_0_n": 5.4091e-06,
        "V3_A_n": -1.32761e-08,
        "V2_0_p": 0.00621142,
        "V2_A_p": 3.72899e-06,
        "V3_0_p": 1.20038e-05,
        "V3_A_p": 4.24008e-08,
        "V4_0": -1.55052e-09,
        "r_0": 1.29261,
        "r_A": 0.29242,
        "a_0": 0.666223,
        "a_A": 4.40866e-05
    },
    "KDCoulomb": {
        "r_C_0": 1.33763,
        "r_C_A": 0.151585,
        "r_C_A2": 15.9965
    },
    "KDRealSpinOrbit": {
        "V1_0": 5.15656,
        "V1_A": -0.00123727,
        "V2_0": 0.00686114,
        "r_0": 1.10447,
        "r_A": 0.234299,
        "a_0": 0.610354
    },
    "KDImagSpinOrbit": {
        "W1_0": -4.0426,
        "W2_0": 226.508
    },
    "KDImagVolume": {
        "W1_0_n": 20.2833,
        "W1_A_n": 0.00240306,
        "W1_0_p": 14.6175,
        "W1_A_p": 0.00070957,
        "W2_0": 113.227,
        "W2_A": -0.174792
    },
    "KDImagSurface": {
        "D1_0": 17.0315,
        "D1_asymm": 8.27851,
        "D2_0": 0.0708247,
        "D2_A": -0.0481509,
        "D2_A2": 1.7587,
        "D2_A3": 350.561,
        "D3_0": 13.4473,
        "r_0": 1.28072,
        "r_A": -0.00351745,
        "a_0_n": 0.569545,
        "a_A_n": 0.00111798,
        "a_0_p": 0.470166,
        "a_A_p": 0.000985939
    }
}