{
    "ECS_p": 0.536544,
    "ECS_n": 0.227903,
    "APower_p": 0.847778,
    "APower_n": 0.915696,
    "RCS_p": 0.0248001,
    "TCS_n": 0.0363615
}