{
    "KDHartreeFock": {
        "V1_0": 57.3266,
        "V1_asymm": 9.55627,
        "V1_A": 0.0284682,
        "V2_0_n": 0.0061101,
        "V2_A_n": 7.95647e-06,
        "V3_0_n": 3.80143e-06,
        "V3_A_n": 2.7648e-08,
        "V2_0_p": 0.00699736,
        "V2_A_p": -1.01105e-05,
        "V3_0_p": 8.19944e-06,
        "V3_A_p": -3.88015e-08,
        "V4_0": -1.95837e-08,
        "r_0": 1.25935,
        "r_A": 0.201147,
        "a_0": 0.630165,
        "a_A": 6.94141e-05
    },
    "KDCoulomb": {
        "r_C_0": 1.12327,
        "r_C_A": -0.0146132,
        "r_C_A2": 6.89807
    },
    "KDRealSpinOrbit": {
        "V1_0": 5.35905,
        "V1_A": -0.0211164,
        "V2_0": 0.000492355,
        "r_0": 1.16231,
        "r_A": 0.493514,
        "a_0": 0.614702
    },
    "KDImagSpinOrbit": {
        "W1_0": -4.39254,
        "W2_0": 274.455
    },
    "KDImagVolume": {
        "W1_0_n": 20.0928,
        "W1_A_n": -0.0129136,
        "W1_0_p": 14.8945,
        "W1_A_p": 0.0250736,
        "W2_0": 70.6142,
        "W2_A": 0.162164
    },
    "KDImagSurface": {
        "D1_0": 31.3109,
        "D1_asymm": 17.6929,
        "D2_0": 0.0756054,
        "D2_A": -0.0364219,
        "D2_A2": 5.00736,
        "D2_A3": 246.331,
        "D3_0": 20.585,
        "r_0": 1.29592,
        "r_A": 0.00425894,
        "a_0_n": 0.49038,
        "a_A_n": -0.000383333,
        "a_0_p": 0.464174,
        "a_A_p": 0.0019245
    }
}