{
    "ECS_p": 0.372959,
    "ECS_n": 0.278248,
    "APower_p": 0.45984,
    "APower_n": 0.248307,
    "RCS_p": 0.0183646,
    "TCS_n": 0.0240619
}