{
    "KDHartreeFock": {
        "V1_0": 56.6019,
        "V1_asymm": 18.4997,
        "V1_A": 0.0156595,
        "V2_0_n": 0.00531876,
        "V2_A_n": -3.74845e-06,
        "V3_0_n": 2.95535e-06,
        "V3_A_n": -1.14056e-08,
        "V2_0_p": 0.00740819,
        "V2_A_p": -8.19689e-07,
        "V3_0_p": 1.73799e-05,
        "V3_A_p": -1.81311e-08,
        "V4_0": -1.36268e-08,
        "r_0": 1.26341,
        "r_A": 0.259594,
        "a_0": 0.721471,
        "a_A": 0.000244053
    },
    "KDCoulomb": {
        "r_C_0": 1.37196,
        "r_C_A": 1.44351,
        "r_C_A2": 27.1089
    },
    "KDRealSpinOrbit": {
        "V1_0": 4.3533,
        "V1_A": 0.00892371,
        "V2_0": 0.00499416,
        "r_0": 1.20909,
        "r_A": 0.718235,
        "a_0": 0.536481
    },
    "KDImagSpinOrbit": {
        "W1_0": -4.54671,
        "W2_0": 198.851
    },
    "KDImagVolume": {
        "W1_0_n": 24.1818,
        "W1_A_n": -0.00909194,
        "W1_0_p": 21.6002,
        "W1_A_p": 0.0437414,
        "W2_0": 155.613,
        "W2_A": -0.299332
    },
    "KDImagSurface": {
        "D1_0": 21.2679,
        "D1_asymm": 21.3821,
        "D2_0": 0.0267437,
        "D2_A": 0.00401969,
        "D2_A2": 3.0286,
        "D2_A3": 89.7477,
        "D3_0": 13.9194,
        "r_0": 1.35206,
        "r_A": 0.0232749,
        "a_0_n": 0.561483,
        "a_A_n": 0.000190538,
        "a_0_p": 0.461756,
        "a_A_p": 0.00171843
    }
}