{
    "ECS_p": 0.489245,
    "ECS_n": 0.351525,
    "APower_p": 1.0086,
    "APower_n": 0.733627,
    "RCS_p": 0.0158524,
    "TCS_n": 0.0392084
}