{
    "KDHartreeFock": {
        "V1_0": 57.9206,
        "V1_asymm": 17.6252,
        "V1_A": 0.0113834,
        "V2_0_n": 0.00699463,
        "V2_A_n": 4.02745e-06,
        "V3_0_n": 1.96804e-05,
        "V3_A_n": 1.70464e-08,
        "V2_0_p": 0.00598946,
        "V2_A_p": 1.13666e-05,
        "V3_0_p": 1.37514e-05,
        "V3_A_p": 8.19713e-08,
        "V4_0": 1.93731e-08,
        "r_0": 1.25244,
        "r_A": 0.331792,
        "a_0": 0.671684,
        "a_A": -0.000108639
    },
    "KDCoulomb": {
        "r_C_0": 1.33636,
        "r_C_A": 0.845916,
        "r_C_A2": 11.7011
    },
    "KDRealSpinOrbit": {
        "V1_0": 5.42723,
        "V1_A": 0.0122873,
        "V2_0": 0.00566362,
        "r_0": 1.09734,
        "r_A": 0.577262,
        "a_0": 0.605435
    },
    "KDImagSpinOrbit": {
        "W1_0": -2.90336,
        "W2_0": 291.559
    },
    "KDImagVolume": {
        "W1_0_n": 20.8289,
        "W1_A_n": 0.0306897,
        "W1_0_p": 16.7806,
        "W1_A_p": 0.0858086,
        "W2_0": 110.742,
        "W2_A": 0.28602
    },
    "KDImagSurface": {
        "D1_0": 15.0717,
        "D1_asymm": -4.19092,
        "D2_0": 0.0861478,
        "D2_A": -0.0666761,
        "D2_A2": 11.407,
        "D2_A3": 265.413,
        "D3_0": 13.677,
        "r_0": 1.40103,
        "r_A": 0.0206058,
        "a_0_n": 0.518609,
        "a_A_n": 7.81262e-05,
        "a_0_p": 0.447537,
        "a_A_p": 0.00161614
    }
}