{
    "ECS_p": 0.298563,
    "ECS_n": 0.23012,
    "APower_p": 0.744623,
    "APower_n": 0.891773,
    "RCS_p": 0.0269248,
    "TCS_n": 0.0388613
}