{
    "KDHartreeFock": {
        "V1_0": 58.8834,
        "V1_asymm": 10.6794,
        "V1_A": 0.0139866,
        "V2_0_n": 0.0070107,
        "V2_A_n": -6.08242e-06,
        "V3_0_n": 2.2519e-05,
        "V3_A_n": -2.34904e-08,
        "V2_0_p": 0.00728298,
        "V2_A_p": 1.75148e-06,
        "V3_0_p": 2.11982e-05,
        "V3_A_p": 4.45657e-08,
        "V4_0": 3.54012e-08,
        "r_0": 1.29491,
        "r_A": 0.439025,
        "a_0": 0.716034,
        "a_A": 0.000347513
    },
    "KDCoulomb": {
        "r_C_0": 1.10904,
        "r_C_A": 0.310778,
        "r_C_A2": 10.1123
    },
    "KDRealSpinOrbit": {
        "V1_0": 8.13635,
        "V1_A": -0.0350726,
        "V2_0": 0.00417611,
        "r_0": 1.27141,
        "r_A": 1.00302,
        "a_0": 0.632746
    },
    "KDImagSpinOrbit": {
        "W1_0": -4.31708,
        "W2_0": 417.795
    },
    "KDImagVolume": {
        "W1_0_n": 19.2822,
        "W1_A_n": 0.0271166,
        "W1_0_p": 18.2294,
        "W1_A_p": 0.0114164,
        "W2_0": 125.875,
        "W2_A": -0.0308649
    },
    "KDImagSurface": {
        "D1_0": 16.3558,
        "D1_asymm": 16.5748,
        "D2_0": 0.0240093,
        "D2_A": -0.00335546,
        "D2_A2": 13.555,
        "D2_A3": 148.127,
        "D3_0": 12.5529,
        "r_0": 1.45572,
        "r_A": 0.0378583,
        "a_0_n": 0.45723,
        "a_A_n": -0.00090729,
        "a_0_p": 0.442207,
        "a_A_p": 0.00143517
    }
}