{
    "ECS_p": 0.348433,
    "ECS_n": 0.232196,
    "APower_p": 0.306101,
    "APower_n": 0.186118,
    "RCS_p": 0.0214836,
    "TCS_n": 0.0355083
}