{
    "KDHartreeFock": {
        "V1_0": 59.674,
        "V1_asymm": 19.8337,
        "V1_A": 0.0272036,
        "V2_0_n": 0.00591809,
        "V2_A_n": 7.61638e-06,
        "V3_0_n": 4.49001e-06,
        "V3_A_n": 4.92104e-08,
        "V2_0_p": 0.0052164,
        "V2_A_p": 1.09552e-05,
        "V3_0_p": 3.49752e-06,
        "V3_A_p": 5.72961e-08,
        "V4_0": -2.39028e-08,
        "r_0": 1.29476,
        "r_A": 0.55239,
        "a_0": 0.688317,
        "a_A": -0.000271802
    },
    "KDCoulomb": {
        "r_C_0": 1.14218,
        "r_C_A": 1.21912,
        "r_C_A2": -17.3741
    },
    "KDRealSpinOrbit": {
        "V1_0": 5.87771,
        "V1_A": -0.00736975,
        "V2_0": 0.00255962,
        "r_0": 1.22023,
        "r_A": 0.803276,
        "a_0": 0.609352
    },
    "KDImagSpinOrbit": {
        "W1_0": -2.83775,
        "W2_0": 164.861
    },
    "KDImagVolume": {
        "W1_0_n": 24.3486,
        "W1_A_n": -0.00431988,
        "W1_0_p": 23.9039,
        "W1_A_p": 0.0197156,
        "W2_0": 139.371,
        "W2_A": -0.192098
    },
    "KDImagSurface": {
        "D1_0": 14.7802,
        "D1_asymm": 8.84816,
        "D2_0": 0.00923266,
        "D2_A": 0.011158,
        "D2_A2": 11.094,
        "D2_A3": 280.134,
        "D3_0": 16.4389,
        "r_0": 1.38266,
        "r_A": 0.0292008,
        "a_0_n": 0.599472,
        "a_A_n": -0.0005581,
        "a_0_p": 0.562701,
        "a_A_p": 0.00111765
    }
}