{
    "ECS_p": 0.323837,
    "ECS_n": 0.210239,
    "APower_p": 0.81413,
    "APower_n": 0.715239,
    "RCS_p": 0.0383731,
    "TCS_n": 0.0247133
}