{
    "KDHartreeFock": {
        "V1_0": 59.6906,
        "V1_asymm": 12.3496,
        "V1_A": 0.0225603,
        "V2_0_n": 0.00562614,
        "V2_A_n": -1.01685e-06,
        "V3_0_n": 6.04781e-06,
        "V3_A_n": 6.03905e-09,
        "V2_0_p": 0.0073805,
        "V2_A_p": -9.92132e-06,
        "V3_0_p": 1.55354e-05,
        "V3_A_p": -1.61356e-08,
        "V4_0": -8.51519e-09,
        "r_0": 1.24133,
        "r_A": 0.263376,
        "a_0": 0.685705,
        "a_A": -0.000119869
    },
    "KDCoulomb": {
        "r_C_0": 1.18267,
        "r_C_A": 0.294932,
        "r_C_A2": 16.7441
    },
    "KDRealSpinOrbit": {
        "V1_0": 6.92386,
        "V1_A": 0.0117095,
        "V2_0": 0.010193,
        "r_0": 1.12382,
        "r_A": 0.206415,
        "a_0": 0.54205
    },
    "KDImagSpinOrbit": {
        "W1_0": -5.24028,
        "W2_0": 291.497
    },
    "KDImagVolume": {
        "W1_0_n": 21.3547,
        "W1_A_n": 0.00981438,
        "W1_0_p": 17.1105,
        "W1_A_p": 0.0339474,
        "W2_0": 87.2222,
        "W2_A": -0.0404701
    },
    "KDImagSurface": {
        "D1_0": 43.7534,
        "D1_asymm": 4.60146,
        "D2_0": 0.0576342,
        "D2_A": -0.0135068,
        "D2_A2": 9.18696,
        "D2_A3": 406.607,
        "D3_0": 28.849,
        "r_0": 1.41523,
        "r_A": 0.0242689,
        "a_0_n": 0.576533,
        "a_A_n": 0.000293332,
        "a_0_p": 0.423451,
        "a_A_p": 0.00168444
    }
}