{
    "ECS_p": 0.301375,
    "ECS_n": 0.218457,
    "APower_p": 0.478844,
    "APower_n": 0.208928,
    "RCS_p": 0.0255862,
    "TCS_n": 0.0294476
}