{
    "KDHartreeFock": {
        "V1_0": 61.5519,
        "V1_asymm": 17.6084,
        "V1_A": 0.0431357,
        "V2_0_n": 0.00513667,
        "V2_A_n": -7.42583e-07,
        "V3_0_n": 5.43892e-06,
        "V3_A_n": -6.59931e-09,
        "V2_0_p": 0.00811098,
        "V2_A_p": -1.48873e-05,
        "V3_0_p": 2.7877e-05,
        "V3_A_p": -1.08219e-07,
        "V4_0": 2.34375e-09,
        "r_0": 1.34724,
        "r_A": 0.684165,
        "a_0": 0.680234,
        "a_A": 0.000186632
    },
    "KDCoulomb": {
        "r_C_0": 1.02385,
        "r_C_A": 1.20577,
        "r_C_A2": 22.6195
    },
    "KDRealSpinOrbit": {
        "V1_0": 8.53623,
        "V1_A": -0.0216405,
        "V2_0": 0.0100033,
        "r_0": 1.33834,
        "r_A": 1.38077,
        "a_0": 0.573186
    },
    "KDImagSpinOrbit": {
        "W1_0": -2.92664,
        "W2_0": 353.141
    },
    "KDImagVolume": {
        "W1_0_n": 24.2933,
        "W1_A_n": -0.0342223,
        "W1_0_p": 20.3178,
        "W1_A_p": 0.0889068,
        "W2_0": 93.6061,
        "W2_A": -0.0797119
    },
    "KDImagSurface": {
        "D1_0": 20.5135,
        "D1_asymm": 18.1106,
        "D2_0": 0.0535201,
        "D2_A": -0.0189938,
        "D2_A2": 2.7657,
        "D2_A3": 296.664,
        "D3_0": 11.7077,
        "r_0": 1.45934,
        "r_A": 0.0465493,
        "a_0_n": 0.531782,
        "a_A_n": 0.000307718,
        "a_0_p": 0.498775,
        "a_A_p": 0.0011662
    }
}