{
    "ECS_p": 0.377779,
    "ECS_n": 0.166053,
    "APower_p": 0.393554,
    "APower_n": 0.247108,
    "RCS_p": 0.0161362,
    "TCS_n": 0.0192663
}