{
    "KDHartreeFock": {
        "V1_0": 61.3079,
        "V1_asymm": 12.3891,
        "V1_A": 0.0414228,
        "V2_0_n": 0.00700996,
        "V2_A_n": 3.01647e-06,
        "V3_0_n": 1.92594e-05,
        "V3_A_n": 1.69417e-08,
        "V2_0_p": 0.00661992,
        "V2_A_p": 7.33866e-07,
        "V3_0_p": 2.06328e-05,
        "V3_A_p": 1.37012e-08,
        "V4_0": 1.8208e-08,
        "r_0": 1.28394,
        "r_A": 0.442622,
        "a_0": 0.694141,
        "a_A": -0.000111233
    },
    "KDCoulomb": {
        "r_C_0": 1.15906,
        "r_C_A": 1.14003,
        "r_C_A2": 26.4712
    },
    "KDRealSpinOrbit": {
        "V1_0": 6.09216,
        "V1_A": 0.00520412,
        "V2_0": 0.00748927,
        "r_0": 1.21893,
        "r_A": 0.934049,
        "a_0": 0.588822
    },
    "KDImagSpinOrbit": {
        "W1_0": -8.37691,
        "W2_0": 450.345
    },
    "KDImagVolume": {
        "W1_0_n": 24.3789,
        "W1_A_n": -0.00236296,
        "W1_0_p": 22.542,
        "W1_A_p": 0.0328481,
        "W2_0": 137.333,
        "W2_A": 0.0806496
    },
    "KDImagSurface": {
        "D1_0": 16.3842,
        "D1_asymm": 19.358,
        "D2_0": 0.0207875,
        "D2_A": 0.00540495,
        "D2_A2": 8.90021,
        "D2_A3": -51.6477,
        "D3_0": 11.0269,
        "r_0": 1.18187,
        "r_A": -0.0114287,
        "a_0_n": 0.543277,
        "a_A_n": -0.000104372,
        "a_0_p": 0.479649,
        "a_A_p": 0.0017863
    }
}