{
    "ECS_p": 0.21725,
    "ECS_n": 0.183788,
    "APower_p": 0.35565,
    "APower_n": 0.145793,
    "RCS_p": 0.00504469,
    "TCS_n": 0.0282836
}