{
    "KDHartreeFock": {
        "V1_0": 59.7824,
        "V1_asymm": 8.60505,
        "V1_A": 0.029405,
        "V2_0_n": 0.00761441,
        "V2_A_n": 6.80731e-06,
        "V3_0_n": 2.26353e-05,
        "V3_A_n": 6.04483e-08,
        "V2_0_p": 0.00613291,
        "V2_A_p": -2.16076e-06,
        "V3_0_p": 1.47418e-05,
        "V3_A_p": -2.72661e-08,
        "V4_0": 8.78142e-09,
        "r_0": 1.25653,
        "r_A": 0.366218,
        "a_0": 0.7156,
        "a_A": 9.66418e-05
    },
    "KDCoulomb": {
        "r_C_0": 1.24261,
        "r_C_A": 0.0656098,
        "r_C_A2": 42.3042
    },
    "KDRealSpinOrbit": {
        "V1_0": 7.11131,
        "V1_A": -0.00559883,
        "V2_0": 0.00524369,
        "r_0": 1.16432,
        "r_A": 0.61418,
        "a_0": 0.626395
    },
    "KDImagSpinOrbit": {
        "W1_0": -7.91844,
        "W2_0": 230.367
    },
    "KDImagVolume": {
        "W1_0_n": 21.5168,
        "W1_A_n": 0.121445,
        "W1_0_p": 31.3966,
        "W1_A_p": 0.0646444,
        "W2_0": 195.462,
        "W2_A": 0.15753
    },
    "KDImagSurface": {
        "D1_0": 11.4966,
        "D1_asymm": 21.173,
        "D2_0": -0.024115,
        "D2_A": 0.0385965,
        "D2_A2": 2.60446,
        "D2_A3": 233.595,
        "D3_0": 9.43727,
        "r_0": 1.35459,
        "r_A": 0.0239906,
        "a_0_n": 0.562267,
        "a_A_n": -0.00117192,
        "a_0_p": 0.517949,
        "a_A_p": 0.00166822
    }
}