{
    "ECS_p": 0.28877,
    "ECS_n": 0.171104,
    "APower_p": 0.344997,
    "APower_n": 0.138759,
    "RCS_p": 0.00742091,
    "TCS_n": 0.0266087
}