{
    "KDHartreeFock": {
        "V1_0": 58.0744,
        "V1_asymm": 9.36634,
        "V1_A": 0.0302021,
        "V2_0_n": 0.00514396,
        "V2_A_n": -3.95773e-06,
        "V3_0_n": 4.41619e-06,
        "V3_A_n": -2.38076e-08,
        "V2_0_p": 0.00736205,
        "V2_A_p": 1.37066e-06,
        "V3_0_p": 1.7687e-05,
        "V3_A_p": 2.30921e-08,
        "V4_0": 1.52553e-09,
        "r_0": 1.2952,
        "r_A": 0.437037,
        "a_0": 0.667136,
        "a_A": -0.000329331
    },
    "KDCoulomb": {
        "r_C_0": 1.33387,
        "r_C_A": 1.32495,
        "r_C_A2": 30.0208
    },
    "KDRealSpinOrbit": {
        "V1_0": 5.69785,
        "V1_A": 0.00127956,
        "V2_0": 0.00587563,
        "r_0": 1.25687,
        "r_A": 0.76964,
        "a_0": 0.629078
    },
    "KDImagSpinOrbit": {
        "W1_0": -3.70856,
        "W2_0": 275.753
    },
    "KDImagVolume": {
        "W1_0_n": 25.7888,
        "W1_A_n": -0.0375667,
        "W1_0_p": 22.7839,
        "W1_A_p": -0.0444056,
        "W2_0": 130.862,
        "W2_A": -0.276862
    },
    "KDImagSurface": {
        "D1_0": 16.0013,
        "D1_asymm": -2.75121,
        "D2_0": -0.00974884,
        "D2_A": 0.0321536,
        "D2_A2": 16.7554,
        "D2_A3": 252.338,
        "D3_0": 11.9787,
        "r_0": 1.32542,
        "r_A": 0.004228,
        "a_0_n": 0.549911,
        "a_A_n": 0.00092708,
        "a_0_p": 0.532829,
        "a_A_p": 0.000837961
    }
}