{
    "ECS_p": 0.27013,
    "ECS_n": 0.222913,
    "APower_p": 0.305065,
    "APower_n": 0.204665,
    "RCS_p": 0.00443248,
    "TCS_n": 0.0219794
}