{
    "KDHartreeFock": {
        "V1_0": 59.6954,
        "V1_asymm": 13.1937,
        "V1_A": 0.036125,
        "V2_0_n": 0.00605444,
        "V2_A_n": 3.06123e-06,
        "V3_0_n": 1.07612e-05,
        "V3_A_n": 3.6245e-08,
        "V2_0_p": 0.00667916,
        "V2_A_p": 3.45531e-06,
        "V3_0_p": 1.84251e-05,
        "V3_A_p": -6.92731e-10,
        "V4_0": -2.54191e-09,
        "r_0": 1.29915,
        "r_A": 0.503122,
        "a_0": 0.643358,
        "a_A": -0.000374108
    },
    "KDCoulomb": {
        "r_C_0": 1.18109,
        "r_C_A": 0.283154,
        "r_C_A2": 34.3498
    },
    "KDRealSpinOrbit": {
        "V1_0": 6.69493,
        "V1_A": 0.0151809,
        "V2_0": 0.0109463,
        "r_0": 1.31731,
        "r_A": 1.20488,
        "a_0": 0.595284
    },
    "KDImagSpinOrbit": {
        "W1_0": -3.99018,
        "W2_0": 141.218
    },
    "KDImagVolume": {
        "W1_0_n": 29.6793,
        "W1_A_n": -0.0197938,
        "W1_0_p": 30.3366,
        "W1_A_p": -0.0123377,
        "W2_0": 159.36,
        "W2_A": -0.147063
    },
    "KDImagSurface": {
        "D1_0": 14.3915,
        "D1_asymm": 1.15856,
        "D2_0": -0.00237058,
        "D2_A": 0.0225942,
        "D2_A2": 14.9483,
        "D2_A3": 644.525,
        "D3_0": 11.671,
        "r_0": 1.3316,
        "r_A": 0.00988431,
        "a_0_n": 0.590047,
        "a_A_n": 0.000319105,
        "a_0_p": 0.511616,
        "a_A_p": 0.0016809
    }
}