{
    "ECS_p": 0.391146,
    "ECS_n": 0.591313,
    "APower_p": 0.922094,
    "APower_n": 0.581555,
    "RCS_p": 0.063747,
    "TCS_n": 0.0454136
}