{
    "KDHartreeFock": {
        "V1_0": 58.942,
        "V1_asymm": 21.2835,
        "V1_A": 0.0472986,
        "V2_0_n": 0.00686923,
        "V2_A_n": 2.33474e-05,
        "V3_0_n": 9.3382e-06,
        "V3_A_n": 1.01472e-07,
        "V2_0_p": 0.00614918,
        "V2_A_p": -1.15576e-06,
        "V3_0_p": 9.73312e-06,
        "V3_A_p": -1.21221e-08,
        "V4_0": -8.98159e-09,
        "r_0": 1.24623,
        "r_A": 0.230848,
        "a_0": 0.656052,
        "a_A": -0.000650388
    },
    "KDCoulomb": {
        "r_C_0": 1.17091,
        "r_C_A": 0.36321,
        "r_C_A2": -16.3281
    },
    "KDRealSpinOrbit": {
        "V1_0": 2.98176,
        "V1_A": 0.00164858,
        "V2_0": 0.0014235,
        "r_0": 1.27591,
        "r_A": 0.959806,
        "a_0": 0.551033
    },
    "KDImagSpinOrbit": {
        "W1_0": -1.10615,
        "W2_0": 61.8205
    },
    "KDImagVolume": {
        "W1_0_n": 21.4451,
        "W1_A_n": -0.00787472,
        "W1_0_p": 10.9136,
        "W1_A_p": 0.0470171,
        "W2_0": 58.2482,
        "W2_A": 0.213289
    },
    "KDImagSurface": {
        "D1_0": 12.353,
        "D1_asymm": 15.2215,
        "D2_0": 0.0768186,
        "D2_A": -0.0581279,
        "D2_A2": 6.98439,
        "D2_A3": 254.449,
        "D3_0": 5.30108,
        "r_0": 1.20674,
        "r_A": -0.00805537,
        "a_0_n": 0.592373,
        "a_A_n": 0.00021588,
        "a_0_p": 0.477493,
        "a_A_p": 0.000630475
    }
}