{
    "ECS_p": 0.377583,
    "ECS_n": 0.333129,
    "APower_p": 0.841061,
    "APower_n": 0.557855,
    "RCS_p": 0.0314799,
    "TCS_n": 0.0520366
}