{
    "KDHartreeFock": {
        "V1_0": 57.1567,
        "V1_asymm": 14.5955,
        "V1_A": 0.00698185,
        "V2_0_n": 0.0068795,
        "V2_A_n": -2.31148e-06,
        "V3_0_n": 2.23108e-05,
        "V3_A_n": 2.5718e-08,
        "V2_0_p": 0.00718461,
        "V2_A_p": 1.09868e-06,
        "V3_0_p": 1.86623e-05,
        "V3_A_p": 1.8662e-08,
        "V4_0": 1.49245e-08,
        "r_0": 1.2333,
        "r_A": 0.165077,
        "a_0": 0.648024,
        "a_A": -0.000232078
    },
    "KDCoulomb": {
        "r_C_0": 1.03589,
        "r_C_A": 1.48264,
        "r_C_A2": 10.0366
    },
    "KDRealSpinOrbit": {
        "V1_0": 3.01948,
        "V1_A": 0.000591482,
        "V2_0": 0.000272986,
        "r_0": 1.25353,
        "r_A": 0.88128,
        "a_0": 0.548527
    },
    "KDImagSpinOrbit": {
        "W1_0": -1.54716,
        "W2_0": 144.335
    },
    "KDImagVolume": {
        "W1_0_n": 10.4934,
        "W1_A_n": 0.0316234,
        "W1_0_p": 17.1334,
        "W1_A_p": 0.00105385,
        "W2_0": 68.1019,
        "W2_A": -0.123747
    },
    "KDImagSurface": {
        "D1_0": 35.5818,
        "D1_asymm": 19.8649,
        "D2_0": 0.0519385,
        "D2_A": -0.00164395,
        "D2_A2": -6.70279,
        "D2_A3": -115.083,
        "D3_0": 17.4213,
        "r_0": 1.45423,
        "r_A": 0.0374617,
        "a_0_n": 0.540644,
        "a_A_n": 0.000999294,
        "a_0_p": 0.470139,
        "a_A_p": 0.00089371
    }
}