{
    "ECS_p": 0.347307,
    "ECS_n": 0.185812,
    "APower_p": 0.273414,
    "APower_n": 0.130552,
    "RCS_p": 0.00773226,
    "TCS_n": 0.0196787
}