{
    "KDHartreeFock": {
        "V1_0": 60.9386,
        "V1_asymm": 15.0267,
        "V1_A": 0.0364536,
        "V2_0_n": 0.00601546,
        "V2_A_n": 5.12737e-07,
        "V3_0_n": 7.90935e-06,
        "V3_A_n": 2.17418e-08,
        "V2_0_p": 0.00684714,
        "V2_A_p": -3.76719e-06,
        "V3_0_p": 7.73418e-06,
        "V3_A_p": -1.12523e-08,
        "V4_0": -2.29419e-08,
        "r_0": 1.27842,
        "r_A": 0.442108,
        "a_0": 0.66324,
        "a_A": -0.000436388
    },
    "KDCoulomb": {
        "r_C_0": 1.25007,
        "r_C_A": 1.29979,
        "r_C_A2": 16.5055
    },
    "KDRealSpinOrbit": {
        "V1_0": 5.8389,
        "V1_A": -0.00120184,
        "V2_0": 0.00272051,
        "r_0": 1.30687,
        "r_A": 1.11134,
        "a_0": 0.622121
    },
    "KDImagSpinOrbit": {
        "W1_0": -6.40261,
        "W2_0": 508.361
    },
    "KDImagVolume": {
        "W1_0_n": 13.657,
        "W1_A_n": 0.0147276,
        "W1_0_p": 14.8738,
        "W1_A_p": 0.0293519,
        "W2_0": 61.6833,
        "W2_A": 0.0802686
    },
    "KDImagSurface": {
        "D1_0": 20.9351,
        "D1_asymm": 14.4166,
        "D2_0": 0.0289016,
        "D2_A": -0.00188433,
        "D2_A2": 8.95307,
        "D2_A3": 322.349,
        "D3_0": 17.1723,
        "r_0": 1.39142,
        "r_A": 0.0209812,
        "a_0_n": 0.473795,
        "a_A_n": -0.000602527,
        "a_0_p": 0.503906,
        "a_A_p": 0.000298013
    }
}