{
    "ECS_p": 0.331851,
    "ECS_n": 0.180272,
    "APower_p": 0.370393,
    "APower_n": 0.284446,
    "RCS_p": 0.0163453,
    "TCS_n": 0.0295225
}