{
    "KDHartreeFock": {
        "V1_0": 62.314,
        "V1_asymm": 21.7437,
        "V1_A": 0.0326455,
        "V2_0_n": 0.00681414,
        "V2_A_n": 3.69163e-06,
        "V3_0_n": 1.28794e-05,
        "V3_A_n": 3.26987e-09,
        "V2_0_p": 0.00700597,
        "V2_A_p": -2.15378e-06,
        "V3_0_p": 1.42901e-05,
        "V3_A_p": -5.13757e-09,
        "V4_0": -4.82319e-10,
        "r_0": 1.21055,
        "r_A": 0.233254,
        "a_0": 0.718032,
        "a_A": -0.000303265
    },
    "KDCoulomb": {
        "r_C_0": 1.16619,
        "r_C_A": 1.18792,
        "r_C_A2": 7.24049
    },
    "KDRealSpinOrbit": {
        "V1_0": 5.10028,
        "V1_A": 0.000888814,
        "V2_0": 0.00452053,
        "r_0": 1.25396,
        "r_A": 0.89065,
        "a_0": 0.551706
    },
    "KDImagSpinOrbit": {
        "W1_0": -1.15504,
        "W2_0": -34.3259
    },
    "KDImagVolume": {
        "W1_0_n": 24.1175,
        "W1_A_n": -0.0285101,
        "W1_0_p": 19.8209,
        "W1_A_p": 0.0268287,
        "W2_0": 127.918,
        "W2_A": -0.200191
    },
    "KDImagSurface": {
        "D1_0": 19.522,
        "D1_asymm": 27.3756,
        "D2_0": 0.0396478,
        "D2_A": -0.0134344,
        "D2_A2": 21.7322,
        "D2_A3": 316.45,
        "D3_0": 14.8567,
        "r_0": 1.33672,
        "r_A": 0.0182178,
        "a_0_n": 0.527922,
        "a_A_n": -0.00075414,
        "a_0_p": 0.519026,
        "a_A_p": 0.000724114
    }
}