{
    "ECS_p": 0.281341,
    "ECS_n": 0.209354,
    "APower_p": 0.279464,
    "APower_n": 0.275706,
    "RCS_p": 0.00291697,
    "TCS_n": 0.0214038
}