{
    "KDHartreeFock": {
        "V1_0": 61.5918,
        "V1_asymm": 17.871,
        "V1_A": 0.0239839,
        "V2_0_n": 0.00694787,
        "V2_A_n": -6.53475e-06,
        "V3_0_n": 2.49713e-05,
        "V3_A_n": -1.82796e-08,
        "V2_0_p": 0.00676119,
        "V2_A_p": 1.41928e-05,
        "V3_0_p": 2.20757e-05,
        "V3_A_p": 9.86813e-08,
        "V4_0": 4.07606e-08,
        "r_0": 1.28906,
        "r_A": 0.513087,
        "a_0": 0.686775,
        "a_A": -0.000199867
    },
    "KDCoulomb": {
        "r_C_0": 1.20881,
        "r_C_A": 0.71979,
        "r_C_A2": 33.2513
    },
    "KDRealSpinOrbit": {
        "V1_0": 6.94736,
        "V1_A": -0.00760461,
        "V2_0": 0.00508732,
        "r_0": 1.19076,
        "r_A": 0.661313,
        "a_0": 0.605058
    },
    "KDImagSpinOrbit": {
        "W1_0": -3.39524,
        "W2_0": 242.911
    },
    "KDImagVolume": {
        "W1_0_n": 22.2483,
        "W1_A_n": 0.00189659,
        "W1_0_p": 28.4125,
        "W1_A_p": -0.0107276,
        "W2_0": 132.675,
        "W2_A": -0.0502518
    },
    "KDImagSurface": {
        "D1_0": 16.5418,
        "D1_asymm": 4.96831,
        "D2_0": 0.0125589,
        "D2_A": 0.00864324,
        "D2_A2": -10.9235,
        "D2_A3": -19.5428,
        "D3_0": 16.0845,
        "r_0": 1.3141,
        "r_A": 0.00371757,
        "a_0_n": 0.543858,
        "a_A_n": -0.000227132,
        "a_0_p": 0.426901,
        "a_A_p": 0.00200935
    }
}