{
    "ECS_p": 0.311923,
    "ECS_n": 0.320201,
    "APower_p": 0.673113,
    "APower_n": 0.783118,
    "RCS_p": 0.0231628,
    "TCS_n": 0.0536929
}