{
    "KDHartreeFock": {
        "V1_0": 58.577,
        "V1_asymm": 12.4194,
        "V1_A": 0.0450161,
        "V2_0_n": 0.00533431,
        "V2_A_n": 1.22222e-05,
        "V3_0_n": -1.10377e-06,
        "V3_A_n": 7.51275e-08,
        "V2_0_p": 0.00486877,
        "V2_A_p": 9.4728e-06,
        "V3_0_p": -3.62802e-06,
        "V3_A_p": 6.42178e-08,
        "V4_0": -4.75062e-08,
        "r_0": 1.28878,
        "r_A": 0.411808,
        "a_0": 0.676915,
        "a_A": -0.0001517
    },
    "KDCoulomb": {
        "r_C_0": 1.1685,
        "r_C_A": 0.62925,
        "r_C_A2": 24.1929
    },
    "KDRealSpinOrbit": {
        "V1_0": 8.07843,
        "V1_A": -0.0217685,
        "V2_0": 0.00657412,
        "r_0": 1.2129,
        "r_A": 0.43983,
        "a_0": 0.595846
    },
    "KDImagSpinOrbit": {
        "W1_0": -5.13069,
        "W2_0": 295.691
    },
    "KDImagVolume": {
        "W1_0_n": 22.0562,
        "W1_A_n": 0.015418,
        "W1_0_p": 27.5276,
        "W1_A_p": -0.0406807,
        "W2_0": 134.199,
        "W2_A": 0.0186237
    },
    "KDImagSurface": {
        "D1_0": 12.595,
        "D1_asymm": -0.874695,
        "D2_0": 0.030074,
        "D2_A": -0.0112024,
        "D2_A2": 18.5792,
        "D2_A3": 338.076,
        "D3_0": 9.80131,
        "r_0": 1.21368,
        "r_A": -0.0126372,
        "a_0_n": 0.557145,
        "a_A_n": 0.000143592,
        "a_0_p": 0.510016,
        "a_A_p": 0.00166582
    }
}