{
    "ECS_p": 0.219457,
    "ECS_n": 0.241264,
    "APower_p": 0.499372,
    "APower_n": 0.157051,
    "RCS_p": 0.00446506,
    "TCS_n": 0.029516
}