{
    "KDHartreeFock": {
        "V1_0": 60.8617,
        "V1_asymm": 15.6742,
        "V1_A": 0.039692,
        "V2_0_n": 0.00618489,
        "V2_A_n": 1.07525e-05,
        "V3_0_n": 4.72267e-06,
        "V3_A_n": 5.33415e-08,
        "V2_0_p": 0.00555756,
        "V2_A_p": 1.40422e-06,
        "V3_0_p": 2.04278e-07,
        "V3_A_p": 3.58542e-08,
        "V4_0": -3.01829e-08,
        "r_0": 1.2796,
        "r_A": 0.459989,
        "a_0": 0.695909,
        "a_A": -5.48289e-05
    },
    "KDCoulomb": {
        "r_C_0": 1.14497,
        "r_C_A": 0.685019,
        "r_C_A2": 2.47358
    },
    "KDRealSpinOrbit": {
        "V1_0": 6.14858,
        "V1_A": 0.000950802,
        "V2_0": 0.00536463,
        "r_0": 1.13849,
        "r_A": 0.353293,
        "a_0": 0.601885
    },
    "KDImagSpinOrbit": {
        "W1_0": -1.40479,
        "W2_0": 180.625
    },
    "KDImagVolume": {
        "W1_0_n": 19.9812,
        "W1_A_n": 0.0405,
        "W1_0_p": 19.4275,
        "W1_A_p": 0.0474449,
        "W2_0": 105.536,
        "W2_A": 0.259928
    },
    "KDImagSurface": {
        "D1_0": 16.0194,
        "D1_asymm": 24.4566,
        "D2_0": -0.0350789,
        "D2_A": 0.0564711,
        "D2_A2": 9.2592,
        "D2_A3": 433.618,
        "D3_0": 13.3453,
        "r_0": 1.41397,
        "r_A": 0.0311108,
        "a_0_n": 0.583409,
        "a_A_n": -0.000897062,
        "a_0_p": 0.474945,
        "a_A_p": 0.00166738
    }
}