{
    "ECS_p": 0.274748,
    "ECS_n": 0.186561,
    "APower_p": 0.434516,
    "APower_n": 0.2652,
    "RCS_p": 0.00185066,
    "TCS_n": 0.0245148
}