{
    "KDHartreeFock": {
        "V1_0": 59.5487,
        "V1_asymm": 11.1638,
        "V1_A": 0.0323115,
        "V2_0_n": 0.00696564,
        "V2_A_n": 1.35981e-06,
        "V3_0_n": 2.02474e-05,
        "V3_A_n": 1.45918e-08,
        "V2_0_p": 0.00479955,
        "V2_A_p": 1.69522e-05,
        "V3_0_p": 9.20928e-06,
        "V3_A_p": 7.06323e-08,
        "V4_0": 2.31665e-08,
        "r_0": 1.31676,
        "r_A": 0.561131,
        "a_0": 0.672665,
        "a_A": 2.05067e-05
    },
    "KDCoulomb": {
        "r_C_0": 1.03998,
        "r_C_A": 0.359996,
        "r_C_A2": 21.9722
    },
    "KDRealSpinOrbit": {
        "V1_0": 3.95716,
        "V1_A": 0.0127624,
        "V2_0": 0.00149041,
        "r_0": 1.28297,
        "r_A": 1.20722,
        "a_0": 0.716822
    },
    "KDImagSpinOrbit": {
        "W1_0": -2.75292,
        "W2_0": 122.102
    },
    "KDImagVolume": {
        "W1_0_n": 20.1364,
        "W1_A_n": 0.00883402,
        "W1_0_p": 15.7521,
        "W1_A_p": 0.0828759,
        "W2_0": 80.565,
        "W2_A": 0.354205
    },
    "KDImagSurface": {
        "D1_0": 19.9468,
        "D1_asymm": 11.0947,
        "D2_0": 0.041576,
        "D2_A": -0.0157278,
        "D2_A2": 2.1478,
        "D2_A3": 386.525,
        "D3_0": 18.4077,
        "r_0": 1.34095,
        "r_A": 0.0225647,
        "a_0_n": 0.612023,
        "a_A_n": -0.000146379,
        "a_0_p": 0.415729,
        "a_A_p": 0.00282334
    }
}