{
    "ECS_p": 0.262449,
    "ECS_n": 0.231629,
    "APower_p": 0.381597,
    "APower_n": 0.159767,
    "RCS_p": 0.00966067,
    "TCS_n": 0.0408133
}