{
    "KDHartreeFock": {
        "V1_0": 59.4817,
        "V1_asymm": 18.22,
        "V1_A": 0.0254751,
        "V2_0_n": 0.00695755,
        "V2_A_n": -1.04739e-06,
        "V3_0_n": 1.82126e-05,
        "V3_A_n": -8.19988e-09,
        "V2_0_p": 0.00712559,
        "V2_A_p": 7.78308e-06,
        "V3_0_p": 1.86511e-05,
        "V3_A_p": 4.76669e-08,
        "V4_0": 9.20208e-09,
        "r_0": 1.28994,
        "r_A": 0.423677,
        "a_0": 0.705659,
        "a_A": 0.000146954
    },
    "KDCoulomb": {
        "r_C_0": 1.31792,
        "r_C_A": 0.197803,
        "r_C_A2": 22.1982
    },
    "KDRealSpinOrbit": {
        "V1_0": 7.3465,
        "V1_A": -0.00834086,
        "V2_0": 0.00463765,
        "r_0": 1.21849,
        "r_A": 0.740753,
        "a_0": 0.575414
    },
    "KDImagSpinOrbit": {
        "W1_0": -1.28645,
        "W2_0": 100.46
    },
    "KDImagVolume": {
        "W1_0_n": 16.2419,
        "W1_A_n": -0.0579695,
        "W1_0_p": 15.3322,
        "W1_A_p": 0.020091,
        "W2_0": 90.2911,
        "W2_A": -0.134744
    },
    "KDImagSurface": {
        "D1_0": 14.9232,
        "D1_asymm": -1.44736,
        "D2_0": -0.0408414,
        "D2_A": 0.0626057,
        "D2_A2": -1.33311,
        "D2_A3": -48.6139,
        "D3_0": 15.4942,
        "r_0": 1.40017,
        "r_A": 0.0460571,
        "a_0_n": 0.570869,
        "a_A_n": -0.000741961,
        "a_0_p": 0.526734,
        "a_A_p": 0.00198431
    }
}