{
    "ECS_p": 0.447462,
    "ECS_n": 0.274188,
    "APower_p": 0.657944,
    "APower_n": 0.857066,
    "RCS_p": 0.0131231,
    "TCS_n": 0.0349597
}