{
    "KDHartreeFock": {
        "V1_0": 60.3159,
        "V1_asymm": 2.40507,
        "V1_A": 0.0361869,
        "V2_0_n": 0.00724305,
        "V2_A_n": -4.24833e-06,
        "V3_0_n": 2.35405e-05,
        "V3_A_n": -3.73644e-09,
        "V2_0_p": 0.00669425,
        "V2_A_p": 2.09282e-06,
        "V3_0_p": 2.11537e-05,
        "V3_A_p": -1.38262e-08,
        "V4_0": 3.22419e-08,
        "r_0": 1.30376,
        "r_A": 0.507651,
        "a_0": 0.699103,
        "a_A": 0.00021664
    },
    "KDCoulomb": {
        "r_C_0": 1.01919,
        "r_C_A": 0.594129,
        "r_C_A2": 29.0304
    },
    "KDRealSpinOrbit": {
        "V1_0": 3.81245,
        "V1_A": 0.0290966,
        "V2_0": 0.00303925,
        "r_0": 1.21251,
        "r_A": 0.696323,
        "a_0": 0.620309
    },
    "KDImagSpinOrbit": {
        "W1_0": -1.43162,
        "W2_0": 283.399
    },
    "KDImagVolume": {
        "W1_0_n": 20.9255,
        "W1_A_n": 0.0108472,
        "W1_0_p": 17.2194,
        "W1_A_p": 0.0263914,
        "W2_0": 103.829,
        "W2_A": 0.0385039
    },
    "KDImagSurface": {
        "D1_0": 16.31,
        "D1_asymm": -3.81671,
        "D2_0": -0.0346842,
        "D2_A": 0.0586365,
        "D2_A2": 2.78019,
        "D2_A3": 273.448,
        "D3_0": 16.5605,
        "r_0": 1.26298,
        "r_A": -0.00593251,
        "a_0_n": 0.569933,
        "a_A_n": -0.000121847,
        "a_0_p": 0.546124,
        "a_A_p": 0.00084811
    }
}