{
    "ECS_p": 0.319806,
    "ECS_n": 0.196121,
    "APower_p": 0.272679,
    "APower_n": 0.268297,
    "RCS_p": 0.0132284,
    "TCS_n": 0.0256425
}