{
    "KDHartreeFock": {
        "V1_0": 60.9679,
        "V1_asymm": 1.81737,
        "V1_A": 0.0388163,
        "V2_0_n": 0.00725106,
        "V2_A_n": 2.16316e-06,
        "V3_0_n": 2.15703e-05,
        "V3_A_n": 2.43658e-08,
        "V2_0_p": 0.00714093,
        "V2_A_p": -3.08131e-06,
        "V3_0_p": 1.46464e-05,
        "V3_A_p": 2.15782e-08,
        "V4_0": 1.09023e-08,
        "r_0": 1.2512,
        "r_A": 0.374507,
        "a_0": 0.697841,
        "a_A": -0.000330495
    },
    "KDCoulomb": {
        "r_C_0": 1.37294,
        "r_C_A": 0.502253,
        "r_C_A2": 15.1235
    },
    "KDRealSpinOrbit": {
        "V1_0": 5.99923,
        "V1_A": 0.00165969,
        "V2_0": 0.00793554,
        "r_0": 1.22682,
        "r_A": 0.672037,
        "a_0": 0.555013
    },
    "KDImagSpinOrbit": {
        "W1_0": -1.8838,
        "W2_0": 119.604
    },
    "KDImagVolume": {
        "W1_0_n": 15.0329,
        "W1_A_n": 0.0438672,
        "W1_0_p": 16.2529,
        "W1_A_p": 0.0503158,
        "W2_0": 96.8982,
        "W2_A": 0.0672161
    },
    "KDImagSurface": {
        "D1_0": 20.501,
        "D1_asymm": 32.7573,
        "D2_0": 0.0294785,
        "D2_A": -0.0130694,
        "D2_A2": 21.2192,
        "D2_A3": -144.731,
        "D3_0": 16.6138,
        "r_0": 1.40194,
        "r_A": 0.0240143,
        "a_0_n": 0.4884,
        "a_A_n": -0.00144132,
        "a_0_p": 0.497222,
        "a_A_p": 0.00109009
    }
}