{
    "ECS_p": 0.339709,
    "ECS_n": 0.261669,
    "APower_p": 0.344006,
    "APower_n": 0.177553,
    "RCS_p": 0.0105514,
    "TCS_n": 0.0283706
}