{
    "KDHartreeFock": {
        "V1_0": 58.4127,
        "V1_asymm": 15.6507,
        "V1_A": 0.0236782,
        "V2_0_n": 0.00669228,
        "V2_A_n": 1.01732e-05,
        "V3_0_n": 7.37409e-06,
        "V3_A_n": 5.15503e-08,
        "V2_0_p": 0.00578844,
        "V2_A_p": 8.50374e-06,
        "V3_0_p": 2.28819e-06,
        "V3_A_p": 6.0946e-08,
        "V4_0": -2.45528e-08,
        "r_0": 1.28116,
        "r_A": 0.406758,
        "a_0": 0.690403,
        "a_A": 8.20872e-05
    },
    "KDCoulomb": {
        "r_C_0": 1.22328,
        "r_C_A": 0.941957,
        "r_C_A2": -17.5211
    },
    "KDRealSpinOrbit": {
        "V1_0": 6.94791,
        "V1_A": 0.00302948,
        "V2_0": 0.00452225,
        "r_0": 1.28106,
        "r_A": 0.9188,
        "a_0": 0.653553
    },
    "KDImagSpinOrbit": {
        "W1_0": -1.46573,
        "W2_0": 89.0763
    },
    "KDImagVolume": {
        "W1_0_n": 18.2678,
        "W1_A_n": 0.0280753,
        "W1_0_p": 16.5563,
        "W1_A_p": -0.00645325,
        "W2_0": 84.936,
        "W2_A": 0.167198
    },
    "KDImagSurface": {
        "D1_0": 11.9831,
        "D1_asymm": 5.16967,
        "D2_0": 0.0161237,
        "D2_A": 0.00975671,
        "D2_A2": 4.08865,
        "D2_A3": -23.5353,
        "D3_0": 12.7495,
        "r_0": 1.424,
        "r_A": 0.0363693,
        "a_0_n": 0.528758,
        "a_A_n": -0.000848586,
        "a_0_p": 0.496386,
        "a_A_p": 0.00213552
    }
}