{
    "ECS_p": 0.288077,
    "ECS_n": 0.227331,
    "APower_p": 0.341921,
    "APower_n": 0.152118,
    "RCS_p": 0.00962356,
    "TCS_n": 0.0221884
}