{
    "KDHartreeFock": {
        "V1_0": 57.2483,
        "V1_asymm": 12.685,
        "V1_A": 0.0270759,
        "V2_0_n": 0.00582731,
        "V2_A_n": 8.01558e-06,
        "V3_0_n": 3.41568e-06,
        "V3_A_n": 5.59761e-08,
        "V2_0_p": 0.00460483,
        "V2_A_p": 1.34006e-05,
        "V3_0_p": -1.66537e-06,
        "V3_A_p": 4.84972e-08,
        "V4_0": -3.68563e-08,
        "r_0": 1.33169,
        "r_A": 0.58274,
        "a_0": 0.712999,
        "a_A": 0.000583387
    },
    "KDCoulomb": {
        "r_C_0": 1.12795,
        "r_C_A": 1.82584,
        "r_C_A2": 2.0815
    },
    "KDRealSpinOrbit": {
        "V1_0": 5.93328,
        "V1_A": 0.00108447,
        "V2_0": 0.00455939,
        "r_0": 1.2191,
        "r_A": 0.731872,
        "a_0": 0.58413
    },
    "KDImagSpinOrbit": {
        "W1_0": -4.13654,
        "W2_0": 291.72
    },
    "KDImagVolume": {
        "W1_0_n": 14.7558,
        "W1_A_n": 0.0527113,
        "W1_0_p": 21.3169,
        "W1_A_p": 0.0171485,
        "W2_0": 92.6941,
        "W2_A": 0.35443
    },
    "KDImagSurface": {
        "D1_0": 15.8924,
        "D1_asymm": 4.3883,
        "D2_0": 0.0261184,
        "D2_A": -0.00595216,
        "D2_A2": -1.50688,
        "D2_A3": -11.486,
        "D3_0": 15.8705,
        "r_0": 1.41662,
        "r_A": 0.0395378,
        "a_0_n": 0.566898,
        "a_A_n": -0.000429518,
        "a_0_p": 0.484862,
        "a_A_p": 0.0022639
    }
}