{
    "ECS_p": 0.543906,
    "ECS_n": 0.277491,
    "APower_p": 0.882968,
    "APower_n": 0.52694,
    "RCS_p": 0.0395205,
    "TCS_n": 0.0536246
}