{
    "KDHartreeFock": {
        "V1_0": 58.6088,
        "V1_asymm": 18.7421,
        "V1_A": 0.0316011,
        "V2_0_n": 0.00675111,
        "V2_A_n": 6.44058e-06,
        "V3_0_n": 9.1774e-06,
        "V3_A_n": 4.69613e-08,
        "V2_0_p": 0.00626352,
        "V2_A_p": 9.24884e-06,
        "V3_0_p": 7.48392e-06,
        "V3_A_p": 5.84233e-08,
        "V4_0": -1.02923e-08,
        "r_0": 1.26942,
        "r_A": 0.248693,
        "a_0": 0.642388,
        "a_A": -0.000458282
    },
    "KDCoulomb": {
        "r_C_0": 1.31692,
        "r_C_A": 1.64602,
        "r_C_A2": 6.16375
    },
    "KDRealSpinOrbit": {
        "V1_0": 2.46036,
        "V1_A": 0.0126942,
        "V2_0": 0.00215807,
        "r_0": 1.22166,
        "r_A": 0.628097,
        "a_0": 0.586855
    },
    "KDImagSpinOrbit": {
        "W1_0": -4.55625,
        "W2_0": 212.225
    },
    "KDImagVolume": {
        "W1_0_n": 17.2092,
        "W1_A_n": 0.0281207,
        "W1_0_p": 17.6609,
        "W1_A_p": -0.0168998,
        "W2_0": 70.0758,
        "W2_A": -0.116363
    },
    "KDImagSurface": {
        "D1_0": 25.5208,
        "D1_asymm": 16.2328,
        "D2_0": 0.0352908,
        "D2_A": 0.00885633,
        "D2_A2": -3.30064,
        "D2_A3": 245.637,
        "D3_0": 16.8891,
        "r_0": 1.24761,
        "r_A": -0.011164,
        "a_0_n": 0.511703,
        "a_A_n": 0.000411602,
        "a_0_p": 0.463185,
        "a_A_p": 0.000195313
    }
}