{
    "ECS_p": 0.226533,
    "ECS_n": 0.272781,
    "APower_p": 0.419951,
    "APower_n": 0.172794,
    "RCS_p": 0.0102254,
    "TCS_n": 0.0301896
}