{
    "KDHartreeFock": {
        "V1_0": 61.1259,
        "V1_asymm": 10.573,
        "V1_A": 0.0370661,
        "V2_0_n": 0.00674114,
        "V2_A_n": -1.64976e-06,
        "V3_0_n": 1.8394e-05,
        "V3_A_n": -9.25965e-09,
        "V2_0_p": 0.00524069,
        "V2_A_p": 7.94949e-06,
        "V3_0_p": 9.98224e-06,
        "V3_A_p": 6.13287e-08,
        "V4_0": 1.48368e-08,
        "r_0": 1.27293,
        "r_A": 0.475957,
        "a_0": 0.699632,
        "a_A": -0.000293841
    },
    "KDCoulomb": {
        "r_C_0": 1.03406,
        "r_C_A": 1.37066,
        "r_C_A2": 8.84087
    },
    "KDRealSpinOrbit": {
        "V1_0": 7.28598,
        "V1_A": -0.00594069,
        "V2_0": 0.00912526,
        "r_0": 1.21256,
        "r_A": 0.783799,
        "a_0": 0.575437
    },
    "KDImagSpinOrbit": {
        "W1_0": -5.41587,
        "W2_0": 224.676
    },
    "KDImagVolume": {
        "W1_0_n": 23.3057,
        "W1_A_n": -0.0224841,
        "W1_0_p": 22.1268,
        "W1_A_p": 0.0012845,
        "W2_0": 112.209,
        "W2_A": 0.195504
    },
    "KDImagSurface": {
        "D1_0": 14.4977,
        "D1_asymm": 5.92395,
        "D2_0": 0.0222392,
        "D2_A": -0.00307037,
        "D2_A2": -2.31196,
        "D2_A3": -4.48595,
        "D3_0": 12.7957,
        "r_0": 1.33206,
        "r_A": 0.0182367,
        "a_0_n": 0.546098,
        "a_A_n": -0.000453887,
        "a_0_p": 0.522308,
        "a_A_p": 0.00134702
    }
}