{
    "ECS_p": 0.480076,
    "ECS_n": 0.551857,
    "APower_p": 0.650095,
    "APower_n": 0.614705,
    "RCS_p": 0.00804514,
    "TCS_n": 0.0311851
}