{
    "KDHartreeFock": {
        "V1_0": 56.7723,
        "V1_asymm": 19.2806,
        "V1_A": 0.0231652,
        "V2_0_n": 0.00600823,
        "V2_A_n": -9.50473e-07,
        "V3_0_n": 7.46377e-06,
        "V3_A_n": -3.54097e-09,
        "V2_0_p": 0.00763026,
        "V2_A_p": 1.61186e-06,
        "V3_0_p": 1.80157e-05,
        "V3_A_p": -3.11784e-09,
        "V4_0": -1.22472e-08,
        "r_0": 1.24265,
        "r_A": 0.128104,
        "a_0": 0.643035,
        "a_A": -0.00044952
    },
    "KDCoulomb": {
        "r_C_0": 1.41217,
        "r_C_A": 0.0764538,
        "r_C_A2": 32.4799
    },
    "KDRealSpinOrbit": {
        "V1_0": 3.91018,
        "V1_A": -0.00185194,
        "V2_0": 0.00402795,
        "r_0": 1.28255,
        "r_A": 0.834214,
        "a_0": 0.527247
    },
    "KDImagSpinOrbit": {
        "W1_0": -6.06925,
        "W2_0": 328.5
    },
    "KDImagVolume": {
        "W1_0_n": 18.5875,
        "W1_A_n": 0.0245237,
        "W1_0_p": 11.6027,
        "W1_A_p": 0.0661505,
        "W2_0": 76.0517,
        "W2_A": 0.329752
    },
    "KDImagSurface": {
        "D1_0": 24.6201,
        "D1_asymm": -11.2312,
        "D2_0": 0.0399899,
        "D2_A": -0.00949796,
        "D2_A2": -5.13746,
        "D2_A3": 13.5452,
        "D3_0": 17.4053,
        "r_0": 1.24051,
        "r_A": 0.00631634,
        "a_0_n": 0.528873,
        "a_A_n": -0.000161189,
        "a_0_p": 0.49002,
        "a_A_p": 0.00190278
    }
}