{
    "ECS_p": 0.295418,
    "ECS_n": 0.189659,
    "APower_p": 0.395193,
    "APower_n": 0.312105,
    "RCS_p": 0.0207062,
    "TCS_n": 0.0301707
}