{
    "KDHartreeFock": {
        "V1_0": 63.9333,
        "V1_asymm": 21.5236,
        "V1_A": 0.035726,
        "V2_0_n": 0.00817397,
        "V2_A_n": 7.81396e-06,
        "V3_0_n": 3.18496e-05,
        "V3_A_n": 4.85968e-08,
        "V2_0_p": 0.00784706,
        "V2_A_p": 3.46469e-08,
        "V3_0_p": 2.86349e-05,
        "V3_A_p": 3.88368e-08,
        "V4_0": 3.56001e-08,
        "r_0": 1.28451,
        "r_A": 0.609221,
        "a_0": 0.69808,
        "a_A": 0.000218233
    },
    "KDCoulomb": {
        "r_C_0": 1.02333,
        "r_C_A": 2.05578,
        "r_C_A2": 29.2769
    },
    "KDRealSpinOrbit": {
        "V1_0": 7.25118,
        "V1_A": 0.00250456,
        "V2_0": 0.0113194,
        "r_0": 1.1337,
        "r_A": 0.576373,
        "a_0": 0.59778
    },
    "KDImagSpinOrbit": {
        "W1_0": -1.20038,
        "W2_0": 48.7717
    },
    "KDImagVolume": {
        "W1_0_n": 25.5244,
        "W1_A_n": 0.0184401,
        "W1_0_p": 34.6363,
        "W1_A_p": 0.0440394,
        "W2_0": 198.476,
        "W2_A": -0.0264321
    },
    "KDImagSurface": {
        "D1_0": 14.8521,
        "D1_asymm": 21.2744,
        "D2_0": -0.0199766,
        "D2_A": 0.0366081,
        "D2_A2": 1.98239,
        "D2_A3": 328.274,
        "D3_0": 15.7035,
        "r_0": 1.41977,
        "r_A": 0.0342561,
        "a_0_n": 0.558666,
        "a_A_n": -0.00120775,
        "a_0_p": 0.537114,
        "a_A_p": 0.00160972
    }
}