{
    "ECS_p": 0.331797,
    "ECS_n": 0.210283,
    "APower_p": 0.365877,
    "APower_n": 0.351872,
    "RCS_p": 0.0221924,
    "TCS_n": 0.0213248
}