{
    "KDHartreeFock": {
        "V1_0": 55.7981,
        "V1_asymm": 10.2027,
        "V1_A": 0.0157207,
        "V2_0_n": 0.0066692,
        "V2_A_n": 3.05368e-07,
        "V3_0_n": 1.8294e-05,
        "V3_A_n": 3.60493e-08,
        "V2_0_p": 0.00611616,
        "V2_A_p": 8.74257e-06,
        "V3_0_p": 6.74984e-06,
        "V3_A_p": 6.38945e-08,
        "V4_0": 1.24671e-08,
        "r_0": 1.30506,
        "r_A": 0.427228,
        "a_0": 0.686948,
        "a_A": 0.000216666
    },
    "KDCoulomb": {
        "r_C_0": 1.28904,
        "r_C_A": 0.281227,
        "r_C_A2": 43.9535
    },
    "KDRealSpinOrbit": {
        "V1_0": 6.18018,
        "V1_A": -0.00465404,
        "V2_0": 0.000505968,
        "r_0": 1.33094,
        "r_A": 1.34132,
        "a_0": 0.64575
    },
    "KDImagSpinOrbit": {
        "W1_0": -3.59825,
        "W2_0": 181.938
    },
    "KDImagVolume": {
        "W1_0_n": 15.2111,
        "W1_A_n": 0.0294054,
        "W1_0_p": 25.9991,
        "W1_A_p": 0.019864,
        "W2_0": 125.961,
        "W2_A": -0.0896788
    },
    "KDImagSurface": {
        "D1_0": 15.9006,
        "D1_asymm": -5.03505,
        "D2_0": 0.00105315,
        "D2_A": 0.0235867,
        "D2_A2": 8.22492,
        "D2_A3": 284.634,
        "D3_0": 13.5478,
        "r_0": 1.27224,
        "r_A": 0.00416959,
        "a_0_n": 0.579683,
        "a_A_n": 0.000488358,
        "a_0_p": 0.521311,
        "a_A_p": 0.00222347
    }
}