{
    "ECS_p": 0.471923,
    "ECS_n": 0.306472,
    "APower_p": 0.720251,
    "APower_n": 0.813711,
    "RCS_p": 0.0396938,
    "TCS_n": 0.0299649
}