{
    "KDHartreeFock": {
        "V1_0": 60.6787,
        "V1_asymm": 16.387,
        "V1_A": 0.0408192,
        "V2_0_n": 0.00591625,
        "V2_A_n": 3.1519e-06,
        "V3_0_n": 3.41731e-06,
        "V3_A_n": 2.16132e-08,
        "V2_0_p": 0.00469452,
        "V2_A_p": 1.47575e-05,
        "V3_0_p": -3.6152e-06,
        "V3_A_p": 7.8489e-08,
        "V4_0": -2.02246e-08,
        "r_0": 1.31174,
        "r_A": 0.578604,
        "a_0": 0.725768,
        "a_A": 3.94527e-06
    },
    "KDCoulomb": {
        "r_C_0": 1.20565,
        "r_C_A": 1.55191,
        "r_C_A2": 2.58468
    },
    "KDRealSpinOrbit": {
        "V1_0": 2.06371,
        "V1_A": 0.0393497,
        "V2_0": 0.00274133,
        "r_0": 1.2296,
        "r_A": 0.787339,
        "a_0": 0.591524
    },
    "KDImagSpinOrbit": {
        "W1_0": -1.50311,
        "W2_0": 95.3407
    },
    "KDImagVolume": {
        "W1_0_n": 23.2124,
        "W1_A_n": -0.0316092,
        "W1_0_p": 18.7473,
        "W1_A_p": 0.00552898,
        "W2_0": 103.416,
        "W2_A": -0.0856799
    },
    "KDImagSurface": {
        "D1_0": 26.061,
        "D1_asymm": 26.7135,
        "D2_0": 0.0299738,
        "D2_A": -0.00444281,
        "D2_A2": 13.6224,
        "D2_A3": 305.21,
        "D3_0": 19.4319,
        "r_0": 1.29692,
        "r_A": 0.0116377,
        "a_0_n": 0.574255,
        "a_A_n": -0.000582526,
        "a_0_p": 0.414494,
        "a_A_p": 0.00120469
    }
}