{
    "ECS_p": 0.501539,
    "ECS_n": 0.396656,
    "APower_p": 0.85108,
    "APower_n": 0.598406,
    "RCS_p": 0.0284008,
    "TCS_n": 0.0452926
}