{
    "KDHartreeFock": {
        "V1_0": 57.5452,
        "V1_asymm": 11.4282,
        "V1_A": 0.029608,
        "V2_0_n": 0.00611544,
        "V2_A_n": 2.6197e-06,
        "V3_0_n": 1.19375e-05,
        "V3_A_n": 3.84463e-08,
        "V2_0_p": 0.00952675,
        "V2_A_p": -1.73908e-05,
        "V3_0_p": 2.88175e-05,
        "V3_A_p": -6.00995e-08,
        "V4_0": -6.87564e-09,
        "r_0": 1.26089,
        "r_A": 0.231202,
        "a_0": 0.613236,
        "a_A": -0.000488866
    },
    "KDCoulomb": {
        "r_C_0": 1.19861,
        "r_C_A": 0.677548,
        "r_C_A2": -1.07638
    },
    "KDRealSpinOrbit": {
        "V1_0": 5.76338,
        "V1_A": -0.00832045,
        "V2_0": 0.00529091,
        "r_0": 1.18736,
        "r_A": 0.69469,
        "a_0": 0.567798
    },
    "KDImagSpinOrbit": {
        "W1_0": -1.87995,
        "W2_0": 74.4299
    },
    "KDImagVolume": {
        "W1_0_n": 15.4616,
        "W1_A_n": 0.102914,
        "W1_0_p": 23.0571,
        "W1_A_p": 0.0378066,
        "W2_0": 141.437,
        "W2_A": 0.394693
    },
    "KDImagSurface": {
        "D1_0": 16.6387,
        "D1_asymm": 31.0688,
        "D2_0": -0.034039,
        "D2_A": 0.0589231,
        "D2_A2": 8.18054,
        "D2_A3": 275.809,
        "D3_0": 11.898,
        "r_0": 1.30205,
        "r_A": -0.0027773,
        "a_0_n": 0.596552,
        "a_A_n": 3.24314e-05,
        "a_0_p": 0.520751,
        "a_A_p": 0.000702895
    }
}