{
    "ECS_p": 0.261586,
    "ECS_n": 0.21611,
    "APower_p": 0.378371,
    "APower_n": 0.152479,
    "RCS_p": 0.0137814,
    "TCS_n": 0.0218748
}