{
    "KDHartreeFock": {
        "V1_0": 59.8778,
        "V1_asymm": 6.30962,
        "V1_A": 0.0366743,
        "V2_0_n": 0.00659731,
        "V2_A_n": -1.92413e-06,
        "V3_0_n": 1.56451e-05,
        "V3_A_n": -1.67595e-08,
        "V2_0_p": 0.00597155,
        "V2_A_p": 1.01745e-05,
        "V3_0_p": 1.14803e-05,
        "V3_A_p": 6.83396e-08,
        "V4_0": 2.29196e-08,
        "r_0": 1.28397,
        "r_A": 0.433739,
        "a_0": 0.71087,
        "a_A": 0.000100629
    },
    "KDCoulomb": {
        "r_C_0": 1.12271,
        "r_C_A": 0.674366,
        "r_C_A2": 37.9739
    },
    "KDRealSpinOrbit": {
        "V1_0": 5.12112,
        "V1_A": 0.0042806,
        "V2_0": 0.00435432,
        "r_0": 1.20538,
        "r_A": 0.640459,
        "a_0": 0.594351
    },
    "KDImagSpinOrbit": {
        "W1_0": -6.18357,
        "W2_0": 261.013
    },
    "KDImagVolume": {
        "W1_0_n": 21.6327,
        "W1_A_n": 0.0202798,
        "W1_0_p": 21.5966,
        "W1_A_p": 0.034937,
        "W2_0": 100.404,
        "W2_A": 0.221506
    },
    "KDImagSurface": {
        "D1_0": 19.9734,
        "D1_asymm": 19.7877,
        "D2_0": 0.0221099,
        "D2_A": 0.00402893,
        "D2_A2": 2.00614,
        "D2_A3": 322.152,
        "D3_0": 14.7438,
        "r_0": 1.40676,
        "r_A": 0.0277129,
        "a_0_n": 0.479248,
        "a_A_n": -0.000712192,
        "a_0_p": 0.462349,
        "a_A_p": 0.00149358
    }
}