{
    "ECS_p": 0.210205,
    "ECS_n": 0.324078,
    "APower_p": 0.819773,
    "APower_n": 0.63982,
    "RCS_p": 0.0314622,
    "TCS_n": 0.0469032
}