{
    "KDHartreeFock": {
        "V1_0": 59.3568,
        "V1_asymm": 9.0197,
        "V1_A": 0.0224705,
        "V2_0_n": 0.00792594,
        "V2_A_n": -6.64815e-06,
        "V3_0_n": 3.1573e-05,
        "V3_A_n": -2.04303e-08,
        "V2_0_p": 0.00795213,
        "V2_A_p": 7.7737e-06,
        "V3_0_p": 3.33598e-05,
        "V3_A_p": 5.96806e-08,
        "V4_0": 5.64751e-08,
        "r_0": 1.27841,
        "r_A": 0.318009,
        "a_0": 0.624718,
        "a_A": -0.000391119
    },
    "KDCoulomb": {
        "r_C_0": 1.19656,
        "r_C_A": 0.828353,
        "r_C_A2": 25.1623
    },
    "KDRealSpinOrbit": {
        "V1_0": 4.07286,
        "V1_A": 0.00470646,
        "V2_0": 0.00883386,
        "r_0": 1.24107,
        "r_A": 0.663275,
        "a_0": 0.567536
    },
    "KDImagSpinOrbit": {
        "W1_0": -1.75792,
        "W2_0": 194.048
    },
    "KDImagVolume": {
        "W1_0_n": 22.259,
        "W1_A_n": 0.0218902,
        "W1_0_p": 18.0305,
        "W1_A_p": 0.038642,
        "W2_0": 105.635,
        "W2_A": 0.196849
    },
    "KDImagSurface": {
        "D1_0": 31.4626,
        "D1_asymm": 12.7336,
        "D2_0": 0.00517279,
        "D2_A": 0.0288991,
        "D2_A2": 12.7702,
        "D2_A3": 275.504,
        "D3_0": 22.3463,
        "r_0": 1.22475,
        "r_A": -0.00750239,
        "a_0_n": 0.57681,
        "a_A_n": 0.000447424,
        "a_0_p": 0.490816,
        "a_A_p": 0.00171644
    }
}