{
    "ECS_p": 0.257479,
    "ECS_n": 0.241097,
    "APower_p": 0.52325,
    "APower_n": 0.264343,
    "RCS_p": 0.020426,
    "TCS_n": 0.0268342
}