{
    "KDHartreeFock": {
        "V1_0": 58.7223,
        "V1_asymm": 9.55963,
        "V1_A": 0.0309504,
        "V2_0_n": 0.00572599,
        "V2_A_n": 2.42965e-06,
        "V3_0_n": 3.7916e-06,
        "V3_A_n": 1.88791e-08,
        "V2_0_p": 0.00585188,
        "V2_A_p": 3.07779e-07,
        "V3_0_p": 2.95226e-06,
        "V3_A_p": -1.10242e-08,
        "V4_0": -2.97556e-08,
        "r_0": 1.27918,
        "r_A": 0.407828,
        "a_0": 0.616063,
        "a_A": -0.000499717
    },
    "KDCoulomb": {
        "r_C_0": 1.29825,
        "r_C_A": -0.0349306,
        "r_C_A2": 24.653
    },
    "KDRealSpinOrbit": {
        "V1_0": 4.90913,
        "V1_A": 0.013259,
        "V2_0": 0.0029878,
        "r_0": 1.1952,
        "r_A": 0.682461,
        "a_0": 0.651711
    },
    "KDImagSpinOrbit": {
        "W1_0": -6.80891,
        "W2_0": 269.487
    },
    "KDImagVolume": {
        "W1_0_n": 18.7344,
        "W1_A_n": -0.0188514,
        "W1_0_p": 18.8826,
        "W1_A_p": -0.00299238,
        "W2_0": 80.8352,
        "W2_A": -0.0469532
    },
    "KDImagSurface": {
        "D1_0": 12.5736,
        "D1_asymm": 23.3617,
        "D2_0": 0.00747638,
        "D2_A": 0.0129193,
        "D2_A2": 9.07768,
        "D2_A3": 360.07,
        "D3_0": 8.57752,
        "r_0": 1.45381,
        "r_A": 0.0327252,
        "a_0_n": 0.559778,
        "a_A_n": -0.000260663,
        "a_0_p": 0.48829,
        "a_A_p": 0.00132925
    }
}