{
    "ECS_p": 0.248511,
    "ECS_n": 0.298427,
    "APower_p": 0.380224,
    "APower_n": 0.204963,
    "RCS_p": 0.0230211,
    "TCS_n": 0.0207103
}