{
    "KDHartreeFock": {
        "V1_0": 54.7606,
        "V1_asymm": 12.0436,
        "V1_A": 0.0234427,
        "V2_0_n": 0.00600597,
        "V2_A_n": -3.67911e-07,
        "V3_0_n": 1.11758e-05,
        "V3_A_n": 1.70566e-08,
        "V2_0_p": 0.00706435,
        "V2_A_p": 6.37475e-06,
        "V3_0_p": 1.50683e-05,
        "V3_A_p": 8.85599e-09,
        "V4_0": -1.15276e-08,
        "r_0": 1.30637,
        "r_A": 0.320577,
        "a_0": 0.629305,
        "a_A": -1.23214e-05
    },
    "KDCoulomb": {
        "r_C_0": 1.18214,
        "r_C_A": 0.780843,
        "r_C_A2": 12.7439
    },
    "KDRealSpinOrbit": {
        "V1_0": 2.47705,
        "V1_A": 0.0153398,
        "V2_0": 0.000108223,
        "r_0": 1.24032,
        "r_A": 1.0336,
        "a_0": 0.663452
    },
    "KDImagSpinOrbit": {
        "W1_0": -1.85211,
        "W2_0": 303.0
    },
    "KDImagVolume": {
        "W1_0_n": 11.7954,
        "W1_A_n": -0.00356601,
        "W1_0_p": 12.2633,
        "W1_A_p": 0.0266839,
        "W2_0": 48.4393,
        "W2_A": 0.100682
    },
    "KDImagSurface": {
        "D1_0": 22.0247,
        "D1_asymm": 6.58511,
        "D2_0": 0.0331758,
        "D2_A": -0.00434614,
        "D2_A2": 6.24269,
        "D2_A3": -71.2539,
        "D3_0": 20.0782,
        "r_0": 1.26126,
        "r_A": -0.000740859,
        "a_0_n": 0.564233,
        "a_A_n": -0.000333469,
        "a_0_p": 0.490387,
        "a_A_p": 0.00163147
    }
}