{
    "ECS_p": 0.331681,
    "ECS_n": 0.209255,
    "APower_p": 0.399658,
    "APower_n": 0.183777,
    "RCS_p": 0.00153273,
    "TCS_n": 0.0231737
}