{
    "KDHartreeFock": {
        "V1_0": 60.2392,
        "V1_asymm": 9.80607,
        "V1_A": 0.0392043,
        "V2_0_n": 0.00664615,
        "V2_A_n": -5.62978e-06,
        "V3_0_n": 2.20388e-05,
        "V3_A_n": -1.81498e-08,
        "V2_0_p": 0.00592141,
        "V2_A_p": 1.48207e-05,
        "V3_0_p": 1.73496e-05,
        "V3_A_p": 1.10954e-07,
        "V4_0": 4.13972e-08,
        "r_0": 1.36031,
        "r_A": 0.740838,
        "a_0": 0.726579,
        "a_A": 0.000301634
    },
    "KDCoulomb": {
        "r_C_0": 1.22592,
        "r_C_A": 1.22052,
        "r_C_A2": 12.611
    },
    "KDRealSpinOrbit": {
        "V1_0": 6.98564,
        "V1_A": -0.00272419,
        "V2_0": 0.00683838,
        "r_0": 1.2236,
        "r_A": 0.752078,
        "a_0": 0.579109
    },
    "KDImagSpinOrbit": {
        "W1_0": -3.79999,
        "W2_0": 224.493
    },
    "KDImagVolume": {
        "W1_0_n": 25.0004,
        "W1_A_n": -0.0203267,
        "W1_0_p": 31.5208,
        "W1_A_p": -0.0760919,
        "W2_0": 139.48,
        "W2_A": -0.23467
    },
    "KDImagSurface": {
        "D1_0": 15.3202,
        "D1_asymm": 4.68316,
        "D2_0": 0.0580343,
        "D2_A": -0.0346202,
        "D2_A2": 4.43621,
        "D2_A3": 244.881,
        "D3_0": 9.21166,
        "r_0": 1.2797,
        "r_A": 0.00837123,
        "a_0_n": 0.556892,
        "a_A_n": 0.000533914,
        "a_0_p": 0.537616,
        "a_A_p": 0.00146774
    }
}