{
    "ECS_p": 0.499981,
    "ECS_n": 0.325975,
    "APower_p": 0.539457,
    "APower_n": 0.672354,
    "RCS_p": 0.0390491,
    "TCS_n": 0.0415711
}