{
    "KDHartreeFock": {
        "V1_0": 58.5178,
        "V1_asymm": 16.9179,
        "V1_A": 0.0270031,
        "V2_0_n": 0.00457337,
        "V2_A_n": 5.2991e-06,
        "V3_0_n": -5.62504e-06,
        "V3_A_n": 4.50358e-08,
        "V2_0_p": 0.00614611,
        "V2_A_p": 4.68988e-06,
        "V3_0_p": 1.44879e-06,
        "V3_A_p": 3.73084e-08,
        "V4_0": -4.45799e-08,
        "r_0": 1.25586,
        "r_A": 0.297192,
        "a_0": 0.720894,
        "a_A": 0.000410833
    },
    "KDCoulomb": {
        "r_C_0": 1.17144,
        "r_C_A": 1.7637,
        "r_C_A2": 8.96713
    },
    "KDRealSpinOrbit": {
        "V1_0": 3.62548,
        "V1_A": 0.0193307,
        "V2_0": 0.00436746,
        "r_0": 1.20064,
        "r_A": 0.707393,
        "a_0": 0.639432
    },
    "KDImagSpinOrbit": {
        "W1_0": -3.13821,
        "W2_0": 225.816
    },
    "KDImagVolume": {
        "W1_0_n": 20.8244,
        "W1_A_n": 0.00175192,
        "W1_0_p": 15.7154,
        "W1_A_p": 0.0194198,
        "W2_0": 88.283,
        "W2_A": -0.176044
    },
    "KDImagSurface": {
        "D1_0": 23.8706,
        "D1_asymm": 24.3574,
        "D2_0": 0.0347991,
        "D2_A": -0.0024776,
        "D2_A2": 17.8292,
        "D2_A3": -239.25,
        "D3_0": 19.6228,
        "r_0": 1.39664,
        "r_A": 0.0173939,
        "a_0_n": 0.537734,
        "a_A_n": 2.99075e-05,
        "a_0_p": 0.503957,
        "a_A_p": 0.000659097
    }
}