{
    "ECS_p": 0.494815,
    "ECS_n": 0.437973,
    "APower_p": 0.733473,
    "APower_n": 0.557524,
    "RCS_p": 0.067768,
    "TCS_n": 0.0464739
}