{
    "KDHartreeFock": {
        "V1_0": 57.7645,
        "V1_asymm": 17.0018,
        "V1_A": 0.0248044,
        "V2_0_n": 0.00566609,
        "V2_A_n": 4.71706e-06,
        "V3_0_n": -3.97403e-06,
        "V3_A_n": 6.41454e-09,
        "V2_0_p": 0.00631342,
        "V2_A_p": 6.95088e-06,
        "V3_0_p": 5.86386e-06,
        "V3_A_p": 6.52837e-08,
        "V4_0": -3.69323e-08,
        "r_0": 1.30712,
        "r_A": 0.44589,
        "a_0": 0.70206,
        "a_A": 0.000208565
    },
    "KDCoulomb": {
        "r_C_0": 1.31365,
        "r_C_A": -0.152263,
        "r_C_A2": -0.430818
    },
    "KDRealSpinOrbit": {
        "V1_0": 6.04455,
        "V1_A": -0.0180261,
        "V2_0": 0.00463648,
        "r_0": 1.0948,
        "r_A": 0.184655,
        "a_0": 0.532029
    },
    "KDImagSpinOrbit": {
        "W1_0": -4.72802,
        "W2_0": 272.088
    },
    "KDImagVolume": {
        "W1_0_n": 20.0007,
        "W1_A_n": -0.00689206,
        "W1_0_p": 14.564,
        "W1_A_p": 0.00529585,
        "W2_0": 75.1492,
        "W2_A": -0.14003
    },
    "KDImagSurface": {
        "D1_0": 15.7394,
        "D1_asymm": 8.05108,
        "D2_0": 0.0968486,
        "D2_A": -0.0731626,
        "D2_A2": 13.3729,
        "D2_A3": 288.022,
        "D3_0": 11.9751,
        "r_0": 1.4019,
        "r_A": 0.027937,
        "a_0_n": 0.55633,
        "a_A_n": 0.000221735,
        "a_0_p": 0.463069,
        "a_A_p": 0.000396159
    }
}