{
    "ECS_p": 0.352343,
    "ECS_n": 0.161787,
    "APower_p": 0.255647,
    "APower_n": 0.193727,
    "RCS_p": 0.0177155,
    "TCS_n": 0.0316837
}