{
    "KDHartreeFock": {
        "V1_0": 55.2909,
        "V1_asymm": 17.1639,
        "V1_A": 0.0158194,
        "V2_0_n": 0.00556892,
        "V2_A_n": 7.32373e-06,
        "V3_0_n": -2.58608e-06,
        "V3_A_n": 4.36827e-08,
        "V2_0_p": 0.00665666,
        "V2_A_p": 2.1998e-06,
        "V3_0_p": 4.34584e-06,
        "V3_A_p": 1.21049e-08,
        "V4_0": -4.52093e-08,
        "r_0": 1.2754,
        "r_A": 0.287748,
        "a_0": 0.701245,
        "a_A": 0.00021902
    },
    "KDCoulomb": {
        "r_C_0": 1.16481,
        "r_C_A": 0.813527,
        "r_C_A2": 30.3789
    },
    "KDRealSpinOrbit": {
        "V1_0": 5.91706,
        "V1_A": -0.00520382,
        "V2_0": 0.00375639,
        "r_0": 1.26022,
        "r_A": 0.747372,
        "a_0": 0.591671
    },
    "KDImagSpinOrbit": {
        "W1_0": -1.61045,
        "W2_0": 149.661
    },
    "KDImagVolume": {
        "W1_0_n": 17.4984,
        "W1_A_n": 0.018645,
        "W1_0_p": 10.5249,
        "W1_A_p": 0.0430691,
        "W2_0": 92.6128,
        "W2_A": -0.0243453
    },
    "KDImagSurface": {
        "D1_0": 13.2713,
        "D1_asymm": 31.2292,
        "D2_0": 0.036473,
        "D2_A": -0.0163335,
        "D2_A2": 5.6898,
        "D2_A3": 275.228,
        "D3_0": 10.1964,
        "r_0": 1.30514,
        "r_A": 0.0169067,
        "a_0_n": 0.52016,
        "a_A_n": -0.00162716,
        "a_0_p": 0.554083,
        "a_A_p": 0.000644739
    }
}