{
    "ECS_p": 0.385563,
    "ECS_n": 0.328366,
    "APower_p": 0.7777,
    "APower_n": 0.739874,
    "RCS_p": 0.0365859,
    "TCS_n": 0.0546246
}