{
    "KDHartreeFock": {
        "V1_0": 60.0099,
        "V1_asymm": 8.10808,
        "V1_A": 0.0517083,
        "V2_0_n": 0.00506884,
        "V2_A_n": 1.65583e-06,
        "V3_0_n": -4.72628e-06,
        "V3_A_n": -2.15117e-08,
        "V2_0_p": 0.00616426,
        "V2_A_p": 4.42168e-06,
        "V3_0_p": 1.45501e-05,
        "V3_A_p": -4.1449e-08,
        "V4_0": -2.5511e-08,
        "r_0": 1.3307,
        "r_A": 0.577763,
        "a_0": 0.633259,
        "a_A": -0.000670009
    },
    "KDCoulomb": {
        "r_C_0": 1.0904,
        "r_C_A": -0.0686141,
        "r_C_A2": 26.0806
    },
    "KDRealSpinOrbit": {
        "V1_0": 7.88186,
        "V1_A": -0.017491,
        "V2_0": 0.00664165,
        "r_0": 1.18897,
        "r_A": 0.541427,
        "a_0": 0.727056
    },
    "KDImagSpinOrbit": {
        "W1_0": -1.83346,
        "W2_0": 337.88
    },
    "KDImagVolume": {
        "W1_0_n": 23.4364,
        "W1_A_n": -0.011711,
        "W1_0_p": 10.0324,
        "W1_A_p": 0.135783,
        "W2_0": 70.4207,
        "W2_A": 0.474833
    },
    "KDImagSurface": {
        "D1_0": 14.4063,
        "D1_asymm": 7.9537,
        "D2_0": -0.0334423,
        "D2_A": 0.0567465,
        "D2_A2": 14.3475,
        "D2_A3": 298.967,
        "D3_0": 12.3972,
        "r_0": 1.38007,
        "r_A": 0.0136782,
        "a_0_n": 0.621513,
        "a_A_n": 0.000368936,
        "a_0_p": 0.486864,
        "a_A_p": 0.000699893
    }
}