{
    "ECS_p": 0.343693,
    "ECS_n": 0.255689,
    "APower_p": 0.755733,
    "APower_n": 0.53429,
    "RCS_p": 0.0299809,
    "TCS_n": 0.0355816
}