{
    "KDHartreeFock": {
        "V1_0": 64.4801,
        "V1_asymm": 16.471,
        "V1_A": 0.0588134,
        "V2_0_n": 0.00745234,
        "V2_A_n": 4.06969e-06,
        "V3_0_n": 2.76443e-05,
        "V3_A_n": 2.34872e-08,
        "V2_0_p": 0.00930239,
        "V2_A_p": -3.66973e-06,
        "V3_0_p": 4.04899e-05,
        "V3_A_p": -4.5296e-08,
        "V4_0": 5.15155e-08,
        "r_0": 1.29373,
        "r_A": 0.505656,
        "a_0": 0.648554,
        "a_A": -0.000694596
    },
    "KDCoulomb": {
        "r_C_0": 1.16083,
        "r_C_A": 2.62724,
        "r_C_A2": -11.6896
    },
    "KDRealSpinOrbit": {
        "V1_0": 4.64727,
        "V1_A": -0.00809108,
        "V2_0": 0.00170631,
        "r_0": 1.29486,
        "r_A": 1.02064,
        "a_0": 0.542021
    },
    "KDImagSpinOrbit": {
        "W1_0": -1.95278,
        "W2_0": 208.495
    },
    "KDImagVolume": {
        "W1_0_n": 19.7138,
        "W1_A_n": 0.0161973,
        "W1_0_p": 23.0165,
        "W1_A_p": 0.0270499,
        "W2_0": 132.846,
        "W2_A": 0.121547
    },
    "KDImagSurface": {
        "D1_0": 19.3401,
        "D1_asymm": -5.6512,
        "D2_0": 0.021132,
        "D2_A": 0.00220716,
        "D2_A2": 10.3626,
        "D2_A3": 321.79,
        "D3_0": 16.7711,
        "r_0": 1.20877,
        "r_A": -0.0119341,
        "a_0_n": 0.610574,
        "a_A_n": 0.000174639,
        "a_0_p": 0.508876,
        "a_A_p": 0.00148097
    }
}