{
    "ECS_p": 0.222633,
    "ECS_n": 0.207635,
    "APower_p": 0.372778,
    "APower_n": 0.371772,
    "RCS_p": 0.00978735,
    "TCS_n": 0.0231522
}