{
    "KDHartreeFock": {
        "V1_0": 59.0645,
        "V1_asymm": 17.6883,
        "V1_A": 0.0172228,
        "V2_0_n": 0.00681152,
        "V2_A_n": -2.66684e-06,
        "V3_0_n": 2.03995e-05,
        "V3_A_n": -1.87754e-08,
        "V2_0_p": 0.00719544,
        "V2_A_p": 5.6349e-06,
        "V3_0_p": 2.94369e-05,
        "V3_A_p": 3.07124e-09,
        "V4_0": 3.50797e-08,
        "r_0": 1.22719,
        "r_A": 0.188538,
        "a_0": 0.668293,
        "a_A": -0.000291076
    },
    "KDCoulomb": {
        "r_C_0": 1.19409,
        "r_C_A": 0.928115,
        "r_C_A2": 17.2033
    },
    "KDRealSpinOrbit": {
        "V1_0": 6.14974,
        "V1_A": 0.0079863,
        "V2_0": 0.00750305,
        "r_0": 1.25976,
        "r_A": 0.997281,
        "a_0": 0.592084
    },
    "KDImagSpinOrbit": {
        "W1_0": -6.9142,
        "W2_0": 233.16
    },
    "KDImagVolume": {
        "W1_0_n": 28.5514,
        "W1_A_n": -0.0232931,
        "W1_0_p": 29.2515,
        "W1_A_p": 0.0284606,
        "W2_0": 153.609,
        "W2_A": -0.188581
    },
    "KDImagSurface": {
        "D1_0": 18.0855,
        "D1_asymm": 12.4725,
        "D2_0": 0.0242129,
        "D2_A": 0.00507705,
        "D2_A2": 12.1305,
        "D2_A3": -42.3081,
        "D3_0": 13.0072,
        "r_0": 1.40195,
        "r_A": 0.0260827,
        "a_0_n": 0.503427,
        "a_A_n": -0.000263076,
        "a_0_p": 0.478146,
        "a_A_p": 0.00117287
    }
}