{
    "ECS_p": 0.456695,
    "ECS_n": 0.227333,
    "APower_p": 0.68792,
    "APower_n": 0.905822,
    "RCS_p": 0.0172901,
    "TCS_n": 0.0386967
}