{
    "KDHartreeFock": {
        "V1_0": 56.626,
        "V1_asymm": 11.2902,
        "V1_A": 0.0134241,
        "V2_0_n": 0.00594219,
        "V2_A_n": -1.12853e-05,
        "V3_0_n": 1.4909e-05,
        "V3_A_n": -2.58382e-08,
        "V2_0_p": 0.00708348,
        "V2_A_p": 7.62599e-06,
        "V3_0_p": 2.10774e-05,
        "V3_A_p": 5.60608e-08,
        "V4_0": 1.46792e-08,
        "r_0": 1.25489,
        "r_A": 0.20182,
        "a_0": 0.617402,
        "a_A": -0.000420251
    },
    "KDCoulomb": {
        "r_C_0": 1.35563,
        "r_C_A": 0.43144,
        "r_C_A2": -3.97985
    },
    "KDRealSpinOrbit": {
        "V1_0": 5.0817,
        "V1_A": 0.00718134,
        "V2_0": 0.00711562,
        "r_0": 1.26781,
        "r_A": 1.02542,
        "a_0": 0.594379
    },
    "KDImagSpinOrbit": {
        "W1_0": -2.33027,
        "W2_0": 105.405
    },
    "KDImagVolume": {
        "W1_0_n": 17.4919,
        "W1_A_n": 0.048676,
        "W1_0_p": 14.7236,
        "W1_A_p": 0.0181784,
        "W2_0": 96.4714,
        "W2_A": -0.0395794
    },
    "KDImagSurface": {
        "D1_0": 22.6167,
        "D1_asymm": 20.189,
        "D2_0": -0.0137433,
        "D2_A": 0.0409588,
        "D2_A2": 5.59343,
        "D2_A3": 336.7,
        "D3_0": 19.439,
        "r_0": 1.35739,
        "r_A": 0.0141067,
        "a_0_n": 0.526227,
        "a_A_n": -0.000491249,
        "a_0_p": 0.494199,
        "a_A_p": 0.000664245
    }
}