{
    "ECS_p": 0.319736,
    "ECS_n": 0.187614,
    "APower_p": 0.321187,
    "APower_n": 0.359968,
    "RCS_p": 0.0268668,
    "TCS_n": 0.024202
}