{
    "KDHartreeFock": {
        "V1_0": 56.7535,
        "V1_asymm": 20.5943,
        "V1_A": 0.0145436,
        "V2_0_n": 0.00445399,
        "V2_A_n": -5.20106e-06,
        "V3_0_n": -6.70031e-06,
        "V3_A_n": -3.18194e-08,
        "V2_0_p": 0.00709847,
        "V2_A_p": 3.7891e-06,
        "V3_0_p": 9.03892e-06,
        "V3_A_p": 8.81188e-09,
        "V4_0": -3.53285e-08,
        "r_0": 1.26543,
        "r_A": 0.291278,
        "a_0": 0.70056,
        "a_A": 2.82576e-05
    },
    "KDCoulomb": {
        "r_C_0": 1.35855,
        "r_C_A": 0.316006,
        "r_C_A2": 4.01152
    },
    "KDRealSpinOrbit": {
        "V1_0": 5.19718,
        "V1_A": 0.00779843,
        "V2_0": 0.00390243,
        "r_0": 1.26699,
        "r_A": 0.85959,
        "a_0": 0.5916
    },
    "KDImagSpinOrbit": {
        "W1_0": -2.67714,
        "W2_0": 333.872
    },
    "KDImagVolume": {
        "W1_0_n": 19.4002,
        "W1_A_n": -0.00539865,
        "W1_0_p": 16.0033,
        "W1_A_p": 0.0314407,
        "W2_0": 64.9397,
        "W2_A": 0.170214
    },
    "KDImagSurface": {
        "D1_0": 25.488,
        "D1_asymm": 18.8125,
        "D2_0": 0.0127651,
        "D2_A": 0.0241547,
        "D2_A2": 11.3223,
        "D2_A3": 211.52,
        "D3_0": 18.4772,
        "r_0": 1.34404,
        "r_A": 0.0168062,
        "a_0_n": 0.56235,
        "a_A_n": -0.00023415,
        "a_0_p": 0.514408,
        "a_A_p": 0.000754849
    }
}