{
    "ECS_p": 0.296521,
    "ECS_n": 0.16427,
    "APower_p": 0.403301,
    "APower_n": 0.189478,
    "RCS_p": 0.0262664,
    "TCS_n": 0.0252889
}