{
    "KDHartreeFock": {
        "V1_0": 59.1215,
        "V1_asymm": 10.2293,
        "V1_A": 0.0358061,
        "V2_0_n": 0.00518728,
        "V2_A_n": -3.62468e-06,
        "V3_0_n": -9.20872e-07,
        "V3_A_n": -1.90598e-08,
        "V2_0_p": 0.00390597,
        "V2_A_p": 1.86076e-05,
        "V3_0_p": -4.56588e-06,
        "V3_A_p": 8.34068e-08,
        "V4_0": -2.14217e-08,
        "r_0": 1.28939,
        "r_A": 0.446254,
        "a_0": 0.651166,
        "a_A": -0.000467464
    },
    "KDCoulomb": {
        "r_C_0": 1.39603,
        "r_C_A": 0.0988101,
        "r_C_A2": 16.0337
    },
    "KDRealSpinOrbit": {
        "V1_0": 5.22734,
        "V1_A": 0.0106834,
        "V2_0": 0.00434249,
        "r_0": 1.31244,
        "r_A": 1.16125,
        "a_0": 0.611422
    },
    "KDImagSpinOrbit": {
        "W1_0": -7.97787,
        "W2_0": 274.922
    },
    "KDImagVolume": {
        "W1_0_n": 23.6915,
        "W1_A_n": 0.0709008,
        "W1_0_p": 17.4765,
        "W1_A_p": 0.13806,
        "W2_0": 108.595,
        "W2_A": 0.644321
    },
    "KDImagSurface": {
        "D1_0": 13.079,
        "D1_asymm": 0.386361,
        "D2_0": 0.0445832,
        "D2_A": -0.0295522,
        "D2_A2": 8.66229,
        "D2_A3": 570.871,
        "D3_0": 13.4036,
        "r_0": 1.33738,
        "r_A": 0.0179715,
        "a_0_n": 0.536824,
        "a_A_n": -0.000728508,
        "a_0_p": 0.457961,
        "a_A_p": 0.0021756
    }
}