{
    "ECS_p": 0.455007,
    "ECS_n": 0.317154,
    "APower_p": 0.762664,
    "APower_n": 0.668858,
    "RCS_p": 0.0453743,
    "TCS_n": 0.0391813
}