{
    "KDHartreeFock": {
        "V1_0": 58.0041,
        "V1_asymm": 4.30721,
        "V1_A": 0.0340874,
        "V2_0_n": 0.0060503,
        "V2_A_n": 3.12875e-06,
        "V3_0_n": 6.44476e-06,
        "V3_A_n": 1.39064e-08,
        "V2_0_p": 0.00551089,
        "V2_A_p": 3.04288e-06,
        "V3_0_p": 5.13328e-06,
        "V3_A_p": 3.76608e-08,
        "V4_0": -1.67427e-08,
        "r_0": 1.25775,
        "r_A": 0.266358,
        "a_0": 0.66517,
        "a_A": -0.000108071
    },
    "KDCoulomb": {
        "r_C_0": 1.18084,
        "r_C_A": 0.448557,
        "r_C_A2": 3.50486
    },
    "KDRealSpinOrbit": {
        "V1_0": 4.86814,
        "V1_A": 0.00115089,
        "V2_0": 0.00541869,
        "r_0": 1.29119,
        "r_A": 0.864778,
        "a_0": 0.531247
    },
    "KDImagSpinOrbit": {
        "W1_0": -3.93738,
        "W2_0": 335.459
    },
    "KDImagVolume": {
        "W1_0_n": 19.3752,
        "W1_A_n": 0.030032,
        "W1_0_p": 15.8812,
        "W1_A_p": 0.0677534,
        "W2_0": 96.8216,
        "W2_A": 0.432145
    },
    "KDImagSurface": {
        "D1_0": 21.7892,
        "D1_asymm": -14.3769,
        "D2_0": 0.0193252,
        "D2_A": 0.00260169,
        "D2_A2": 18.2939,
        "D2_A3": 230.709,
        "D3_0": 21.5799,
        "r_0": 1.10368,
        "r_A": -0.026181,
        "a_0_n": 0.586085,
        "a_A_n": 7.78375e-05,
        "a_0_p": 0.487539,
        "a_A_p": 0.00281607
    }
}