{
    "ECS_p": 0.509047,
    "ECS_n": 0.171573,
    "APower_p": 0.815618,
    "APower_n": 0.769556,
    "RCS_p": 0.00251006,
    "TCS_n": 0.0511866
}