{
    "KDHartreeFock": {
        "V1_0": 63.7678,
        "V1_asymm": 9.1818,
        "V1_A": 0.0498778,
        "V2_0_n": 0.00717223,
        "V2_A_n": -2.90727e-06,
        "V3_0_n": 1.86281e-05,
        "V3_A_n": -1.54163e-08,
        "V2_0_p": 0.00891049,
        "V2_A_p": -5.32381e-06,
        "V3_0_p": 1.80344e-05,
        "V3_A_p": 1.96421e-08,
        "V4_0": 3.12501e-08,
        "r_0": 1.25473,
        "r_A": 0.345359,
        "a_0": 0.661103,
        "a_A": -0.000334989
    },
    "KDCoulomb": {
        "r_C_0": 1.34566,
        "r_C_A": 1.15184,
        "r_C_A2": 15.9537
    },
    "KDRealSpinOrbit": {
        "V1_0": 5.9714,
        "V1_A": 0.00656262,
        "V2_0": 0.00307591,
        "r_0": 1.15513,
        "r_A": 0.365374,
        "a_0": 0.559027
    },
    "KDImagSpinOrbit": {
        "W1_0": -7.33509,
        "W2_0": 568.029
    },
    "KDImagVolume": {
        "W1_0_n": 21.7198,
        "W1_A_n": 0.050791,
        "W1_0_p": 19.3538,
        "W1_A_p": 0.070003,
        "W2_0": 101.23,
        "W2_A": 0.22393
    },
    "KDImagSurface": {
        "D1_0": 20.7598,
        "D1_asymm": 16.1353,
        "D2_0": 0.0399359,
        "D2_A": -0.0137211,
        "D2_A2": 17.9798,
        "D2_A3": 362.498,
        "D3_0": 20.7281,
        "r_0": 1.27969,
        "r_A": 0.00046789,
        "a_0_n": 0.651284,
        "a_A_n": -0.000791544,
        "a_0_p": 0.503663,
        "a_A_p": 0.00130133
    }
}