{
    "ECS_p": 0.380551,
    "ECS_n": 0.440669,
    "APower_p": 0.770219,
    "APower_n": 0.623908,
    "RCS_p": 0.0273133,
    "TCS_n": 0.0414355
}