{
    "KDHartreeFock": {
        "V1_0": 57.3886,
        "V1_asymm": 14.5263,
        "V1_A": 0.01268,
        "V2_0_n": 0.00504244,
        "V2_A_n": -3.21765e-06,
        "V3_0_n": 8.16545e-06,
        "V3_A_n": -1.60131e-09,
        "V2_0_p": 0.00498378,
        "V2_A_p": 1.5207e-05,
        "V3_0_p": 6.99511e-06,
        "V3_A_p": 5.53233e-08,
        "V4_0": 7.40425e-09,
        "r_0": 1.26402,
        "r_A": 0.377512,
        "a_0": 0.635541,
        "a_A": -0.000549404
    },
    "KDCoulomb": {
        "r_C_0": 1.13307,
        "r_C_A": 1.00293,
        "r_C_A2": 0.13728
    },
    "KDRealSpinOrbit": {
        "V1_0": 2.79616,
        "V1_A": -0.000569752,
        "V2_0": -0.000646084,
        "r_0": 1.16464,
        "r_A": 0.364344,
        "a_0": 0.531212
    },
    "KDImagSpinOrbit": {
        "W1_0": -3.89553,
        "W2_0": 303.077
    },
    "KDImagVolume": {
        "W1_0_n": 20.3062,
        "W1_A_n": 0.0120013,
        "W1_0_p": 18.8818,
        "W1_A_p": 0.0354428,
        "W2_0": 106.863,
        "W2_A": -0.0687141
    },
    "KDImagSurface": {
        "D1_0": 13.6975,
        "D1_asymm": 10.206,
        "D2_0": 0.0449369,
        "D2_A": -0.020191,
        "D2_A2": 18.4166,
        "D2_A3": 210.723,
        "D3_0": 10.4044,
        "r_0": 1.23339,
        "r_A": 0.00247729,
        "a_0_n": 0.599047,
        "a_A_n": -0.00101295,
        "a_0_p": 0.568523,
        "a_A_p": 0.00140232
    }
}