{
    "ECS_p": 0.344261,
    "ECS_n": 0.17617,
    "APower_p": 0.390247,
    "APower_n": 0.0931805,
    "RCS_p": 0.0104473,
    "TCS_n": 0.0267633
}