{
    "KDHartreeFock": {
        "V1_0": 60.0954,
        "V1_asymm": 10.4325,
        "V1_A": 0.0381373,
        "V2_0_n": 0.00694983,
        "V2_A_n": 6.6427e-06,
        "V3_0_n": 1.28445e-05,
        "V3_A_n": 3.65979e-08,
        "V2_0_p": 0.00837382,
        "V2_A_p": -1.34461e-05,
        "V3_0_p": 1.82724e-05,
        "V3_A_p": -5.23106e-08,
        "V4_0": -3.32415e-09,
        "r_0": 1.24699,
        "r_A": 0.263316,
        "a_0": 0.676355,
        "a_A": -0.000469973
    },
    "KDCoulomb": {
        "r_C_0": 1.43152,
        "r_C_A": 1.49798,
        "r_C_A2": 20.2076
    },
    "KDRealSpinOrbit": {
        "V1_0": 4.73365,
        "V1_A": 0.00424539,
        "V2_0": 0.000501605,
        "r_0": 1.1544,
        "r_A": 0.443483,
        "a_0": 0.605328
    },
    "KDImagSpinOrbit": {
        "W1_0": -5.14807,
        "W2_0": 241.647
    },
    "KDImagVolume": {
        "W1_0_n": 19.999,
        "W1_A_n": -0.0160044,
        "W1_0_p": 18.3063,
        "W1_A_p": 0.01787,
        "W2_0": 106.977,
        "W2_A": -0.0367115
    },
    "KDImagSurface": {
        "D1_0": 16.6731,
        "D1_asymm": 13.228,
        "D2_0": -0.0112783,
        "D2_A": 0.0322577,
        "D2_A2": 15.0425,
        "D2_A3": 287.739,
        "D3_0": 13.5534,
        "r_0": 1.23632,
        "r_A": -0.000772979,
        "a_0_n": 0.52154,
        "a_A_n": -0.000623476,
        "a_0_p": 0.512274,
        "a_A_p": 0.00121962
    }
}