{
    "ECS_p": 0.301094,
    "ECS_n": 0.321055,
    "APower_p": 0.801284,
    "APower_n": 0.728105,
    "RCS_p": 0.0320969,
    "TCS_n": 0.0528484
}