{
    "KDHartreeFock": {
        "V1_0": 58.2349,
        "V1_asymm": 14.5492,
        "V1_A": 0.0186974,
        "V2_0_n": 0.00632094,
        "V2_A_n": -6.18683e-06,
        "V3_0_n": 1.41901e-05,
        "V3_A_n": 7.09631e-09,
        "V2_0_p": 0.0052769,
        "V2_A_p": 2.3144e-05,
        "V3_0_p": 1.20148e-05,
        "V3_A_p": 1.00317e-07,
        "V4_0": 1.08271e-09,
        "r_0": 1.32173,
        "r_A": 0.484214,
        "a_0": 0.707535,
        "a_A": 0.000619817
    },
    "KDCoulomb": {
        "r_C_0": 1.23253,
        "r_C_A": 1.53337,
        "r_C_A2": -0.067022
    },
    "KDRealSpinOrbit": {
        "V1_0": 7.69476,
        "V1_A": -0.000262763,
        "V2_0": 0.0180798,
        "r_0": 1.2291,
        "r_A": 0.608878,
        "a_0": 0.500365
    },
    "KDImagSpinOrbit": {
        "W1_0": -2.75376,
        "W2_0": 195.054
    },
    "KDImagVolume": {
        "W1_0_n": 20.4626,
        "W1_A_n": 0.0447327,
        "W1_0_p": 11.596,
        "W1_A_p": 0.16094,
        "W2_0": 111.714,
        "W2_A": 0.185534
    },
    "KDImagSurface": {
        "D1_0": 26.944,
        "D1_asymm": 12.1913,
        "D2_0": -0.0387798,
        "D2_A": 0.0639578,
        "D2_A2": -2.93779,
        "D2_A3": -36.1577,
        "D3_0": 24.9617,
        "r_0": 1.27626,
        "r_A": 0.00922891,
        "a_0_n": 0.612664,
        "a_A_n": 0.000466139,
        "a_0_p": 0.447003,
        "a_A_p": 0.00182428
    }
}