{
    "ECS_p": 0.398755,
    "ECS_n": 0.538081,
    "APower_p": 0.7624,
    "APower_n": 0.550818,
    "RCS_p": 0.0438583,
    "TCS_n": 0.0534938
}