{
    "KDHartreeFock": {
        "V1_0": 56.6314,
        "V1_asymm": 23.7945,
        "V1_A": 0.0143788,
        "V2_0_n": 0.00522485,
        "V2_A_n": 6.34512e-06,
        "V3_0_n": -1.1392e-05,
        "V3_A_n": 2.30416e-08,
        "V2_0_p": 0.00908206,
        "V2_A_p": -3.8918e-06,
        "V3_0_p": 2.43348e-05,
        "V3_A_p": -7.95988e-08,
        "V4_0": -6.45281e-08,
        "r_0": 1.21409,
        "r_A": -0.0154402,
        "a_0": 0.641877,
        "a_A": -0.000637319
    },
    "KDCoulomb": {
        "r_C_0": 1.14551,
        "r_C_A": -0.347065,
        "r_C_A2": 21.0663
    },
    "KDRealSpinOrbit": {
        "V1_0": 3.63238,
        "V1_A": 0.0114857,
        "V2_0": 0.00499697,
        "r_0": 1.10456,
        "r_A": -0.0971607,
        "a_0": 0.544523
    },
    "KDImagSpinOrbit": {
        "W1_0": -1.06257,
        "W2_0": 439.196
    },
    "KDImagVolume": {
        "W1_0_n": 16.6117,
        "W1_A_n": 0.047945,
        "W1_0_p": 8.436,
        "W1_A_p": 0.0611677,
        "W2_0": 36.3563,
        "W2_A": 0.314857
    },
    "KDImagSurface": {
        "D1_0": 23.7355,
        "D1_asymm": 9.56032,
        "D2_0": -0.00304371,
        "D2_A": 0.0360505,
        "D2_A2": 10.1112,
        "D2_A3": 215.733,
        "D3_0": 18.4188,
        "r_0": 1.25492,
        "r_A": 0.00982718,
        "a_0_n": 0.551748,
        "a_A_n": -0.000178848,
        "a_0_p": 0.522068,
        "a_A_p": 0.000515578
    }
}