{
    "ECS_p": 0.323184,
    "ECS_n": 0.22337,
    "APower_p": 0.417719,
    "APower_n": 0.297565,
    "RCS_p": 0.0236883,
    "TCS_n": 0.0272537
}