{
    "KDHartreeFock": {
        "V1_0": 57.5603,
        "V1_asymm": 12.3471,
        "V1_A": 0.0300999,
        "V2_0_n": 0.00621387,
        "V2_A_n": 1.20958e-05,
        "V3_0_n": 5.88957e-06,
        "V3_A_n": 6.60055e-08,
        "V2_0_p": 0.00739951,
        "V2_A_p": 1.98117e-06,
        "V3_0_p": 1.5508e-05,
        "V3_A_p": 2.05996e-08,
        "V4_0": -1.48719e-08,
        "r_0": 1.27785,
        "r_A": 0.264287,
        "a_0": 0.667236,
        "a_A": 6.89853e-05
    },
    "KDCoulomb": {
        "r_C_0": 1.22092,
        "r_C_A": 0.309719,
        "r_C_A2": 39.2605
    },
    "KDRealSpinOrbit": {
        "V1_0": 5.26566,
        "V1_A": 0.0103587,
        "V2_0": 0.00612999,
        "r_0": 1.24819,
        "r_A": 0.819724,
        "a_0": 0.581263
    },
    "KDImagSpinOrbit": {
        "W1_0": -6.40008,
        "W2_0": 213.774
    },
    "KDImagVolume": {
        "W1_0_n": 21.0036,
        "W1_A_n": 0.0342531,
        "W1_0_p": 16.727,
        "W1_A_p": 0.00413364,
        "W2_0": 101.008,
        "W2_A": 0.0826931
    },
    "KDImagSurface": {
        "D1_0": 13.275,
        "D1_asymm": 1.37828,
        "D2_0": -0.0313346,
        "D2_A": 0.0506323,
        "D2_A2": 6.07883,
        "D2_A3": 339.946,
        "D3_0": 8.97398,
        "r_0": 1.25074,
        "r_A": -4.59755e-06,
        "a_0_n": 0.520664,
        "a_A_n": 0.000177599,
        "a_0_p": 0.505163,
        "a_A_p": 0.00152325
    }
}