{
    "ECS_p": 0.212654,
    "ECS_n": 0.200885,
    "APower_p": 0.415556,
    "APower_n": 0.328583,
    "RCS_p": 0.018803,
    "TCS_n": 0.03709
}