{
    "KDHartreeFock": {
        "V1_0": 57.6644,
        "V1_asymm": 13.7712,
        "V1_A": 0.0217944,
        "V2_0_n": 0.00552953,
        "V2_A_n": 2.8586e-07,
        "V3_0_n": 4.04706e-06,
        "V3_A_n": 7.81734e-09,
        "V2_0_p": 0.00596567,
        "V2_A_p": 4.94833e-06,
        "V3_0_p": 5.13449e-06,
        "V3_A_p": 1.65216e-08,
        "V4_0": -2.02563e-08,
        "r_0": 1.2633,
        "r_A": 0.319082,
        "a_0": 0.677745,
        "a_A": -0.000310196
    },
    "KDCoulomb": {
        "r_C_0": 1.23191,
        "r_C_A": 0.889112,
        "r_C_A2": 9.01466
    },
    "KDRealSpinOrbit": {
        "V1_0": 6.42058,
        "V1_A": -0.000644425,
        "V2_0": 0.00263545,
        "r_0": 1.16437,
        "r_A": 0.525279,
        "a_0": 0.672034
    },
    "KDImagSpinOrbit": {
        "W1_0": -4.86124,
        "W2_0": 261.951
    },
    "KDImagVolume": {
        "W1_0_n": 16.5409,
        "W1_A_n": 0.0114353,
        "W1_0_p": 20.0036,
        "W1_A_p": -0.00335286,
        "W2_0": 91.5673,
        "W2_A": -0.0332624
    },
    "KDImagSurface": {
        "D1_0": 20.4908,
        "D1_asymm": -2.6735,
        "D2_0": 0.0235581,
        "D2_A": 0.00252866,
        "D2_A2": 18.5104,
        "D2_A3": 192.852,
        "D3_0": 15.489,
        "r_0": 1.30795,
        "r_A": 0.00293888,
        "a_0_n": 0.546501,
        "a_A_n": 0.000808858,
        "a_0_p": 0.475509,
        "a_A_p": 0.00108319
    }
}