{
    "ECS_p": 0.305911,
    "ECS_n": 0.423132,
    "APower_p": 0.691311,
    "APower_n": 0.738698,
    "RCS_p": 0.0393386,
    "TCS_n": 0.0258761
}