{
    "KDHartreeFock": {
        "V1_0": 59.3583,
        "V1_asymm": 3.57875,
        "V1_A": 0.042903,
        "V2_0_n": 0.00476257,
        "V2_A_n": -4.59359e-06,
        "V3_0_n": -5.47219e-06,
        "V3_A_n": -2.61067e-08,
        "V2_0_p": 0.00417141,
        "V2_A_p": 3.42643e-06,
        "V3_0_p": -7.9422e-06,
        "V3_A_p": 2.81432e-08,
        "V4_0": -4.19444e-08,
        "r_0": 1.29654,
        "r_A": 0.465937,
        "a_0": 0.712241,
        "a_A": 0.000210857
    },
    "KDCoulomb": {
        "r_C_0": 1.39199,
        "r_C_A": 0.808407,
        "r_C_A2": -4.06168
    },
    "KDRealSpinOrbit": {
        "V1_0": 4.7263,
        "V1_A": 0.0195884,
        "V2_0": 0.00621339,
        "r_0": 1.18174,
        "r_A": 0.660151,
        "a_0": 0.657299
    },
    "KDImagSpinOrbit": {
        "W1_0": -5.51766,
        "W2_0": 227.421
    },
    "KDImagVolume": {
        "W1_0_n": 24.4102,
        "W1_A_n": -0.0587353,
        "W1_0_p": 21.9342,
        "W1_A_p": -0.0397122,
        "W2_0": 107.154,
        "W2_A": -0.232059
    },
    "KDImagSurface": {
        "D1_0": 19.4817,
        "D1_asymm": 37.5659,
        "D2_0": 0.0252877,
        "D2_A": 0.00625552,
        "D2_A2": -1.03603,
        "D2_A3": 167.532,
        "D3_0": 12.3894,
        "r_0": 1.30006,
        "r_A": -3.01165e-05,
        "a_0_n": 0.48868,
        "a_A_n": -0.000173194,
        "a_0_p": 0.430561,
        "a_A_p": 0.00108707
    }
}