{
    "ECS_p": 0.457846,
    "ECS_n": 0.235003,
    "APower_p": 0.579929,
    "APower_n": 0.49203,
    "RCS_p": 0.0421183,
    "TCS_n": 0.0361454
}