{
    "KDHartreeFock": {
        "V1_0": 60.5008,
        "V1_asymm": 15.4732,
        "V1_A": 0.0497036,
        "V2_0_n": 0.00698286,
        "V2_A_n": 1.09002e-05,
        "V3_0_n": 1.69259e-05,
        "V3_A_n": 6.54174e-08,
        "V2_0_p": 0.00682918,
        "V2_A_p": -4.14782e-06,
        "V3_0_p": 1.18631e-05,
        "V3_A_p": 3.05612e-08,
        "V4_0": -4.03075e-09,
        "r_0": 1.28778,
        "r_A": 0.438269,
        "a_0": 0.667072,
        "a_A": -0.000483591
    },
    "KDCoulomb": {
        "r_C_0": 1.22033,
        "r_C_A": 0.483216,
        "r_C_A2": 14.4154
    },
    "KDRealSpinOrbit": {
        "V1_0": 8.55125,
        "V1_A": -0.0127489,
        "V2_0": 0.0132081,
        "r_0": 1.16702,
        "r_A": 0.338664,
        "a_0": 0.54564
    },
    "KDImagSpinOrbit": {
        "W1_0": -7.81105,
        "W2_0": 361.359
    },
    "KDImagVolume": {
        "W1_0_n": 15.0345,
        "W1_A_n": 0.0171097,
        "W1_0_p": 17.0211,
        "W1_A_p": -0.00248073,
        "W2_0": 65.4018,
        "W2_A": -0.000362589
    },
    "KDImagSurface": {
        "D1_0": 18.2002,
        "D1_asymm": 34.3887,
        "D2_0": 0.0271022,
        "D2_A": 0.00792501,
        "D2_A2": 18.6378,
        "D2_A3": 183.302,
        "D3_0": 13.2706,
        "r_0": 1.3163,
        "r_A": 0.0036418,
        "a_0_n": 0.616086,
        "a_A_n": 0.000182737,
        "a_0_p": 0.519895,
        "a_A_p": 0.000267688
    }
}