{
    "ECS_p": 0.31012,
    "ECS_n": 0.184935,
    "APower_p": 0.617009,
    "APower_n": 0.716656,
    "RCS_p": 0.0210017,
    "TCS_n": 0.0197084
}