{
    "KDHartreeFock": {
        "V1_0": 55.7818,
        "V1_asymm": 14.6666,
        "V1_A": 0.0106806,
        "V2_0_n": 0.00483346,
        "V2_A_n": 8.89891e-07,
        "V3_0_n": -3.16981e-06,
        "V3_A_n": -4.66565e-09,
        "V2_0_p": 0.0068637,
        "V2_A_p": 1.24372e-06,
        "V3_0_p": 1.15839e-05,
        "V3_A_p": -5.59088e-09,
        "V4_0": -2.35511e-08,
        "r_0": 1.25585,
        "r_A": 0.251203,
        "a_0": 0.638588,
        "a_A": -0.000302074
    },
    "KDCoulomb": {
        "r_C_0": 1.37044,
        "r_C_A": 0.291197,
        "r_C_A2": 16.2168
    },
    "KDRealSpinOrbit": {
        "V1_0": 7.95394,
        "V1_A": -0.0235148,
        "V2_0": 0.00599399,
        "r_0": 1.17767,
        "r_A": 0.681193,
        "a_0": 0.645262
    },
    "KDImagSpinOrbit": {
        "W1_0": -7.54892,
        "W2_0": 506.124
    },
    "KDImagVolume": {
        "W1_0_n": 22.5397,
        "W1_A_n": -0.00327178,
        "W1_0_p": 15.0229,
        "W1_A_p": 0.104911,
        "W2_0": 95.6495,
        "W2_A": 0.126113
    },
    "KDImagSurface": {
        "D1_0": 23.92,
        "D1_asymm": -7.09821,
        "D2_0": 0.0484589,
        "D2_A": -0.0165943,
        "D2_A2": 13.2397,
        "D2_A3": 361.521,
        "D3_0": 19.2985,
        "r_0": 1.37412,
        "r_A": 0.0222061,
        "a_0_n": 0.564688,
        "a_A_n": 0.000126757,
        "a_0_p": 0.50971,
        "a_A_p": 0.000884435
    }
}