{
    "ECS_p": 0.346702,
    "ECS_n": 0.261903,
    "APower_p": 0.671491,
    "APower_n": 0.593699,
    "RCS_p": 0.0273525,
    "TCS_n": 0.0392006
}