{
    "KDHartreeFock": {
        "V1_0": 62.4794,
        "V1_asymm": 8.26118,
        "V1_A": 0.044019,
        "V2_0_n": 0.00610997,
        "V2_A_n": -9.58876e-06,
        "V3_0_n": 1.44545e-05,
        "V3_A_n": -5.77965e-08,
        "V2_0_p": 0.00663854,
        "V2_A_p": 3.62942e-06,
        "V3_0_p": 1.96107e-05,
        "V3_A_p": -1.72099e-09,
        "V4_0": 2.50342e-08,
        "r_0": 1.33473,
        "r_A": 0.685114,
        "a_0": 0.739625,
        "a_A": 0.000371306
    },
    "KDCoulomb": {
        "r_C_0": 1.27761,
        "r_C_A": 0.265785,
        "r_C_A2": 35.1816
    },
    "KDRealSpinOrbit": {
        "V1_0": 3.68119,
        "V1_A": 0.00687727,
        "V2_0": 0.0012241,
        "r_0": 1.16386,
        "r_A": 0.47501,
        "a_0": 0.61617
    },
    "KDImagSpinOrbit": {
        "W1_0": -0.929398,
        "W2_0": 506.937
    },
    "KDImagVolume": {
        "W1_0_n": 20.2825,
        "W1_A_n": 0.00527331,
        "W1_0_p": 12.4237,
        "W1_A_p": 0.0826009,
        "W2_0": 62.9693,
        "W2_A": 0.502488
    },
    "KDImagSurface": {
        "D1_0": 16.779,
        "D1_asymm": 19.6042,
        "D2_0": 0.0225126,
        "D2_A": 0.00629499,
        "D2_A2": 5.36058,
        "D2_A3": -45.5554,
        "D3_0": 8.59455,
        "r_0": 1.47465,
        "r_A": 0.0649558,
        "a_0_n": 0.504766,
        "a_A_n": -0.00081918,
        "a_0_p": 0.383135,
        "a_A_p": 0.00282748
    }
}