{
    "ECS_p": 0.253686,
    "ECS_n": 0.248477,
    "APower_p": 0.708086,
    "APower_n": 0.754837,
    "RCS_p": 0.0358406,
    "TCS_n": 0.0519282
}