{
    "KDHartreeFock": {
        "V1_0": 60.4377,
        "V1_asymm": 7.07438,
        "V1_A": 0.0369519,
        "V2_0_n": 0.00573971,
        "V2_A_n": -5.0484e-06,
        "V3_0_n": 1.39528e-05,
        "V3_A_n": 8.56523e-09,
        "V2_0_p": 0.0075448,
        "V2_A_p": -2.16311e-06,
        "V3_0_p": 2.07772e-05,
        "V3_A_p": -2.70643e-08,
        "V4_0": 8.44867e-09,
        "r_0": 1.31457,
        "r_A": 0.571522,
        "a_0": 0.694743,
        "a_A": -0.000112118
    },
    "KDCoulomb": {
        "r_C_0": 1.28343,
        "r_C_A": 1.42118,
        "r_C_A2": 7.00865
    },
    "KDRealSpinOrbit": {
        "V1_0": 3.39727,
        "V1_A": 0.0132865,
        "V2_0": 0.00258861,
        "r_0": 1.26118,
        "r_A": 0.816472,
        "a_0": 0.540098
    },
    "KDImagSpinOrbit": {
        "W1_0": -1.11925,
        "W2_0": 116.651
    },
    "KDImagVolume": {
        "W1_0_n": 21.0508,
        "W1_A_n": -0.0430654,
        "W1_0_p": 23.785,
        "W1_A_p": -0.0440468,
        "W2_0": 147.842,
        "W2_A": -0.509828
    },
    "KDImagSurface": {
        "D1_0": 20.2729,
        "D1_asymm": 11.9791,
        "D2_0": -0.0521063,
        "D2_A": 0.0805419,
        "D2_A2": 15.1796,
        "D2_A3": 302.408,
        "D3_0": 12.4338,
        "r_0": 1.41586,
        "r_A": 0.0272007,
        "a_0_n": 0.573113,
        "a_A_n": 0.000518029,
        "a_0_p": 0.500906,
        "a_A_p": 0.000356807
    }
}