{
    "ECS_p": 0.588644,
    "ECS_n": 0.355434,
    "APower_p": 0.865148,
    "APower_n": 0.571096,
    "RCS_p": 0.0429076,
    "TCS_n": 0.0286764
}