{
    "KDHartreeFock": {
        "V1_0": 56.7609,
        "V1_asymm": 14.3178,
        "V1_A": 0.0281211,
        "V2_0_n": 0.00631264,
        "V2_A_n": 6.72204e-06,
        "V3_0_n": 6.9059e-06,
        "V3_A_n": 1.23243e-08,
        "V2_0_p": 0.00632891,
        "V2_A_p": 1.32268e-05,
        "V3_0_p": 6.68348e-06,
        "V3_A_p": 8.56137e-08,
        "V4_0": -9.85757e-09,
        "r_0": 1.32325,
        "r_A": 0.451518,
        "a_0": 0.62492,
        "a_A": -0.000500971
    },
    "KDCoulomb": {
        "r_C_0": 1.28842,
        "r_C_A": 1.12052,
        "r_C_A2": -0.754618
    },
    "KDRealSpinOrbit": {
        "V1_0": 4.89031,
        "V1_A": 0.0262376,
        "V2_0": 0.00862205,
        "r_0": 1.26485,
        "r_A": 0.649603,
        "a_0": 0.560062
    },
    "KDImagSpinOrbit": {
        "W1_0": -4.30723,
        "W2_0": 230.957
    },
    "KDImagVolume": {
        "W1_0_n": 25.6234,
        "W1_A_n": -0.0104428,
        "W1_0_p": 14.3973,
        "W1_A_p": 0.0518624,
        "W2_0": 95.7177,
        "W2_A": 0.540402
    },
    "KDImagSurface": {
        "D1_0": 29.0732,
        "D1_asymm": 9.70121,
        "D2_0": 0.0155586,
        "D2_A": 0.0124501,
        "D2_A2": 26.7213,
        "D2_A3": 179.111,
        "D3_0": 25.0037,
        "r_0": 1.49918,
        "r_A": 0.0567622,
        "a_0_n": 0.598732,
        "a_A_n": -0.00039522,
        "a_0_p": 0.441763,
        "a_A_p": 0.00206478
    }
}