{
    "ECS_p": 0.319953,
    "ECS_n": 0.211957,
    "APower_p": 0.770132,
    "APower_n": 0.604061,
    "RCS_p": 0.036302,
    "TCS_n": 0.047526
}