{
    "KDHartreeFock": {
        "V1_0": 58.245,
        "V1_asymm": 21.7066,
        "V1_A": 0.0218474,
        "V2_0_n": 0.00724727,
        "V2_A_n": 1.47408e-05,
        "V3_0_n": 2.4326e-05,
        "V3_A_n": 6.99723e-08,
        "V2_0_p": 0.00789763,
        "V2_A_p": 3.22563e-06,
        "V3_0_p": 3.02308e-05,
        "V3_A_p": 3.06432e-08,
        "V4_0": 3.73593e-08,
        "r_0": 1.19149,
        "r_A": 0.0354542,
        "a_0": 0.657967,
        "a_A": -0.000567401
    },
    "KDCoulomb": {
        "r_C_0": 1.14499,
        "r_C_A": 0.732547,
        "r_C_A2": 14.7952
    },
    "KDRealSpinOrbit": {
        "V1_0": 7.25864,
        "V1_A": 0.0162307,
        "V2_0": 0.0181452,
        "r_0": 1.24157,
        "r_A": 0.625292,
        "a_0": 0.53324
    },
    "KDImagSpinOrbit": {
        "W1_0": -5.84044,
        "W2_0": 299.683
    },
    "KDImagVolume": {
        "W1_0_n": 17.3867,
        "W1_A_n": 0.0652619,
        "W1_0_p": 19.8548,
        "W1_A_p": 0.0180845,
        "W2_0": 107.861,
        "W2_A": 0.109789
    },
    "KDImagSurface": {
        "D1_0": 20.7676,
        "D1_asymm": 21.6818,
        "D2_0": 0.0297843,
        "D2_A": 0.00370546,
        "D2_A2": -1.45318,
        "D2_A3": 159.004,
        "D3_0": 18.0534,
        "r_0": 1.39461,
        "r_A": 0.0168711,
        "a_0_n": 0.574531,
        "a_A_n": -0.000525462,
        "a_0_p": 0.454699,
        "a_A_p": 0.00214414
    }
}