{
    "ECS_p": 0.328353,
    "ECS_n": 0.1674,
    "APower_p": 0.270431,
    "APower_n": 0.250903,
    "RCS_p": 0.0330047,
    "TCS_n": 0.0305489
}