{
    "KDHartreeFock": {
        "V1_0": 58.1288,
        "V1_asymm": 12.7776,
        "V1_A": 0.0333542,
        "V2_0_n": 0.00485272,
        "V2_A_n": -4.96675e-06,
        "V3_0_n": -1.61428e-06,
        "V3_A_n": -2.44778e-08,
        "V2_0_p": 0.00674759,
        "V2_A_p": 5.62312e-06,
        "V3_0_p": 1.5307e-05,
        "V3_A_p": -3.34703e-09,
        "V4_0": -1.79979e-08,
        "r_0": 1.36796,
        "r_A": 0.726548,
        "a_0": 0.710047,
        "a_A": 0.000426359
    },
    "KDCoulomb": {
        "r_C_0": 1.13088,
        "r_C_A": 1.34906,
        "r_C_A2": 41.125
    },
    "KDRealSpinOrbit": {
        "V1_0": 5.58401,
        "V1_A": 0.0111842,
        "V2_0": 0.00741273,
        "r_0": 1.21108,
        "r_A": 0.588558,
        "a_0": 0.525433
    },
    "KDImagSpinOrbit": {
        "W1_0": -4.20259,
        "W2_0": 181.199
    },
    "KDImagVolume": {
        "W1_0_n": 25.791,
        "W1_A_n": -0.0289055,
        "W1_0_p": 23.7269,
        "W1_A_p": -0.011902,
        "W2_0": 114.112,
        "W2_A": -0.119897
    },
    "KDImagSurface": {
        "D1_0": 20.3608,
        "D1_asymm": 6.60245,
        "D2_0": 0.0277157,
        "D2_A": 0.00352761,
        "D2_A2": 3.15059,
        "D2_A3": -94.2501,
        "D3_0": 16.8991,
        "r_0": 1.33067,
        "r_A": 0.0116362,
        "a_0_n": 0.575245,
        "a_A_n": 0.000549096,
        "a_0_p": 0.531333,
        "a_A_p": 0.00108833
    }
}