{
    "ECS_p": 0.55989,
    "ECS_n": 0.374112,
    "APower_p": 0.688471,
    "APower_n": 0.73194,
    "RCS_p": 0.0531667,
    "TCS_n": 0.0307223
}