{
    "KDHartreeFock": {
        "V1_0": 57.1706,
        "V1_asymm": 18.8967,
        "V1_A": 0.0215811,
        "V2_0_n": 0.00643766,
        "V2_A_n": 4.22927e-07,
        "V3_0_n": 1.50775e-05,
        "V3_A_n": 1.10597e-08,
        "V2_0_p": 0.00875901,
        "V2_A_p": -3.26473e-06,
        "V3_0_p": 3.03008e-05,
        "V3_A_p": -3.56977e-08,
        "V4_0": 1.40648e-08,
        "r_0": 1.29819,
        "r_A": 0.391913,
        "a_0": 0.689729,
        "a_A": 6.2439e-06
    },
    "KDCoulomb": {
        "r_C_0": 1.33533,
        "r_C_A": -0.406039,
        "r_C_A2": 32.9159
    },
    "KDRealSpinOrbit": {
        "V1_0": 4.32137,
        "V1_A": -0.000981534,
        "V2_0": 0.00361561,
        "r_0": 1.20868,
        "r_A": 0.680782,
        "a_0": 0.560208
    },
    "KDImagSpinOrbit": {
        "W1_0": -6.25093,
        "W2_0": 297.227
    },
    "KDImagVolume": {
        "W1_0_n": 22.8607,
        "W1_A_n": -0.000111237,
        "W1_0_p": 21.8932,
        "W1_A_p": 0.0206067,
        "W2_0": 133.963,
        "W2_A": -0.0820848
    },
    "KDImagSurface": {
        "D1_0": 21.6536,
        "D1_asymm": 13.6795,
        "D2_0": 0.0280001,
        "D2_A": 0.00684429,
        "D2_A2": 8.4386,
        "D2_A3": -90.4506,
        "D3_0": 16.034,
        "r_0": 1.24823,
        "r_A": 0.00473999,
        "a_0_n": 0.568833,
        "a_A_n": -0.000337731,
        "a_0_p": 0.538779,
        "a_A_p": 0.000843341
    }
}