{
    "ECS_p": 0.399738,
    "ECS_n": 0.313831,
    "APower_p": 0.616233,
    "APower_n": 0.637993,
    "RCS_p": 0.0434231,
    "TCS_n": 0.0226007
}