{
    "KDHartreeFock": {
        "V1_0": 55.8541,
        "V1_asymm": 21.5112,
        "V1_A": 0.0144027,
        "V2_0_n": 0.00529793,
        "V2_A_n": 4.38477e-06,
        "V3_0_n": 2.76135e-06,
        "V3_A_n": 1.67664e-08,
        "V2_0_p": 0.00715077,
        "V2_A_p": 7.91635e-06,
        "V3_0_p": 1.07983e-05,
        "V3_A_p": 9.42013e-08,
        "V4_0": -9.61746e-09,
        "r_0": 1.26426,
        "r_A": 0.263804,
        "a_0": 0.676575,
        "a_A": -0.000313301
    },
    "KDCoulomb": {
        "r_C_0": 1.2156,
        "r_C_A": 0.817519,
        "r_C_A2": 24.5926
    },
    "KDRealSpinOrbit": {
        "V1_0": 6.70499,
        "V1_A": 0.00450399,
        "V2_0": 0.0122561,
        "r_0": 1.27766,
        "r_A": 0.777924,
        "a_0": 0.525269
    },
    "KDImagSpinOrbit": {
        "W1_0": -4.96003,
        "W2_0": 318.72
    },
    "KDImagVolume": {
        "W1_0_n": 18.6382,
        "W1_A_n": 0.0189192,
        "W1_0_p": 13.0537,
        "W1_A_p": 0.0190302,
        "W2_0": 56.999,
        "W2_A": 0.328187
    },
    "KDImagSurface": {
        "D1_0": 22.5848,
        "D1_asymm": 31.2152,
        "D2_0": 0.0221036,
        "D2_A": 0.018342,
        "D2_A2": 4.7249,
        "D2_A3": 99.3647,
        "D3_0": 15.3775,
        "r_0": 1.46523,
        "r_A": 0.036496,
        "a_0_n": 0.538724,
        "a_A_n": 0.000477604,
        "a_0_p": 0.50968,
        "a_A_p": 0.00102498
    }
}