{
    "ECS_p": 0.380511,
    "ECS_n": 0.217518,
    "APower_p": 0.661887,
    "APower_n": 0.618173,
    "RCS_p": 0.0432416,
    "TCS_n": 0.0502058
}