{
    "KDHartreeFock": {
        "V1_0": 54.9786,
        "V1_asymm": 4.69371,
        "V1_A": 0.0241058,
        "V2_0_n": 0.0071956,
        "V2_A_n": -5.13527e-07,
        "V3_0_n": 1.96389e-05,
        "V3_A_n": -1.98248e-08,
        "V2_0_p": 0.00679641,
        "V2_A_p": 7.30599e-06,
        "V3_0_p": 2.02294e-05,
        "V3_A_p": 5.39836e-08,
        "V4_0": 2.26136e-08,
        "r_0": 1.33348,
        "r_A": 0.4309,
        "a_0": 0.667542,
        "a_A": 0.00031703
    },
    "KDCoulomb": {
        "r_C_0": 1.02925,
        "r_C_A": 1.35356,
        "r_C_A2": 36.3938
    },
    "KDRealSpinOrbit": {
        "V1_0": 7.54903,
        "V1_A": -0.0169259,
        "V2_0": 0.0054094,
        "r_0": 1.14124,
        "r_A": 0.555429,
        "a_0": 0.593861
    },
    "KDImagSpinOrbit": {
        "W1_0": -4.219,
        "W2_0": 325.901
    },
    "KDImagVolume": {
        "W1_0_n": 18.8408,
        "W1_A_n": -0.0529811,
        "W1_0_p": 19.4889,
        "W1_A_p": -0.0240595,
        "W2_0": 99.2231,
        "W2_A": -0.361918
    },
    "KDImagSurface": {
        "D1_0": 31.6618,
        "D1_asymm": 19.6486,
        "D2_0": 0.0688605,
        "D2_A": -0.0280749,
        "D2_A2": 4.6434,
        "D2_A3": 184.101,
        "D3_0": 24.8199,
        "r_0": 1.494,
        "r_A": 0.0407848,
        "a_0_n": 0.53096,
        "a_A_n": -0.000214451,
        "a_0_p": 0.416655,
        "a_A_p": 0.00206541
    }
}