{
    "ECS_p": 0.334202,
    "ECS_n": 0.245061,
    "APower_p": 0.477979,
    "APower_n": 0.137673,
    "RCS_p": 0.0115898,
    "TCS_n": 0.0231707
}