{
    "KDHartreeFock": {
        "V1_0": 57.4815,
        "V1_asymm": 18.4627,
        "V1_A": 0.0228632,
        "V2_0_n": 0.00498509,
        "V2_A_n": -7.21208e-07,
        "V3_0_n": -2.23064e-06,
        "V3_A_n": -9.75375e-09,
        "V2_0_p": 0.00522263,
        "V2_A_p": 1.51604e-05,
        "V3_0_p": 2.34221e-06,
        "V3_A_p": 6.72997e-08,
        "V4_0": -3.02311e-08,
        "r_0": 1.29912,
        "r_A": 0.441776,
        "a_0": 0.688321,
        "a_A": 0.000120011
    },
    "KDCoulomb": {
        "r_C_0": 1.06506,
        "r_C_A": 0.798202,
        "r_C_A2": 16.2235
    },
    "KDRealSpinOrbit": {
        "V1_0": 4.35508,
        "V1_A": 0.00667056,
        "V2_0": 0.0014496,
        "r_0": 1.1133,
        "r_A": 0.472365,
        "a_0": 0.633601
    },
    "KDImagSpinOrbit": {
        "W1_0": -4.50177,
        "W2_0": 203.667
    },
    "KDImagVolume": {
        "W1_0_n": 23.8222,
        "W1_A_n": -0.0463667,
        "W1_0_p": 24.5371,
        "W1_A_p": 0.0245513,
        "W2_0": 119.783,
        "W2_A": -0.197156
    },
    "KDImagSurface": {
        "D1_0": 31.2877,
        "D1_asymm": 35.0236,
        "D2_0": 0.0825821,
        "D2_A": -0.0414681,
        "D2_A2": 20.7518,
        "D2_A3": 373.269,
        "D3_0": 18.1308,
        "r_0": 1.3736,
        "r_A": 0.0249704,
        "a_0_n": 0.582184,
        "a_A_n": -0.000130723,
        "a_0_p": 0.47605,
        "a_A_p": 0.00152097
    }
}