{
    "ECS_p": 0.573209,
    "ECS_n": 0.310255,
    "APower_p": 0.836898,
    "APower_n": 0.710136,
    "RCS_p": 0.0122144,
    "TCS_n": 0.0362856
}