{
    "KDHartreeFock": {
        "V1_0": 57.3134,
        "V1_asymm": 22.6694,
        "V1_A": 0.0260002,
        "V2_0_n": 0.00578474,
        "V2_A_n": 1.15906e-05,
        "V3_0_n": 2.15328e-06,
        "V3_A_n": 8.14548e-08,
        "V2_0_p": 0.00415927,
        "V2_A_p": 1.81478e-05,
        "V3_0_p": -5.75644e-06,
        "V3_A_p": 1.07976e-07,
        "V4_0": -3.98259e-08,
        "r_0": 1.26652,
        "r_A": 0.349236,
        "a_0": 0.601272,
        "a_A": -0.0011279
    },
    "KDCoulomb": {
        "r_C_0": 1.30533,
        "r_C_A": 1.24624,
        "r_C_A2": 26.3021
    },
    "KDRealSpinOrbit": {
        "V1_0": 5.1173,
        "V1_A": 0.0357551,
        "V2_0": 0.0157861,
        "r_0": 1.30213,
        "r_A": 0.764519,
        "a_0": 0.55432
    },
    "KDImagSpinOrbit": {
        "W1_0": -5.7529,
        "W2_0": 210.173
    },
    "KDImagVolume": {
        "W1_0_n": 24.16,
        "W1_A_n": 0.031123,
        "W1_0_p": 23.5993,
        "W1_A_p": 0.0241066,
        "W2_0": 130.9,
        "W2_A": 0.0801838
    },
    "KDImagSurface": {
        "D1_0": 16.7995,
        "D1_asymm": 21.1071,
        "D2_0": -0.0118247,
        "D2_A": 0.034118,
        "D2_A2": 0.424639,
        "D2_A3": 396.686,
        "D3_0": 10.3731,
        "r_0": 1.2934,
        "r_A": 0.00804941,
        "a_0_n": 0.626546,
        "a_A_n": 0.000986756,
        "a_0_p": 0.518486,
        "a_A_p": 0.000234009
    }
}