{
    "ECS_p": 0.4906,
    "ECS_n": 0.195592,
    "APower_p": 0.809891,
    "APower_n": 0.792322,
    "RCS_p": 0.0442129,
    "TCS_n": 0.0323965
}