{
    "KDHartreeFock": {
        "V1_0": 56.9863,
        "V1_asymm": 6.29281,
        "V1_A": 0.0218607,
        "V2_0_n": 0.0062403,
        "V2_A_n": 1.70065e-06,
        "V3_0_n": 9.2705e-06,
        "V3_A_n": 9.98996e-09,
        "V2_0_p": 0.00593768,
        "V2_A_p": 1.11562e-05,
        "V3_0_p": 8.86329e-06,
        "V3_A_p": 8.41319e-08,
        "V4_0": -2.92114e-09,
        "r_0": 1.27414,
        "r_A": 0.27136,
        "a_0": 0.646979,
        "a_A": -4.97934e-05
    },
    "KDCoulomb": {
        "r_C_0": 1.23875,
        "r_C_A": -0.0754629,
        "r_C_A2": 20.4546
    },
    "KDRealSpinOrbit": {
        "V1_0": 4.14526,
        "V1_A": 0.0167517,
        "V2_0": 0.00446762,
        "r_0": 1.21371,
        "r_A": 0.831376,
        "a_0": 0.575438
    },
    "KDImagSpinOrbit": {
        "W1_0": -3.87227,
        "W2_0": 277.028
    },
    "KDImagVolume": {
        "W1_0_n": 21.8083,
        "W1_A_n": 0.019416,
        "W1_0_p": 14.0558,
        "W1_A_p": 0.0668303,
        "W2_0": 83.7263,
        "W2_A": 0.414132
    },
    "KDImagSurface": {
        "D1_0": 16.1287,
        "D1_asymm": 23.284,
        "D2_0": -0.0671674,
        "D2_A": 0.0890899,
        "D2_A2": 5.11772,
        "D2_A3": 315.947,
        "D3_0": 12.8846,
        "r_0": 1.32567,
        "r_A": 0.0159099,
        "a_0_n": 0.547351,
        "a_A_n": -0.000491035,
        "a_0_p": 0.480949,
        "a_A_p": 0.00151376
    }
}