{
    "ECS_p": 0.451251,
    "ECS_n": 0.220859,
    "APower_p": 0.785183,
    "APower_n": 0.700734,
    "RCS_p": 0.0451437,
    "TCS_n": 0.057229
}