{
    "KDHartreeFock": {
        "V1_0": 57.3718,
        "V1_asymm": 30.2068,
        "V1_A": 0.00184888,
        "V2_0_n": 0.00663694,
        "V2_A_n": -8.64236e-06,
        "V3_0_n": 2.65197e-05,
        "V3_A_n": -1.09566e-08,
        "V2_0_p": 0.00736586,
        "V2_A_p": 1.8646e-05,
        "V3_0_p": 2.83155e-05,
        "V3_A_p": 1.43386e-07,
        "V4_0": 5.24674e-08,
        "r_0": 1.29036,
        "r_A": 0.404339,
        "a_0": 0.687955,
        "a_A": 0.00049536
    },
    "KDCoulomb": {
        "r_C_0": 1.13642,
        "r_C_A": 0.43725,
        "r_C_A2": 2.73435
    },
    "KDRealSpinOrbit": {
        "V1_0": 6.55806,
        "V1_A": -0.0274607,
        "V2_0": 0.00479751,
        "r_0": 1.1061,
        "r_A": 0.401681,
        "a_0": 0.585193
    },
    "KDImagSpinOrbit": {
        "W1_0": -2.8356,
        "W2_0": 177.272
    },
    "KDImagVolume": {
        "W1_0_n": 20.9584,
        "W1_A_n": 0.061177,
        "W1_0_p": 16.9639,
        "W1_A_p": 0.0863727,
        "W2_0": 102.048,
        "W2_A": 0.515945
    },
    "KDImagSurface": {
        "D1_0": 20.9188,
        "D1_asymm": 4.12534,
        "D2_0": -0.00343566,
        "D2_A": 0.0270283,
        "D2_A2": 14.9911,
        "D2_A3": 453.324,
        "D3_0": 19.6542,
        "r_0": 1.3623,
        "r_A": 0.0225611,
        "a_0_n": 0.59801,
        "a_A_n": -0.000193134,
        "a_0_p": 0.429969,
        "a_A_p": 0.00259442
    }
}