{
    "ECS_p": 0.420772,
    "ECS_n": 0.385701,
    "APower_p": 0.941463,
    "APower_n": 0.522807,
    "RCS_p": 0.0360506,
    "TCS_n": 0.0256976
}