{
    "KDHartreeFock": {
        "V1_0": 55.4044,
        "V1_asymm": 23.6103,
        "V1_A": 0.00843857,
        "V2_0_n": 0.00414201,
        "V2_A_n": 7.40804e-06,
        "V3_0_n": -1.33839e-05,
        "V3_A_n": 5.03707e-08,
        "V2_0_p": 0.00544743,
        "V2_A_p": 1.32293e-05,
        "V3_0_p": -7.18899e-06,
        "V3_A_p": 9.51734e-08,
        "V4_0": -6.19291e-08,
        "r_0": 1.29872,
        "r_A": 0.401768,
        "a_0": 0.709316,
        "a_A": 0.000231204
    },
    "KDCoulomb": {
        "r_C_0": 1.00562,
        "r_C_A": 1.35741,
        "r_C_A2": 8.30493
    },
    "KDRealSpinOrbit": {
        "V1_0": 5.46127,
        "V1_A": -0.0160296,
        "V2_0": 0.00247397,
        "r_0": 1.28144,
        "r_A": 0.83254,
        "a_0": 0.566711
    },
    "KDImagSpinOrbit": {
        "W1_0": -2.46404,
        "W2_0": 161.097
    },
    "KDImagVolume": {
        "W1_0_n": 18.3809,
        "W1_A_n": 0.0161823,
        "W1_0_p": 18.9352,
        "W1_A_p": -0.0340205,
        "W2_0": 89.5609,
        "W2_A": -0.176754
    },
    "KDImagSurface": {
        "D1_0": 17.4431,
        "D1_asymm": 22.6795,
        "D2_0": 0.0373698,
        "D2_A": -0.00751335,
        "D2_A2": 12.7219,
        "D2_A3": 264.658,
        "D3_0": 9.10353,
        "r_0": 1.4482,
        "r_A": 0.050158,
        "a_0_n": 0.562689,
        "a_A_n": -0.000304948,
        "a_0_p": 0.418886,
        "a_A_p": 0.00212213
    }
}