{
    "ECS_p": 0.251077,
    "ECS_n": 0.197167,
    "APower_p": 0.382437,
    "APower_n": 0.189192,
    "RCS_p": 0.0156343,
    "TCS_n": 0.0285653
}