{
    "KDHartreeFock": {
        "V1_0": 60.4661,
        "V1_asymm": 14.7476,
        "V1_A": 0.0279751,
        "V2_0_n": 0.00672517,
        "V2_A_n": -3.25243e-06,
        "V3_0_n": 1.47315e-05,
        "V3_A_n": -2.59938e-08,
        "V2_0_p": 0.00773931,
        "V2_A_p": -2.82813e-06,
        "V3_0_p": 2.2713e-05,
        "V3_A_p": -2.00682e-08,
        "V4_0": 1.44431e-08,
        "r_0": 1.25067,
        "r_A": 0.310414,
        "a_0": 0.683906,
        "a_A": -4.29896e-05
    },
    "KDCoulomb": {
        "r_C_0": 0.961601,
        "r_C_A": 0.695722,
        "r_C_A2": 22.9833
    },
    "KDRealSpinOrbit": {
        "V1_0": 6.24687,
        "V1_A": 0.00587346,
        "V2_0": 0.00739641,
        "r_0": 1.16868,
        "r_A": 0.611369,
        "a_0": 0.612847
    },
    "KDImagSpinOrbit": {
        "W1_0": -4.11238,
        "W2_0": 119.569
    },
    "KDImagVolume": {
        "W1_0_n": 28.0027,
        "W1_A_n": -0.00621607,
        "W1_0_p": 20.9239,
        "W1_A_p": 0.120723,
        "W2_0": 143.2,
        "W2_A": 0.0472875
    },
    "KDImagSurface": {
        "D1_0": 15.5494,
        "D1_asymm": 3.84649,
        "D2_0": 0.0296328,
        "D2_A": -0.0106068,
        "D2_A2": -0.129863,
        "D2_A3": -92.2821,
        "D3_0": 15.2273,
        "r_0": 1.34279,
        "r_A": 0.0105981,
        "a_0_n": 0.549848,
        "a_A_n": -0.000309546,
        "a_0_p": 0.480475,
        "a_A_p": 0.000903482
    }
}