{
    "ECS_p": 0.36556,
    "ECS_n": 0.152374,
    "APower_p": 0.33527,
    "APower_n": 0.222651,
    "RCS_p": 0.0122056,
    "TCS_n": 0.0280953
}