{
    "KDHartreeFock": {
        "V1_0": 57.7531,
        "V1_asymm": 4.42232,
        "V1_A": 0.0268778,
        "V2_0_n": 0.00580058,
        "V2_A_n": -3.19132e-06,
        "V3_0_n": 8.51399e-06,
        "V3_A_n": -2.20734e-08,
        "V2_0_p": 0.00599679,
        "V2_A_p": -5.59337e-06,
        "V3_0_p": 4.80898e-06,
        "V3_A_p": 3.04972e-08,
        "V4_0": -5.71592e-09,
        "r_0": 1.26076,
        "r_A": 0.324027,
        "a_0": 0.696602,
        "a_A": -6.00813e-05
    },
    "KDCoulomb": {
        "r_C_0": 1.12474,
        "r_C_A": 0.480052,
        "r_C_A2": 32.4522
    },
    "KDRealSpinOrbit": {
        "V1_0": 6.89838,
        "V1_A": -0.00266499,
        "V2_0": 0.00975849,
        "r_0": 1.10601,
        "r_A": 0.261367,
        "a_0": 0.594692
    },
    "KDImagSpinOrbit": {
        "W1_0": -3.19136,
        "W2_0": 160.845
    },
    "KDImagVolume": {
        "W1_0_n": 28.6499,
        "W1_A_n": -0.0812041,
        "W1_0_p": 28.9208,
        "W1_A_p": -0.0549527,
        "W2_0": 170.045,
        "W2_A": -0.569027
    },
    "KDImagSurface": {
        "D1_0": 17.9848,
        "D1_asymm": -11.8497,
        "D2_0": 0.0490011,
        "D2_A": -0.0265401,
        "D2_A2": 13.928,
        "D2_A3": 216.825,
        "D3_0": 14.514,
        "r_0": 1.22504,
        "r_A": -0.00610397,
        "a_0_n": 0.507599,
        "a_A_n": 0.000231841,
        "a_0_p": 0.560572,
        "a_A_p": 0.00111794
    }
}