{
    "ECS_p": 0.391677,
    "ECS_n": 0.350999,
    "APower_p": 0.813032,
    "APower_n": 0.775588,
    "RCS_p": 0.0209657,
    "TCS_n": 0.0311297
}