{
    "KDHartreeFock": {
        "V1_0": 61.9053,
        "V1_asymm": 21.844,
        "V1_A": 0.0202973,
        "V2_0_n": 0.00677988,
        "V2_A_n": 4.81272e-06,
        "V3_0_n": 1.95446e-05,
        "V3_A_n": 3.02946e-08,
        "V2_0_p": 0.00928726,
        "V2_A_p": -4.84929e-06,
        "V3_0_p": 2.66873e-05,
        "V3_A_p": 2.75858e-08,
        "V4_0": 1.12682e-08,
        "r_0": 1.2118,
        "r_A": 0.199964,
        "a_0": 0.604838,
        "a_A": -0.000646216
    },
    "KDCoulomb": {
        "r_C_0": 1.06062,
        "r_C_A": -0.173397,
        "r_C_A2": 4.15268
    },
    "KDRealSpinOrbit": {
        "V1_0": 5.63562,
        "V1_A": -0.0172191,
        "V2_0": 0.00412111,
        "r_0": 1.1973,
        "r_A": 0.621097,
        "a_0": 0.572571
    },
    "KDImagSpinOrbit": {
        "W1_0": -5.13265,
        "W2_0": 514.997
    },
    "KDImagVolume": {
        "W1_0_n": 17.4893,
        "W1_A_n": -0.00709005,
        "W1_0_p": 18.7383,
        "W1_A_p": 0.0599508,
        "W2_0": 89.4051,
        "W2_A": 0.14727
    },
    "KDImagSurface": {
        "D1_0": 31.3916,
        "D1_asymm": 30.341,
        "D2_0": 0.0293346,
        "D2_A": 0.00935987,
        "D2_A2": 18.4849,
        "D2_A3": 352.43,
        "D3_0": 19.7839,
        "r_0": 1.46354,
        "r_A": 0.0515593,
        "a_0_n": 0.505543,
        "a_A_n": -0.00121521,
        "a_0_p": 0.476377,
        "a_A_p": 0.00209733
    }
}