{
    "ECS_p": 0.34034,
    "ECS_n": 0.300883,
    "APower_p": 0.76999,
    "APower_n": 0.74546,
    "RCS_p": 0.0549544,
    "TCS_n": 0.0402993
}