{
    "KDHartreeFock": {
        "V1_0": 61.358,
        "V1_asymm": 18.6332,
        "V1_A": 0.0235634,
        "V2_0_n": 0.00681132,
        "V2_A_n": -6.95001e-06,
        "V3_0_n": 2.08899e-05,
        "V3_A_n": -4.14498e-08,
        "V2_0_p": 0.00911989,
        "V2_A_p": 2.93126e-06,
        "V3_0_p": 3.24983e-05,
        "V3_A_p": 9.75608e-08,
        "V4_0": 4.17998e-08,
        "r_0": 1.29577,
        "r_A": 0.444993,
        "a_0": 0.65145,
        "a_A": -0.0002117
    },
    "KDCoulomb": {
        "r_C_0": 1.31479,
        "r_C_A": 0.666127,
        "r_C_A2": 25.7958
    },
    "KDRealSpinOrbit": {
        "V1_0": 4.13591,
        "V1_A": -0.0180456,
        "V2_0": 0.000930193,
        "r_0": 1.0866,
        "r_A": 0.195507,
        "a_0": 0.56906
    },
    "KDImagSpinOrbit": {
        "W1_0": -1.8005,
        "W2_0": 424.427
    },
    "KDImagVolume": {
        "W1_0_n": 20.3106,
        "W1_A_n": 0.00917591,
        "W1_0_p": 12.359,
        "W1_A_p": 0.142319,
        "W2_0": 51.6608,
        "W2_A": 0.569219
    },
    "KDImagSurface": {
        "D1_0": 33.9299,
        "D1_asymm": 7.31517,
        "D2_0": 0.0827466,
        "D2_A": -0.0421294,
        "D2_A2": 6.6402,
        "D2_A3": 296.867,
        "D3_0": 20.7541,
        "r_0": 1.2601,
        "r_A": -0.000278351,
        "a_0_n": 0.472434,
        "a_A_n": -0.000629458,
        "a_0_p": 0.462266,
        "a_A_p": 0.00150351
    }
}