{
    "ECS_p": 0.301202,
    "ECS_n": 0.174641,
    "APower_p": 0.344832,
    "APower_n": 0.237425,
    "RCS_p": 0.0216219,
    "TCS_n": 0.0145773
}