{
    "KDHartreeFock": {
        "V1_0": 59.5009,
        "V1_asymm": 15.5378,
        "V1_A": 0.0264288,
        "V2_0_n": 0.00611121,
        "V2_A_n": -2.48411e-06,
        "V3_0_n": 1.13948e-05,
        "V3_A_n": -1.22365e-08,
        "V2_0_p": 0.0078274,
        "V2_A_p": 9.92203e-07,
        "V3_0_p": 2.38634e-05,
        "V3_A_p": -2.89109e-08,
        "V4_0": -4.06071e-10,
        "r_0": 1.3213,
        "r_A": 0.605698,
        "a_0": 0.713183,
        "a_A": 0.000125858
    },
    "KDCoulomb": {
        "r_C_0": 1.09537,
        "r_C_A": 1.50879,
        "r_C_A2": 11.3362
    },
    "KDRealSpinOrbit": {
        "V1_0": 4.47619,
        "V1_A": 0.0137855,
        "V2_0": 0.00363383,
        "r_0": 1.22958,
        "r_A": 0.824912,
        "a_0": 0.590279
    },
    "KDImagSpinOrbit": {
        "W1_0": -4.37856,
        "W2_0": 348.03
    },
    "KDImagVolume": {
        "W1_0_n": 20.5903,
        "W1_A_n": -0.0354582,
        "W1_0_p": 23.7354,
        "W1_A_p": -0.0115363,
        "W2_0": 102.092,
        "W2_A": -0.114252
    },
    "KDImagSurface": {
        "D1_0": 20.0837,
        "D1_asymm": 2.19414,
        "D2_0": -0.0269586,
        "D2_A": 0.0589579,
        "D2_A2": 3.44042,
        "D2_A3": 279.32,
        "D3_0": 15.0943,
        "r_0": 1.41389,
        "r_A": 0.0298475,
        "a_0_n": 0.535705,
        "a_A_n": -0.000181769,
        "a_0_p": 0.540206,
        "a_A_p": 0.00150959
    }
}