{
    "ECS_p": 0.3617,
    "ECS_n": 0.328604,
    "APower_p": 0.766875,
    "APower_n": 0.575886,
    "RCS_p": 0.057656,
    "TCS_n": 0.0279792
}