{
    "KDHartreeFock": {
        "V1_0": 60.8347,
        "V1_asymm": 18.7419,
        "V1_A": 0.0266135,
        "V2_0_n": 0.00662312,
        "V2_A_n": -3.94595e-06,
        "V3_0_n": 2.11631e-05,
        "V3_A_n": -5.82273e-09,
        "V2_0_p": 0.00849706,
        "V2_A_p": 1.8105e-06,
        "V3_0_p": 2.98168e-05,
        "V3_A_p": -3.49516e-09,
        "V4_0": 3.40484e-08,
        "r_0": 1.22774,
        "r_A": 0.241397,
        "a_0": 0.630133,
        "a_A": -0.000806296
    },
    "KDCoulomb": {
        "r_C_0": 1.46841,
        "r_C_A": 0.11173,
        "r_C_A2": 14.5701
    },
    "KDRealSpinOrbit": {
        "V1_0": 3.72789,
        "V1_A": 0.00136543,
        "V2_0": 1.64229e-05,
        "r_0": 1.19447,
        "r_A": 0.675083,
        "a_0": 0.587331
    },
    "KDImagSpinOrbit": {
        "W1_0": -3.63861,
        "W2_0": 268.047
    },
    "KDImagVolume": {
        "W1_0_n": 22.6298,
        "W1_A_n": -0.015315,
        "W1_0_p": 20.6245,
        "W1_A_p": 0.0858338,
        "W2_0": 126.177,
        "W2_A": 0.0839141
    },
    "KDImagSurface": {
        "D1_0": 26.5308,
        "D1_asymm": 17.9367,
        "D2_0": -0.0114502,
        "D2_A": 0.045787,
        "D2_A2": 18.558,
        "D2_A3": 334.874,
        "D3_0": 16.5094,
        "r_0": 1.32718,
        "r_A": 0.00767561,
        "a_0_n": 0.570216,
        "a_A_n": 0.0003231,
        "a_0_p": 0.488471,
        "a_A_p": 0.00160973
    }
}