{
    "ECS_p": 0.283461,
    "ECS_n": 0.138287,
    "APower_p": 0.329322,
    "APower_n": 0.111056,
    "RCS_p": 0.0137483,
    "TCS_n": 0.0165843
}