{
    "KDHartreeFock": {
        "V1_0": 60.2304,
        "V1_asymm": 13.2757,
        "V1_A": 0.0218333,
        "V2_0_n": 0.00659263,
        "V2_A_n": -7.19407e-07,
        "V3_0_n": 1.81509e-05,
        "V3_A_n": 6.20744e-09,
        "V2_0_p": 0.00629157,
        "V2_A_p": 1.225e-06,
        "V3_0_p": 1.67519e-05,
        "V3_A_p": -5.59327e-09,
        "V4_0": 2.39916e-08,
        "r_0": 1.23551,
        "r_A": 0.334812,
        "a_0": 0.681828,
        "a_A": -0.000260357
    },
    "KDCoulomb": {
        "r_C_0": 1.01915,
        "r_C_A": 1.54223,
        "r_C_A2": -9.38099
    },
    "KDRealSpinOrbit": {
        "V1_0": 6.04238,
        "V1_A": 0.00138468,
        "V2_0": 0.00349675,
        "r_0": 1.2453,
        "r_A": 0.789018,
        "a_0": 0.658755
    },
    "KDImagSpinOrbit": {
        "W1_0": -3.89424,
        "W2_0": 351.017
    },
    "KDImagVolume": {
        "W1_0_n": 19.9554,
        "W1_A_n": 0.0640221,
        "W1_0_p": 15.8809,
        "W1_A_p": 0.055725,
        "W2_0": 109.212,
        "W2_A": 0.378412
    },
    "KDImagSurface": {
        "D1_0": 12.2956,
        "D1_asymm": 7.469,
        "D2_0": 0.0565139,
        "D2_A": -0.0409233,
        "D2_A2": 14.3107,
        "D2_A3": 319.492,
        "D3_0": 11.9643,
        "r_0": 1.31252,
        "r_A": 0.00697148,
        "a_0_n": 0.535018,
        "a_A_n": -0.000436664,
        "a_0_p": 0.505569,
        "a_A_p": 0.0022484
    }
}