{
    "ECS_p": 0.266944,
    "ECS_n": 0.198223,
    "APower_p": 0.268108,
    "APower_n": 0.277153,
    "RCS_p": 0.00585116,
    "TCS_n": 0.0369619
}