{
    "KDHartreeFock": {
        "V1_0": 59.2306,
        "V1_asymm": 5.01859,
        "V1_A": 0.0422659,
        "V2_0_n": 0.00652514,
        "V2_A_n": 2.70421e-06,
        "V3_0_n": 1.84218e-05,
        "V3_A_n": 4.52423e-08,
        "V2_0_p": 0.00721766,
        "V2_A_p": 3.61382e-07,
        "V3_0_p": 2.33183e-05,
        "V3_A_p": -2.82557e-08,
        "V4_0": 1.65861e-08,
        "r_0": 1.28282,
        "r_A": 0.409533,
        "a_0": 0.657299,
        "a_A": -0.000550273
    },
    "KDCoulomb": {
        "r_C_0": 1.38599,
        "r_C_A": 1.45884,
        "r_C_A2": 7.679
    },
    "KDRealSpinOrbit": {
        "V1_0": 5.40989,
        "V1_A": -0.00356122,
        "V2_0": 0.00371672,
        "r_0": 1.30195,
        "r_A": 1.11769,
        "a_0": 0.580559
    },
    "KDImagSpinOrbit": {
        "W1_0": -2.92715,
        "W2_0": 97.7393
    },
    "KDImagVolume": {
        "W1_0_n": 21.7212,
        "W1_A_n": 0.0628477,
        "W1_0_p": 30.7078,
        "W1_A_p": 0.0873275,
        "W2_0": 169.553,
        "W2_A": 0.0384067
    },
    "KDImagSurface": {
        "D1_0": 26.9265,
        "D1_asymm": 17.394,
        "D2_0": 0.0141069,
        "D2_A": 0.0170563,
        "D2_A2": 8.49156,
        "D2_A3": 234.623,
        "D3_0": 16.9371,
        "r_0": 1.37261,
        "r_A": 0.0142947,
        "a_0_n": 0.475723,
        "a_A_n": -0.000204536,
        "a_0_p": 0.456771,
        "a_A_p": 0.00140174
    }
}