{
    "ECS_p": 0.229995,
    "ECS_n": 0.249981,
    "APower_p": 0.373211,
    "APower_n": 0.175729,
    "RCS_p": 0.0139099,
    "TCS_n": 0.0310743
}