{
    "KDHartreeFock": {
        "V1_0": 57.8002,
        "V1_asymm": 19.2942,
        "V1_A": 0.0170864,
        "V2_0_n": 0.00674859,
        "V2_A_n": -5.47885e-07,
        "V3_0_n": 1.30417e-05,
        "V3_A_n": -6.44101e-09,
        "V2_0_p": 0.00833985,
        "V2_A_p": -1.79029e-06,
        "V3_0_p": 2.19309e-05,
        "V3_A_p": -2.21154e-08,
        "V4_0": -4.16404e-09,
        "r_0": 1.23337,
        "r_A": 0.105432,
        "a_0": 0.650377,
        "a_A": -0.000336643
    },
    "KDCoulomb": {
        "r_C_0": 1.15457,
        "r_C_A": 2.27793,
        "r_C_A2": 13.0201
    },
    "KDRealSpinOrbit": {
        "V1_0": 4.07716,
        "V1_A": 0.0107862,
        "V2_0": 0.000862742,
        "r_0": 1.12672,
        "r_A": 0.53461,
        "a_0": 0.628012
    },
    "KDImagSpinOrbit": {
        "W1_0": -2.72368,
        "W2_0": 122.607
    },
    "KDImagVolume": {
        "W1_0_n": 20.4486,
        "W1_A_n": -0.0716381,
        "W1_0_p": 16.4194,
        "W1_A_p": 0.0371689,
        "W2_0": 93.6554,
        "W2_A": -0.11412
    },
    "KDImagSurface": {
        "D1_0": 27.3075,
        "D1_asymm": 10.4688,
        "D2_0": 0.0708512,
        "D2_A": -0.0361583,
        "D2_A2": -1.81158,
        "D2_A3": -96.0089,
        "D3_0": 19.6976,
        "r_0": 1.25463,
        "r_A": 0.00119231,
        "a_0_n": 0.531888,
        "a_A_n": -0.000422598,
        "a_0_p": 0.569529,
        "a_A_p": 0.000517088
    }
}