{
    "ECS_p": 0.455841,
    "ECS_n": 0.199852,
    "APower_p": 0.877247,
    "APower_n": 0.580036,
    "RCS_p": 0.0431916,
    "TCS_n": 0.0539482
}