{
    "KDHartreeFock": {
        "V1_0": 56.7945,
        "V1_asymm": 18.3133,
        "V1_A": 0.0213044,
        "V2_0_n": 0.00366062,
        "V2_A_n": 3.76614e-06,
        "V3_0_n": -1.62717e-05,
        "V3_A_n": 2.87677e-08,
        "V2_0_p": 0.0037101,
        "V2_A_p": 1.69435e-05,
        "V3_0_p": -2.07265e-05,
        "V3_A_p": 1.11338e-07,
        "V4_0": -7.12058e-08,
        "r_0": 1.2749,
        "r_A": 0.396479,
        "a_0": 0.712571,
        "a_A": 0.000384998
    },
    "KDCoulomb": {
        "r_C_0": 1.11756,
        "r_C_A": 1.31068,
        "r_C_A2": -9.13065
    },
    "KDRealSpinOrbit": {
        "V1_0": 8.66153,
        "V1_A": -0.035632,
        "V2_0": 0.0118006,
        "r_0": 1.00898,
        "r_A": -0.209585,
        "a_0": 0.515372
    },
    "KDImagSpinOrbit": {
        "W1_0": -0.795495,
        "W2_0": 76.2994
    },
    "KDImagVolume": {
        "W1_0_n": 20.3433,
        "W1_A_n": 0.00737143,
        "W1_0_p": 14.1677,
        "W1_A_p": 0.0987925,
        "W2_0": 107.783,
        "W2_A": -0.21445
    },
    "KDImagSurface": {
        "D1_0": 28.8552,
        "D1_asymm": 10.9592,
        "D2_0": 0.0336836,
        "D2_A": -0.0131709,
        "D2_A2": 18.6125,
        "D2_A3": -71.8618,
        "D3_0": 22.6815,
        "r_0": 1.36425,
        "r_A": 0.0247057,
        "a_0_n": 0.615147,
        "a_A_n": 0.00019228,
        "a_0_p": 0.581752,
        "a_A_p": 5.07628e-05
    }
}