{
    "ECS_p": 0.384701,
    "ECS_n": 0.204847,
    "APower_p": 0.647515,
    "APower_n": 0.444281,
    "RCS_p": 0.0484745,
    "TCS_n": 0.0357415
}