{
    "KDHartreeFock": {
        "V1_0": 57.0577,
        "V1_asymm": 16.9161,
        "V1_A": 0.0277425,
        "V2_0_n": 0.00476572,
        "V2_A_n": -7.71831e-06,
        "V3_0_n": 3.82013e-07,
        "V3_A_n": -1.53328e-08,
        "V2_0_p": 0.00760396,
        "V2_A_p": 9.72845e-06,
        "V3_0_p": 8.18832e-06,
        "V3_A_p": 6.61908e-08,
        "V4_0": -2.38446e-08,
        "r_0": 1.34754,
        "r_A": 0.57788,
        "a_0": 0.631618,
        "a_A": -0.000225194
    },
    "KDCoulomb": {
        "r_C_0": 1.24514,
        "r_C_A": 0.876679,
        "r_C_A2": 12.9522
    },
    "KDRealSpinOrbit": {
        "V1_0": 5.38582,
        "V1_A": -0.00332971,
        "V2_0": 0.000481269,
        "r_0": 1.18179,
        "r_A": 0.552014,
        "a_0": 0.550899
    },
    "KDImagSpinOrbit": {
        "W1_0": -0.121056,
        "W2_0": 51.4665
    },
    "KDImagVolume": {
        "W1_0_n": 14.6095,
        "W1_A_n": 0.0105867,
        "W1_0_p": 16.2242,
        "W1_A_p": 0.0144467,
        "W2_0": 68.4665,
        "W2_A": -0.0886625
    },
    "KDImagSurface": {
        "D1_0": 25.8079,
        "D1_asymm": 19.4541,
        "D2_0": 0.0407951,
        "D2_A": 0.00925921,
        "D2_A2": 13.8338,
        "D2_A3": -26.463,
        "D3_0": 17.2551,
        "r_0": 1.43752,
        "r_A": 0.0347511,
        "a_0_n": 0.549909,
        "a_A_n": 0.000779964,
        "a_0_p": 0.51366,
        "a_A_p": 0.000957719
    }
}