{
    "ECS_p": 0.227084,
    "ECS_n": 0.217027,
    "APower_p": 0.454364,
    "APower_n": 0.203365,
    "RCS_p": 0.0175571,
    "TCS_n": 0.0228632
}