{
    "KDHartreeFock": {
        "V1_0": 55.3327,
        "V1_asymm": 9.65441,
        "V1_A": 0.0132531,
        "V2_0_n": 0.00527853,
        "V2_A_n": -1.48805e-06,
        "V3_0_n": 3.29959e-06,
        "V3_A_n": 5.18303e-09,
        "V2_0_p": 0.00786053,
        "V2_A_p": 4.36424e-07,
        "V3_0_p": 1.74084e-05,
        "V3_A_p": 1.2945e-08,
        "V4_0": -1.95577e-08,
        "r_0": 1.2882,
        "r_A": 0.399946,
        "a_0": 0.682525,
        "a_A": 1.53317e-05
    },
    "KDCoulomb": {
        "r_C_0": 1.22095,
        "r_C_A": 1.51839,
        "r_C_A2": 12.8787
    },
    "KDRealSpinOrbit": {
        "V1_0": 5.51533,
        "V1_A": 0.0148091,
        "V2_0": 0.00929305,
        "r_0": 1.25263,
        "r_A": 0.717287,
        "a_0": 0.570397
    },
    "KDImagSpinOrbit": {
        "W1_0": -4.02683,
        "W2_0": 244.936
    },
    "KDImagVolume": {
        "W1_0_n": 23.956,
        "W1_A_n": -0.00189919,
        "W1_0_p": 10.8269,
        "W1_A_p": 0.0353601,
        "W2_0": 150.425,
        "W2_A": -0.248439
    },
    "KDImagSurface": {
        "D1_0": 9.97591,
        "D1_asymm": 0.17872,
        "D2_0": 0.0136207,
        "D2_A": 0.00217926,
        "D2_A2": 23.4689,
        "D2_A3": 103.341,
        "D3_0": 6.30479,
        "r_0": 1.44721,
        "r_A": 0.0310559,
        "a_0_n": 0.542328,
        "a_A_n": 0.000516121,
        "a_0_p": 0.551685,
        "a_A_p": 0.00156671
    }
}