{
    "ECS_p": 0.285249,
    "ECS_n": 0.28094,
    "APower_p": 0.739103,
    "APower_n": 0.688343,
    "RCS_p": 0.0312805,
    "TCS_n": 0.0415303
}