{
    "KDHartreeFock": {
        "V1_0": 57.1478,
        "V1_asymm": 5.39213,
        "V1_A": 0.0321256,
        "V2_0_n": 0.00749662,
        "V2_A_n": 8.22895e-06,
        "V3_0_n": 1.99221e-05,
        "V3_A_n": 5.88824e-08,
        "V2_0_p": 0.00805732,
        "V2_A_p": -2.41542e-06,
        "V3_0_p": 2.62102e-05,
        "V3_A_p": 2.32403e-09,
        "V4_0": 1.06975e-08,
        "r_0": 1.28286,
        "r_A": 0.271134,
        "a_0": 0.62304,
        "a_A": -0.000403063
    },
    "KDCoulomb": {
        "r_C_0": 1.20171,
        "r_C_A": -0.123719,
        "r_C_A2": -5.65671
    },
    "KDRealSpinOrbit": {
        "V1_0": 5.16795,
        "V1_A": -0.00241561,
        "V2_0": 0.0070138,
        "r_0": 1.20903,
        "r_A": 0.740094,
        "a_0": 0.554453
    },
    "KDImagSpinOrbit": {
        "W1_0": -6.69468,
        "W2_0": 317.31
    },
    "KDImagVolume": {
        "W1_0_n": 20.6463,
        "W1_A_n": 0.0203217,
        "W1_0_p": 13.9454,
        "W1_A_p": 0.0358481,
        "W2_0": 73.1453,
        "W2_A": 0.324296
    },
    "KDImagSurface": {
        "D1_0": 29.617,
        "D1_asymm": -7.89263,
        "D2_0": 0.0283471,
        "D2_A": 0.0072273,
        "D2_A2": 19.0184,
        "D2_A3": 58.42,
        "D3_0": 21.4705,
        "r_0": 1.37101,
        "r_A": 0.0222723,
        "a_0_n": 0.557666,
        "a_A_n": 5.95415e-05,
        "a_0_p": 0.461888,
        "a_A_p": 0.00162693
    }
}