{
    "ECS_p": 0.302073,
    "ECS_n": 0.155137,
    "APower_p": 0.424377,
    "APower_n": 0.138044,
    "RCS_p": 0.0206217,
    "TCS_n": 0.0221644
}