{
    "KDHartreeFock": {
        "V1_0": 62.0303,
        "V1_asymm": 18.1276,
        "V1_A": 0.01733,
        "V2_0_n": 0.00737515,
        "V2_A_n": -7.70012e-06,
        "V3_0_n": 2.94474e-05,
        "V3_A_n": -3.50436e-08,
        "V2_0_p": 0.00717832,
        "V2_A_p": 6.72372e-06,
        "V3_0_p": 2.52735e-05,
        "V3_A_p": 6.04616e-08,
        "V4_0": 5.43868e-08,
        "r_0": 1.23793,
        "r_A": 0.347194,
        "a_0": 0.705746,
        "a_A": -7.46014e-06
    },
    "KDCoulomb": {
        "r_C_0": 0.996137,
        "r_C_A": 1.50012,
        "r_C_A2": 14.6587
    },
    "KDRealSpinOrbit": {
        "V1_0": 6.55708,
        "V1_A": -0.00136555,
        "V2_0": 0.00394645,
        "r_0": 1.22588,
        "r_A": 0.923282,
        "a_0": 0.613327
    },
    "KDImagSpinOrbit": {
        "W1_0": -2.62468,
        "W2_0": 110.08
    },
    "KDImagVolume": {
        "W1_0_n": 19.2668,
        "W1_A_n": 0.0111409,
        "W1_0_p": 23.3411,
        "W1_A_p": 0.0359481,
        "W2_0": 96.3215,
        "W2_A": 0.0779624
    },
    "KDImagSurface": {
        "D1_0": 21.3968,
        "D1_asymm": 14.5184,
        "D2_0": 0.0282372,
        "D2_A": 0.000120569,
        "D2_A2": 16.2401,
        "D2_A3": 215.153,
        "D3_0": 18.49,
        "r_0": 1.362,
        "r_A": 0.0163925,
        "a_0_n": 0.535813,
        "a_A_n": -0.000642527,
        "a_0_p": 0.521224,
        "a_A_p": 0.00118963
    }
}