{
    "ECS_p": 0.255755,
    "ECS_n": 0.225335,
    "APower_p": 0.523813,
    "APower_n": 0.233217,
    "RCS_p": 0.0198824,
    "TCS_n": 0.0268423
}