{
    "KDHartreeFock": {
        "V1_0": 60.7442,
        "V1_asymm": 14.5456,
        "V1_A": 0.0400158,
        "V2_0_n": 0.00610428,
        "V2_A_n": 4.53098e-06,
        "V3_0_n": 8.73514e-06,
        "V3_A_n": 6.14602e-08,
        "V2_0_p": 0.00628839,
        "V2_A_p": 6.56581e-06,
        "V3_0_p": 2.0986e-06,
        "V3_A_p": 6.47855e-08,
        "V4_0": -2.35688e-08,
        "r_0": 1.31728,
        "r_A": 0.573014,
        "a_0": 0.663824,
        "a_A": -0.000112612
    },
    "KDCoulomb": {
        "r_C_0": 1.38359,
        "r_C_A": -0.0612267,
        "r_C_A2": 30.1327
    },
    "KDRealSpinOrbit": {
        "V1_0": 6.84643,
        "V1_A": -0.00580051,
        "V2_0": 0.00188175,
        "r_0": 1.15759,
        "r_A": 0.631032,
        "a_0": 0.637602
    },
    "KDImagSpinOrbit": {
        "W1_0": -1.67417,
        "W2_0": 91.9161
    },
    "KDImagVolume": {
        "W1_0_n": 12.3323,
        "W1_A_n": 0.0503903,
        "W1_0_p": 20.5527,
        "W1_A_p": 0.00851613,
        "W2_0": 76.1613,
        "W2_A": 0.168946
    },
    "KDImagSurface": {
        "D1_0": 15.1048,
        "D1_asymm": 10.9288,
        "D2_0": -0.0245504,
        "D2_A": 0.0454081,
        "D2_A2": 5.08368,
        "D2_A3": 359.47,
        "D3_0": 13.2169,
        "r_0": 1.251,
        "r_A": -0.000759581,
        "a_0_n": 0.5764,
        "a_A_n": -4.65477e-05,
        "a_0_p": 0.544651,
        "a_A_p": 0.000953774
    }
}