{
    "ECS_p": 0.387718,
    "ECS_n": 0.30965,
    "APower_p": 0.863974,
    "APower_n": 0.451558,
    "RCS_p": 0.0443654,
    "TCS_n": 0.03557
}