{
    "KDHartreeFock": {
        "V1_0": 55.8501,
        "V1_asymm": 14.779,
        "V1_A": 0.0248357,
        "V2_0_n": 0.00393029,
        "V2_A_n": -1.47352e-05,
        "V3_0_n": -7.35606e-06,
        "V3_A_n": -7.68516e-08,
        "V2_0_p": 0.00639131,
        "V2_A_p": 1.18634e-05,
        "V3_0_p": 7.27878e-06,
        "V3_A_p": 5.52844e-08,
        "V4_0": -2.14984e-08,
        "r_0": 1.373,
        "r_A": 0.704943,
        "a_0": 0.703593,
        "a_A": 0.000242007
    },
    "KDCoulomb": {
        "r_C_0": 1.09593,
        "r_C_A": 0.952965,
        "r_C_A2": 12.4185
    },
    "KDRealSpinOrbit": {
        "V1_0": 6.7056,
        "V1_A": -0.0031888,
        "V2_0": 0.00613185,
        "r_0": 1.29075,
        "r_A": 0.817782,
        "a_0": 0.540373
    },
    "KDImagSpinOrbit": {
        "W1_0": -5.38387,
        "W2_0": 463.654
    },
    "KDImagVolume": {
        "W1_0_n": 19.8821,
        "W1_A_n": -0.00802925,
        "W1_0_p": 10.6829,
        "W1_A_p": 0.0220158,
        "W2_0": 58.3249,
        "W2_A": -0.0354627
    },
    "KDImagSurface": {
        "D1_0": 14.325,
        "D1_asymm": 5.52258,
        "D2_0": -0.00110246,
        "D2_A": 0.0277073,
        "D2_A2": 13.6116,
        "D2_A3": 308.062,
        "D3_0": 12.6718,
        "r_0": 1.29209,
        "r_A": -0.0112399,
        "a_0_n": 0.565585,
        "a_A_n": 0.000812789,
        "a_0_p": 0.497042,
        "a_A_p": 0.00107319
    }
}