{
    "ECS_p": 0.499231,
    "ECS_n": 0.201287,
    "APower_p": 0.854206,
    "APower_n": 0.684745,
    "RCS_p": 0.0480769,
    "TCS_n": 0.0357418
}