{
    "KDHartreeFock": {
        "V1_0": 58.9122,
        "V1_asymm": 19.5492,
        "V1_A": 0.0296013,
        "V2_0_n": 0.00672718,
        "V2_A_n": 2.64233e-06,
        "V3_0_n": 1.43349e-05,
        "V3_A_n": 1.86808e-08,
        "V2_0_p": 0.00878687,
        "V2_A_p": 2.00805e-06,
        "V3_0_p": 3.27261e-05,
        "V3_A_p": -1.54912e-08,
        "V4_0": -2.41727e-09,
        "r_0": 1.33851,
        "r_A": 0.567563,
        "a_0": 0.712696,
        "a_A": 0.000389385
    },
    "KDCoulomb": {
        "r_C_0": 1.15635,
        "r_C_A": 1.33282,
        "r_C_A2": 45.7839
    },
    "KDRealSpinOrbit": {
        "V1_0": 5.29167,
        "V1_A": 0.024478,
        "V2_0": 0.0081114,
        "r_0": 1.20287,
        "r_A": 0.502923,
        "a_0": 0.545741
    },
    "KDImagSpinOrbit": {
        "W1_0": -1.09569,
        "W2_0": 107.415
    },
    "KDImagVolume": {
        "W1_0_n": 20.4261,
        "W1_A_n": -0.0198759,
        "W1_0_p": 17.4342,
        "W1_A_p": -0.0280236,
        "W2_0": 124.6,
        "W2_A": -0.456704
    },
    "KDImagSurface": {
        "D1_0": 14.7802,
        "D1_asymm": 11.1012,
        "D2_0": 0.0227603,
        "D2_A": 0.0176105,
        "D2_A2": 1.87917,
        "D2_A3": 8.16892,
        "D3_0": 13.306,
        "r_0": 1.47997,
        "r_A": 0.0436583,
        "a_0_n": 0.548572,
        "a_A_n": 0.0003179,
        "a_0_p": 0.496858,
        "a_A_p": 0.00102382
    }
}