{
    "ECS_p": 0.269251,
    "ECS_n": 0.192295,
    "APower_p": 0.277334,
    "APower_n": 0.247734,
    "RCS_p": 0.0166824,
    "TCS_n": 0.0234977
}