{
    "KDHartreeFock": {
        "V1_0": 55.5862,
        "V1_asymm": 17.1498,
        "V1_A": 0.0178367,
        "V2_0_n": 0.0054865,
        "V2_A_n": 4.81507e-06,
        "V3_0_n": 2.28839e-06,
        "V3_A_n": 1.69809e-08,
        "V2_0_p": 0.00731911,
        "V2_A_p": 3.18065e-06,
        "V3_0_p": 1.56009e-05,
        "V3_A_p": -1.93434e-09,
        "V4_0": -1.78602e-08,
        "r_0": 1.22292,
        "r_A": 0.0534582,
        "a_0": 0.608034,
        "a_A": -0.000368984
    },
    "KDCoulomb": {
        "r_C_0": 1.22306,
        "r_C_A": 0.684746,
        "r_C_A2": 15.4652
    },
    "KDRealSpinOrbit": {
        "V1_0": 5.84801,
        "V1_A": -0.0102273,
        "V2_0": 0.00154216,
        "r_0": 1.36658,
        "r_A": 1.44695,
        "a_0": 0.596452
    },
    "KDImagSpinOrbit": {
        "W1_0": -2.15402,
        "W2_0": -118.452
    },
    "KDImagVolume": {
        "W1_0_n": 22.1804,
        "W1_A_n": -0.00817795,
        "W1_0_p": 29.0477,
        "W1_A_p": -0.035917,
        "W2_0": 141.784,
        "W2_A": -0.230694
    },
    "KDImagSurface": {
        "D1_0": 14.5651,
        "D1_asymm": 14.5487,
        "D2_0": 0.0534006,
        "D2_A": -0.0292334,
        "D2_A2": -1.07847,
        "D2_A3": -108.471,
        "D3_0": 12.2549,
        "r_0": 1.3395,
        "r_A": 0.0113009,
        "a_0_n": 0.574883,
        "a_A_n": -0.00030954,
        "a_0_p": 0.529669,
        "a_A_p": 0.00163893
    }
}