{
    "ECS_p": 0.3593,
    "ECS_n": 0.434188,
    "APower_p": 0.563134,
    "APower_n": 0.50672,
    "RCS_p": 0.0603996,
    "TCS_n": 0.0457439
}