{
    "KDHartreeFock": {
        "V1_0": 62.649,
        "V1_asymm": 20.2815,
        "V1_A": 0.0488355,
        "V2_0_n": 0.00807854,
        "V2_A_n": 1.18523e-05,
        "V3_0_n": 2.93732e-05,
        "V3_A_n": 5.86838e-08,
        "V2_0_p": 0.00883231,
        "V2_A_p": -9.1639e-06,
        "V3_0_p": 3.76946e-05,
        "V3_A_p": -8.46257e-08,
        "V4_0": 5.02414e-08,
        "r_0": 1.28741,
        "r_A": 0.467463,
        "a_0": 0.67671,
        "a_A": -0.000667779
    },
    "KDCoulomb": {
        "r_C_0": 1.28814,
        "r_C_A": 1.64357,
        "r_C_A2": 24.0468
    },
    "KDRealSpinOrbit": {
        "V1_0": 4.09756,
        "V1_A": -0.00549505,
        "V2_0": -0.000506849,
        "r_0": 1.10677,
        "r_A": 0.125017,
        "a_0": 0.656206
    },
    "KDImagSpinOrbit": {
        "W1_0": -0.694875,
        "W2_0": 200.983
    },
    "KDImagVolume": {
        "W1_0_n": 18.6556,
        "W1_A_n": 0.0139595,
        "W1_0_p": 12.6615,
        "W1_A_p": 0.0851765,
        "W2_0": 70.7143,
        "W2_A": 0.342973
    },
    "KDImagSurface": {
        "D1_0": 26.0495,
        "D1_asymm": -9.64616,
        "D2_0": -0.0170199,
        "D2_A": 0.0491906,
        "D2_A2": 5.9001,
        "D2_A3": 221.032,
        "D3_0": 20.6237,
        "r_0": 1.37523,
        "r_A": 0.0198117,
        "a_0_n": 0.554805,
        "a_A_n": -0.000417318,
        "a_0_p": 0.522298,
        "a_A_p": 0.000464566
    }
}