{
    "ECS_p": 0.32491,
    "ECS_n": 0.151507,
    "APower_p": 0.336929,
    "APower_n": 0.177278,
    "RCS_p": 0.0150248,
    "TCS_n": 0.0254085
}