{
    "KDHartreeFock": {
        "V1_0": 58.5262,
        "V1_asymm": 15.3206,
        "V1_A": 0.0267834,
        "V2_0_n": 0.00520381,
        "V2_A_n": -6.21055e-07,
        "V3_0_n": -1.73521e-06,
        "V3_A_n": -1.46295e-08,
        "V2_0_p": 0.00531013,
        "V2_A_p": 9.88052e-06,
        "V3_0_p": 4.1809e-06,
        "V3_A_p": 5.03226e-08,
        "V4_0": -2.42425e-08,
        "r_0": 1.26794,
        "r_A": 0.355963,
        "a_0": 0.685241,
        "a_A": 5.55413e-06
    },
    "KDCoulomb": {
        "r_C_0": 1.14126,
        "r_C_A": -0.347411,
        "r_C_A2": 2.79874
    },
    "KDRealSpinOrbit": {
        "V1_0": 6.86764,
        "V1_A": -0.00484138,
        "V2_0": 0.00314678,
        "r_0": 1.30369,
        "r_A": 1.21786,
        "a_0": 0.637182
    },
    "KDImagSpinOrbit": {
        "W1_0": -2.64903,
        "W2_0": 123.066
    },
    "KDImagVolume": {
        "W1_0_n": 21.806,
        "W1_A_n": -0.0206098,
        "W1_0_p": 18.0332,
        "W1_A_p": 0.0140296,
        "W2_0": 71.1415,
        "W2_A": 0.00756283
    },
    "KDImagSurface": {
        "D1_0": 17.5701,
        "D1_asymm": 24.0935,
        "D2_0": 0.0137281,
        "D2_A": 0.0163662,
        "D2_A2": 6.00318,
        "D2_A3": 321.259,
        "D3_0": 14.3785,
        "r_0": 1.24112,
        "r_A": -0.00896927,
        "a_0_n": 0.53963,
        "a_A_n": -0.000708293,
        "a_0_p": 0.546563,
        "a_A_p": 0.000522696
    }
}