{
    "ECS_p": 0.234535,
    "ECS_n": 0.218111,
    "APower_p": 0.3971,
    "APower_n": 0.28093,
    "RCS_p": 0.0146781,
    "TCS_n": 0.0269057
}