{
    "KDHartreeFock": {
        "V1_0": 56.0374,
        "V1_asymm": 24.7934,
        "V1_A": 0.00896717,
        "V2_0_n": 0.00524653,
        "V2_A_n": 8.13944e-06,
        "V3_0_n": -1.15996e-06,
        "V3_A_n": 3.91771e-08,
        "V2_0_p": 0.00677381,
        "V2_A_p": 1.25074e-05,
        "V3_0_p": 1.46362e-05,
        "V3_A_p": 3.13973e-08,
        "V4_0": -2.40749e-08,
        "r_0": 1.29492,
        "r_A": 0.403824,
        "a_0": 0.703254,
        "a_A": 0.000193103
    },
    "KDCoulomb": {
        "r_C_0": 1.36034,
        "r_C_A": 1.4684,
        "r_C_A2": 16.4576
    },
    "KDRealSpinOrbit": {
        "V1_0": 5.08685,
        "V1_A": 0.0112163,
        "V2_0": 0.0044599,
        "r_0": 1.15695,
        "r_A": 0.810686,
        "a_0": 0.639561
    },
    "KDImagSpinOrbit": {
        "W1_0": -4.70067,
        "W2_0": 126.803
    },
    "KDImagVolume": {
        "W1_0_n": 25.399,
        "W1_A_n": -0.0321505,
        "W1_0_p": 20.4769,
        "W1_A_p": 0.0720553,
        "W2_0": 109.396,
        "W2_A": -0.188401
    },
    "KDImagSurface": {
        "D1_0": 30.6147,
        "D1_asymm": 1.43365,
        "D2_0": 0.0521327,
        "D2_A": -0.0135145,
        "D2_A2": 8.87352,
        "D2_A3": 216.624,
        "D3_0": 21.5992,
        "r_0": 1.36985,
        "r_A": 0.026307,
        "a_0_n": 0.550055,
        "a_A_n": 0.000190799,
        "a_0_p": 0.498507,
        "a_A_p": 0.000879171
    }
}