{
    "ECS_p": 0.357455,
    "ECS_n": 0.39116,
    "APower_p": 0.641156,
    "APower_n": 0.404028,
    "RCS_p": 0.028732,
    "TCS_n": 0.0473357
}