{
    "KDHartreeFock": {
        "V1_0": 57.8295,
        "V1_asymm": 2.98308,
        "V1_A": 0.0324722,
        "V2_0_n": 0.00853048,
        "V2_A_n": 4.34717e-06,
        "V3_0_n": 3.22001e-05,
        "V3_A_n": 2.07075e-08,
        "V2_0_p": 0.00832298,
        "V2_A_p": 1.10349e-06,
        "V3_0_p": 3.19991e-05,
        "V3_A_p": 1.29526e-08,
        "V4_0": 4.49336e-08,
        "r_0": 1.30638,
        "r_A": 0.370094,
        "a_0": 0.695824,
        "a_A": 0.000283705
    },
    "KDCoulomb": {
        "r_C_0": 1.1737,
        "r_C_A": 0.673373,
        "r_C_A2": 15.4402
    },
    "KDRealSpinOrbit": {
        "V1_0": 7.29168,
        "V1_A": -0.0220511,
        "V2_0": 0.00403805,
        "r_0": 1.27528,
        "r_A": 0.969782,
        "a_0": 0.595686
    },
    "KDImagSpinOrbit": {
        "W1_0": -2.46865,
        "W2_0": 286.538
    },
    "KDImagVolume": {
        "W1_0_n": 21.3276,
        "W1_A_n": -0.0349693,
        "W1_0_p": 21.5741,
        "W1_A_p": -0.0517065,
        "W2_0": 120.34,
        "W2_A": -0.34758
    },
    "KDImagSurface": {
        "D1_0": 36.5501,
        "D1_asymm": 11.0442,
        "D2_0": 0.0937908,
        "D2_A": -0.0570638,
        "D2_A2": 13.057,
        "D2_A3": 353.111,
        "D3_0": 27.4304,
        "r_0": 1.48545,
        "r_A": 0.0411086,
        "a_0_n": 0.577553,
        "a_A_n": 0.00022422,
        "a_0_p": 0.37289,
        "a_A_p": 0.002652
    }
}