{
    "ECS_p": 0.309248,
    "ECS_n": 0.360495,
    "APower_p": 0.703615,
    "APower_n": 0.633283,
    "RCS_p": 0.0580128,
    "TCS_n": 0.0382604
}