{
    "KDHartreeFock": {
        "V1_0": 59.8662,
        "V1_asymm": 18.5734,
        "V1_A": 0.0116881,
        "V2_0_n": 0.00690334,
        "V2_A_n": -9.02269e-06,
        "V3_0_n": 2.70034e-05,
        "V3_A_n": -2.76922e-08,
        "V2_0_p": 0.00857576,
        "V2_A_p": -9.26787e-07,
        "V3_0_p": 3.7889e-05,
        "V3_A_p": -1.63377e-08,
        "V4_0": 5.72555e-08,
        "r_0": 1.20315,
        "r_A": 0.119601,
        "a_0": 0.680231,
        "a_A": 1.4952e-05
    },
    "KDCoulomb": {
        "r_C_0": 1.08756,
        "r_C_A": -0.228567,
        "r_C_A2": 18.7834
    },
    "KDRealSpinOrbit": {
        "V1_0": 6.27133,
        "V1_A": 0.00310235,
        "V2_0": 0.00691275,
        "r_0": 1.17824,
        "r_A": 0.636609,
        "a_0": 0.599709
    },
    "KDImagSpinOrbit": {
        "W1_0": -7.62835,
        "W2_0": 222.806
    },
    "KDImagVolume": {
        "W1_0_n": 21.8159,
        "W1_A_n": 0.123623,
        "W1_0_p": 25.518,
        "W1_A_p": 0.0462284,
        "W2_0": 167.402,
        "W2_A": 0.088309
    },
    "KDImagSurface": {
        "D1_0": 14.9028,
        "D1_asymm": 7.18474,
        "D2_0": 0.0157463,
        "D2_A": 0.00286841,
        "D2_A2": 0.876028,
        "D2_A3": 338.601,
        "D3_0": 17.432,
        "r_0": 1.31091,
        "r_A": 0.00953137,
        "a_0_n": 0.588946,
        "a_A_n": -0.000641977,
        "a_0_p": 0.524852,
        "a_A_p": 0.00210685
    }
}