{
    "ECS_p": 0.380047,
    "ECS_n": 0.162533,
    "APower_p": 0.834324,
    "APower_n": 0.638957,
    "RCS_p": 0.0425175,
    "TCS_n": 0.0285384
}