{
    "KDHartreeFock": {
        "V1_0": 58.4627,
        "V1_asymm": 14.7531,
        "V1_A": 0.0196301,
        "V2_0_n": 0.00454379,
        "V2_A_n": 5.59721e-06,
        "V3_0_n": -1.4411e-05,
        "V3_A_n": 1.38754e-08,
        "V2_0_p": 0.00546561,
        "V2_A_p": 6.54946e-07,
        "V3_0_p": -3.30251e-06,
        "V3_A_p": -1.43457e-08,
        "V4_0": -7.02492e-08,
        "r_0": 1.22999,
        "r_A": 0.297238,
        "a_0": 0.682064,
        "a_A": -0.00034211
    },
    "KDCoulomb": {
        "r_C_0": 1.24677,
        "r_C_A": 1.68193,
        "r_C_A2": 18.0092
    },
    "KDRealSpinOrbit": {
        "V1_0": 5.35336,
        "V1_A": 0.00682398,
        "V2_0": 0.0037601,
        "r_0": 1.22723,
        "r_A": 0.707223,
        "a_0": 0.550715
    },
    "KDImagSpinOrbit": {
        "W1_0": -2.69394,
        "W2_0": 357.149
    },
    "KDImagVolume": {
        "W1_0_n": 22.9706,
        "W1_A_n": -0.0249461,
        "W1_0_p": 17.9757,
        "W1_A_p": 0.0771297,
        "W2_0": 79.7832,
        "W2_A": -0.0540885
    },
    "KDImagSurface": {
        "D1_0": 26.7226,
        "D1_asymm": 11.3398,
        "D2_0": 0.0959717,
        "D2_A": -0.0577077,
        "D2_A2": 8.31376,
        "D2_A3": 264.271,
        "D3_0": 20.2805,
        "r_0": 1.33126,
        "r_A": 0.00674696,
        "a_0_n": 0.53927,
        "a_A_n": 2.97922e-05,
        "a_0_p": 0.512413,
        "a_A_p": 0.00127587
    }
}