{
    "ECS_p": 0.226052,
    "ECS_n": 0.144207,
    "APower_p": 0.3606,
    "APower_n": 0.205501,
    "RCS_p": 0.00644818,
    "TCS_n": 0.0302228
}