{
    "KDHartreeFock": {
        "V1_0": 58.3364,
        "V1_asymm": 8.42024,
        "V1_A": 0.0260606,
        "V2_0_n": 0.00701838,
        "V2_A_n": 7.56166e-06,
        "V3_0_n": 1.46953e-05,
        "V3_A_n": 4.56421e-08,
        "V2_0_p": 0.00695289,
        "V2_A_p": -7.73837e-06,
        "V3_0_p": 1.25717e-05,
        "V3_A_p": -4.03701e-08,
        "V4_0": -1.07489e-08,
        "r_0": 1.30272,
        "r_A": 0.518494,
        "a_0": 0.710152,
        "a_A": 0.000319268
    },
    "KDCoulomb": {
        "r_C_0": 1.20386,
        "r_C_A": -0.355283,
        "r_C_A2": 12.6425
    },
    "KDRealSpinOrbit": {
        "V1_0": 8.12373,
        "V1_A": -0.00493937,
        "V2_0": 0.00609079,
        "r_0": 1.14467,
        "r_A": 0.459771,
        "a_0": 0.64181
    },
    "KDImagSpinOrbit": {
        "W1_0": -6.87602,
        "W2_0": 277.271
    },
    "KDImagVolume": {
        "W1_0_n": 17.4085,
        "W1_A_n": 0.0395732,
        "W1_0_p": 15.8983,
        "W1_A_p": 0.0783862,
        "W2_0": 87.7324,
        "W2_A": 0.281574
    },
    "KDImagSurface": {
        "D1_0": 16.673,
        "D1_asymm": 10.1514,
        "D2_0": -0.0045793,
        "D2_A": 0.0290945,
        "D2_A2": 10.9033,
        "D2_A3": 355.43,
        "D3_0": 16.1094,
        "r_0": 1.48003,
        "r_A": 0.0360921,
        "a_0_n": 0.586067,
        "a_A_n": -8.52565e-05,
        "a_0_p": 0.465226,
        "a_A_p": 0.00177605
    }
}