{
    "ECS_p": 0.372212,
    "ECS_n": 0.181068,
    "APower_p": 0.44095,
    "APower_n": 0.169487,
    "RCS_p": 0.0157387,
    "TCS_n": 0.0264893
}