{
    "KDHartreeFock": {
        "V1_0": 58.0617,
        "V1_asymm": 10.0415,
        "V1_A": 0.0323321,
        "V2_0_n": 0.00621565,
        "V2_A_n": 5.74346e-06,
        "V3_0_n": 6.04583e-06,
        "V3_A_n": 1.83987e-08,
        "V2_0_p": 0.00814028,
        "V2_A_p": -1.05925e-06,
        "V3_0_p": 1.93553e-05,
        "V3_A_p": -2.04438e-09,
        "V4_0": -1.00276e-08,
        "r_0": 1.2743,
        "r_A": 0.339734,
        "a_0": 0.665641,
        "a_A": -9.82512e-05
    },
    "KDCoulomb": {
        "r_C_0": 1.44303,
        "r_C_A": 0.229397,
        "r_C_A2": 21.4278
    },
    "KDRealSpinOrbit": {
        "V1_0": 5.20463,
        "V1_A": 0.0183311,
        "V2_0": 0.00656865,
        "r_0": 1.13387,
        "r_A": 0.341301,
        "a_0": 0.604863
    },
    "KDImagSpinOrbit": {
        "W1_0": -5.38853,
        "W2_0": 251.741
    },
    "KDImagVolume": {
        "W1_0_n": 26.716,
        "W1_A_n": -0.0243725,
        "W1_0_p": 19.0635,
        "W1_A_p": 0.0318004,
        "W2_0": 121.086,
        "W2_A": -0.12028
    },
    "KDImagSurface": {
        "D1_0": 33.3138,
        "D1_asymm": 17.0678,
        "D2_0": 0.0236723,
        "D2_A": 0.0122106,
        "D2_A2": 10.1852,
        "D2_A3": 272.998,
        "D3_0": 22.0613,
        "r_0": 1.38065,
        "r_A": 0.0215824,
        "a_0_n": 0.465045,
        "a_A_n": -0.000569492,
        "a_0_p": 0.443002,
        "a_A_p": 0.00260013
    }
}