{
    "ECS_p": 0.291618,
    "ECS_n": 0.199988,
    "APower_p": 0.396076,
    "APower_n": 0.214435,
    "RCS_p": 0.0209726,
    "TCS_n": 0.0224034
}