{
    "KDHartreeFock": {
        "V1_0": 55.8935,
        "V1_asymm": 13.7042,
        "V1_A": 0.017271,
        "V2_0_n": 0.00647901,
        "V2_A_n": 7.52952e-06,
        "V3_0_n": 8.96851e-06,
        "V3_A_n": 3.76252e-08,
        "V2_0_p": 0.00750517,
        "V2_A_p": 5.99119e-06,
        "V3_0_p": 1.31642e-05,
        "V3_A_p": 6.35355e-08,
        "V4_0": -3.16672e-09,
        "r_0": 1.30143,
        "r_A": 0.332335,
        "a_0": 0.700578,
        "a_A": 0.000449786
    },
    "KDCoulomb": {
        "r_C_0": 1.22773,
        "r_C_A": 1.26083,
        "r_C_A2": 25.7966
    },
    "KDRealSpinOrbit": {
        "V1_0": 5.65935,
        "V1_A": 0.00847511,
        "V2_0": 0.00412208,
        "r_0": 1.19236,
        "r_A": 0.521712,
        "a_0": 0.650268
    },
    "KDImagSpinOrbit": {
        "W1_0": -3.36066,
        "W2_0": 311.145
    },
    "KDImagVolume": {
        "W1_0_n": 18.547,
        "W1_A_n": -0.00169885,
        "W1_0_p": 9.53383,
        "W1_A_p": 0.0405407,
        "W2_0": 77.3249,
        "W2_A": -0.0710203
    },
    "KDImagSurface": {
        "D1_0": 20.1001,
        "D1_asymm": 22.9318,
        "D2_0": 0.0451155,
        "D2_A": -0.010235,
        "D2_A2": 11.2747,
        "D2_A3": 548.431,
        "D3_0": 11.1178,
        "r_0": 1.3233,
        "r_A": 0.0213271,
        "a_0_n": 0.53762,
        "a_A_n": 0.000130936,
        "a_0_p": 0.556817,
        "a_A_p": 0.000923356
    }
}