{
    "ECS_p": 0.300138,
    "ECS_n": 0.251506,
    "APower_p": 0.302036,
    "APower_n": 0.298516,
    "RCS_p": 0.0309119,
    "TCS_n": 0.0259601
}