{
    "KDHartreeFock": {
        "V1_0": 59.2312,
        "V1_asymm": 3.59969,
        "V1_A": 0.0272287,
        "V2_0_n": 0.00511805,
        "V2_A_n": 4.95248e-07,
        "V3_0_n": -5.93206e-07,
        "V3_A_n": -4.61024e-09,
        "V2_0_p": 0.00611184,
        "V2_A_p": -1.10069e-05,
        "V3_0_p": 8.58753e-06,
        "V3_A_p": -3.87901e-08,
        "V4_0": -2.14647e-08,
        "r_0": 1.23691,
        "r_A": 0.360438,
        "a_0": 0.735574,
        "a_A": 0.000142114
    },
    "KDCoulomb": {
        "r_C_0": 1.13521,
        "r_C_A": -0.249871,
        "r_C_A2": 17.7563
    },
    "KDRealSpinOrbit": {
        "V1_0": 6.33786,
        "V1_A": -0.00845363,
        "V2_0": 0.0036865,
        "r_0": 1.12772,
        "r_A": 0.469372,
        "a_0": 0.632264
    },
    "KDImagSpinOrbit": {
        "W1_0": -1.16925,
        "W2_0": 133.029
    },
    "KDImagVolume": {
        "W1_0_n": 24.2455,
        "W1_A_n": 0.0102926,
        "W1_0_p": 23.3316,
        "W1_A_p": 0.031191,
        "W2_0": 122.263,
        "W2_A": -0.0362907
    },
    "KDImagSurface": {
        "D1_0": 14.0297,
        "D1_asymm": -0.71142,
        "D2_0": 0.024697,
        "D2_A": -0.0047991,
        "D2_A2": -2.89938,
        "D2_A3": 37.4129,
        "D3_0": 10.6525,
        "r_0": 1.30809,
        "r_A": 0.00732002,
        "a_0_n": 0.568,
        "a_A_n": 0.000522921,
        "a_0_p": 0.605675,
        "a_A_p": 0.00147925
    }
}