{
    "ECS_p": 0.326336,
    "ECS_n": 0.196297,
    "APower_p": 0.415256,
    "APower_n": 0.232759,
    "RCS_p": 0.0260277,
    "TCS_n": 0.0254837
}