{
    "KDHartreeFock": {
        "V1_0": 58.7638,
        "V1_asymm": 12.6227,
        "V1_A": 0.01536,
        "V2_0_n": 0.00558294,
        "V2_A_n": -4.58026e-06,
        "V3_0_n": 9.08587e-06,
        "V3_A_n": -5.74477e-09,
        "V2_0_p": 0.00557626,
        "V2_A_p": 5.85933e-06,
        "V3_0_p": 8.50224e-06,
        "V3_A_p": 1.64313e-09,
        "V4_0": -9.43909e-09,
        "r_0": 1.24614,
        "r_A": 0.356231,
        "a_0": 0.658805,
        "a_A": -0.000406627
    },
    "KDCoulomb": {
        "r_C_0": 1.1604,
        "r_C_A": 0.214324,
        "r_C_A2": 16.0613
    },
    "KDRealSpinOrbit": {
        "V1_0": 6.54658,
        "V1_A": -0.00486507,
        "V2_0": 0.00238839,
        "r_0": 1.17006,
        "r_A": 0.668847,
        "a_0": 0.633611
    },
    "KDImagSpinOrbit": {
        "W1_0": -3.64553,
        "W2_0": 259.257
    },
    "KDImagVolume": {
        "W1_0_n": 13.8516,
        "W1_A_n": 0.0207065,
        "W1_0_p": 19.6266,
        "W1_A_p": 0.0372124,
        "W2_0": 75.8826,
        "W2_A": 0.0958924
    },
    "KDImagSurface": {
        "D1_0": 16.8712,
        "D1_asymm": 10.8068,
        "D2_0": 0.0172834,
        "D2_A": 0.0056563,
        "D2_A2": 18.9175,
        "D2_A3": 269.653,
        "D3_0": 15.0044,
        "r_0": 1.36651,
        "r_A": 0.0120575,
        "a_0_n": 0.484705,
        "a_A_n": -0.000712405,
        "a_0_p": 0.533918,
        "a_A_p": 0.000361291
    }
}