{
    "ECS_p": 0.340331,
    "ECS_n": 0.186566,
    "APower_p": 0.617324,
    "APower_n": 0.616868,
    "RCS_p": 0.0430196,
    "TCS_n": 0.0291307
}