{
    "KDHartreeFock": {
        "V1_0": 61.0789,
        "V1_asymm": 14.6244,
        "V1_A": 0.028112,
        "V2_0_n": 0.00541093,
        "V2_A_n": -2.33595e-06,
        "V3_0_n": 1.52214e-06,
        "V3_A_n": -1.10312e-08,
        "V2_0_p": 0.00626803,
        "V2_A_p": 5.08612e-06,
        "V3_0_p": 7.74398e-06,
        "V3_A_p": 3.28049e-08,
        "V4_0": -3.06366e-08,
        "r_0": 1.28188,
        "r_A": 0.4932,
        "a_0": 0.704814,
        "a_A": 0.000157066
    },
    "KDCoulomb": {
        "r_C_0": 1.11602,
        "r_C_A": -0.276769,
        "r_C_A2": 39.5449
    },
    "KDRealSpinOrbit": {
        "V1_0": 4.53808,
        "V1_A": 0.0216766,
        "V2_0": 0.0071933,
        "r_0": 1.20079,
        "r_A": 0.695173,
        "a_0": 0.591191
    },
    "KDImagSpinOrbit": {
        "W1_0": -4.44691,
        "W2_0": 205.569
    },
    "KDImagVolume": {
        "W1_0_n": 22.4302,
        "W1_A_n": -0.0348967,
        "W1_0_p": 20.5302,
        "W1_A_p": 0.0199443,
        "W2_0": 99.2878,
        "W2_A": -0.0270906
    },
    "KDImagSurface": {
        "D1_0": 27.582,
        "D1_asymm": 17.8074,
        "D2_0": 0.102824,
        "D2_A": -0.0685307,
        "D2_A2": 9.63295,
        "D2_A3": 314.164,
        "D3_0": 19.8152,
        "r_0": 1.35315,
        "r_A": 0.0146481,
        "a_0_n": 0.621168,
        "a_A_n": 0.000539915,
        "a_0_p": 0.500616,
        "a_A_p": 0.00109424
    }
}