{
    "ECS_p": 0.434412,
    "ECS_n": 0.337461,
    "APower_p": 0.568491,
    "APower_n": 0.679619,
    "RCS_p": 0.0542208,
    "TCS_n": 0.0359361
}