{
    "KDHartreeFock": {
        "V1_0": 60.3322,
        "V1_asymm": -3.27394,
        "V1_A": 0.0475744,
        "V2_0_n": 0.00755997,
        "V2_A_n": 4.84023e-06,
        "V3_0_n": 2.32891e-05,
        "V3_A_n": 3.41643e-08,
        "V2_0_p": 0.00728315,
        "V2_A_p": -6.61471e-06,
        "V3_0_p": 1.78331e-05,
        "V3_A_p": 1.15507e-08,
        "V4_0": 2.41121e-08,
        "r_0": 1.28589,
        "r_A": 0.422387,
        "a_0": 0.612539,
        "a_A": -0.000574436
    },
    "KDCoulomb": {
        "r_C_0": 1.23572,
        "r_C_A": 1.58438,
        "r_C_A2": 16.3954
    },
    "KDRealSpinOrbit": {
        "V1_0": 5.48581,
        "V1_A": -0.0154567,
        "V2_0": 0.00101141,
        "r_0": 1.15555,
        "r_A": 0.461474,
        "a_0": 0.589553
    },
    "KDImagSpinOrbit": {
        "W1_0": -4.1398,
        "W2_0": 271.839
    },
    "KDImagVolume": {
        "W1_0_n": 19.1521,
        "W1_A_n": 0.0314568,
        "W1_0_p": 16.1526,
        "W1_A_p": 0.0363533,
        "W2_0": 105.939,
        "W2_A": 0.0536191
    },
    "KDImagSurface": {
        "D1_0": 16.2038,
        "D1_asymm": 8.78143,
        "D2_0": 0.0223968,
        "D2_A": 0.00283329,
        "D2_A2": 16.1508,
        "D2_A3": -53.367,
        "D3_0": 15.0142,
        "r_0": 1.36682,
        "r_A": 0.00759971,
        "a_0_n": 0.646847,
        "a_A_n": 0.00137995,
        "a_0_p": 0.461885,
        "a_A_p": 0.00121027
    }
}