{
    "ECS_p": 0.423065,
    "ECS_n": 0.199999,
    "APower_p": 0.357982,
    "APower_n": 0.256408,
    "RCS_p": 0.00703285,
    "TCS_n": 0.0195211
}