{
    "KDHartreeFock": {
        "V1_0": 57.0426,
        "V1_asymm": 14.1598,
        "V1_A": 0.0222,
        "V2_0_n": 0.00517677,
        "V2_A_n": 5.4526e-06,
        "V3_0_n": -2.44181e-06,
        "V3_A_n": 2.04584e-08,
        "V2_0_p": 0.00733471,
        "V2_A_p": -7.32004e-06,
        "V3_0_p": 1.25314e-05,
        "V3_A_p": -8.49457e-09,
        "V4_0": -2.53624e-08,
        "r_0": 1.25589,
        "r_A": 0.265601,
        "a_0": 0.689761,
        "a_A": 0.000154377
    },
    "KDCoulomb": {
        "r_C_0": 1.37853,
        "r_C_A": -0.179112,
        "r_C_A2": 26.9343
    },
    "KDRealSpinOrbit": {
        "V1_0": 6.51195,
        "V1_A": -0.0103221,
        "V2_0": 0.00506903,
        "r_0": 1.23554,
        "r_A": 0.869506,
        "a_0": 0.604485
    },
    "KDImagSpinOrbit": {
        "W1_0": -8.00292,
        "W2_0": 264.493
    },
    "KDImagVolume": {
        "W1_0_n": 19.7149,
        "W1_A_n": 0.0551265,
        "W1_0_p": 13.8529,
        "W1_A_p": 0.0957944,
        "W2_0": 68.7292,
        "W2_A": 0.316565
    },
    "KDImagSurface": {
        "D1_0": 26.447,
        "D1_asymm": -5.8952,
        "D2_0": 0.0290365,
        "D2_A": 0.00519587,
        "D2_A2": 6.30132,
        "D2_A3": 111.131,
        "D3_0": 21.7144,
        "r_0": 1.36955,
        "r_A": 0.0157414,
        "a_0_n": 0.603059,
        "a_A_n": 0.000723406,
        "a_0_p": 0.42787,
        "a_A_p": 0.00191587
    }
}