{
    "ECS_p": 0.334976,
    "ECS_n": 0.189431,
    "APower_p": 0.420801,
    "APower_n": 0.361208,
    "RCS_p": 0.0116457,
    "TCS_n": 0.029604
}