{
    "KDHartreeFock": {
        "V1_0": 57.9515,
        "V1_asymm": 0.649711,
        "V1_A": 0.0516392,
        "V2_0_n": 0.0054271,
        "V2_A_n": 2.13908e-06,
        "V3_0_n": 6.05403e-06,
        "V3_A_n": 3.18763e-08,
        "V2_0_p": 0.00609433,
        "V2_A_p": -2.12623e-06,
        "V3_0_p": 9.79238e-06,
        "V3_A_p": 2.12463e-08,
        "V4_0": -1.14175e-08,
        "r_0": 1.3716,
        "r_A": 0.729523,
        "a_0": 0.6683,
        "a_A": 6.9634e-06
    },
    "KDCoulomb": {
        "r_C_0": 1.15447,
        "r_C_A": 0.435065,
        "r_C_A2": 3.66053
    },
    "KDRealSpinOrbit": {
        "V1_0": 7.06689,
        "V1_A": -0.000872766,
        "V2_0": 0.0105763,
        "r_0": 1.21474,
        "r_A": 0.742932,
        "a_0": 0.612991
    },
    "KDImagSpinOrbit": {
        "W1_0": -3.31925,
        "W2_0": 93.8571
    },
    "KDImagVolume": {
        "W1_0_n": 21.5284,
        "W1_A_n": -0.00785642,
        "W1_0_p": 22.0843,
        "W1_A_p": -0.050801,
        "W2_0": 102.405,
        "W2_A": -0.137781
    },
    "KDImagSurface": {
        "D1_0": 10.8878,
        "D1_asymm": 2.53153,
        "D2_0": 0.0233387,
        "D2_A": -0.00670225,
        "D2_A2": 16.6515,
        "D2_A3": 182.937,
        "D3_0": 9.29926,
        "r_0": 1.37005,
        "r_A": 0.0225814,
        "a_0_n": 0.555742,
        "a_A_n": 0.000174208,
        "a_0_p": 0.491753,
        "a_A_p": 0.00298718
    }
}