{
    "ECS_p": 0.380269,
    "ECS_n": 0.341639,
    "APower_p": 0.797882,
    "APower_n": 0.521196,
    "RCS_p": 0.0132487,
    "TCS_n": 0.0492538
}