{
    "KDHartreeFock": {
        "V1_0": 60.6905,
        "V1_asymm": 13.2952,
        "V1_A": 0.0417913,
        "V2_0_n": 0.00563884,
        "V2_A_n": 1.74844e-06,
        "V3_0_n": 5.4769e-06,
        "V3_A_n": 1.69814e-08,
        "V2_0_p": 0.00685866,
        "V2_A_p": 1.871e-06,
        "V3_0_p": 1.10493e-05,
        "V3_A_p": 3.00517e-08,
        "V4_0": -1.81101e-08,
        "r_0": 1.26761,
        "r_A": 0.382355,
        "a_0": 0.6249,
        "a_A": -0.000711107
    },
    "KDCoulomb": {
        "r_C_0": 1.22657,
        "r_C_A": 0.660717,
        "r_C_A2": -10.2622
    },
    "KDRealSpinOrbit": {
        "V1_0": 4.93046,
        "V1_A": -0.0144516,
        "V2_0": 0.00179476,
        "r_0": 1.17286,
        "r_A": 0.533214,
        "a_0": 0.570674
    },
    "KDImagSpinOrbit": {
        "W1_0": -2.12665,
        "W2_0": 235.398
    },
    "KDImagVolume": {
        "W1_0_n": 20.5634,
        "W1_A_n": 0.0239728,
        "W1_0_p": 17.9882,
        "W1_A_p": 0.0687806,
        "W2_0": 103.625,
        "W2_A": 0.347921
    },
    "KDImagSurface": {
        "D1_0": 17.611,
        "D1_asymm": 0.192054,
        "D2_0": 0.0250167,
        "D2_A": -0.00138649,
        "D2_A2": 8.82688,
        "D2_A3": 495.115,
        "D3_0": 14.3887,
        "r_0": 1.44136,
        "r_A": 0.0454012,
        "a_0_n": 0.488384,
        "a_A_n": -0.00120086,
        "a_0_p": 0.464585,
        "a_A_p": 0.00229619
    }
}