{
    "ECS_p": 0.237309,
    "ECS_n": 0.182894,
    "APower_p": 0.373229,
    "APower_n": 0.244664,
    "RCS_p": 0.0401759,
    "TCS_n": 0.0282909
}