{
    "KDHartreeFock": {
        "V1_0": 58.4107,
        "V1_asymm": 4.81504,
        "V1_A": 0.039981,
        "V2_0_n": 0.00466991,
        "V2_A_n": -2.16755e-06,
        "V3_0_n": -1.07818e-06,
        "V3_A_n": -1.88694e-08,
        "V2_0_p": 0.00660663,
        "V2_A_p": -5.91293e-06,
        "V3_0_p": 1.50556e-05,
        "V3_A_p": -5.70975e-08,
        "V4_0": -1.88744e-08,
        "r_0": 1.29261,
        "r_A": 0.442089,
        "a_0": 0.700034,
        "a_A": 8.78085e-05
    },
    "KDCoulomb": {
        "r_C_0": 1.34272,
        "r_C_A": 0.30319,
        "r_C_A2": 25.2011
    },
    "KDRealSpinOrbit": {
        "V1_0": 6.32835,
        "V1_A": 0.0136297,
        "V2_0": 0.0100948,
        "r_0": 1.17611,
        "r_A": 0.663146,
        "a_0": 0.587309
    },
    "KDImagSpinOrbit": {
        "W1_0": -5.45762,
        "W2_0": 219.791
    },
    "KDImagVolume": {
        "W1_0_n": 24.5603,
        "W1_A_n": -0.0347498,
        "W1_0_p": 20.597,
        "W1_A_p": 0.0404167,
        "W2_0": 108.676,
        "W2_A": -0.0621961
    },
    "KDImagSurface": {
        "D1_0": 47.5044,
        "D1_asymm": 4.29533,
        "D2_0": 0.0430687,
        "D2_A": -4.46203e-05,
        "D2_A2": 10.6632,
        "D2_A3": 382.692,
        "D3_0": 26.2376,
        "r_0": 1.20855,
        "r_A": -0.01569,
        "a_0_n": 0.560084,
        "a_A_n": 0.000525477,
        "a_0_p": 0.558886,
        "a_A_p": 0.00132423
    }
}