{
    "ECS_p": 0.49911,
    "ECS_n": 0.250164,
    "APower_p": 0.692825,
    "APower_n": 0.721778,
    "RCS_p": 0.0261007,
    "TCS_n": 0.0450511
}