{
    "KDHartreeFock": {
        "V1_0": 64.5187,
        "V1_asymm": 10.1467,
        "V1_A": 0.050087,
        "V2_0_n": 0.00831607,
        "V2_A_n": 4.16785e-06,
        "V3_0_n": 2.85611e-05,
        "V3_A_n": 1.99335e-08,
        "V2_0_p": 0.00964079,
        "V2_A_p": -1.06842e-05,
        "V3_0_p": 2.67491e-05,
        "V3_A_p": -1.31347e-08,
        "V4_0": 3.31138e-08,
        "r_0": 1.2502,
        "r_A": 0.314209,
        "a_0": 0.670845,
        "a_A": -0.000276931
    },
    "KDCoulomb": {
        "r_C_0": 1.24303,
        "r_C_A": -0.98511,
        "r_C_A2": 27.8526
    },
    "KDRealSpinOrbit": {
        "V1_0": 5.1362,
        "V1_A": 0.0047435,
        "V2_0": 0.00119738,
        "r_0": 1.13348,
        "r_A": 0.408219,
        "a_0": 0.562889
    },
    "KDImagSpinOrbit": {
        "W1_0": -1.5766,
        "W2_0": 405.094
    },
    "KDImagVolume": {
        "W1_0_n": 16.7916,
        "W1_A_n": -0.00804353,
        "W1_0_p": 16.5161,
        "W1_A_p": 0.0512723,
        "W2_0": 83.5201,
        "W2_A": -0.0878496
    },
    "KDImagSurface": {
        "D1_0": 28.2775,
        "D1_asymm": 22.7571,
        "D2_0": -0.0212152,
        "D2_A": 0.0609479,
        "D2_A2": 1.24465,
        "D2_A3": 250.442,
        "D3_0": 17.5849,
        "r_0": 1.21423,
        "r_A": -0.017011,
        "a_0_n": 0.628633,
        "a_A_n": 0.00125616,
        "a_0_p": 0.56005,
        "a_A_p": -1.84463e-05
    }
}