{
    "ECS_p": 0.392508,
    "ECS_n": 0.232384,
    "APower_p": 0.576735,
    "APower_n": 0.565218,
    "RCS_p": 0.0282074,
    "TCS_n": 0.0690969
}