{
    "KDHartreeFock": {
        "V1_0": 57.209,
        "V1_asymm": 15.2291,
        "V1_A": 0.0198218,
        "V2_0_n": 0.00654385,
        "V2_A_n": 2.78139e-06,
        "V3_0_n": 1.5789e-05,
        "V3_A_n": 2.02781e-08,
        "V2_0_p": 0.00963009,
        "V2_A_p": 5.40462e-07,
        "V3_0_p": 3.34706e-05,
        "V3_A_p": -1.65283e-08,
        "V4_0": 1.2376e-08,
        "r_0": 1.34635,
        "r_A": 0.563179,
        "a_0": 0.672662,
        "a_A": 0.000434398
    },
    "KDCoulomb": {
        "r_C_0": 1.33642,
        "r_C_A": 0.797888,
        "r_C_A2": 11.153
    },
    "KDRealSpinOrbit": {
        "V1_0": 3.67548,
        "V1_A": 0.00374617,
        "V2_0": 0.00251968,
        "r_0": 1.25385,
        "r_A": 0.947172,
        "a_0": 0.617596
    },
    "KDImagSpinOrbit": {
        "W1_0": -3.46822,
        "W2_0": 192.539
    },
    "KDImagVolume": {
        "W1_0_n": 25.7969,
        "W1_A_n": -0.0534513,
        "W1_0_p": 22.4923,
        "W1_A_p": -0.0394499,
        "W2_0": 118.429,
        "W2_A": -0.358487
    },
    "KDImagSurface": {
        "D1_0": 32.0505,
        "D1_asymm": 11.5058,
        "D2_0": 0.0336477,
        "D2_A": 0.00563158,
        "D2_A2": 2.88412,
        "D2_A3": 224.695,
        "D3_0": 20.7116,
        "r_0": 1.40377,
        "r_A": 0.0238995,
        "a_0_n": 0.47268,
        "a_A_n": 0.000278749,
        "a_0_p": 0.481399,
        "a_A_p": 0.00157268
    }
}