{
    "ECS_p": 0.271895,
    "ECS_n": 0.208731,
    "APower_p": 0.540197,
    "APower_n": 0.182676,
    "RCS_p": 0.0145679,
    "TCS_n": 0.0311759
}