{
    "KDHartreeFock": {
        "V1_0": 57.1073,
        "V1_asymm": 19.9733,
        "V1_A": 0.0223906,
        "V2_0_n": 0.00391651,
        "V2_A_n": 1.88551e-06,
        "V3_0_n": -1.02483e-05,
        "V3_A_n": 1.3442e-08,
        "V2_0_p": 0.0053057,
        "V2_A_p": 1.0676e-05,
        "V3_0_p": -7.42165e-06,
        "V3_A_p": 7.02748e-08,
        "V4_0": -4.51989e-08,
        "r_0": 1.30645,
        "r_A": 0.551902,
        "a_0": 0.709954,
        "a_A": 0.000246956
    },
    "KDCoulomb": {
        "r_C_0": 1.38338,
        "r_C_A": 0.204269,
        "r_C_A2": 34.4959
    },
    "KDRealSpinOrbit": {
        "V1_0": 5.67135,
        "V1_A": 0.000484056,
        "V2_0": 0.000342976,
        "r_0": 1.21268,
        "r_A": 1.03554,
        "a_0": 0.608976
    },
    "KDImagSpinOrbit": {
        "W1_0": -4.82921,
        "W2_0": 153.185
    },
    "KDImagVolume": {
        "W1_0_n": 24.3285,
        "W1_A_n": -0.00483109,
        "W1_0_p": 35.6854,
        "W1_A_p": 0.0992608,
        "W2_0": 119.193,
        "W2_A": 0.253573
    },
    "KDImagSurface": {
        "D1_0": 26.0684,
        "D1_asymm": 40.0821,
        "D2_0": 0.010237,
        "D2_A": 0.0228034,
        "D2_A2": 18.5897,
        "D2_A3": 251.016,
        "D3_0": 21.7324,
        "r_0": 1.43866,
        "r_A": 0.0371342,
        "a_0_n": 0.558524,
        "a_A_n": -0.00145245,
        "a_0_p": 0.456185,
        "a_A_p": 0.00170084
    }
}