{
    "ECS_p": 0.416009,
    "ECS_n": 0.451138,
    "APower_p": 0.76906,
    "APower_n": 0.577788,
    "RCS_p": 0.0412266,
    "TCS_n": 0.0597274
}