{
    "KDHartreeFock": {
        "V1_0": 56.5653,
        "V1_asymm": 7.42324,
        "V1_A": 0.0266623,
        "V2_0_n": 0.00559127,
        "V2_A_n": 9.96052e-06,
        "V3_0_n": 9.06978e-06,
        "V3_A_n": 9.37778e-08,
        "V2_0_p": 0.00605249,
        "V2_A_p": -4.11939e-06,
        "V3_0_p": 5.72094e-06,
        "V3_A_p": -2.55601e-08,
        "V4_0": -2.14487e-08,
        "r_0": 1.29459,
        "r_A": 0.362367,
        "a_0": 0.718571,
        "a_A": 0.000258771
    },
    "KDCoulomb": {
        "r_C_0": 1.3473,
        "r_C_A": 0.0955273,
        "r_C_A2": 24.3297
    },
    "KDRealSpinOrbit": {
        "V1_0": 4.69979,
        "V1_A": -0.010354,
        "V2_0": 0.000196066,
        "r_0": 1.2424,
        "r_A": 0.731665,
        "a_0": 0.621065
    },
    "KDImagSpinOrbit": {
        "W1_0": -4.82175,
        "W2_0": 407.303
    },
    "KDImagVolume": {
        "W1_0_n": 4.30549,
        "W1_A_n": 0.0727964,
        "W1_0_p": 12.0355,
        "W1_A_p": 0.0168993,
        "W2_0": 44.406,
        "W2_A": 0.0982273
    },
    "KDImagSurface": {
        "D1_0": 25.8169,
        "D1_asymm": 0.930659,
        "D2_0": 0.0373089,
        "D2_A": -0.0203986,
        "D2_A2": -8.12022,
        "D2_A3": 255.365,
        "D3_0": 12.7302,
        "r_0": 1.33703,
        "r_A": 0.0298843,
        "a_0_n": 0.622054,
        "a_A_n": 0.000507539,
        "a_0_p": 0.39436,
        "a_A_p": 0.00196924
    }
}