{
    "ECS_p": 0.332211,
    "ECS_n": 0.252268,
    "APower_p": 0.334678,
    "APower_n": 0.203972,
    "RCS_p": 0.00437269,
    "TCS_n": 0.0281537
}