{
    "KDHartreeFock": {
        "V1_0": 61.2449,
        "V1_asymm": 18.8854,
        "V1_A": 0.021093,
        "V2_0_n": 0.00699577,
        "V2_A_n": 8.13796e-06,
        "V3_0_n": 2.14113e-05,
        "V3_A_n": 6.04309e-08,
        "V2_0_p": 0.00816588,
        "V2_A_p": -7.70406e-06,
        "V3_0_p": 2.85259e-05,
        "V3_A_p": -6.1729e-08,
        "V4_0": 1.46314e-08,
        "r_0": 1.18099,
        "r_A": 0.094646,
        "a_0": 0.691196,
        "a_A": -0.000105863
    },
    "KDCoulomb": {
        "r_C_0": 1.26199,
        "r_C_A": 1.11599,
        "r_C_A2": 8.14424
    },
    "KDRealSpinOrbit": {
        "V1_0": 6.80035,
        "V1_A": 0.00101364,
        "V2_0": 0.0102903,
        "r_0": 1.20157,
        "r_A": 0.777674,
        "a_0": 0.567163
    },
    "KDImagSpinOrbit": {
        "W1_0": -1.21675,
        "W2_0": -87.1773
    },
    "KDImagVolume": {
        "W1_0_n": 16.5919,
        "W1_A_n": 0.0538012,
        "W1_0_p": 14.7698,
        "W1_A_p": 0.0821069,
        "W2_0": 125.604,
        "W2_A": -0.201806
    },
    "KDImagSurface": {
        "D1_0": 30.3164,
        "D1_asymm": 25.9074,
        "D2_0": 0.0481125,
        "D2_A": -0.0131172,
        "D2_A2": 13.7546,
        "D2_A3": 279.117,
        "D3_0": 19.9027,
        "r_0": 1.2998,
        "r_A": 0.00819882,
        "a_0_n": 0.532458,
        "a_A_n": -6.59923e-05,
        "a_0_p": 0.530955,
        "a_A_p": 0.00138824
    }
}