{
    "ECS_p": 0.256468,
    "ECS_n": 0.206881,
    "APower_p": 0.366062,
    "APower_n": 0.197186,
    "RCS_p": 0.0140003,
    "TCS_n": 0.0260449
}