{
    "KDHartreeFock": {
        "V1_0": 62.0213,
        "V1_asymm": 13.5878,
        "V1_A": 0.0275953,
        "V2_0_n": 0.00680577,
        "V2_A_n": -3.54192e-06,
        "V3_0_n": 1.92732e-05,
        "V3_A_n": -2.67267e-08,
        "V2_0_p": 0.00697008,
        "V2_A_p": -1.17682e-06,
        "V3_0_p": 2.07688e-05,
        "V3_A_p": 3.4752e-09,
        "V4_0": 3.0838e-08,
        "r_0": 1.27906,
        "r_A": 0.496082,
        "a_0": 0.716282,
        "a_A": 4.92383e-05
    },
    "KDCoulomb": {
        "r_C_0": 1.12277,
        "r_C_A": 0.129979,
        "r_C_A2": -14.3601
    },
    "KDRealSpinOrbit": {
        "V1_0": 6.69244,
        "V1_A": -0.00939764,
        "V2_0": 0.00287569,
        "r_0": 1.26415,
        "r_A": 0.986249,
        "a_0": 0.65595
    },
    "KDImagSpinOrbit": {
        "W1_0": -0.536805,
        "W2_0": 249.78
    },
    "KDImagVolume": {
        "W1_0_n": 25.0296,
        "W1_A_n": -0.0387354,
        "W1_0_p": 24.842,
        "W1_A_p": -0.0377749,
        "W2_0": 138.136,
        "W2_A": -0.201279
    },
    "KDImagSurface": {
        "D1_0": 13.156,
        "D1_asymm": 6.93902,
        "D2_0": 0.0638451,
        "D2_A": -0.0465735,
        "D2_A2": 13.7923,
        "D2_A3": 364.917,
        "D3_0": 11.9984,
        "r_0": 1.43153,
        "r_A": 0.0372135,
        "a_0_n": 0.536319,
        "a_A_n": -0.000350257,
        "a_0_p": 0.498418,
        "a_A_p": 0.00101288
    }
}