{
    "ECS_p": 0.186455,
    "ECS_n": 0.173279,
    "APower_p": 0.353054,
    "APower_n": 0.213594,
    "RCS_p": 0.00744232,
    "TCS_n": 0.0353036
}