{
    "KDHartreeFock": {
        "V1_0": 57.2266,
        "V1_asymm": 13.0447,
        "V1_A": 0.0322727,
        "V2_0_n": 0.00624899,
        "V2_A_n": 5.01615e-06,
        "V3_0_n": 6.1044e-06,
        "V3_A_n": 4.1038e-08,
        "V2_0_p": 0.00636239,
        "V2_A_p": 9.86072e-06,
        "V3_0_p": 6.55506e-06,
        "V3_A_p": 5.33911e-08,
        "V4_0": -2.72552e-08,
        "r_0": 1.30708,
        "r_A": 0.393615,
        "a_0": 0.68143,
        "a_A": 0.000207646
    },
    "KDCoulomb": {
        "r_C_0": 1.24877,
        "r_C_A": -0.257742,
        "r_C_A2": 6.74971
    },
    "KDRealSpinOrbit": {
        "V1_0": 5.99759,
        "V1_A": 0.0012628,
        "V2_0": 0.00256151,
        "r_0": 1.24264,
        "r_A": 0.831661,
        "a_0": 0.66626
    },
    "KDImagSpinOrbit": {
        "W1_0": -1.31351,
        "W2_0": 144.825
    },
    "KDImagVolume": {
        "W1_0_n": 16.855,
        "W1_A_n": 0.00279496,
        "W1_0_p": 13.2235,
        "W1_A_p": 1.62228e-05,
        "W2_0": 68.0554,
        "W2_A": -0.0196743
    },
    "KDImagSurface": {
        "D1_0": 30.0114,
        "D1_asymm": 37.9996,
        "D2_0": 0.0536219,
        "D2_A": -0.0155664,
        "D2_A2": 11.3281,
        "D2_A3": 323.484,
        "D3_0": 19.6076,
        "r_0": 1.38092,
        "r_A": 0.0230233,
        "a_0_n": 0.492958,
        "a_A_n": -0.000414049,
        "a_0_p": 0.437697,
        "a_A_p": 0.00188555
    }
}