{
    "ECS_p": 0.248679,
    "ECS_n": 0.175864,
    "APower_p": 0.276755,
    "APower_n": 0.244572,
    "RCS_p": 0.0106537,
    "TCS_n": 0.0256856
}