{
    "KDHartreeFock": {
        "V1_0": 56.1416,
        "V1_asymm": 15.7114,
        "V1_A": 0.0148137,
        "V2_0_n": 0.00598157,
        "V2_A_n": 5.46037e-06,
        "V3_0_n": 4.02462e-06,
        "V3_A_n": 1.72753e-08,
        "V2_0_p": 0.00831421,
        "V2_A_p": -9.82978e-06,
        "V3_0_p": 2.22857e-05,
        "V3_A_p": -8.17176e-08,
        "V4_0": -2.3189e-08,
        "r_0": 1.21941,
        "r_A": 0.050733,
        "a_0": 0.654527,
        "a_A": -0.000224251
    },
    "KDCoulomb": {
        "r_C_0": 1.24026,
        "r_C_A": 0.350859,
        "r_C_A2": 8.84844
    },
    "KDRealSpinOrbit": {
        "V1_0": 5.34515,
        "V1_A": 0.0123617,
        "V2_0": 0.0065017,
        "r_0": 1.20022,
        "r_A": 0.72832,
        "a_0": 0.565283
    },
    "KDImagSpinOrbit": {
        "W1_0": -3.56604,
        "W2_0": 152.039
    },
    "KDImagVolume": {
        "W1_0_n": 20.4476,
        "W1_A_n": -0.00869858,
        "W1_0_p": 17.8985,
        "W1_A_p": 0.0472782,
        "W2_0": 95.7613,
        "W2_A": 0.030404
    },
    "KDImagSurface": {
        "D1_0": 17.4964,
        "D1_asymm": 21.2372,
        "D2_0": 0.0343998,
        "D2_A": -0.00767582,
        "D2_A2": 5.83129,
        "D2_A3": 256.343,
        "D3_0": 12.5682,
        "r_0": 1.39947,
        "r_A": 0.0269031,
        "a_0_n": 0.524302,
        "a_A_n": -0.000352931,
        "a_0_p": 0.479556,
        "a_A_p": 0.00129153
    }
}