{
    "ECS_p": 0.303109,
    "ECS_n": 0.42804,
    "APower_p": 0.624552,
    "APower_n": 0.513554,
    "RCS_p": 0.0525737,
    "TCS_n": 0.0305354
}