{
    "KDHartreeFock": {
        "V1_0": 61.0293,
        "V1_asymm": 2.0668,
        "V1_A": 0.0540412,
        "V2_0_n": 0.00575689,
        "V2_A_n": 6.44756e-06,
        "V3_0_n": -2.77856e-06,
        "V3_A_n": 2.38887e-08,
        "V2_0_p": 0.00678579,
        "V2_A_p": -5.893e-06,
        "V3_0_p": 8.45532e-06,
        "V3_A_p": -4.5265e-08,
        "V4_0": -3.95489e-08,
        "r_0": 1.30674,
        "r_A": 0.508197,
        "a_0": 0.657929,
        "a_A": -0.000404381
    },
    "KDCoulomb": {
        "r_C_0": 1.27267,
        "r_C_A": 0.439737,
        "r_C_A2": -4.07248
    },
    "KDRealSpinOrbit": {
        "V1_0": 6.24919,
        "V1_A": -0.00722225,
        "V2_0": 0.0049733,
        "r_0": 1.16589,
        "r_A": 0.347565,
        "a_0": 0.540923
    },
    "KDImagSpinOrbit": {
        "W1_0": -3.13184,
        "W2_0": 274.619
    },
    "KDImagVolume": {
        "W1_0_n": 21.5272,
        "W1_A_n": 0.00688304,
        "W1_0_p": 8.7864,
        "W1_A_p": 0.101745,
        "W2_0": 41.7797,
        "W2_A": 0.514196
    },
    "KDImagSurface": {
        "D1_0": 17.3523,
        "D1_asymm": 30.5957,
        "D2_0": 0.0554171,
        "D2_A": -0.0297969,
        "D2_A2": 1.14121,
        "D2_A3": 282.481,
        "D3_0": 10.87,
        "r_0": 1.33121,
        "r_A": 0.0115198,
        "a_0_n": 0.468882,
        "a_A_n": -0.000732679,
        "a_0_p": 0.430685,
        "a_A_p": 0.00156343
    }
}