{
    "ECS_p": 0.267995,
    "ECS_n": 0.156699,
    "APower_p": 0.836383,
    "APower_n": 0.548117,
    "RCS_p": 0.0279315,
    "TCS_n": 0.029767
}