{
    "KDHartreeFock": {
        "V1_0": 61.5254,
        "V1_asymm": 16.6368,
        "V1_A": 0.0459938,
        "V2_0_n": 0.0058165,
        "V2_A_n": 4.02285e-06,
        "V3_0_n": 1.34551e-05,
        "V3_A_n": 3.10034e-08,
        "V2_0_p": 0.00777101,
        "V2_A_p": 3.8608e-06,
        "V3_0_p": 2.7245e-05,
        "V3_A_p": 1.5588e-08,
        "V4_0": 1.86413e-08,
        "r_0": 1.33917,
        "r_A": 0.714498,
        "a_0": 0.699322,
        "a_A": -0.000119988
    },
    "KDCoulomb": {
        "r_C_0": 1.39288,
        "r_C_A": 0.442701,
        "r_C_A2": 26.3743
    },
    "KDRealSpinOrbit": {
        "V1_0": 5.60183,
        "V1_A": 0.000228088,
        "V2_0": 0.00886166,
        "r_0": 1.37576,
        "r_A": 1.37402,
        "a_0": 0.530887
    },
    "KDImagSpinOrbit": {
        "W1_0": -6.10366,
        "W2_0": 279.312
    },
    "KDImagVolume": {
        "W1_0_n": 22.7472,
        "W1_A_n": 0.0192659,
        "W1_0_p": 20.0591,
        "W1_A_p": 0.0357607,
        "W2_0": 104.337,
        "W2_A": 0.360784
    },
    "KDImagSurface": {
        "D1_0": 16.9705,
        "D1_asymm": 0.556836,
        "D2_0": -0.0238862,
        "D2_A": 0.0504079,
        "D2_A2": 23.3827,
        "D2_A3": 253.557,
        "D3_0": 12.8162,
        "r_0": 1.39273,
        "r_A": 0.0226026,
        "a_0_n": 0.582818,
        "a_A_n": 0.000198467,
        "a_0_p": 0.516836,
        "a_A_p": 0.00115693
    }
}