{
    "ECS_p": 0.4784,
    "ECS_n": 0.352578,
    "APower_p": 0.685927,
    "APower_n": 0.863188,
    "RCS_p": 0.0385616,
    "TCS_n": 0.0322189
}