{
    "KDHartreeFock": {
        "V1_0": 53.9426,
        "V1_asymm": 24.7436,
        "V1_A": -0.00273797,
        "V2_0_n": 0.00730741,
        "V2_A_n": 1.23002e-05,
        "V3_0_n": 1.94547e-05,
        "V3_A_n": 6.90664e-08,
        "V2_0_p": 0.0078364,
        "V2_A_p": 4.44343e-06,
        "V3_0_p": 1.3474e-05,
        "V3_A_p": 8.21138e-08,
        "V4_0": 9.75212e-09,
        "r_0": 1.19309,
        "r_A": -0.0859615,
        "a_0": 0.634944,
        "a_A": -0.000524355
    },
    "KDCoulomb": {
        "r_C_0": 1.20121,
        "r_C_A": 0.0266518,
        "r_C_A2": 35.7853
    },
    "KDRealSpinOrbit": {
        "V1_0": 4.75668,
        "V1_A": -0.016068,
        "V2_0": -0.000352801,
        "r_0": 1.25394,
        "r_A": 0.652262,
        "a_0": 0.553911
    },
    "KDImagSpinOrbit": {
        "W1_0": -5.83366,
        "W2_0": 351.575
    },
    "KDImagVolume": {
        "W1_0_n": 11.9359,
        "W1_A_n": 0.0472661,
        "W1_0_p": 12.1516,
        "W1_A_p": 0.0399323,
        "W2_0": 68.8237,
        "W2_A": 0.149314
    },
    "KDImagSurface": {
        "D1_0": 26.4092,
        "D1_asymm": 33.7938,
        "D2_0": 0.059087,
        "D2_A": -0.0246908,
        "D2_A2": 5.43419,
        "D2_A3": 313.006,
        "D3_0": 15.8269,
        "r_0": 1.46228,
        "r_A": 0.0378816,
        "a_0_n": 0.453285,
        "a_A_n": -0.00128773,
        "a_0_p": 0.431038,
        "a_A_p": 0.00130117
    }
}