{
    "ECS_p": 0.305286,
    "ECS_n": 0.204757,
    "APower_p": 0.372476,
    "APower_n": 0.272886,
    "RCS_p": 0.00494765,
    "TCS_n": 0.0340276
}