{
    "KDHartreeFock": {
        "V1_0": 58.4254,
        "V1_asymm": 16.2001,
        "V1_A": 0.0292344,
        "V2_0_n": 0.00374952,
        "V2_A_n": -1.21853e-05,
        "V3_0_n": -9.0139e-06,
        "V3_A_n": -6.21056e-08,
        "V2_0_p": 0.00587095,
        "V2_A_p": 1.30193e-05,
        "V3_0_p": 8.77601e-06,
        "V3_A_p": 2.59076e-08,
        "V4_0": -3.28176e-08,
        "r_0": 1.3124,
        "r_A": 0.499086,
        "a_0": 0.650941,
        "a_A": -0.000278523
    },
    "KDCoulomb": {
        "r_C_0": 1.24476,
        "r_C_A": 0.119949,
        "r_C_A2": 17.3902
    },
    "KDRealSpinOrbit": {
        "V1_0": 4.62794,
        "V1_A": 0.0114731,
        "V2_0": 0.00488606,
        "r_0": 1.2394,
        "r_A": 0.771376,
        "a_0": 0.533763
    },
    "KDImagSpinOrbit": {
        "W1_0": -3.00412,
        "W2_0": 365.375
    },
    "KDImagVolume": {
        "W1_0_n": 26.1171,
        "W1_A_n": -0.0510024,
        "W1_0_p": 14.7841,
        "W1_A_p": 0.0288014,
        "W2_0": 128.179,
        "W2_A": -0.21262
    },
    "KDImagSurface": {
        "D1_0": 23.8587,
        "D1_asymm": 19.2046,
        "D2_0": 0.0471619,
        "D2_A": -0.0158663,
        "D2_A2": 0.293065,
        "D2_A3": 299.065,
        "D3_0": 14.7997,
        "r_0": 1.35388,
        "r_A": 0.0171828,
        "a_0_n": 0.531253,
        "a_A_n": 0.000276946,
        "a_0_p": 0.491369,
        "a_A_p": 0.000938785
    }
}