{
    "ECS_p": 0.399948,
    "ECS_n": 0.328558,
    "APower_p": 0.862994,
    "APower_n": 0.4924,
    "RCS_p": 0.00706253,
    "TCS_n": 0.051873
}