{
    "KDHartreeFock": {
        "V1_0": 57.2475,
        "V1_asymm": 13.8994,
        "V1_A": 0.0222158,
        "V2_0_n": 0.00441061,
        "V2_A_n": 2.52459e-06,
        "V3_0_n": -1.25309e-05,
        "V3_A_n": 8.31422e-09,
        "V2_0_p": 0.00384649,
        "V2_A_p": 1.2084e-05,
        "V3_0_p": -5.40327e-06,
        "V3_A_p": 2.78677e-08,
        "V4_0": -5.37401e-08,
        "r_0": 1.25499,
        "r_A": 0.386118,
        "a_0": 0.673596,
        "a_A": -0.000468997
    },
    "KDCoulomb": {
        "r_C_0": 1.07129,
        "r_C_A": 0.678543,
        "r_C_A2": 2.7482
    },
    "KDRealSpinOrbit": {
        "V1_0": 3.95381,
        "V1_A": 0.0167337,
        "V2_0": 0.00541707,
        "r_0": 1.25849,
        "r_A": 0.974579,
        "a_0": 0.578744
    },
    "KDImagSpinOrbit": {
        "W1_0": -2.40985,
        "W2_0": 131.585
    },
    "KDImagVolume": {
        "W1_0_n": 22.2528,
        "W1_A_n": 0.0201385,
        "W1_0_p": 16.0476,
        "W1_A_p": 0.0565766,
        "W2_0": 67.4331,
        "W2_A": 0.0471234
    },
    "KDImagSurface": {
        "D1_0": 21.0817,
        "D1_asymm": 33.2211,
        "D2_0": 0.0367999,
        "D2_A": -0.0247282,
        "D2_A2": 5.9398,
        "D2_A3": -20.89,
        "D3_0": 13.0892,
        "r_0": 1.47989,
        "r_A": 0.0310173,
        "a_0_n": 0.546243,
        "a_A_n": 5.56448e-05,
        "a_0_p": 0.446677,
        "a_A_p": 0.000874595
    }
}