{
    "ECS_p": 0.235227,
    "ECS_n": 0.235251,
    "APower_p": 0.302465,
    "APower_n": 0.19771,
    "RCS_p": 0.0107998,
    "TCS_n": 0.0291694
}