{
    "KDHartreeFock": {
        "V1_0": 58.591,
        "V1_asymm": 22.9087,
        "V1_A": 0.0103017,
        "V2_0_n": 0.00605545,
        "V2_A_n": 1.6447e-07,
        "V3_0_n": 7.6277e-06,
        "V3_A_n": 4.96113e-09,
        "V2_0_p": 0.00690307,
        "V2_A_p": 6.97475e-06,
        "V3_0_p": 1.28704e-05,
        "V3_A_p": 4.62574e-08,
        "V4_0": -1.72561e-08,
        "r_0": 1.25775,
        "r_A": 0.318518,
        "a_0": 0.69393,
        "a_A": -5.90337e-05
    },
    "KDCoulomb": {
        "r_C_0": 1.12463,
        "r_C_A": 0.309614,
        "r_C_A2": -1.23889
    },
    "KDRealSpinOrbit": {
        "V1_0": 5.3193,
        "V1_A": 0.0119562,
        "V2_0": 0.00654145,
        "r_0": 1.23692,
        "r_A": 0.758433,
        "a_0": 0.55896
    },
    "KDImagSpinOrbit": {
        "W1_0": -2.32474,
        "W2_0": 119.987
    },
    "KDImagVolume": {
        "W1_0_n": 21.6701,
        "W1_A_n": -0.00600971,
        "W1_0_p": 21.4224,
        "W1_A_p": 0.00756675,
        "W2_0": 130.489,
        "W2_A": -0.202457
    },
    "KDImagSurface": {
        "D1_0": 25.6667,
        "D1_asymm": 7.16322,
        "D2_0": -0.00374511,
        "D2_A": 0.035627,
        "D2_A2": 13.7017,
        "D2_A3": 317.626,
        "D3_0": 18.6378,
        "r_0": 1.38369,
        "r_A": 0.0242798,
        "a_0_n": 0.561827,
        "a_A_n": 0.000493201,
        "a_0_p": 0.50483,
        "a_A_p": 0.00115666
    }
}