{
    "ECS_p": 0.243641,
    "ECS_n": 0.192004,
    "APower_p": 0.260631,
    "APower_n": 0.157819,
    "RCS_p": 0.0254795,
    "TCS_n": 0.0347736
}