{
    "KDHartreeFock": {
        "V1_0": 60.7983,
        "V1_asymm": 15.4283,
        "V1_A": 0.0451012,
        "V2_0_n": 0.00705687,
        "V2_A_n": 8.30391e-06,
        "V3_0_n": 1.75629e-05,
        "V3_A_n": 3.14314e-08,
        "V2_0_p": 0.00769035,
        "V2_A_p": 4.11069e-06,
        "V3_0_p": 2.40529e-05,
        "V3_A_p": -1.51375e-08,
        "V4_0": 2.09402e-08,
        "r_0": 1.30724,
        "r_A": 0.516382,
        "a_0": 0.65472,
        "a_A": -0.000338157
    },
    "KDCoulomb": {
        "r_C_0": 1.18285,
        "r_C_A": 1.26272,
        "r_C_A2": 16.664
    },
    "KDRealSpinOrbit": {
        "V1_0": 5.14301,
        "V1_A": 0.0032563,
        "V2_0": 0.00150696,
        "r_0": 1.19775,
        "r_A": 0.824267,
        "a_0": 0.618141
    },
    "KDImagSpinOrbit": {
        "W1_0": -4.64527,
        "W2_0": 344.617
    },
    "KDImagVolume": {
        "W1_0_n": 20.2435,
        "W1_A_n": -0.0248906,
        "W1_0_p": 12.4022,
        "W1_A_p": 0.104095,
        "W2_0": 68.8059,
        "W2_A": 0.146327
    },
    "KDImagSurface": {
        "D1_0": 21.8456,
        "D1_asymm": 5.83686,
        "D2_0": 0.0360075,
        "D2_A": -0.00371684,
        "D2_A2": -4.39323,
        "D2_A3": 126.112,
        "D3_0": 15.6004,
        "r_0": 1.34975,
        "r_A": 0.0104886,
        "a_0_n": 0.542955,
        "a_A_n": 0.00027808,
        "a_0_p": 0.549553,
        "a_A_p": 0.000325175
    }
}