{
    "ECS_p": 0.368555,
    "ECS_n": 0.218328,
    "APower_p": 0.951106,
    "APower_n": 0.638931,
    "RCS_p": 0.0414297,
    "TCS_n": 0.0409144
}