{
    "KDHartreeFock": {
        "V1_0": 59.4144,
        "V1_asymm": 8.80047,
        "V1_A": 0.0519656,
        "V2_0_n": 0.00673497,
        "V2_A_n": 1.95448e-05,
        "V3_0_n": 7.45037e-06,
        "V3_A_n": 9.73544e-08,
        "V2_0_p": 0.00865457,
        "V2_A_p": -2.78759e-05,
        "V3_0_p": 2.25386e-05,
        "V3_A_p": -1.02691e-07,
        "V4_0": -1.91926e-08,
        "r_0": 1.33929,
        "r_A": 0.651169,
        "a_0": 0.751777,
        "a_A": 0.00036048
    },
    "KDCoulomb": {
        "r_C_0": 1.23615,
        "r_C_A": 0.771045,
        "r_C_A2": -4.78993
    },
    "KDRealSpinOrbit": {
        "V1_0": 8.81003,
        "V1_A": -0.0369325,
        "V2_0": 0.00610816,
        "r_0": 1.0878,
        "r_A": 0.359317,
        "a_0": 0.559917
    },
    "KDImagSpinOrbit": {
        "W1_0": -1.98185,
        "W2_0": 188.788
    },
    "KDImagVolume": {
        "W1_0_n": 23.0742,
        "W1_A_n": -0.0315482,
        "W1_0_p": 18.4878,
        "W1_A_p": -0.0146517,
        "W2_0": 71.1784,
        "W2_A": -0.0705524
    },
    "KDImagSurface": {
        "D1_0": 24.953,
        "D1_asymm": -0.759165,
        "D2_0": 0.0404958,
        "D2_A": -0.0110152,
        "D2_A2": -7.09986,
        "D2_A3": 155.407,
        "D3_0": 18.7903,
        "r_0": 1.38409,
        "r_A": 0.0233378,
        "a_0_n": 0.542499,
        "a_A_n": -4.59605e-05,
        "a_0_p": 0.517015,
        "a_A_p": 0.00127629
    }
}