{
    "ECS_p": 0.456213,
    "ECS_n": 0.314989,
    "APower_p": 0.645747,
    "APower_n": 0.499999,
    "RCS_p": 0.0519798,
    "TCS_n": 0.0315189
}