{
    "KDHartreeFock": {
        "V1_0": 61.0023,
        "V1_asymm": 24.4013,
        "V1_A": 0.0153239,
        "V2_0_n": 0.00534371,
        "V2_A_n": -1.13613e-06,
        "V3_0_n": 1.83756e-06,
        "V3_A_n": -3.67019e-09,
        "V2_0_p": 0.00610135,
        "V2_A_p": 1.21173e-05,
        "V3_0_p": 7.23e-06,
        "V3_A_p": 8.55897e-08,
        "V4_0": -2.63243e-08,
        "r_0": 1.24538,
        "r_A": 0.384493,
        "a_0": 0.715037,
        "a_A": -0.000297934
    },
    "KDCoulomb": {
        "r_C_0": 1.35554,
        "r_C_A": 1.08588,
        "r_C_A2": 25.996
    },
    "KDRealSpinOrbit": {
        "V1_0": 5.7842,
        "V1_A": -0.0202595,
        "V2_0": 0.0024651,
        "r_0": 1.25045,
        "r_A": 0.917831,
        "a_0": 0.553722
    },
    "KDImagSpinOrbit": {
        "W1_0": -3.89543,
        "W2_0": 297.085
    },
    "KDImagVolume": {
        "W1_0_n": 22.6694,
        "W1_A_n": 0.000858333,
        "W1_0_p": 29.8657,
        "W1_A_p": -0.0187827,
        "W2_0": 143.316,
        "W2_A": -0.134444
    },
    "KDImagSurface": {
        "D1_0": 25.863,
        "D1_asymm": 32.0401,
        "D2_0": 0.0257468,
        "D2_A": 0.00794506,
        "D2_A2": 8.10721,
        "D2_A3": 329.324,
        "D3_0": 17.0108,
        "r_0": 1.30933,
        "r_A": 0.00548026,
        "a_0_n": 0.511243,
        "a_A_n": -0.000346094,
        "a_0_p": 0.484451,
        "a_A_p": 0.0005717
    }
}