{
    "ECS_p": 0.352328,
    "ECS_n": 0.271215,
    "APower_p": 0.69075,
    "APower_n": 0.601938,
    "RCS_p": 0.0318863,
    "TCS_n": 0.044953
}