{
    "KDHartreeFock": {
        "V1_0": 58.2682,
        "V1_asymm": 13.6564,
        "V1_A": 0.0250224,
        "V2_0_n": 0.00423026,
        "V2_A_n": -4.66364e-06,
        "V3_0_n": -1.73875e-06,
        "V3_A_n": 1.89666e-10,
        "V2_0_p": 0.00630462,
        "V2_A_p": 9.60132e-06,
        "V3_0_p": 7.71169e-06,
        "V3_A_p": 4.79791e-08,
        "V4_0": -2.5829e-08,
        "r_0": 1.26203,
        "r_A": 0.313,
        "a_0": 0.636825,
        "a_A": -0.000582493
    },
    "KDCoulomb": {
        "r_C_0": 1.15042,
        "r_C_A": 0.0490355,
        "r_C_A2": 15.6861
    },
    "KDRealSpinOrbit": {
        "V1_0": 2.422,
        "V1_A": 0.017264,
        "V2_0": 0.00416156,
        "r_0": 1.24087,
        "r_A": 0.779759,
        "a_0": 0.522091
    },
    "KDImagSpinOrbit": {
        "W1_0": -4.41104,
        "W2_0": 195.082
    },
    "KDImagVolume": {
        "W1_0_n": 22.6744,
        "W1_A_n": -0.0162653,
        "W1_0_p": 19.5368,
        "W1_A_p": 0.0269694,
        "W2_0": 101.714,
        "W2_A": -0.0295388
    },
    "KDImagSurface": {
        "D1_0": 18.3583,
        "D1_asymm": 6.53201,
        "D2_0": 0.00204954,
        "D2_A": 0.0291333,
        "D2_A2": 18.6604,
        "D2_A3": 241.101,
        "D3_0": 12.9594,
        "r_0": 1.38422,
        "r_A": 0.0220469,
        "a_0_n": 0.529349,
        "a_A_n": 0.000206949,
        "a_0_p": 0.511351,
        "a_A_p": 0.00129007
    }
}