{
    "ECS_p": 0.273148,
    "ECS_n": 0.260751,
    "APower_p": 0.681787,
    "APower_n": 0.657072,
    "RCS_p": 0.0166095,
    "TCS_n": 0.0378551
}