{
    "KDHartreeFock": {
        "V1_0": 61.7705,
        "V1_asymm": 16.4396,
        "V1_A": 0.0437329,
        "V2_0_n": 0.00566266,
        "V2_A_n": 2.09428e-06,
        "V3_0_n": 5.76097e-06,
        "V3_A_n": 6.84993e-09,
        "V2_0_p": 0.0061171,
        "V2_A_p": 2.37372e-06,
        "V3_0_p": 9.42684e-06,
        "V3_A_p": 2.71634e-08,
        "V4_0": -2.06543e-08,
        "r_0": 1.255,
        "r_A": 0.340157,
        "a_0": 0.664949,
        "a_A": -0.000414108
    },
    "KDCoulomb": {
        "r_C_0": 1.18706,
        "r_C_A": 0.175462,
        "r_C_A2": 25.0792
    },
    "KDRealSpinOrbit": {
        "V1_0": 6.81517,
        "V1_A": -0.00148251,
        "V2_0": 0.00980771,
        "r_0": 1.29876,
        "r_A": 1.07925,
        "a_0": 0.562998
    },
    "KDImagSpinOrbit": {
        "W1_0": -3.43094,
        "W2_0": 205.472
    },
    "KDImagVolume": {
        "W1_0_n": 19.327,
        "W1_A_n": -0.0180481,
        "W1_0_p": 16.0995,
        "W1_A_p": 0.0174153,
        "W2_0": 100.708,
        "W2_A": 0.0404215
    },
    "KDImagSurface": {
        "D1_0": 28.2033,
        "D1_asymm": 28.5755,
        "D2_0": 0.104458,
        "D2_A": -0.073606,
        "D2_A2": 2.97067,
        "D2_A3": 297.525,
        "D3_0": 20.5816,
        "r_0": 1.21581,
        "r_A": -0.00727172,
        "a_0_n": 0.569526,
        "a_A_n": -0.000237458,
        "a_0_p": 0.502624,
        "a_A_p": 0.000742022
    }
}