{
    "ECS_p": 0.325078,
    "ECS_n": 0.185657,
    "APower_p": 0.660916,
    "APower_n": 0.655703,
    "RCS_p": 0.0445342,
    "TCS_n": 0.0348582
}