{
    "KDHartreeFock": {
        "V1_0": 58.7835,
        "V1_asymm": 28.9085,
        "V1_A": 0.00292621,
        "V2_0_n": 0.00461225,
        "V2_A_n": 2.05901e-06,
        "V3_0_n": -4.90408e-06,
        "V3_A_n": 2.93884e-08,
        "V2_0_p": 0.00770612,
        "V2_A_p": -2.3863e-06,
        "V3_0_p": 1.18873e-05,
        "V3_A_p": -1.49571e-08,
        "V4_0": -4.98138e-08,
        "r_0": 1.19446,
        "r_A": 0.107459,
        "a_0": 0.683986,
        "a_A": -0.000483741
    },
    "KDCoulomb": {
        "r_C_0": 1.26909,
        "r_C_A": 0.117988,
        "r_C_A2": -5.23572
    },
    "KDRealSpinOrbit": {
        "V1_0": 5.00364,
        "V1_A": 0.00497221,
        "V2_0": 0.0037215,
        "r_0": 1.24561,
        "r_A": 0.849369,
        "a_0": 0.605094
    },
    "KDImagSpinOrbit": {
        "W1_0": -5.0625,
        "W2_0": 198.343
    },
    "KDImagVolume": {
        "W1_0_n": 13.8493,
        "W1_A_n": 0.0218852,
        "W1_0_p": 14.5356,
        "W1_A_p": 0.0594091,
        "W2_0": 70.8848,
        "W2_A": -0.0964614
    },
    "KDImagSurface": {
        "D1_0": 19.9822,
        "D1_asymm": 14.3435,
        "D2_0": 0.0366846,
        "D2_A": -0.0052399,
        "D2_A2": 8.54677,
        "D2_A3": 417.625,
        "D3_0": 15.6429,
        "r_0": 1.35441,
        "r_A": 0.0134129,
        "a_0_n": 0.555516,
        "a_A_n": 0.000441472,
        "a_0_p": 0.506353,
        "a_A_p": 6.07803e-05
    }
}