{
    "ECS_p": 0.319724,
    "ECS_n": 0.332666,
    "APower_p": 0.653488,
    "APower_n": 0.686646,
    "RCS_p": 0.0222101,
    "TCS_n": 0.0425912
}