{
    "KDHartreeFock": {
        "V1_0": 56.9707,
        "V1_asymm": 11.8595,
        "V1_A": 0.0321028,
        "V2_0_n": 0.00423718,
        "V2_A_n": 5.08225e-06,
        "V3_0_n": -8.8725e-06,
        "V3_A_n": 4.78983e-08,
        "V2_0_p": 0.00664548,
        "V2_A_p": -3.89995e-07,
        "V3_0_p": 4.13902e-06,
        "V3_A_p": -1.62546e-08,
        "V4_0": -5.72295e-08,
        "r_0": 1.28676,
        "r_A": 0.355593,
        "a_0": 0.704202,
        "a_A": 6.40028e-05
    },
    "KDCoulomb": {
        "r_C_0": 1.18727,
        "r_C_A": 1.40684,
        "r_C_A2": 3.75216
    },
    "KDRealSpinOrbit": {
        "V1_0": 3.3517,
        "V1_A": 0.0112759,
        "V2_0": 0.00121426,
        "r_0": 1.19495,
        "r_A": 0.71876,
        "a_0": 0.62122
    },
    "KDImagSpinOrbit": {
        "W1_0": -2.88468,
        "W2_0": 292.982
    },
    "KDImagVolume": {
        "W1_0_n": 13.4365,
        "W1_A_n": 0.0341482,
        "W1_0_p": 11.0146,
        "W1_A_p": 0.0611851,
        "W2_0": 51.76,
        "W2_A": 0.121396
    },
    "KDImagSurface": {
        "D1_0": 32.5269,
        "D1_asymm": 18.7825,
        "D2_0": -0.00547506,
        "D2_A": 0.0498344,
        "D2_A2": 8.33727,
        "D2_A3": 247.682,
        "D3_0": 22.572,
        "r_0": 1.40881,
        "r_A": 0.024956,
        "a_0_n": 0.561322,
        "a_A_n": 4.83208e-05,
        "a_0_p": 0.461023,
        "a_A_p": 0.0011169
    }
}