{
    "ECS_p": 0.468242,
    "ECS_n": 0.527533,
    "APower_p": 0.611877,
    "APower_n": 0.654545,
    "RCS_p": 0.0312621,
    "TCS_n": 0.0457559
}