{
    "KDHartreeFock": {
        "V1_0": 57.2569,
        "V1_asymm": 16.9534,
        "V1_A": 0.0206713,
        "V2_0_n": 0.00586319,
        "V2_A_n": 1.79252e-05,
        "V3_0_n": 3.16524e-06,
        "V3_A_n": 9.14502e-08,
        "V2_0_p": 0.00792713,
        "V2_A_p": -8.5624e-06,
        "V3_0_p": 1.32897e-05,
        "V3_A_p": -2.56963e-08,
        "V4_0": -3.7725e-08,
        "r_0": 1.24424,
        "r_A": 0.205788,
        "a_0": 0.678266,
        "a_A": -9.67564e-05
    },
    "KDCoulomb": {
        "r_C_0": 1.13194,
        "r_C_A": 0.297052,
        "r_C_A2": 19.7649
    },
    "KDRealSpinOrbit": {
        "V1_0": 5.03646,
        "V1_A": -0.00151703,
        "V2_0": 0.0041609,
        "r_0": 1.19551,
        "r_A": 0.55345,
        "a_0": 0.573538
    },
    "KDImagSpinOrbit": {
        "W1_0": -1.67133,
        "W2_0": 212.584
    },
    "KDImagVolume": {
        "W1_0_n": 17.3655,
        "W1_A_n": 0.00540252,
        "W1_0_p": 18.8219,
        "W1_A_p": -0.00473045,
        "W2_0": 130.248,
        "W2_A": -0.234096
    },
    "KDImagSurface": {
        "D1_0": 18.4111,
        "D1_asymm": -2.31314,
        "D2_0": 0.0126424,
        "D2_A": 0.0116472,
        "D2_A2": 18.2827,
        "D2_A3": 286.378,
        "D3_0": 14.6037,
        "r_0": 1.33729,
        "r_A": 0.0145478,
        "a_0_n": 0.540141,
        "a_A_n": 0.000360641,
        "a_0_p": 0.52525,
        "a_A_p": 0.000403304
    }
}