{
    "ECS_p": 0.365835,
    "ECS_n": 0.188694,
    "APower_p": 0.332622,
    "APower_n": 0.173912,
    "RCS_p": 0.0134733,
    "TCS_n": 0.0216737
}