{
    "KDHartreeFock": {
        "V1_0": 63.2227,
        "V1_asymm": 17.084,
        "V1_A": 0.0357686,
        "V2_0_n": 0.00652978,
        "V2_A_n": 5.84078e-06,
        "V3_0_n": 1.29244e-05,
        "V3_A_n": 5.10393e-08,
        "V2_0_p": 0.00512268,
        "V2_A_p": 1.17174e-05,
        "V3_0_p": 3.0569e-06,
        "V3_A_p": 7.43248e-08,
        "V4_0": -5.28567e-09,
        "r_0": 1.27631,
        "r_A": 0.584351,
        "a_0": 0.715329,
        "a_A": -0.000211589
    },
    "KDCoulomb": {
        "r_C_0": 1.26971,
        "r_C_A": 0.124566,
        "r_C_A2": -10.4607
    },
    "KDRealSpinOrbit": {
        "V1_0": 6.14104,
        "V1_A": 0.00140855,
        "V2_0": 0.00637898,
        "r_0": 1.16105,
        "r_A": 0.541994,
        "a_0": 0.590257
    },
    "KDImagSpinOrbit": {
        "W1_0": -7.25219,
        "W2_0": 217.413
    },
    "KDImagVolume": {
        "W1_0_n": 27.0986,
        "W1_A_n": 0.021552,
        "W1_0_p": 30.0833,
        "W1_A_p": 0.054433,
        "W2_0": 148.346,
        "W2_A": 0.0556335
    },
    "KDImagSurface": {
        "D1_0": 11.5334,
        "D1_asymm": -9.68117,
        "D2_0": 0.0103408,
        "D2_A": 0.00585039,
        "D2_A2": 12.5793,
        "D2_A3": 114.524,
        "D3_0": 12.3486,
        "r_0": 1.47776,
        "r_A": 0.0428694,
        "a_0_n": 0.537117,
        "a_A_n": -6.42488e-05,
        "a_0_p": 0.491982,
        "a_A_p": 0.00221137
    }
}