{
    "ECS_p": 0.450038,
    "ECS_n": 0.485458,
    "APower_p": 0.743786,
    "APower_n": 0.753402,
    "RCS_p": 0.0668063,
    "TCS_n": 0.0505059
}