{
    "KDHartreeFock": {
        "V1_0": 58.646,
        "V1_asymm": 4.41033,
        "V1_A": 0.0260841,
        "V2_0_n": 0.00628225,
        "V2_A_n": -1.972e-06,
        "V3_0_n": 1.33925e-05,
        "V3_A_n": 1.87036e-09,
        "V2_0_p": 0.00546853,
        "V2_A_p": 7.20977e-06,
        "V3_0_p": 6.52186e-06,
        "V3_A_p": 9.06411e-08,
        "V4_0": 1.40612e-08,
        "r_0": 1.24396,
        "r_A": 0.225002,
        "a_0": 0.626199,
        "a_A": -0.000194975
    },
    "KDCoulomb": {
        "r_C_0": 1.20843,
        "r_C_A": 1.10754,
        "r_C_A2": 20.98
    },
    "KDRealSpinOrbit": {
        "V1_0": 4.17256,
        "V1_A": -0.00920006,
        "V2_0": 0.00445686,
        "r_0": 1.24074,
        "r_A": 0.705143,
        "a_0": 0.605227
    },
    "KDImagSpinOrbit": {
        "W1_0": -0.938131,
        "W2_0": 395.322
    },
    "KDImagVolume": {
        "W1_0_n": 20.1548,
        "W1_A_n": 0.0695552,
        "W1_0_p": 14.1776,
        "W1_A_p": 0.118815,
        "W2_0": 99.4626,
        "W2_A": 0.414687
    },
    "KDImagSurface": {
        "D1_0": 13.735,
        "D1_asymm": -5.11027,
        "D2_0": 0.0563681,
        "D2_A": -0.0359979,
        "D2_A2": 9.53128,
        "D2_A3": 655.269,
        "D3_0": 10.5387,
        "r_0": 1.35264,
        "r_A": 0.0172792,
        "a_0_n": 0.608605,
        "a_A_n": 0.00096825,
        "a_0_p": 0.406239,
        "a_A_p": 0.00260003
    }
}