{
    "ECS_p": 0.322175,
    "ECS_n": 0.273251,
    "APower_p": 0.66095,
    "APower_n": 0.623422,
    "RCS_p": 0.0459351,
    "TCS_n": 0.0370136
}