{
    "KDHartreeFock": {
        "V1_0": 58.5144,
        "V1_asymm": 16.5553,
        "V1_A": 0.0416532,
        "V2_0_n": 0.00443709,
        "V2_A_n": 4.73627e-06,
        "V3_0_n": -9.84488e-06,
        "V3_A_n": 1.59618e-08,
        "V2_0_p": 0.00473557,
        "V2_A_p": 1.32088e-05,
        "V3_0_p": -8.80761e-06,
        "V3_A_p": 1.0896e-07,
        "V4_0": -5.50374e-08,
        "r_0": 1.29393,
        "r_A": 0.440973,
        "a_0": 0.597537,
        "a_A": -0.000889764
    },
    "KDCoulomb": {
        "r_C_0": 1.16891,
        "r_C_A": 1.69452,
        "r_C_A2": 17.3466
    },
    "KDRealSpinOrbit": {
        "V1_0": 6.15835,
        "V1_A": 1.62882e-05,
        "V2_0": 0.0071505,
        "r_0": 1.26691,
        "r_A": 0.839607,
        "a_0": 0.57266
    },
    "KDImagSpinOrbit": {
        "W1_0": -7.38849,
        "W2_0": 594.828
    },
    "KDImagVolume": {
        "W1_0_n": 19.758,
        "W1_A_n": 0.0652199,
        "W1_0_p": 10.4206,
        "W1_A_p": 0.146639,
        "W2_0": 46.102,
        "W2_A": 1.25363
    },
    "KDImagSurface": {
        "D1_0": 13.5988,
        "D1_asymm": 10.262,
        "D2_0": 0.0347086,
        "D2_A": -0.015302,
        "D2_A2": 1.99171,
        "D2_A3": 265.322,
        "D3_0": 9.77743,
        "r_0": 1.33001,
        "r_A": 0.00742491,
        "a_0_n": 0.586954,
        "a_A_n": 8.6507e-06,
        "a_0_p": 0.474687,
        "a_A_p": 0.00137787
    }
}