{
    "ECS_p": 0.277053,
    "ECS_n": 0.158918,
    "APower_p": 0.409538,
    "APower_n": 0.301719,
    "RCS_p": 0.0115062,
    "TCS_n": 0.0286609
}