{
    "KDHartreeFock": {
        "V1_0": 58.9628,
        "V1_asymm": 16.2192,
        "V1_A": 0.0185816,
        "V2_0_n": 0.00531972,
        "V2_A_n": 4.15171e-06,
        "V3_0_n": -5.4393e-06,
        "V3_A_n": 2.7342e-08,
        "V2_0_p": 0.00788267,
        "V2_A_p": -1.4436e-05,
        "V3_0_p": 9.27097e-06,
        "V3_A_p": -6.85048e-08,
        "V4_0": -5.53346e-08,
        "r_0": 1.19357,
        "r_A": 0.0955937,
        "a_0": 0.699141,
        "a_A": -0.000458516
    },
    "KDCoulomb": {
        "r_C_0": 1.33076,
        "r_C_A": 0.261196,
        "r_C_A2": -0.782406
    },
    "KDRealSpinOrbit": {
        "V1_0": 6.56003,
        "V1_A": -0.00574179,
        "V2_0": 0.00277852,
        "r_0": 1.20666,
        "r_A": 0.797705,
        "a_0": 0.597499
    },
    "KDImagSpinOrbit": {
        "W1_0": -4.552,
        "W2_0": 238.903
    },
    "KDImagVolume": {
        "W1_0_n": 16.0303,
        "W1_A_n": 0.0258224,
        "W1_0_p": 17.3335,
        "W1_A_p": 0.0683167,
        "W2_0": 64.1455,
        "W2_A": 0.130922
    },
    "KDImagSurface": {
        "D1_0": 24.7812,
        "D1_asymm": -5.11487,
        "D2_0": 0.0323877,
        "D2_A": 0.00987509,
        "D2_A2": 5.22616,
        "D2_A3": -51.8241,
        "D3_0": 19.3511,
        "r_0": 1.40077,
        "r_A": 0.0202294,
        "a_0_n": 0.527248,
        "a_A_n": 4.77642e-05,
        "a_0_p": 0.462255,
        "a_A_p": 0.00116313
    }
}