{
    "ECS_p": 0.313485,
    "ECS_n": 0.184204,
    "APower_p": 0.318798,
    "APower_n": 0.179187,
    "RCS_p": 0.0152111,
    "TCS_n": 0.0229157
}