{
    "KDHartreeFock": {
        "V1_0": 55.4041,
        "V1_asymm": 11.7568,
        "V1_A": 0.0193187,
        "V2_0_n": 0.0054341,
        "V2_A_n": 8.55219e-07,
        "V3_0_n": 5.45138e-06,
        "V3_A_n": -8.98868e-11,
        "V2_0_p": 0.00499819,
        "V2_A_p": 1.25983e-05,
        "V3_0_p": 1.14761e-05,
        "V3_A_p": 5.22247e-08,
        "V4_0": 9.77241e-10,
        "r_0": 1.26957,
        "r_A": 0.288041,
        "a_0": 0.672992,
        "a_A": -1.57747e-05
    },
    "KDCoulomb": {
        "r_C_0": 1.24517,
        "r_C_A": 0.0594383,
        "r_C_A2": 13.1458
    },
    "KDRealSpinOrbit": {
        "V1_0": 6.45938,
        "V1_A": 0.0192119,
        "V2_0": 0.0141888,
        "r_0": 1.18942,
        "r_A": 0.760403,
        "a_0": 0.607251
    },
    "KDImagSpinOrbit": {
        "W1_0": -6.64051,
        "W2_0": 209.05
    },
    "KDImagVolume": {
        "W1_0_n": 22.8774,
        "W1_A_n": 0.0462308,
        "W1_0_p": 16.2262,
        "W1_A_p": 0.106785,
        "W2_0": 103.202,
        "W2_A": 0.374167
    },
    "KDImagSurface": {
        "D1_0": 21.6097,
        "D1_asymm": 27.1446,
        "D2_0": 0.0306685,
        "D2_A": -0.00125355,
        "D2_A2": -7.21724,
        "D2_A3": 104.549,
        "D3_0": 15.2823,
        "r_0": 1.33953,
        "r_A": 0.0222176,
        "a_0_n": 0.57571,
        "a_A_n": -0.000311184,
        "a_0_p": 0.480749,
        "a_A_p": 0.00260763
    }
}