{
    "ECS_p": 0.536299,
    "ECS_n": 0.328187,
    "APower_p": 0.709119,
    "APower_n": 0.641079,
    "RCS_p": 0.0320567,
    "TCS_n": 0.0519289
}