{
    "KDHartreeFock": {
        "V1_0": 58.1918,
        "V1_asymm": 23.7024,
        "V1_A": 0.0220338,
        "V2_0_n": 0.00664032,
        "V2_A_n": 1.20256e-05,
        "V3_0_n": 1.71808e-05,
        "V3_A_n": 6.70082e-08,
        "V2_0_p": 0.00854184,
        "V2_A_p": 6.81835e-06,
        "V3_0_p": 3.74418e-05,
        "V3_A_p": -2.3598e-08,
        "V4_0": 1.64072e-08,
        "r_0": 1.26727,
        "r_A": 0.256308,
        "a_0": 0.62446,
        "a_A": -0.000204616
    },
    "KDCoulomb": {
        "r_C_0": 1.03766,
        "r_C_A": 1.43629,
        "r_C_A2": 2.24428
    },
    "KDRealSpinOrbit": {
        "V1_0": 3.09842,
        "V1_A": 0.00794034,
        "V2_0": -0.00114146,
        "r_0": 1.02902,
        "r_A": -0.195029,
        "a_0": 0.559995
    },
    "KDImagSpinOrbit": {
        "W1_0": -1.94196,
        "W2_0": 472.604
    },
    "KDImagVolume": {
        "W1_0_n": 11.3401,
        "W1_A_n": 0.0336412,
        "W1_0_p": 15.1787,
        "W1_A_p": 0.0303092,
        "W2_0": 83.2031,
        "W2_A": -0.118839
    },
    "KDImagSurface": {
        "D1_0": 24.4811,
        "D1_asymm": 14.3312,
        "D2_0": 0.0570602,
        "D2_A": -0.0211474,
        "D2_A2": 16.2399,
        "D2_A3": 356.887,
        "D3_0": 15.8342,
        "r_0": 1.43237,
        "r_A": 0.0331518,
        "a_0_n": 0.643672,
        "a_A_n": 0.000968209,
        "a_0_p": 0.464766,
        "a_A_p": 0.000966006
    }
}