{
    "ECS_p": 0.371214,
    "ECS_n": 0.191527,
    "APower_p": 0.726618,
    "APower_n": 0.474521,
    "RCS_p": 0.0481531,
    "TCS_n": 0.0268822
}