{
    "KDHartreeFock": {
        "V1_0": 57.6756,
        "V1_asymm": 14.3899,
        "V1_A": 0.0186486,
        "V2_0_n": 0.00395993,
        "V2_A_n": -5.72191e-06,
        "V3_0_n": -1.00363e-05,
        "V3_A_n": -4.11625e-08,
        "V2_0_p": 0.00603307,
        "V2_A_p": -1.52949e-06,
        "V3_0_p": 6.54863e-06,
        "V3_A_p": -4.95694e-09,
        "V4_0": -3.76661e-08,
        "r_0": 1.24828,
        "r_A": 0.292318,
        "a_0": 0.627691,
        "a_A": -0.000682986
    },
    "KDCoulomb": {
        "r_C_0": 1.14279,
        "r_C_A": 1.18049,
        "r_C_A2": 14.8723
    },
    "KDRealSpinOrbit": {
        "V1_0": 3.757,
        "V1_A": 0.0105403,
        "V2_0": 0.00382917,
        "r_0": 1.22954,
        "r_A": 0.961319,
        "a_0": 0.603381
    },
    "KDImagSpinOrbit": {
        "W1_0": -1.91021,
        "W2_0": 58.6351
    },
    "KDImagVolume": {
        "W1_0_n": 27.4574,
        "W1_A_n": -0.0633511,
        "W1_0_p": 20.4811,
        "W1_A_p": 0.00552084,
        "W2_0": 111.106,
        "W2_A": -0.127879
    },
    "KDImagSurface": {
        "D1_0": 18.2401,
        "D1_asymm": -3.99022,
        "D2_0": 0.000895459,
        "D2_A": 0.0253123,
        "D2_A2": 21.809,
        "D2_A3": 454.827,
        "D3_0": 14.632,
        "r_0": 1.47577,
        "r_A": 0.0459728,
        "a_0_n": 0.511648,
        "a_A_n": -0.000309581,
        "a_0_p": 0.459013,
        "a_A_p": 0.00166332
    }
}