{
    "ECS_p": 0.39058,
    "ECS_n": 0.358821,
    "APower_p": 0.773544,
    "APower_n": 0.522597,
    "RCS_p": 0.0501565,
    "TCS_n": 0.0510998
}