{
    "KDHartreeFock": {
        "V1_0": 50.9094,
        "V1_asymm": 21.3899,
        "V1_A": -0.010012,
        "V2_0_n": 0.00301488,
        "V2_A_n": 8.17861e-07,
        "V3_0_n": -2.08521e-05,
        "V3_A_n": -1.14842e-08,
        "V2_0_p": 0.00200803,
        "V2_A_p": 2.27398e-05,
        "V3_0_p": -2.03285e-05,
        "V3_A_p": 1.57882e-07,
        "V4_0": -5.65842e-08,
        "r_0": 1.31261,
        "r_A": 0.452861,
        "a_0": 0.739138,
        "a_A": 0.00100983
    },
    "KDCoulomb": {
        "r_C_0": 1.21979,
        "r_C_A": 1.60314,
        "r_C_A2": 15.2597
    },
    "KDRealSpinOrbit": {
        "V1_0": 9.25512,
        "V1_A": -0.0255915,
        "V2_0": 0.0166276,
        "r_0": 1.30564,
        "r_A": 0.887652,
        "a_0": 0.55686
    },
    "KDImagSpinOrbit": {
        "W1_0": -1.38446,
        "W2_0": 253.998
    },
    "KDImagVolume": {
        "W1_0_n": 21.4767,
        "W1_A_n": -0.0303743,
        "W1_0_p": 12.4658,
        "W1_A_p": 0.0333805,
        "W2_0": 75.317,
        "W2_A": -0.216425
    },
    "KDImagSurface": {
        "D1_0": 21.6715,
        "D1_asymm": 13.1767,
        "D2_0": 0.0197545,
        "D2_A": 0.0143861,
        "D2_A2": 7.62763,
        "D2_A3": 244.901,
        "D3_0": 20.2037,
        "r_0": 1.4231,
        "r_A": 0.0287909,
        "a_0_n": 0.570494,
        "a_A_n": -0.000287315,
        "a_0_p": 0.48514,
        "a_A_p": 0.00175049
    }
}