{
    "ECS_p": 0.37124,
    "ECS_n": 0.304517,
    "APower_p": 0.570534,
    "APower_n": 0.572776,
    "RCS_p": 0.040599,
    "TCS_n": 0.0489236
}