{
    "KDHartreeFock": {
        "V1_0": 59.3267,
        "V1_asymm": 23.0285,
        "V1_A": 0.0259213,
        "V2_0_n": 0.00724798,
        "V2_A_n": 1.9003e-05,
        "V3_0_n": 1.78666e-05,
        "V3_A_n": 8.69088e-08,
        "V2_0_p": 0.00746409,
        "V2_A_p": 9.08748e-06,
        "V3_0_p": 1.84136e-05,
        "V3_A_p": 6.44542e-08,
        "V4_0": 1.49416e-08,
        "r_0": 1.32561,
        "r_A": 0.565477,
        "a_0": 0.66308,
        "a_A": 5.41729e-05
    },
    "KDCoulomb": {
        "r_C_0": 1.16527,
        "r_C_A": 0.7787,
        "r_C_A2": 1.78464
    },
    "KDRealSpinOrbit": {
        "V1_0": 2.71867,
        "V1_A": -0.00749294,
        "V2_0": -0.00403001,
        "r_0": 1.1457,
        "r_A": 0.45022,
        "a_0": 0.65
    },
    "KDImagSpinOrbit": {
        "W1_0": -3.23204,
        "W2_0": 236.893
    },
    "KDImagVolume": {
        "W1_0_n": 23.2658,
        "W1_A_n": -0.0283976,
        "W1_0_p": 27.1369,
        "W1_A_p": -0.062855,
        "W2_0": 179.557,
        "W2_A": -0.617104
    },
    "KDImagSurface": {
        "D1_0": 16.6177,
        "D1_asymm": -4.75703,
        "D2_0": 0.0260315,
        "D2_A": -0.00461578,
        "D2_A2": 11.4475,
        "D2_A3": 158.126,
        "D3_0": 12.9877,
        "r_0": 1.44651,
        "r_A": 0.0407537,
        "a_0_n": 0.503854,
        "a_A_n": 0.000164709,
        "a_0_p": 0.524703,
        "a_A_p": 0.000717479
    }
}