{
    "ECS_p": 0.269279,
    "ECS_n": 0.242955,
    "APower_p": 0.404164,
    "APower_n": 0.0930275,
    "RCS_p": 0.003982,
    "TCS_n": 0.0309648
}