{
    "KDHartreeFock": {
        "V1_0": 58.1653,
        "V1_asymm": 13.1933,
        "V1_A": 0.0211939,
        "V2_0_n": 0.00680921,
        "V2_A_n": 3.36677e-06,
        "V3_0_n": 1.51428e-05,
        "V3_A_n": 1.14807e-08,
        "V2_0_p": 0.00699042,
        "V2_A_p": 2.58944e-06,
        "V3_0_p": 1.94203e-05,
        "V3_A_p": 2.04087e-08,
        "V4_0": 1.11602e-08,
        "r_0": 1.23639,
        "r_A": 0.221419,
        "a_0": 0.689638,
        "a_A": -6.68397e-05
    },
    "KDCoulomb": {
        "r_C_0": 1.21292,
        "r_C_A": 0.818005,
        "r_C_A2": 3.60379
    },
    "KDRealSpinOrbit": {
        "V1_0": 7.54968,
        "V1_A": -0.0168195,
        "V2_0": 0.00301791,
        "r_0": 1.23026,
        "r_A": 1.01855,
        "a_0": 0.608365
    },
    "KDImagSpinOrbit": {
        "W1_0": -1.92165,
        "W2_0": 183.561
    },
    "KDImagVolume": {
        "W1_0_n": 22.6079,
        "W1_A_n": 0.0164214,
        "W1_0_p": 19.1654,
        "W1_A_p": 0.0590856,
        "W2_0": 127.016,
        "W2_A": 0.218302
    },
    "KDImagSurface": {
        "D1_0": 14.4854,
        "D1_asymm": 9.01817,
        "D2_0": 0.0538731,
        "D2_A": -0.0352528,
        "D2_A2": 11.8442,
        "D2_A3": 332.452,
        "D3_0": 13.6664,
        "r_0": 1.33859,
        "r_A": 0.0158598,
        "a_0_n": 0.621427,
        "a_A_n": 0.000167695,
        "a_0_p": 0.505474,
        "a_A_p": 0.00179231
    }
}