{
    "ECS_p": 0.292421,
    "ECS_n": 0.151353,
    "APower_p": 0.584058,
    "APower_n": 0.662763,
    "RCS_p": 0.049575,
    "TCS_n": 0.0294668
}