{
    "KDHartreeFock": {
        "V1_0": 59.2206,
        "V1_asymm": 12.1124,
        "V1_A": 0.027824,
        "V2_0_n": 0.00463173,
        "V2_A_n": -7.68809e-06,
        "V3_0_n": 2.76591e-06,
        "V3_A_n": -4.10198e-08,
        "V2_0_p": 0.00684152,
        "V2_A_p": 1.80515e-08,
        "V3_0_p": 1.69701e-05,
        "V3_A_p": -1.682e-08,
        "V4_0": 6.21044e-09,
        "r_0": 1.24884,
        "r_A": 0.374115,
        "a_0": 0.68287,
        "a_A": -0.000505552
    },
    "KDCoulomb": {
        "r_C_0": 1.21737,
        "r_C_A": 1.94082,
        "r_C_A2": 31.014
    },
    "KDRealSpinOrbit": {
        "V1_0": 5.47208,
        "V1_A": 0.00752715,
        "V2_0": 0.00744291,
        "r_0": 1.27264,
        "r_A": 0.792128,
        "a_0": 0.566638
    },
    "KDImagSpinOrbit": {
        "W1_0": -1.2447,
        "W2_0": 274.11
    },
    "KDImagVolume": {
        "W1_0_n": 25.1552,
        "W1_A_n": 0.00305007,
        "W1_0_p": 16.8978,
        "W1_A_p": 0.0768241,
        "W2_0": 110.41,
        "W2_A": 0.207775
    },
    "KDImagSurface": {
        "D1_0": 18.4201,
        "D1_asymm": 18.1442,
        "D2_0": 0.0604174,
        "D2_A": -0.0322578,
        "D2_A2": 10.2145,
        "D2_A3": 417.105,
        "D3_0": 14.3182,
        "r_0": 1.30659,
        "r_A": 0.00547082,
        "a_0_n": 0.593492,
        "a_A_n": -0.000129532,
        "a_0_p": 0.519289,
        "a_A_p": 0.00150174
    }
}