{
    "ECS_p": 0.239273,
    "ECS_n": 0.234249,
    "APower_p": 0.412881,
    "APower_n": 0.153274,
    "RCS_p": 0.0144995,
    "TCS_n": 0.0218444
}