{
    "KDHartreeFock": {
        "V1_0": 56.8656,
        "V1_asymm": 10.7966,
        "V1_A": 0.0186284,
        "V2_0_n": 0.00577186,
        "V2_A_n": -6.52978e-06,
        "V3_0_n": 1.01168e-05,
        "V3_A_n": -3.48063e-08,
        "V2_0_p": 0.00620723,
        "V2_A_p": 4.50109e-06,
        "V3_0_p": 1.07116e-05,
        "V3_A_p": 3.89605e-08,
        "V4_0": 1.01035e-08,
        "r_0": 1.26804,
        "r_A": 0.276917,
        "a_0": 0.656926,
        "a_A": -0.0001181
    },
    "KDCoulomb": {
        "r_C_0": 1.2957,
        "r_C_A": -1.92195,
        "r_C_A2": -3.22034
    },
    "KDRealSpinOrbit": {
        "V1_0": 3.92641,
        "V1_A": 0.0119817,
        "V2_0": 0.00241095,
        "r_0": 1.16559,
        "r_A": 0.66486,
        "a_0": 0.61916
    },
    "KDImagSpinOrbit": {
        "W1_0": -2.89668,
        "W2_0": 140.777
    },
    "KDImagVolume": {
        "W1_0_n": 24.9039,
        "W1_A_n": -0.0335223,
        "W1_0_p": 20.8119,
        "W1_A_p": 0.0137839,
        "W2_0": 143.783,
        "W2_A": -0.153907
    },
    "KDImagSurface": {
        "D1_0": 18.4224,
        "D1_asymm": 17.3034,
        "D2_0": 0.0690802,
        "D2_A": -0.0474252,
        "D2_A2": 12.5954,
        "D2_A3": 337.428,
        "D3_0": 14.9564,
        "r_0": 1.32906,
        "r_A": 0.00863645,
        "a_0_n": 0.546667,
        "a_A_n": -0.000122772,
        "a_0_p": 0.453621,
        "a_A_p": 0.00135696
    }
}