{
    "ECS_p": 0.226903,
    "ECS_n": 0.207976,
    "APower_p": 0.382973,
    "APower_n": 0.213893,
    "RCS_p": 0.0367649,
    "TCS_n": 0.0249583
}