{
    "KDHartreeFock": {
        "V1_0": 56.8706,
        "V1_asymm": 13.4537,
        "V1_A": 0.024766,
        "V2_0_n": 0.00656416,
        "V2_A_n": 5.33574e-06,
        "V3_0_n": 1.24361e-05,
        "V3_A_n": 2.74323e-08,
        "V2_0_p": 0.00509671,
        "V2_A_p": 1.36017e-05,
        "V3_0_p": 6.46724e-06,
        "V3_A_p": 4.91436e-08,
        "V4_0": -9.32099e-09,
        "r_0": 1.33029,
        "r_A": 0.542064,
        "a_0": 0.710385,
        "a_A": 0.000412849
    },
    "KDCoulomb": {
        "r_C_0": 1.27221,
        "r_C_A": 1.022,
        "r_C_A2": -5.32756
    },
    "KDRealSpinOrbit": {
        "V1_0": 6.4248,
        "V1_A": -0.00583908,
        "V2_0": 0.0029001,
        "r_0": 1.20875,
        "r_A": 0.734887,
        "a_0": 0.610661
    },
    "KDImagSpinOrbit": {
        "W1_0": -1.73327,
        "W2_0": 180.481
    },
    "KDImagVolume": {
        "W1_0_n": 17.1069,
        "W1_A_n": -0.0228981,
        "W1_0_p": 21.5201,
        "W1_A_p": -0.013175,
        "W2_0": 116.279,
        "W2_A": -0.128581
    },
    "KDImagSurface": {
        "D1_0": 18.5777,
        "D1_asymm": 15.225,
        "D2_0": 0.0222895,
        "D2_A": 0.00213686,
        "D2_A2": 11.8373,
        "D2_A3": 245.888,
        "D3_0": 17.8288,
        "r_0": 1.46425,
        "r_A": 0.0550687,
        "a_0_n": 0.535554,
        "a_A_n": -0.00149376,
        "a_0_p": 0.539485,
        "a_A_p": 0.00116191
    }
}