{
    "ECS_p": 0.472993,
    "ECS_n": 0.265792,
    "APower_p": 0.877328,
    "APower_n": 0.70975,
    "RCS_p": 0.0476555,
    "TCS_n": 0.0460914
}