{
    "KDHartreeFock": {
        "V1_0": 56.6474,
        "V1_asymm": 17.5822,
        "V1_A": 0.0268372,
        "V2_0_n": 0.00549881,
        "V2_A_n": 8.53653e-07,
        "V3_0_n": 1.72274e-06,
        "V3_A_n": 1.18735e-08,
        "V2_0_p": 0.00749001,
        "V2_A_p": 6.95819e-06,
        "V3_0_p": 1.84453e-05,
        "V3_A_p": 2.0754e-08,
        "V4_0": -3.59483e-08,
        "r_0": 1.30536,
        "r_A": 0.380247,
        "a_0": 0.651376,
        "a_A": -8.17187e-05
    },
    "KDCoulomb": {
        "r_C_0": 1.22427,
        "r_C_A": 1.71641,
        "r_C_A2": 16.2828
    },
    "KDRealSpinOrbit": {
        "V1_0": 5.88427,
        "V1_A": 0.00654619,
        "V2_0": 0.00853462,
        "r_0": 1.14783,
        "r_A": 0.232965,
        "a_0": 0.516459
    },
    "KDImagSpinOrbit": {
        "W1_0": -3.83256,
        "W2_0": 440.94
    },
    "KDImagVolume": {
        "W1_0_n": 15.0665,
        "W1_A_n": 0.0134671,
        "W1_0_p": 14.4059,
        "W1_A_p": 0.00577543,
        "W2_0": 48.0696,
        "W2_A": 0.370981
    },
    "KDImagSurface": {
        "D1_0": 29.3165,
        "D1_asymm": -19.0032,
        "D2_0": 0.00649407,
        "D2_A": 0.0315574,
        "D2_A2": 8.25347,
        "D2_A3": 258.342,
        "D3_0": 23.177,
        "r_0": 1.25138,
        "r_A": -0.000746366,
        "a_0_n": 0.545012,
        "a_A_n": -0.000129752,
        "a_0_p": 0.50051,
        "a_A_p": 0.0024632
    }
}