{
    "ECS_p": 0.325628,
    "ECS_n": 0.224028,
    "APower_p": 0.417311,
    "APower_n": 0.276792,
    "RCS_p": 0.0173613,
    "TCS_n": 0.0290914
}