{
    "KDHartreeFock": {
        "V1_0": 56.4857,
        "V1_asymm": 14.794,
        "V1_A": 0.0240051,
        "V2_0_n": 0.00638183,
        "V2_A_n": 1.36663e-06,
        "V3_0_n": 1.25809e-05,
        "V3_A_n": 2.87746e-08,
        "V2_0_p": 0.00665511,
        "V2_A_p": 5.51108e-06,
        "V3_0_p": 1.36849e-05,
        "V3_A_p": 4.80089e-09,
        "V4_0": -6.24797e-09,
        "r_0": 1.31961,
        "r_A": 0.426722,
        "a_0": 0.665864,
        "a_A": 0.000198077
    },
    "KDCoulomb": {
        "r_C_0": 1.11993,
        "r_C_A": 0.0264663,
        "r_C_A2": 2.10811
    },
    "KDRealSpinOrbit": {
        "V1_0": 5.8812,
        "V1_A": 0.00222595,
        "V2_0": 0.00437973,
        "r_0": 1.24594,
        "r_A": 0.697328,
        "a_0": 0.594045
    },
    "KDImagSpinOrbit": {
        "W1_0": -1.7048,
        "W2_0": 297.276
    },
    "KDImagVolume": {
        "W1_0_n": 17.3099,
        "W1_A_n": 0.0222582,
        "W1_0_p": 15.3578,
        "W1_A_p": -0.0189582,
        "W2_0": 117.054,
        "W2_A": -0.0143238
    },
    "KDImagSurface": {
        "D1_0": 20.1732,
        "D1_asymm": 2.16007,
        "D2_0": 0.0242659,
        "D2_A": 0.0101748,
        "D2_A2": 22.5008,
        "D2_A3": -25.6022,
        "D3_0": 15.4531,
        "r_0": 1.24278,
        "r_A": 0.000544353,
        "a_0_n": 0.533974,
        "a_A_n": 0.000141689,
        "a_0_p": 0.457713,
        "a_A_p": 0.00245122
    }
}