{
    "ECS_p": 0.297504,
    "ECS_n": 0.418059,
    "APower_p": 0.688296,
    "APower_n": 0.560267,
    "RCS_p": 0.0156625,
    "TCS_n": 0.0343997
}