{
    "KDHartreeFock": {
        "V1_0": 61.7992,
        "V1_asymm": 1.31849,
        "V1_A": 0.0659843,
        "V2_0_n": 0.00665998,
        "V2_A_n": 8.81279e-06,
        "V3_0_n": 1.00562e-05,
        "V3_A_n": 5.88493e-08,
        "V2_0_p": 0.00545549,
        "V2_A_p": -4.75748e-06,
        "V3_0_p": 2.25354e-06,
        "V3_A_p": 1.34335e-08,
        "V4_0": -1.82158e-08,
        "r_0": 1.33889,
        "r_A": 0.652335,
        "a_0": 0.67783,
        "a_A": -0.000115359
    },
    "KDCoulomb": {
        "r_C_0": 1.14267,
        "r_C_A": 1.21379,
        "r_C_A2": 20.4853
    },
    "KDRealSpinOrbit": {
        "V1_0": 6.08757,
        "V1_A": -0.0141657,
        "V2_0": 0.00357434,
        "r_0": 1.09773,
        "r_A": 0.313174,
        "a_0": 0.552146
    },
    "KDImagSpinOrbit": {
        "W1_0": -3.99345,
        "W2_0": 242.299
    },
    "KDImagVolume": {
        "W1_0_n": 20.8063,
        "W1_A_n": 0.0226993,
        "W1_0_p": 22.2651,
        "W1_A_p": -0.0539131,
        "W2_0": 136.15,
        "W2_A": -0.207766
    },
    "KDImagSurface": {
        "D1_0": 13.4493,
        "D1_asymm": 9.00277,
        "D2_0": 0.0185847,
        "D2_A": 0.00461336,
        "D2_A2": -0.507793,
        "D2_A3": 536.213,
        "D3_0": 10.4453,
        "r_0": 1.22706,
        "r_A": -0.00292846,
        "a_0_n": 0.635653,
        "a_A_n": 0.000752644,
        "a_0_p": 0.55785,
        "a_A_p": 0.000962851
    }
}