{
    "ECS_p": 0.244344,
    "ECS_n": 0.189188,
    "APower_p": 0.41744,
    "APower_n": 0.165115,
    "RCS_p": 0.0225251,
    "TCS_n": 0.0346444
}