{
    "KDHartreeFock": {
        "V1_0": 59.8721,
        "V1_asymm": 9.63314,
        "V1_A": 0.0470871,
        "V2_0_n": 0.00770189,
        "V2_A_n": 8.97072e-06,
        "V3_0_n": 1.68385e-05,
        "V3_A_n": 3.56347e-08,
        "V2_0_p": 0.00872921,
        "V2_A_p": -8.43774e-06,
        "V3_0_p": 2.76653e-05,
        "V3_A_p": -5.04244e-08,
        "V4_0": 9.63229e-09,
        "r_0": 1.30397,
        "r_A": 0.414477,
        "a_0": 0.751036,
        "a_A": 0.00043781
    },
    "KDCoulomb": {
        "r_C_0": 1.14908,
        "r_C_A": 1.30622,
        "r_C_A2": 12.4413
    },
    "KDRealSpinOrbit": {
        "V1_0": 6.02448,
        "V1_A": 0.000234308,
        "V2_0": 0.00291493,
        "r_0": 1.20572,
        "r_A": 0.761996,
        "a_0": 0.621019
    },
    "KDImagSpinOrbit": {
        "W1_0": -3.23286,
        "W2_0": 300.039
    },
    "KDImagVolume": {
        "W1_0_n": 17.6295,
        "W1_A_n": 0.00492807,
        "W1_0_p": 11.6032,
        "W1_A_p": 0.0301608,
        "W2_0": 53.8789,
        "W2_A": 0.268516
    },
    "KDImagSurface": {
        "D1_0": 20.5229,
        "D1_asymm": 30.2703,
        "D2_0": 0.0255328,
        "D2_A": 0.00631129,
        "D2_A2": 9.8496,
        "D2_A3": 67.1862,
        "D3_0": 13.3462,
        "r_0": 1.41949,
        "r_A": 0.0302709,
        "a_0_n": 0.46557,
        "a_A_n": -0.000677499,
        "a_0_p": 0.466678,
        "a_A_p": 0.00111592
    }
}