{
    "ECS_p": 0.288955,
    "ECS_n": 0.160495,
    "APower_p": 0.532866,
    "APower_n": 0.273557,
    "RCS_p": 0.0289428,
    "TCS_n": 0.0320691
}