{
    "KDHartreeFock": {
        "V1_0": 55.0436,
        "V1_asymm": 3.57013,
        "V1_A": 0.0231176,
        "V2_0_n": 0.00683912,
        "V2_A_n": 2.0624e-06,
        "V3_0_n": 1.26605e-05,
        "V3_A_n": 2.79306e-08,
        "V2_0_p": 0.00435748,
        "V2_A_p": 2.40594e-05,
        "V3_0_p": 3.00497e-06,
        "V3_A_p": 1.06215e-07,
        "V4_0": -9.58307e-09,
        "r_0": 1.33,
        "r_A": 0.432895,
        "a_0": 0.688582,
        "a_A": 0.000210317
    },
    "KDCoulomb": {
        "r_C_0": 1.1452,
        "r_C_A": 0.621012,
        "r_C_A2": 15.5915
    },
    "KDRealSpinOrbit": {
        "V1_0": 4.85794,
        "V1_A": 0.00804458,
        "V2_0": 0.00193805,
        "r_0": 1.3111,
        "r_A": 1.21622,
        "a_0": 0.638682
    },
    "KDImagSpinOrbit": {
        "W1_0": -4.40234,
        "W2_0": 219.785
    },
    "KDImagVolume": {
        "W1_0_n": 16.3227,
        "W1_A_n": 0.0143777,
        "W1_0_p": 11.5581,
        "W1_A_p": 0.0231867,
        "W2_0": 78.5607,
        "W2_A": 0.233651
    },
    "KDImagSurface": {
        "D1_0": 12.3958,
        "D1_asymm": 1.71115,
        "D2_0": 0.0170909,
        "D2_A": 0.00111107,
        "D2_A2": -0.230592,
        "D2_A3": 216.578,
        "D3_0": 10.7107,
        "r_0": 1.40603,
        "r_A": 0.0376596,
        "a_0_n": 0.515154,
        "a_A_n": -0.000250725,
        "a_0_p": 0.394687,
        "a_A_p": 0.00372564
    }
}