{
    "ECS_p": 0.245192,
    "ECS_n": 0.314968,
    "APower_p": 0.354159,
    "APower_n": 0.230129,
    "RCS_p": 0.006199,
    "TCS_n": 0.0316109
}