{
    "KDHartreeFock": {
        "V1_0": 59.7174,
        "V1_asymm": 12.32,
        "V1_A": 0.0397622,
        "V2_0_n": 0.00774031,
        "V2_A_n": 9.12257e-06,
        "V3_0_n": 2.22849e-05,
        "V3_A_n": 6.55714e-08,
        "V2_0_p": 0.00691,
        "V2_A_p": -2.38606e-06,
        "V3_0_p": 1.85667e-05,
        "V3_A_p": -1.75313e-08,
        "V4_0": 1.46998e-08,
        "r_0": 1.26156,
        "r_A": 0.297329,
        "a_0": 0.689854,
        "a_A": 0.000112625
    },
    "KDCoulomb": {
        "r_C_0": 1.09077,
        "r_C_A": -0.371416,
        "r_C_A2": -3.19659
    },
    "KDRealSpinOrbit": {
        "V1_0": 5.54933,
        "V1_A": -0.00503606,
        "V2_0": 0.00421059,
        "r_0": 1.17174,
        "r_A": 0.619445,
        "a_0": 0.650086
    },
    "KDImagSpinOrbit": {
        "W1_0": -6.38366,
        "W2_0": 218.743
    },
    "KDImagVolume": {
        "W1_0_n": 25.0549,
        "W1_A_n": 0.0136926,
        "W1_0_p": 18.0144,
        "W1_A_p": 0.0604911,
        "W2_0": 150.408,
        "W2_A": -0.0649193
    },
    "KDImagSurface": {
        "D1_0": 14.4162,
        "D1_asymm": 8.17291,
        "D2_0": 0.0697308,
        "D2_A": -0.0515157,
        "D2_A2": 3.33486,
        "D2_A3": 443.693,
        "D3_0": 16.0071,
        "r_0": 1.18087,
        "r_A": -0.0152323,
        "a_0_n": 0.632081,
        "a_A_n": -0.000288325,
        "a_0_p": 0.557028,
        "a_A_p": 0.000591651
    }
}