{
    "ECS_p": 0.403763,
    "ECS_n": 0.277765,
    "APower_p": 0.697135,
    "APower_n": 0.458691,
    "RCS_p": 0.0556737,
    "TCS_n": 0.0406724
}