{
    "KDHartreeFock": {
        "V1_0": 59.3991,
        "V1_asymm": 16.859,
        "V1_A": 0.0348483,
        "V2_0_n": 0.00624862,
        "V2_A_n": 4.60084e-06,
        "V3_0_n": 8.43761e-06,
        "V3_A_n": 1.93434e-08,
        "V2_0_p": 0.00588536,
        "V2_A_p": -1.64653e-06,
        "V3_0_p": 6.64664e-06,
        "V3_A_p": 1.32974e-08,
        "V4_0": -2.2345e-08,
        "r_0": 1.28202,
        "r_A": 0.443946,
        "a_0": 0.696699,
        "a_A": -0.000138688
    },
    "KDCoulomb": {
        "r_C_0": 1.11272,
        "r_C_A": 0.44445,
        "r_C_A2": 18.6856
    },
    "KDRealSpinOrbit": {
        "V1_0": 7.13493,
        "V1_A": 0.00322821,
        "V2_0": 0.01266,
        "r_0": 1.18798,
        "r_A": 0.561275,
        "a_0": 0.573045
    },
    "KDImagSpinOrbit": {
        "W1_0": -3.48931,
        "W2_0": 433.44
    },
    "KDImagVolume": {
        "W1_0_n": 18.5288,
        "W1_A_n": -0.0333799,
        "W1_0_p": 14.6516,
        "W1_A_p": 0.00611226,
        "W2_0": 68.7291,
        "W2_A": -0.144902
    },
    "KDImagSurface": {
        "D1_0": 24.9782,
        "D1_asymm": 20.1518,
        "D2_0": 0.0347088,
        "D2_A": -0.0194107,
        "D2_A2": 11.7176,
        "D2_A3": -2.25479,
        "D3_0": 20.8392,
        "r_0": 1.38858,
        "r_A": 0.0245483,
        "a_0_n": 0.583761,
        "a_A_n": -0.000669579,
        "a_0_p": 0.473696,
        "a_A_p": 0.000817237
    }
}