{
    "ECS_p": 0.241752,
    "ECS_n": 0.206113,
    "APower_p": 0.432473,
    "APower_n": 0.105798,
    "RCS_p": 0.00420649,
    "TCS_n": 0.0297534
}