{
    "KDHartreeFock": {
        "V1_0": 59.5534,
        "V1_asymm": 18.6552,
        "V1_A": 0.0310742,
        "V2_0_n": 0.0047431,
        "V2_A_n": 4.05163e-07,
        "V3_0_n": -1.05459e-05,
        "V3_A_n": -3.9901e-09,
        "V2_0_p": 0.00494681,
        "V2_A_p": 1.01473e-05,
        "V3_0_p": -3.27205e-06,
        "V3_A_p": 4.78275e-08,
        "V4_0": -5.81536e-08,
        "r_0": 1.2881,
        "r_A": 0.464308,
        "a_0": 0.709244,
        "a_A": 0.000166646
    },
    "KDCoulomb": {
        "r_C_0": 1.08596,
        "r_C_A": 0.636394,
        "r_C_A2": 3.6879
    },
    "KDRealSpinOrbit": {
        "V1_0": 6.35156,
        "V1_A": 0.00482279,
        "V2_0": 0.0105911,
        "r_0": 1.18957,
        "r_A": 0.590621,
        "a_0": 0.571264
    },
    "KDImagSpinOrbit": {
        "W1_0": -9.72173,
        "W2_0": 239.914
    },
    "KDImagVolume": {
        "W1_0_n": 25.4423,
        "W1_A_n": 0.0541699,
        "W1_0_p": 28.348,
        "W1_A_p": 0.0342983,
        "W2_0": 132.427,
        "W2_A": 0.259839
    },
    "KDImagSurface": {
        "D1_0": 12.1124,
        "D1_asymm": 21.5974,
        "D2_0": -0.0121542,
        "D2_A": 0.0241688,
        "D2_A2": 9.01395,
        "D2_A3": 292.574,
        "D3_0": 11.6251,
        "r_0": 1.26568,
        "r_A": 0.0113134,
        "a_0_n": 0.494099,
        "a_A_n": -0.00185003,
        "a_0_p": 0.504528,
        "a_A_p": 0.000917789
    }
}