{
    "ECS_p": 0.285601,
    "ECS_n": 0.315105,
    "APower_p": 0.634446,
    "APower_n": 0.654401,
    "RCS_p": 0.0193536,
    "TCS_n": 0.0645651
}