{
    "KDHartreeFock": {
        "V1_0": 59.9865,
        "V1_asymm": 13.477,
        "V1_A": 0.0350368,
        "V2_0_n": 0.00804242,
        "V2_A_n": 1.17601e-05,
        "V3_0_n": 2.42177e-05,
        "V3_A_n": 4.42612e-08,
        "V2_0_p": 0.00908505,
        "V2_A_p": -1.42992e-05,
        "V3_0_p": 3.00554e-05,
        "V3_A_p": -8.23417e-08,
        "V4_0": 2.94924e-08,
        "r_0": 1.23654,
        "r_A": 0.195465,
        "a_0": 0.706555,
        "a_A": -0.00011714
    },
    "KDCoulomb": {
        "r_C_0": 1.26431,
        "r_C_A": 0.789289,
        "r_C_A2": 17.022
    },
    "KDRealSpinOrbit": {
        "V1_0": 6.42491,
        "V1_A": -0.00632905,
        "V2_0": 0.00351345,
        "r_0": 1.18462,
        "r_A": 0.573025,
        "a_0": 0.56449
    },
    "KDImagSpinOrbit": {
        "W1_0": -4.16926,
        "W2_0": 243.869
    },
    "KDImagVolume": {
        "W1_0_n": 16.0937,
        "W1_A_n": 0.0589839,
        "W1_0_p": 12.6022,
        "W1_A_p": 0.0617473,
        "W2_0": 63.9281,
        "W2_A": 0.159436
    },
    "KDImagSurface": {
        "D1_0": 30.062,
        "D1_asymm": 6.87309,
        "D2_0": 0.09297,
        "D2_A": -0.0558899,
        "D2_A2": 5.01783,
        "D2_A3": 278.334,
        "D3_0": 23.1149,
        "r_0": 1.36911,
        "r_A": 0.0100871,
        "a_0_n": 0.424714,
        "a_A_n": -0.000855837,
        "a_0_p": 0.404258,
        "a_A_p": 0.00155773
    }
}