{
    "ECS_p": 0.256829,
    "ECS_n": 0.200311,
    "APower_p": 0.36407,
    "APower_n": 0.241868,
    "RCS_p": 0.0216254,
    "TCS_n": 0.0151535
}