{
    "KDHartreeFock": {
        "V1_0": 57.1299,
        "V1_asymm": 14.5996,
        "V1_A": 0.0120376,
        "V2_0_n": 0.00643879,
        "V2_A_n": -1.74235e-07,
        "V3_0_n": 7.88539e-06,
        "V3_A_n": -8.11637e-09,
        "V2_0_p": 0.00682318,
        "V2_A_p": 2.85487e-06,
        "V3_0_p": 1.11238e-05,
        "V3_A_p": 4.00186e-08,
        "V4_0": -1.71571e-08,
        "r_0": 1.25015,
        "r_A": 0.230954,
        "a_0": 0.654837,
        "a_A": -0.000251768
    },
    "KDCoulomb": {
        "r_C_0": 1.27514,
        "r_C_A": 0.285463,
        "r_C_A2": 0.0203554
    },
    "KDRealSpinOrbit": {
        "V1_0": 7.69996,
        "V1_A": -0.0125011,
        "V2_0": 0.00405984,
        "r_0": 1.25434,
        "r_A": 0.831878,
        "a_0": 0.649102
    },
    "KDImagSpinOrbit": {
        "W1_0": -3.93752,
        "W2_0": 243.819
    },
    "KDImagVolume": {
        "W1_0_n": 18.0516,
        "W1_A_n": -0.0164904,
        "W1_0_p": 12.3251,
        "W1_A_p": 0.0655893,
        "W2_0": 96.2608,
        "W2_A": 0.0294212
    },
    "KDImagSurface": {
        "D1_0": 9.24456,
        "D1_asymm": 5.62972,
        "D2_0": -0.0494245,
        "D2_A": 0.0627979,
        "D2_A2": 8.19928,
        "D2_A3": 286.365,
        "D3_0": 8.57819,
        "r_0": 1.4199,
        "r_A": 0.0393674,
        "a_0_n": 0.570698,
        "a_A_n": -0.00035526,
        "a_0_p": 0.510441,
        "a_A_p": 0.00182601
    }
}