{
    "ECS_p": 0.326952,
    "ECS_n": 0.477673,
    "APower_p": 0.769605,
    "APower_n": 0.678745,
    "RCS_p": 0.00891693,
    "TCS_n": 0.0207917
}