{
    "KDHartreeFock": {
        "V1_0": 61.2771,
        "V1_asymm": 21.3571,
        "V1_A": 0.0259349,
        "V2_0_n": 0.00508962,
        "V2_A_n": 4.06733e-06,
        "V3_0_n": -1.96321e-06,
        "V3_A_n": 2.60404e-08,
        "V2_0_p": 0.00517913,
        "V2_A_p": 1.17854e-05,
        "V3_0_p": -6.37588e-06,
        "V3_A_p": 8.79304e-08,
        "V4_0": -4.12933e-08,
        "r_0": 1.25083,
        "r_A": 0.404452,
        "a_0": 0.664001,
        "a_A": -0.000469621
    },
    "KDCoulomb": {
        "r_C_0": 1.14032,
        "r_C_A": 0.47542,
        "r_C_A2": 4.3043
    },
    "KDRealSpinOrbit": {
        "V1_0": 4.28845,
        "V1_A": -0.00266588,
        "V2_0": 0.000346941,
        "r_0": 1.25521,
        "r_A": 0.847782,
        "a_0": 0.590751
    },
    "KDImagSpinOrbit": {
        "W1_0": -1.20686,
        "W2_0": 307.15
    },
    "KDImagVolume": {
        "W1_0_n": 16.8367,
        "W1_A_n": 0.0128232,
        "W1_0_p": 15.2756,
        "W1_A_p": 0.0628089,
        "W2_0": 74.5928,
        "W2_A": 0.150974
    },
    "KDImagSurface": {
        "D1_0": 19.0393,
        "D1_asymm": 16.3662,
        "D2_0": 0.0310595,
        "D2_A": 0.00289074,
        "D2_A2": 7.68767,
        "D2_A3": -165.924,
        "D3_0": 16.0935,
        "r_0": 1.42856,
        "r_A": 0.0419322,
        "a_0_n": 0.558237,
        "a_A_n": -0.00104334,
        "a_0_p": 0.518744,
        "a_A_p": 0.0019225
    }
}