{
    "ECS_p": 0.364918,
    "ECS_n": 0.211076,
    "APower_p": 0.675098,
    "APower_n": 0.680157,
    "RCS_p": 0.059475,
    "TCS_n": 0.0518385
}