{
    "KDHartreeFock": {
        "V1_0": 62.5655,
        "V1_asymm": 11.5151,
        "V1_A": 0.032775,
        "V2_0_n": 0.00611507,
        "V2_A_n": -9.16449e-07,
        "V3_0_n": 1.16018e-05,
        "V3_A_n": -1.36854e-08,
        "V2_0_p": 0.00582017,
        "V2_A_p": 8.05231e-06,
        "V3_0_p": 1.05796e-05,
        "V3_A_p": 6.37214e-08,
        "V4_0": 9.03518e-09,
        "r_0": 1.24104,
        "r_A": 0.372082,
        "a_0": 0.702965,
        "a_A": -0.000237585
    },
    "KDCoulomb": {
        "r_C_0": 1.04284,
        "r_C_A": 1.36619,
        "r_C_A2": 16.554
    },
    "KDRealSpinOrbit": {
        "V1_0": 6.64608,
        "V1_A": 0.0110109,
        "V2_0": 0.0087901,
        "r_0": 1.19419,
        "r_A": 0.607259,
        "a_0": 0.607864
    },
    "KDImagSpinOrbit": {
        "W1_0": -4.33907,
        "W2_0": 199.293
    },
    "KDImagVolume": {
        "W1_0_n": 25.3522,
        "W1_A_n": 0.0128841,
        "W1_0_p": 22.3044,
        "W1_A_p": 0.105846,
        "W2_0": 106.189,
        "W2_A": 0.427733
    },
    "KDImagSurface": {
        "D1_0": 19.8841,
        "D1_asymm": 5.3955,
        "D2_0": 0.0243216,
        "D2_A": -0.0176251,
        "D2_A2": 17.8592,
        "D2_A3": -133.466,
        "D3_0": 16.7105,
        "r_0": 1.30942,
        "r_A": 0.00575773,
        "a_0_n": 0.589638,
        "a_A_n": 0.000591817,
        "a_0_p": 0.50232,
        "a_A_p": 0.00118704
    }
}