{
    "ECS_p": 0.278653,
    "ECS_n": 0.484004,
    "APower_p": 0.731335,
    "APower_n": 0.492086,
    "RCS_p": 0.0503618,
    "TCS_n": 0.0373296
}