{
    "KDHartreeFock": {
        "V1_0": 57.175,
        "V1_asymm": 9.28911,
        "V1_A": 0.0249117,
        "V2_0_n": 0.00643178,
        "V2_A_n": 6.00983e-06,
        "V3_0_n": 1.57643e-05,
        "V3_A_n": 3.43969e-08,
        "V2_0_p": 0.00684492,
        "V2_A_p": 3.03477e-06,
        "V3_0_p": 2.00602e-05,
        "V3_A_p": 1.98247e-08,
        "V4_0": 2.35066e-08,
        "r_0": 1.30546,
        "r_A": 0.452211,
        "a_0": 0.668053,
        "a_A": 0.000160716
    },
    "KDCoulomb": {
        "r_C_0": 1.33066,
        "r_C_A": 1.82644,
        "r_C_A2": 1.7865
    },
    "KDRealSpinOrbit": {
        "V1_0": 4.96618,
        "V1_A": -0.013493,
        "V2_0": 0.00435441,
        "r_0": 1.20789,
        "r_A": 0.545372,
        "a_0": 0.509628
    },
    "KDImagSpinOrbit": {
        "W1_0": -4.43344,
        "W2_0": 247.318
    },
    "KDImagVolume": {
        "W1_0_n": 21.7041,
        "W1_A_n": 0.0913989,
        "W1_0_p": 18.9853,
        "W1_A_p": 0.0902256,
        "W2_0": 82.7748,
        "W2_A": 0.743166
    },
    "KDImagSurface": {
        "D1_0": 35.0933,
        "D1_asymm": 27.1119,
        "D2_0": 0.0294929,
        "D2_A": 0.00969679,
        "D2_A2": 18.2352,
        "D2_A3": 188.224,
        "D3_0": 22.6393,
        "r_0": 1.31277,
        "r_A": 0.0163115,
        "a_0_n": 0.601666,
        "a_A_n": 3.19722e-05,
        "a_0_p": 0.527624,
        "a_A_p": 0.0016208
    }
}