{
    "ECS_p": 0.249957,
    "ECS_n": 0.233731,
    "APower_p": 0.282481,
    "APower_n": 0.281537,
    "RCS_p": 0.00899491,
    "TCS_n": 0.0229621
}