{
    "KDHartreeFock": {
        "V1_0": 59.154,
        "V1_asymm": 14.5719,
        "V1_A": 0.0182188,
        "V2_0_n": 0.00521848,
        "V2_A_n": -5.10255e-06,
        "V3_0_n": 5.18862e-06,
        "V3_A_n": -3.39215e-08,
        "V2_0_p": 0.00524336,
        "V2_A_p": 4.533e-06,
        "V3_0_p": 4.03795e-06,
        "V3_A_p": 2.94613e-08,
        "V4_0": -4.15397e-09,
        "r_0": 1.23215,
        "r_A": 0.309358,
        "a_0": 0.712368,
        "a_A": 8.21475e-05
    },
    "KDCoulomb": {
        "r_C_0": 1.13513,
        "r_C_A": -0.0374108,
        "r_C_A2": 8.75182
    },
    "KDRealSpinOrbit": {
        "V1_0": 4.9236,
        "V1_A": 0.00832302,
        "V2_0": 0.0031405,
        "r_0": 1.09059,
        "r_A": 0.26349,
        "a_0": 0.64076
    },
    "KDImagSpinOrbit": {
        "W1_0": -1.07245,
        "W2_0": 65.8977
    },
    "KDImagVolume": {
        "W1_0_n": 25.7163,
        "W1_A_n": -0.0320502,
        "W1_0_p": 11.672,
        "W1_A_p": 0.104576,
        "W2_0": 122.783,
        "W2_A": 0.189612
    },
    "KDImagSurface": {
        "D1_0": 19.8951,
        "D1_asymm": 29.7853,
        "D2_0": 0.0235542,
        "D2_A": 0.0385844,
        "D2_A2": 16.4155,
        "D2_A3": 3.48329,
        "D3_0": 15.1986,
        "r_0": 1.4002,
        "r_A": 0.028221,
        "a_0_n": 0.507121,
        "a_A_n": -0.000994841,
        "a_0_p": 0.528571,
        "a_A_p": 0.000985707
    }
}