{
    "ECS_p": 0.274902,
    "ECS_n": 0.2653,
    "APower_p": 0.31215,
    "APower_n": 0.111394,
    "RCS_p": 0.0191874,
    "TCS_n": 0.032448
}