{
    "KDHartreeFock": {
        "V1_0": 59.371,
        "V1_asymm": 19.7663,
        "V1_A": 0.0181637,
        "V2_0_n": 0.0067919,
        "V2_A_n": 3.65572e-07,
        "V3_0_n": 1.52356e-05,
        "V3_A_n": -5.90291e-10,
        "V2_0_p": 0.00578407,
        "V2_A_p": 1.03014e-05,
        "V3_0_p": 1.06167e-05,
        "V3_A_p": 5.84153e-08,
        "V4_0": 2.99862e-09,
        "r_0": 1.26342,
        "r_A": 0.361561,
        "a_0": 0.701415,
        "a_A": 7.23507e-05
    },
    "KDCoulomb": {
        "r_C_0": 0.953988,
        "r_C_A": 1.21622,
        "r_C_A2": 26.7809
    },
    "KDRealSpinOrbit": {
        "V1_0": 5.05752,
        "V1_A": 0.0003808,
        "V2_0": 0.00384097,
        "r_0": 1.23736,
        "r_A": 0.879792,
        "a_0": 0.649567
    },
    "KDImagSpinOrbit": {
        "W1_0": -3.19092,
        "W2_0": 174.784
    },
    "KDImagVolume": {
        "W1_0_n": 18.3862,
        "W1_A_n": -0.00214725,
        "W1_0_p": 14.4856,
        "W1_A_p": 0.0369862,
        "W2_0": 77.0969,
        "W2_A": 0.14992
    },
    "KDImagSurface": {
        "D1_0": 13.5606,
        "D1_asymm": 7.25222,
        "D2_0": -0.0270002,
        "D2_A": 0.0461541,
        "D2_A2": 2.6859,
        "D2_A3": 217.579,
        "D3_0": 12.9023,
        "r_0": 1.26753,
        "r_A": 0.00656291,
        "a_0_n": 0.486378,
        "a_A_n": -0.000925883,
        "a_0_p": 0.555031,
        "a_A_p": 0.000550685
    }
}