{
    "ECS_p": 0.302064,
    "ECS_n": 0.229858,
    "APower_p": 0.407912,
    "APower_n": 0.329714,
    "RCS_p": 0.000315669,
    "TCS_n": 0.0248325
}