{
    "KDHartreeFock": {
        "V1_0": 58.3206,
        "V1_asymm": 13.2137,
        "V1_A": 0.0166414,
        "V2_0_n": 0.00803931,
        "V2_A_n": 5.9049e-06,
        "V3_0_n": 2.93284e-05,
        "V3_A_n": 2.73524e-08,
        "V2_0_p": 0.00897414,
        "V2_A_p": -5.15718e-06,
        "V3_0_p": 3.49949e-05,
        "V3_A_p": -1.08316e-08,
        "V4_0": 4.9158e-08,
        "r_0": 1.1995,
        "r_A": 0.0341476,
        "a_0": 0.675268,
        "a_A": -0.000304186
    },
    "KDCoulomb": {
        "r_C_0": 1.01267,
        "r_C_A": 0.49519,
        "r_C_A2": 3.46738
    },
    "KDRealSpinOrbit": {
        "V1_0": 6.90529,
        "V1_A": -0.0100235,
        "V2_0": 0.0047124,
        "r_0": 1.26337,
        "r_A": 0.963418,
        "a_0": 0.63838
    },
    "KDImagSpinOrbit": {
        "W1_0": -2.09557,
        "W2_0": 231.813
    },
    "KDImagVolume": {
        "W1_0_n": 16.9342,
        "W1_A_n": 0.0259942,
        "W1_0_p": 13.6235,
        "W1_A_p": 0.0163126,
        "W2_0": 74.3586,
        "W2_A": 0.130844
    },
    "KDImagSurface": {
        "D1_0": 25.3426,
        "D1_asymm": 19.7872,
        "D2_0": 0.00912698,
        "D2_A": 0.0261769,
        "D2_A2": 3.57291,
        "D2_A3": 262.798,
        "D3_0": 17.2089,
        "r_0": 1.43462,
        "r_A": 0.0415806,
        "a_0_n": 0.57662,
        "a_A_n": -0.000403277,
        "a_0_p": 0.450365,
        "a_A_p": 0.00245982
    }
}