{
    "ECS_p": 0.250765,
    "ECS_n": 0.159664,
    "APower_p": 0.451554,
    "APower_n": 0.217484,
    "RCS_p": 0.0202658,
    "TCS_n": 0.0299106
}