{
    "KDHartreeFock": {
        "V1_0": 58.8112,
        "V1_asymm": 14.3308,
        "V1_A": 0.0153107,
        "V2_0_n": 0.00724873,
        "V2_A_n": 2.82717e-06,
        "V3_0_n": 1.57686e-05,
        "V3_A_n": 2.1332e-08,
        "V2_0_p": 0.00650375,
        "V2_A_p": 9.07969e-06,
        "V3_0_p": 8.90406e-06,
        "V3_A_p": 7.44449e-08,
        "V4_0": -6.37372e-09,
        "r_0": 1.21979,
        "r_A": 0.155757,
        "a_0": 0.694747,
        "a_A": 9.44643e-05
    },
    "KDCoulomb": {
        "r_C_0": 1.27514,
        "r_C_A": 0.597796,
        "r_C_A2": 12.4723
    },
    "KDRealSpinOrbit": {
        "V1_0": 6.99226,
        "V1_A": -0.0123526,
        "V2_0": 0.00113698,
        "r_0": 1.1986,
        "r_A": 0.863763,
        "a_0": 0.652577
    },
    "KDImagSpinOrbit": {
        "W1_0": -4.31828,
        "W2_0": 136.46
    },
    "KDImagVolume": {
        "W1_0_n": 14.1006,
        "W1_A_n": 0.0311063,
        "W1_0_p": 15.5191,
        "W1_A_p": 0.10835,
        "W2_0": 102.628,
        "W2_A": 0.0483823
    },
    "KDImagSurface": {
        "D1_0": 16.1828,
        "D1_asymm": 23.3282,
        "D2_0": 0.0311193,
        "D2_A": -0.0083573,
        "D2_A2": 9.04875,
        "D2_A3": 333.669,
        "D3_0": 12.4938,
        "r_0": 1.41321,
        "r_A": 0.0352793,
        "a_0_n": 0.510202,
        "a_A_n": -0.00108454,
        "a_0_p": 0.410185,
        "a_A_p": 0.00292964
    }
}