{
    "ECS_p": 0.3343,
    "ECS_n": 0.261314,
    "APower_p": 0.944818,
    "APower_n": 0.513122,
    "RCS_p": 0.019227,
    "TCS_n": 0.0435228
}