{
    "KDHartreeFock": {
        "V1_0": 57.3199,
        "V1_asymm": 0.434017,
        "V1_A": 0.0511896,
        "V2_0_n": 0.006304,
        "V2_A_n": 4.05927e-06,
        "V3_0_n": 7.48441e-06,
        "V3_A_n": 3.87659e-10,
        "V2_0_p": 0.00668008,
        "V2_A_p": -2.06535e-06,
        "V3_0_p": 1.41477e-05,
        "V3_A_p": 1.47444e-08,
        "V4_0": -6.61269e-09,
        "r_0": 1.39487,
        "r_A": 0.754349,
        "a_0": 0.658658,
        "a_A": -6.63788e-05
    },
    "KDCoulomb": {
        "r_C_0": 0.901995,
        "r_C_A": 0.0277602,
        "r_C_A2": 7.76633
    },
    "KDRealSpinOrbit": {
        "V1_0": 4.52512,
        "V1_A": 0.00771261,
        "V2_0": 0.00800463,
        "r_0": 1.25504,
        "r_A": 0.831768,
        "a_0": 0.529032
    },
    "KDImagSpinOrbit": {
        "W1_0": -2.52885,
        "W2_0": 221.689
    },
    "KDImagVolume": {
        "W1_0_n": 22.7799,
        "W1_A_n": -0.0401619,
        "W1_0_p": 19.1329,
        "W1_A_p": -0.028208,
        "W2_0": 95.6147,
        "W2_A": -0.305496
    },
    "KDImagSurface": {
        "D1_0": 28.2066,
        "D1_asymm": 6.01422,
        "D2_0": 0.0407722,
        "D2_A": 0.0149207,
        "D2_A2": -5.26291,
        "D2_A3": 341.236,
        "D3_0": 17.2121,
        "r_0": 1.39364,
        "r_A": 0.0254234,
        "a_0_n": 0.569458,
        "a_A_n": 0.000975946,
        "a_0_p": 0.546669,
        "a_A_p": 0.00041575
    }
}