{
    "ECS_p": 0.328964,
    "ECS_n": 0.177286,
    "APower_p": 0.717867,
    "APower_n": 0.433467,
    "RCS_p": 0.0470999,
    "TCS_n": 0.0414237
}