{
    "KDHartreeFock": {
        "V1_0": 56.6903,
        "V1_asymm": 17.5609,
        "V1_A": 0.0180216,
        "V2_0_n": 0.00472705,
        "V2_A_n": 4.35776e-06,
        "V3_0_n": -9.84447e-06,
        "V3_A_n": 1.47831e-08,
        "V2_0_p": 0.00640623,
        "V2_A_p": -3.26769e-06,
        "V3_0_p": 4.15807e-06,
        "V3_A_p": -5.72087e-09,
        "V4_0": -5.51861e-08,
        "r_0": 1.26475,
        "r_A": 0.377916,
        "a_0": 0.682057,
        "a_A": -0.000158171
    },
    "KDCoulomb": {
        "r_C_0": 1.38831,
        "r_C_A": -0.682807,
        "r_C_A2": -4.66774
    },
    "KDRealSpinOrbit": {
        "V1_0": 5.63289,
        "V1_A": -0.00327115,
        "V2_0": 0.00358922,
        "r_0": 1.18622,
        "r_A": 0.670687,
        "a_0": 0.560908
    },
    "KDImagSpinOrbit": {
        "W1_0": -5.17866,
        "W2_0": 452.606
    },
    "KDImagVolume": {
        "W1_0_n": 25.3002,
        "W1_A_n": -0.029452,
        "W1_0_p": 20.574,
        "W1_A_p": -0.0118723,
        "W2_0": 131.328,
        "W2_A": -0.384003
    },
    "KDImagSurface": {
        "D1_0": 33.1733,
        "D1_asymm": 19.6254,
        "D2_0": -0.0121344,
        "D2_A": 0.0498537,
        "D2_A2": 3.72608,
        "D2_A3": 301.418,
        "D3_0": 25.1281,
        "r_0": 1.52825,
        "r_A": 0.0424111,
        "a_0_n": 0.620663,
        "a_A_n": 0.000703192,
        "a_0_p": 0.496827,
        "a_A_p": 0.00071408
    }
}