{
    "ECS_p": 0.370839,
    "ECS_n": 0.313937,
    "APower_p": 0.657685,
    "APower_n": 0.957331,
    "RCS_p": 0.0513535,
    "TCS_n": 0.0536144
}