{
    "KDHartreeFock": {
        "V1_0": 59.2352,
        "V1_asymm": 7.49045,
        "V1_A": 0.0274647,
        "V2_0_n": 0.00520372,
        "V2_A_n": -5.2905e-06,
        "V3_0_n": 1.85486e-06,
        "V3_A_n": 7.44396e-09,
        "V2_0_p": 0.00489488,
        "V2_A_p": 9.84657e-06,
        "V3_0_p": -7.34418e-07,
        "V3_A_p": 5.40573e-08,
        "V4_0": -2.41128e-08,
        "r_0": 1.27242,
        "r_A": 0.393243,
        "a_0": 0.635684,
        "a_A": -0.000399595
    },
    "KDCoulomb": {
        "r_C_0": 1.15543,
        "r_C_A": 0.767028,
        "r_C_A2": 2.47747
    },
    "KDRealSpinOrbit": {
        "V1_0": 2.68083,
        "V1_A": -0.000343475,
        "V2_0": 0.000126662,
        "r_0": 1.2273,
        "r_A": 0.601808,
        "a_0": 0.557276
    },
    "KDImagSpinOrbit": {
        "W1_0": -3.40175,
        "W2_0": 226.039
    },
    "KDImagVolume": {
        "W1_0_n": 23.5119,
        "W1_A_n": 0.00505903,
        "W1_0_p": 18.7558,
        "W1_A_p": 0.0289585,
        "W2_0": 97.8428,
        "W2_A": 0.141646
    },
    "KDImagSurface": {
        "D1_0": 16.519,
        "D1_asymm": 16.093,
        "D2_0": 0.0557787,
        "D2_A": -0.0325005,
        "D2_A2": 7.96832,
        "D2_A3": 291.63,
        "D3_0": 15.9184,
        "r_0": 1.26028,
        "r_A": -0.00602561,
        "a_0_n": 0.595889,
        "a_A_n": -7.6703e-06,
        "a_0_p": 0.544613,
        "a_A_p": 0.000294101
    }
}