{
    "ECS_p": 0.270712,
    "ECS_n": 0.308271,
    "APower_p": 0.560189,
    "APower_n": 0.60714,
    "RCS_p": 0.0639314,
    "TCS_n": 0.0351538
}