{
    "KDHartreeFock": {
        "V1_0": 56.0382,
        "V1_asymm": 22.9148,
        "V1_A": 0.00958526,
        "V2_0_n": 0.00478751,
        "V2_A_n": 4.35731e-06,
        "V3_0_n": -7.93083e-06,
        "V3_A_n": 3.099e-08,
        "V2_0_p": 0.00806344,
        "V2_A_p": -1.06676e-06,
        "V3_0_p": 1.32927e-05,
        "V3_A_p": -2.00609e-08,
        "V4_0": -5.9116e-08,
        "r_0": 1.1946,
        "r_A": -0.0238313,
        "a_0": 0.622685,
        "a_A": -0.0006621
    },
    "KDCoulomb": {
        "r_C_0": 1.20389,
        "r_C_A": 1.52407,
        "r_C_A2": 1.29672
    },
    "KDRealSpinOrbit": {
        "V1_0": 4.56287,
        "V1_A": 0.0103958,
        "V2_0": 0.00557612,
        "r_0": 1.21688,
        "r_A": 0.754065,
        "a_0": 0.559249
    },
    "KDImagSpinOrbit": {
        "W1_0": -5.31041,
        "W2_0": 194.752
    },
    "KDImagVolume": {
        "W1_0_n": 16.7844,
        "W1_A_n": 0.0257153,
        "W1_0_p": 15.0381,
        "W1_A_p": 0.0575094,
        "W2_0": 83.7475,
        "W2_A": -0.0502802
    },
    "KDImagSurface": {
        "D1_0": 17.8816,
        "D1_asymm": 8.41264,
        "D2_0": 0.0260136,
        "D2_A": 0.00309573,
        "D2_A2": 2.75402,
        "D2_A3": 126.052,
        "D3_0": 15.7403,
        "r_0": 1.44789,
        "r_A": 0.034304,
        "a_0_n": 0.580413,
        "a_A_n": -6.86066e-05,
        "a_0_p": 0.50749,
        "a_A_p": 0.000737835
    }
}