{
    "ECS_p": 0.2511,
    "ECS_n": 0.162073,
    "APower_p": 0.313488,
    "APower_n": 0.163023,
    "RCS_p": 0.00657168,
    "TCS_n": 0.0201939
}