{
    "KDHartreeFock": {
        "V1_0": 57.8345,
        "V1_asymm": 12.4529,
        "V1_A": 0.0324557,
        "V2_0_n": 0.00650568,
        "V2_A_n": 1.04591e-05,
        "V3_0_n": 7.99512e-06,
        "V3_A_n": 6.46822e-08,
        "V2_0_p": 0.00769217,
        "V2_A_p": -3.88243e-06,
        "V3_0_p": 1.63525e-05,
        "V3_A_p": -4.58442e-08,
        "V4_0": -2.20626e-08,
        "r_0": 1.28787,
        "r_A": 0.357926,
        "a_0": 0.686421,
        "a_A": 1.21061e-05
    },
    "KDCoulomb": {
        "r_C_0": 1.25133,
        "r_C_A": 0.511395,
        "r_C_A2": 5.45292
    },
    "KDRealSpinOrbit": {
        "V1_0": 6.37079,
        "V1_A": -0.00115698,
        "V2_0": 0.00345741,
        "r_0": 1.19473,
        "r_A": 0.65432,
        "a_0": 0.627307
    },
    "KDImagSpinOrbit": {
        "W1_0": -3.33201,
        "W2_0": 330.856
    },
    "KDImagVolume": {
        "W1_0_n": 17.7032,
        "W1_A_n": 0.0117078,
        "W1_0_p": 10.9908,
        "W1_A_p": 0.0481172,
        "W2_0": 75.3659,
        "W2_A": 0.157171
    },
    "KDImagSurface": {
        "D1_0": 18.1456,
        "D1_asymm": 9.62772,
        "D2_0": 0.0285235,
        "D2_A": -0.000984646,
        "D2_A2": 31.83,
        "D2_A3": 24.1523,
        "D3_0": 12.1303,
        "r_0": 1.39888,
        "r_A": 0.0227542,
        "a_0_n": 0.507993,
        "a_A_n": 0.000102008,
        "a_0_p": 0.486355,
        "a_A_p": 0.0016872
    }
}