{
    "ECS_p": 0.406861,
    "ECS_n": 0.281206,
    "APower_p": 0.754357,
    "APower_n": 0.666847,
    "RCS_p": 0.0245085,
    "TCS_n": 0.0254485
}