{
    "KDHartreeFock": {
        "V1_0": 58.7912,
        "V1_asymm": 18.1657,
        "V1_A": 0.01883,
        "V2_0_n": 0.00643822,
        "V2_A_n": 2.80669e-06,
        "V3_0_n": 1.50443e-05,
        "V3_A_n": 3.96675e-08,
        "V2_0_p": 0.00554785,
        "V2_A_p": 1.34897e-05,
        "V3_0_p": 1.24345e-05,
        "V3_A_p": 4.54995e-08,
        "V4_0": -4.39863e-09,
        "r_0": 1.29706,
        "r_A": 0.477598,
        "a_0": 0.654387,
        "a_A": 1.5463e-05
    },
    "KDCoulomb": {
        "r_C_0": 1.06387,
        "r_C_A": 0.982186,
        "r_C_A2": 13.0451
    },
    "KDRealSpinOrbit": {
        "V1_0": 5.46869,
        "V1_A": 0.0083206,
        "V2_0": 0.0122081,
        "r_0": 1.18132,
        "r_A": 0.479846,
        "a_0": 0.523164
    },
    "KDImagSpinOrbit": {
        "W1_0": -12.6992,
        "W2_0": 345.171
    },
    "KDImagVolume": {
        "W1_0_n": 27.2024,
        "W1_A_n": 0.0433621,
        "W1_0_p": 33.4604,
        "W1_A_p": 0.0482451,
        "W2_0": 201.206,
        "W2_A": -0.0455579
    },
    "KDImagSurface": {
        "D1_0": 16.9277,
        "D1_asymm": 1.85657,
        "D2_0": 0.0775287,
        "D2_A": -0.0574874,
        "D2_A2": 0.730461,
        "D2_A3": 243.543,
        "D3_0": 15.6189,
        "r_0": 1.37011,
        "r_A": 0.0287014,
        "a_0_n": 0.570548,
        "a_A_n": -0.000129541,
        "a_0_p": 0.465022,
        "a_A_p": 0.00214944
    }
}