{
    "ECS_p": 0.331473,
    "ECS_n": 0.136697,
    "APower_p": 0.492149,
    "APower_n": 0.15942,
    "RCS_p": 0.0143107,
    "TCS_n": 0.0288412
}