{
    "KDHartreeFock": {
        "V1_0": 55.0879,
        "V1_asymm": 14.5333,
        "V1_A": 0.0119777,
        "V2_0_n": 0.00564545,
        "V2_A_n": -2.10661e-07,
        "V3_0_n": 4.89272e-06,
        "V3_A_n": -7.49869e-09,
        "V2_0_p": 0.00574727,
        "V2_A_p": 1.58629e-05,
        "V3_0_p": 1.17272e-05,
        "V3_A_p": 9.86875e-08,
        "V4_0": -1.03919e-08,
        "r_0": 1.27413,
        "r_A": 0.258998,
        "a_0": 0.675661,
        "a_A": 0.000152143
    },
    "KDCoulomb": {
        "r_C_0": 0.929245,
        "r_C_A": 1.66172,
        "r_C_A2": -0.466011
    },
    "KDRealSpinOrbit": {
        "V1_0": 6.86746,
        "V1_A": 0.0110252,
        "V2_0": 0.0144601,
        "r_0": 1.17832,
        "r_A": 0.548653,
        "a_0": 0.59178
    },
    "KDImagSpinOrbit": {
        "W1_0": -5.66073,
        "W2_0": 384.548
    },
    "KDImagVolume": {
        "W1_0_n": 20.546,
        "W1_A_n": -0.00110153,
        "W1_0_p": 16.9833,
        "W1_A_p": -0.00614544,
        "W2_0": 114.349,
        "W2_A": -0.103264
    },
    "KDImagSurface": {
        "D1_0": 18.9104,
        "D1_asymm": 8.40233,
        "D2_0": 0.0227245,
        "D2_A": 0.00406162,
        "D2_A2": 9.58285,
        "D2_A3": 304.155,
        "D3_0": 13.1497,
        "r_0": 1.40901,
        "r_A": 0.0313247,
        "a_0_n": 0.463237,
        "a_A_n": -0.000188179,
        "a_0_p": 0.466636,
        "a_A_p": 0.00161942
    }
}