{
    "ECS_p": 0.215661,
    "ECS_n": 0.168587,
    "APower_p": 0.393676,
    "APower_n": 0.258592,
    "RCS_p": 0.0171936,
    "TCS_n": 0.0212396
}