{
    "KDHartreeFock": {
        "V1_0": 60.0216,
        "V1_asymm": 16.7349,
        "V1_A": 0.0180896,
        "V2_0_n": 0.00551914,
        "V2_A_n": -6.46543e-06,
        "V3_0_n": 5.70615e-06,
        "V3_A_n": -3.59435e-08,
        "V2_0_p": 0.00816606,
        "V2_A_p": -5.36376e-06,
        "V3_0_p": 2.52022e-05,
        "V3_A_p": -5.72424e-08,
        "V4_0": -8.34028e-09,
        "r_0": 1.29403,
        "r_A": 0.54741,
        "a_0": 0.737373,
        "a_A": 0.000152657
    },
    "KDCoulomb": {
        "r_C_0": 0.997502,
        "r_C_A": 0.993782,
        "r_C_A2": 22.7972
    },
    "KDRealSpinOrbit": {
        "V1_0": 6.86221,
        "V1_A": -0.00834476,
        "V2_0": 0.00589366,
        "r_0": 1.24798,
        "r_A": 0.878521,
        "a_0": 0.549351
    },
    "KDImagSpinOrbit": {
        "W1_0": -4.31181,
        "W2_0": 275.581
    },
    "KDImagVolume": {
        "W1_0_n": 26.3513,
        "W1_A_n": -0.0483206,
        "W1_0_p": 27.7945,
        "W1_A_p": -0.0264051,
        "W2_0": 119.627,
        "W2_A": -0.202657
    },
    "KDImagSurface": {
        "D1_0": 33.1913,
        "D1_asymm": 0.258818,
        "D2_0": 0.0402495,
        "D2_A": 0.000986262,
        "D2_A2": 19.8751,
        "D2_A3": 154.933,
        "D3_0": 21.7578,
        "r_0": 1.50221,
        "r_A": 0.0496189,
        "a_0_n": 0.543068,
        "a_A_n": 5.03357e-05,
        "a_0_p": 0.514843,
        "a_A_p": 0.000957411
    }
}