{
    "ECS_p": 0.356599,
    "ECS_n": 0.251499,
    "APower_p": 0.713002,
    "APower_n": 0.408492,
    "RCS_p": 0.0453454,
    "TCS_n": 0.0297208
}