{
    "KDHartreeFock": {
        "V1_0": 56.9456,
        "V1_asymm": 16.4165,
        "V1_A": 0.0179107,
        "V2_0_n": 0.00526239,
        "V2_A_n": -4.08033e-07,
        "V3_0_n": 1.49105e-06,
        "V3_A_n": 2.29576e-08,
        "V2_0_p": 0.00656145,
        "V2_A_p": 1.10567e-05,
        "V3_0_p": 4.91998e-06,
        "V3_A_p": 5.51338e-08,
        "V4_0": -3.27906e-08,
        "r_0": 1.32092,
        "r_A": 0.520301,
        "a_0": 0.650326,
        "a_A": -0.000379117
    },
    "KDCoulomb": {
        "r_C_0": 1.30244,
        "r_C_A": 0.901497,
        "r_C_A2": 21.19
    },
    "KDRealSpinOrbit": {
        "V1_0": 5.55727,
        "V1_A": -0.00193038,
        "V2_0": 0.00549499,
        "r_0": 1.1739,
        "r_A": 0.415372,
        "a_0": 0.543465
    },
    "KDImagSpinOrbit": {
        "W1_0": -7.62353,
        "W2_0": 335.162
    },
    "KDImagVolume": {
        "W1_0_n": 20.1631,
        "W1_A_n": 0.0288295,
        "W1_0_p": 14.5832,
        "W1_A_p": 0.104765,
        "W2_0": 119.525,
        "W2_A": 0.059293
    },
    "KDImagSurface": {
        "D1_0": 15.2626,
        "D1_asymm": 6.11237,
        "D2_0": 0.0713489,
        "D2_A": -0.0503199,
        "D2_A2": 6.4828,
        "D2_A3": 245.081,
        "D3_0": 11.5451,
        "r_0": 1.4752,
        "r_A": 0.0407367,
        "a_0_n": 0.488633,
        "a_A_n": 7.45149e-06,
        "a_0_p": 0.450579,
        "a_A_p": 0.0013849
    }
}