{
    "ECS_p": 0.332985,
    "ECS_n": 0.53201,
    "APower_p": 0.840383,
    "APower_n": 0.62154,
    "RCS_p": 0.0696828,
    "TCS_n": 0.0398746
}