{
    "KDHartreeFock": {
        "V1_0": 58.447,
        "V1_asymm": 20.4852,
        "V1_A": 0.0282618,
        "V2_0_n": 0.00473782,
        "V2_A_n": 5.77769e-07,
        "V3_0_n": -5.43571e-06,
        "V3_A_n": -8.30392e-09,
        "V2_0_p": 0.00684675,
        "V2_A_p": 7.1635e-06,
        "V3_0_p": 1.07257e-05,
        "V3_A_p": 3.71887e-08,
        "V4_0": -2.12442e-08,
        "r_0": 1.31142,
        "r_A": 0.491839,
        "a_0": 0.611043,
        "a_A": -0.000878312
    },
    "KDCoulomb": {
        "r_C_0": 1.09745,
        "r_C_A": 0.991708,
        "r_C_A2": 9.32846
    },
    "KDRealSpinOrbit": {
        "V1_0": 3.39075,
        "V1_A": -0.000880662,
        "V2_0": 0.00109152,
        "r_0": 1.18797,
        "r_A": 0.421983,
        "a_0": 0.540999
    },
    "KDImagSpinOrbit": {
        "W1_0": -6.61335,
        "W2_0": 316.529
    },
    "KDImagVolume": {
        "W1_0_n": 22.6507,
        "W1_A_n": -0.0292013,
        "W1_0_p": 18.1331,
        "W1_A_p": 0.013434,
        "W2_0": 81.4727,
        "W2_A": -0.0104657
    },
    "KDImagSurface": {
        "D1_0": 17.9227,
        "D1_asymm": 27.861,
        "D2_0": 0.0208247,
        "D2_A": 0.00794381,
        "D2_A2": 11.5458,
        "D2_A3": 243.879,
        "D3_0": 10.1212,
        "r_0": 1.44703,
        "r_A": 0.0388324,
        "a_0_n": 0.50295,
        "a_A_n": -0.000994549,
        "a_0_p": 0.481925,
        "a_A_p": 0.000395129
    }
}