{
    "ECS_p": 0.241211,
    "ECS_n": 0.23439,
    "APower_p": 0.382829,
    "APower_n": 0.194353,
    "RCS_p": 0.0313136,
    "TCS_n": 0.0247352
}