{
    "KDHartreeFock": {
        "V1_0": 55.8458,
        "V1_asymm": 21.499,
        "V1_A": 0.00698429,
        "V2_0_n": 0.00643268,
        "V2_A_n": 6.30664e-06,
        "V3_0_n": 1.0329e-05,
        "V3_A_n": 3.25758e-08,
        "V2_0_p": 0.00769613,
        "V2_A_p": 7.78793e-06,
        "V3_0_p": 2.19331e-05,
        "V3_A_p": 5.08483e-08,
        "V4_0": 5.34314e-10,
        "r_0": 1.21474,
        "r_A": 0.0476838,
        "a_0": 0.63255,
        "a_A": -0.000519586
    },
    "KDCoulomb": {
        "r_C_0": 1.06658,
        "r_C_A": 0.148997,
        "r_C_A2": -2.37586
    },
    "KDRealSpinOrbit": {
        "V1_0": 7.49723,
        "V1_A": -0.00860497,
        "V2_0": 0.00607356,
        "r_0": 1.20902,
        "r_A": 0.684693,
        "a_0": 0.541479
    },
    "KDImagSpinOrbit": {
        "W1_0": -0.986614,
        "W2_0": 184.033
    },
    "KDImagVolume": {
        "W1_0_n": 17.0403,
        "W1_A_n": 0.059265,
        "W1_0_p": 18.9407,
        "W1_A_p": 0.06959,
        "W2_0": 61.4321,
        "W2_A": 0.425976
    },
    "KDImagSurface": {
        "D1_0": 22.1925,
        "D1_asymm": 2.38597,
        "D2_0": 0.0203113,
        "D2_A": 0.0146918,
        "D2_A2": 2.4123,
        "D2_A3": 210.043,
        "D3_0": 17.1093,
        "r_0": 1.22647,
        "r_A": -0.0067204,
        "a_0_n": 0.616253,
        "a_A_n": 0.000267596,
        "a_0_p": 0.577166,
        "a_A_p": 0.00159368
    }
}