{
    "ECS_p": 0.371317,
    "ECS_n": 0.186841,
    "APower_p": 0.840024,
    "APower_n": 0.806048,
    "RCS_p": 0.0264718,
    "TCS_n": 0.0455027
}