{
    "KDHartreeFock": {
        "V1_0": 59.3811,
        "V1_asymm": 6.47506,
        "V1_A": 0.0376298,
        "V2_0_n": 0.00579489,
        "V2_A_n": 4.59235e-06,
        "V3_0_n": 8.5633e-06,
        "V3_A_n": 5.36292e-08,
        "V2_0_p": 0.00377024,
        "V2_A_p": 1.03769e-05,
        "V3_0_p": 1.80681e-06,
        "V3_A_p": 5.73972e-08,
        "V4_0": -1.69898e-08,
        "r_0": 1.2768,
        "r_A": 0.446329,
        "a_0": 0.694691,
        "a_A": -0.000223211
    },
    "KDCoulomb": {
        "r_C_0": 0.988455,
        "r_C_A": 1.48512,
        "r_C_A2": 1.29301
    },
    "KDRealSpinOrbit": {
        "V1_0": 5.6732,
        "V1_A": 0.0195667,
        "V2_0": 0.0149321,
        "r_0": 1.24169,
        "r_A": 0.78863,
        "a_0": 0.551772
    },
    "KDImagSpinOrbit": {
        "W1_0": -7.03291,
        "W2_0": 266.615
    },
    "KDImagVolume": {
        "W1_0_n": 21.252,
        "W1_A_n": 0.110995,
        "W1_0_p": 21.2151,
        "W1_A_p": 0.101272,
        "W2_0": 148.974,
        "W2_A": 0.553333
    },
    "KDImagSurface": {
        "D1_0": 12.5984,
        "D1_asymm": 12.6929,
        "D2_0": 0.0138035,
        "D2_A": -0.00597105,
        "D2_A2": -6.47742,
        "D2_A3": 290.793,
        "D3_0": 7.35907,
        "r_0": 1.42512,
        "r_A": 0.0286525,
        "a_0_n": 0.507545,
        "a_A_n": -0.000165408,
        "a_0_p": 0.442032,
        "a_A_p": 0.0011565
    }
}