{
    "ECS_p": 0.277349,
    "ECS_n": 0.240582,
    "APower_p": 0.822124,
    "APower_n": 0.886588,
    "RCS_p": 0.0434017,
    "TCS_n": 0.0422268
}