{
    "KDHartreeFock": {
        "V1_0": 59.1604,
        "V1_asymm": 23.4408,
        "V1_A": 0.0255521,
        "V2_0_n": 0.00394214,
        "V2_A_n": 5.48046e-06,
        "V3_0_n": -8.37665e-06,
        "V3_A_n": 1.06917e-08,
        "V2_0_p": 0.00451228,
        "V2_A_p": 1.79575e-05,
        "V3_0_p": 6.46395e-06,
        "V3_A_p": 6.44699e-08,
        "V4_0": -2.69764e-08,
        "r_0": 1.2744,
        "r_A": 0.466995,
        "a_0": 0.691733,
        "a_A": -0.000196261
    },
    "KDCoulomb": {
        "r_C_0": 1.11515,
        "r_C_A": 1.96666,
        "r_C_A2": 20.1399
    },
    "KDRealSpinOrbit": {
        "V1_0": 4.83472,
        "V1_A": 0.0186793,
        "V2_0": 0.00684319,
        "r_0": 1.30751,
        "r_A": 1.13952,
        "a_0": 0.576865
    },
    "KDImagSpinOrbit": {
        "W1_0": -0.631536,
        "W2_0": 237.174
    },
    "KDImagVolume": {
        "W1_0_n": 22.0905,
        "W1_A_n": -0.0184069,
        "W1_0_p": 18.7392,
        "W1_A_p": -0.0187278,
        "W2_0": 104.896,
        "W2_A": -0.205382
    },
    "KDImagSurface": {
        "D1_0": 21.9272,
        "D1_asymm": 19.9389,
        "D2_0": 0.0298736,
        "D2_A": -0.0157832,
        "D2_A2": 10.1079,
        "D2_A3": -37.0507,
        "D3_0": 19.3404,
        "r_0": 1.38365,
        "r_A": 0.0228584,
        "a_0_n": 0.590203,
        "a_A_n": -6.06681e-05,
        "a_0_p": 0.520414,
        "a_A_p": 0.00065894
    }
}