{
    "ECS_p": 0.421852,
    "ECS_n": 0.326285,
    "APower_p": 0.641376,
    "APower_n": 0.59727,
    "RCS_p": 0.0502706,
    "TCS_n": 0.0437886
}