{
    "KDHartreeFock": {
        "V1_0": 61.9759,
        "V1_asymm": 11.9941,
        "V1_A": 0.0431014,
        "V2_0_n": 0.0070903,
        "V2_A_n": 8.93874e-06,
        "V3_0_n": 1.46063e-05,
        "V3_A_n": 4.62081e-08,
        "V2_0_p": 0.00665229,
        "V2_A_p": -3.62043e-07,
        "V3_0_p": 1.6389e-05,
        "V3_A_p": -2.33163e-08,
        "V4_0": 3.51766e-09,
        "r_0": 1.25951,
        "r_A": 0.370968,
        "a_0": 0.715403,
        "a_A": 0.000148431
    },
    "KDCoulomb": {
        "r_C_0": 1.21702,
        "r_C_A": 0.0732769,
        "r_C_A2": 30.0582
    },
    "KDRealSpinOrbit": {
        "V1_0": 3.47145,
        "V1_A": 0.0169348,
        "V2_0": 0.00105938,
        "r_0": 1.10367,
        "r_A": 0.275349,
        "a_0": 0.564745
    },
    "KDImagSpinOrbit": {
        "W1_0": -0.793218,
        "W2_0": 65.1773
    },
    "KDImagVolume": {
        "W1_0_n": 21.0129,
        "W1_A_n": -0.00266383,
        "W1_0_p": 16.8372,
        "W1_A_p": 0.105643,
        "W2_0": 98.1142,
        "W2_A": 0.227429
    },
    "KDImagSurface": {
        "D1_0": 22.381,
        "D1_asymm": 23.3544,
        "D2_0": -0.00219174,
        "D2_A": 0.0266082,
        "D2_A2": 8.39703,
        "D2_A3": 315.508,
        "D3_0": 18.0253,
        "r_0": 1.32414,
        "r_A": 0.0163761,
        "a_0_n": 0.513889,
        "a_A_n": -0.000982218,
        "a_0_p": 0.462803,
        "a_A_p": 0.00156499
    }
}