{
    "ECS_p": 0.255729,
    "ECS_n": 0.158526,
    "APower_p": 0.409879,
    "APower_n": 0.437921,
    "RCS_p": 0.00787797,
    "TCS_n": 0.0265106
}