{
    "KDHartreeFock": {
        "V1_0": 56.547,
        "V1_asymm": 13.986,
        "V1_A": 0.0165476,
        "V2_0_n": 0.00456009,
        "V2_A_n": 1.54701e-06,
        "V3_0_n": -1.12013e-05,
        "V3_A_n": -3.0545e-09,
        "V2_0_p": 0.00451897,
        "V2_A_p": 1.03997e-05,
        "V3_0_p": -8.70602e-06,
        "V3_A_p": 5.72878e-08,
        "V4_0": -4.8057e-08,
        "r_0": 1.29337,
        "r_A": 0.408446,
        "a_0": 0.702394,
        "a_A": 0.000548444
    },
    "KDCoulomb": {
        "r_C_0": 1.34956,
        "r_C_A": -0.630139,
        "r_C_A2": 33.3125
    },
    "KDRealSpinOrbit": {
        "V1_0": 5.17804,
        "V1_A": 0.00128956,
        "V2_0": 0.0032324,
        "r_0": 1.15151,
        "r_A": 0.478095,
        "a_0": 0.590985
    },
    "KDImagSpinOrbit": {
        "W1_0": -4.26349,
        "W2_0": 274.991
    },
    "KDImagVolume": {
        "W1_0_n": 17.0965,
        "W1_A_n": 0.0477802,
        "W1_0_p": 8.6033,
        "W1_A_p": 0.0862715,
        "W2_0": 64.6738,
        "W2_A": 0.297731
    },
    "KDImagSurface": {
        "D1_0": 11.4653,
        "D1_asymm": 18.2394,
        "D2_0": -0.0183884,
        "D2_A": 0.0319641,
        "D2_A2": 16.6292,
        "D2_A3": 258.065,
        "D3_0": 8.93125,
        "r_0": 1.49018,
        "r_A": 0.0587715,
        "a_0_n": 0.472646,
        "a_A_n": -0.00138596,
        "a_0_p": 0.43223,
        "a_A_p": 0.00197179
    }
}