{
    "ECS_p": 0.25321,
    "ECS_n": 0.219974,
    "APower_p": 0.57752,
    "APower_n": 0.498359,
    "RCS_p": 0.0502961,
    "TCS_n": 0.0324909
}