{
    "KDHartreeFock": {
        "V1_0": 62.7069,
        "V1_asymm": 8.25523,
        "V1_A": 0.0508157,
        "V2_0_n": 0.00669324,
        "V2_A_n": 8.62959e-06,
        "V3_0_n": 1.28248e-05,
        "V3_A_n": 4.24318e-08,
        "V2_0_p": 0.00723424,
        "V2_A_p": -9.39676e-06,
        "V3_0_p": 1.27806e-05,
        "V3_A_p": 1.51928e-08,
        "V4_0": 3.98827e-09,
        "r_0": 1.28325,
        "r_A": 0.496707,
        "a_0": 0.718883,
        "a_A": 6.67861e-05
    },
    "KDCoulomb": {
        "r_C_0": 1.11721,
        "r_C_A": 0.357895,
        "r_C_A2": 31.7521
    },
    "KDRealSpinOrbit": {
        "V1_0": 6.89159,
        "V1_A": -0.0261845,
        "V2_0": 0.00398408,
        "r_0": 1.11539,
        "r_A": 0.198373,
        "a_0": 0.595585
    },
    "KDImagSpinOrbit": {
        "W1_0": -3.24355,
        "W2_0": 218.552
    },
    "KDImagVolume": {
        "W1_0_n": 21.0067,
        "W1_A_n": 0.0304916,
        "W1_0_p": 20.825,
        "W1_A_p": 0.0183823,
        "W2_0": 100.122,
        "W2_A": 0.142095
    },
    "KDImagSurface": {
        "D1_0": 20.6081,
        "D1_asymm": 26.577,
        "D2_0": 0.00575464,
        "D2_A": 0.0215339,
        "D2_A2": 6.5535,
        "D2_A3": 226.679,
        "D3_0": 18.5657,
        "r_0": 1.38999,
        "r_A": 0.0333619,
        "a_0_n": 0.572338,
        "a_A_n": -0.000623166,
        "a_0_p": 0.492717,
        "a_A_p": 0.00148476
    }
}