{
    "ECS_p": 0.341251,
    "ECS_n": 0.19244,
    "APower_p": 0.320002,
    "APower_n": 0.189161,
    "RCS_p": 0.0155241,
    "TCS_n": 0.0270497
}