{
    "KDHartreeFock": {
        "V1_0": 56.9533,
        "V1_asymm": 15.8056,
        "V1_A": 0.0148872,
        "V2_0_n": 0.00705745,
        "V2_A_n": 2.3361e-06,
        "V3_0_n": 1.82126e-05,
        "V3_A_n": 1.99918e-08,
        "V2_0_p": 0.00591637,
        "V2_A_p": 1.18393e-05,
        "V3_0_p": 1.15653e-05,
        "V3_A_p": 6.62523e-08,
        "V4_0": 1.66436e-08,
        "r_0": 1.2648,
        "r_A": 0.264417,
        "a_0": 0.689454,
        "a_A": 8.78124e-05
    },
    "KDCoulomb": {
        "r_C_0": 1.1324,
        "r_C_A": 1.55772,
        "r_C_A2": 25.633
    },
    "KDRealSpinOrbit": {
        "V1_0": 4.23263,
        "V1_A": 0.0158576,
        "V2_0": 0.00358384,
        "r_0": 1.16333,
        "r_A": 0.409228,
        "a_0": 0.576502
    },
    "KDImagSpinOrbit": {
        "W1_0": -6.39656,
        "W2_0": 329.064
    },
    "KDImagVolume": {
        "W1_0_n": 20.2043,
        "W1_A_n": 0.0530141,
        "W1_0_p": 14.137,
        "W1_A_p": 0.0984648,
        "W2_0": 125.66,
        "W2_A": 0.278885
    },
    "KDImagSurface": {
        "D1_0": 20.7082,
        "D1_asymm": 23.2803,
        "D2_0": 0.0579142,
        "D2_A": -0.0331099,
        "D2_A2": 0.914254,
        "D2_A3": 382.117,
        "D3_0": 15.9794,
        "r_0": 1.27943,
        "r_A": 0.00898954,
        "a_0_n": 0.546769,
        "a_A_n": -0.000521167,
        "a_0_p": 0.511695,
        "a_A_p": 0.00110994
    }
}