{
    "ECS_p": 0.324054,
    "ECS_n": 0.160226,
    "APower_p": 0.39394,
    "APower_n": 0.330824,
    "RCS_p": 0.0113871,
    "TCS_n": 0.0262897
}