{
    "KDHartreeFock": {
        "V1_0": 58.0523,
        "V1_asymm": 11.5331,
        "V1_A": 0.0210209,
        "V2_0_n": 0.00716394,
        "V2_A_n": 4.69245e-07,
        "V3_0_n": 2.25047e-05,
        "V3_A_n": 2.44221e-08,
        "V2_0_p": 0.00587368,
        "V2_A_p": 1.09534e-05,
        "V3_0_p": 1.83029e-05,
        "V3_A_p": 2.31932e-08,
        "V4_0": 2.20521e-08,
        "r_0": 1.2702,
        "r_A": 0.301073,
        "a_0": 0.677745,
        "a_A": 0.000230647
    },
    "KDCoulomb": {
        "r_C_0": 1.2007,
        "r_C_A": 0.950134,
        "r_C_A2": -17.5536
    },
    "KDRealSpinOrbit": {
        "V1_0": 5.40737,
        "V1_A": 0.00981593,
        "V2_0": 0.00677788,
        "r_0": 1.19424,
        "r_A": 0.612251,
        "a_0": 0.576762
    },
    "KDImagSpinOrbit": {
        "W1_0": -2.12375,
        "W2_0": 95.7912
    },
    "KDImagVolume": {
        "W1_0_n": 15.5518,
        "W1_A_n": 0.042116,
        "W1_0_p": 13.9159,
        "W1_A_p": 0.0726496,
        "W2_0": 85.7361,
        "W2_A": 0.187407
    },
    "KDImagSurface": {
        "D1_0": 11.8329,
        "D1_asymm": 10.8095,
        "D2_0": -0.0349561,
        "D2_A": 0.0503002,
        "D2_A2": -2.58481,
        "D2_A3": -36.4019,
        "D3_0": 9.09588,
        "r_0": 1.23159,
        "r_A": 0.00449199,
        "a_0_n": 0.581844,
        "a_A_n": -9.35019e-05,
        "a_0_p": 0.539223,
        "a_A_p": 0.00204834
    }
}