{
    "ECS_p": 0.278172,
    "ECS_n": 0.181201,
    "APower_p": 0.298692,
    "APower_n": 0.200782,
    "RCS_p": 0.0101077,
    "TCS_n": 0.0274907
}