{
    "KDHartreeFock": {
        "V1_0": 61.9758,
        "V1_asymm": 14.9676,
        "V1_A": 0.0412212,
        "V2_0_n": 0.00668873,
        "V2_A_n": 7.8403e-06,
        "V3_0_n": 1.64616e-05,
        "V3_A_n": 6.18247e-08,
        "V2_0_p": 0.00641252,
        "V2_A_p": 3.99635e-06,
        "V3_0_p": 8.64255e-06,
        "V3_A_p": 3.50272e-08,
        "V4_0": 1.23087e-09,
        "r_0": 1.24632,
        "r_A": 0.392302,
        "a_0": 0.722293,
        "a_A": -0.000256162
    },
    "KDCoulomb": {
        "r_C_0": 1.16833,
        "r_C_A": 1.40731,
        "r_C_A2": 9.53689
    },
    "KDRealSpinOrbit": {
        "V1_0": 5.6255,
        "V1_A": -0.000971548,
        "V2_0": 0.00146373,
        "r_0": 1.18633,
        "r_A": 0.594618,
        "a_0": 0.577201
    },
    "KDImagSpinOrbit": {
        "W1_0": -3.65465,
        "W2_0": 303.788
    },
    "KDImagVolume": {
        "W1_0_n": 14.9704,
        "W1_A_n": 0.0576585,
        "W1_0_p": 30.7122,
        "W1_A_p": 0.0138085,
        "W2_0": 122.949,
        "W2_A": 0.137963
    },
    "KDImagSurface": {
        "D1_0": 26.223,
        "D1_asymm": 17.8535,
        "D2_0": 0.0878118,
        "D2_A": -0.055446,
        "D2_A2": 3.60964,
        "D2_A3": 444.993,
        "D3_0": 18.3868,
        "r_0": 1.37148,
        "r_A": 0.0175348,
        "a_0_n": 0.542695,
        "a_A_n": -0.000202383,
        "a_0_p": 0.471511,
        "a_A_p": 0.0014922
    }
}