{
    "ECS_p": 0.241468,
    "ECS_n": 0.218369,
    "APower_p": 0.273936,
    "APower_n": 0.230271,
    "RCS_p": 0.0125053,
    "TCS_n": 0.0243735
}