{
    "KDHartreeFock": {
        "V1_0": 59.631,
        "V1_asymm": 20.1407,
        "V1_A": 0.0288671,
        "V2_0_n": 0.00630555,
        "V2_A_n": 4.3151e-06,
        "V3_0_n": 1.27811e-05,
        "V3_A_n": 5.04877e-08,
        "V2_0_p": 0.00654798,
        "V2_A_p": 3.26736e-06,
        "V3_0_p": 1.03499e-05,
        "V3_A_p": 2.19039e-08,
        "V4_0": -1.38663e-08,
        "r_0": 1.29066,
        "r_A": 0.426944,
        "a_0": 0.675879,
        "a_A": -0.000146593
    },
    "KDCoulomb": {
        "r_C_0": 1.00488,
        "r_C_A": 1.62699,
        "r_C_A2": 36.658
    },
    "KDRealSpinOrbit": {
        "V1_0": 5.40366,
        "V1_A": 0.0010428,
        "V2_0": 0.00481791,
        "r_0": 1.32537,
        "r_A": 1.13698,
        "a_0": 0.615024
    },
    "KDImagSpinOrbit": {
        "W1_0": -4.03807,
        "W2_0": 227.619
    },
    "KDImagVolume": {
        "W1_0_n": 10.0817,
        "W1_A_n": 0.0558339,
        "W1_0_p": 17.6261,
        "W1_A_p": 0.0166904,
        "W2_0": 77.4452,
        "W2_A": -0.077303
    },
    "KDImagSurface": {
        "D1_0": 14.1613,
        "D1_asymm": 8.54788,
        "D2_0": 0.0334262,
        "D2_A": -0.0107957,
        "D2_A2": 22.0423,
        "D2_A3": 111.975,
        "D3_0": 9.91921,
        "r_0": 1.28542,
        "r_A": 0.00753789,
        "a_0_n": 0.591617,
        "a_A_n": 0.000790713,
        "a_0_p": 0.460679,
        "a_A_p": 0.00181923
    }
}