{
    "ECS_p": 0.313515,
    "ECS_n": 0.202682,
    "APower_p": 0.408201,
    "APower_n": 0.339841,
    "RCS_p": 0.0187951,
    "TCS_n": 0.0184625
}