{
    "KDHartreeFock": {
        "V1_0": 61.2167,
        "V1_asymm": 13.2058,
        "V1_A": 0.0264347,
        "V2_0_n": 0.00774721,
        "V2_A_n": 6.29928e-06,
        "V3_0_n": 2.90959e-05,
        "V3_A_n": 4.15818e-08,
        "V2_0_p": 0.00644499,
        "V2_A_p": 9.01289e-06,
        "V3_0_p": 1.32319e-05,
        "V3_A_p": 9.53685e-08,
        "V4_0": 4.33629e-08,
        "r_0": 1.23477,
        "r_A": 0.35546,
        "a_0": 0.67033,
        "a_A": -0.000608945
    },
    "KDCoulomb": {
        "r_C_0": 1.33811,
        "r_C_A": 1.39933,
        "r_C_A2": 21.47
    },
    "KDRealSpinOrbit": {
        "V1_0": 5.36915,
        "V1_A": 0.00294888,
        "V2_0": 0.00406947,
        "r_0": 1.17409,
        "r_A": 0.425077,
        "a_0": 0.617442
    },
    "KDImagSpinOrbit": {
        "W1_0": -2.90341,
        "W2_0": 235.375
    },
    "KDImagVolume": {
        "W1_0_n": 21.541,
        "W1_A_n": 0.0225309,
        "W1_0_p": 24.1275,
        "W1_A_p": 0.0246172,
        "W2_0": 133.147,
        "W2_A": 0.0486159
    },
    "KDImagSurface": {
        "D1_0": 16.5196,
        "D1_asymm": 9.47894,
        "D2_0": 0.0234129,
        "D2_A": -0.000515714,
        "D2_A2": 9.5009,
        "D2_A3": 381.82,
        "D3_0": 14.8457,
        "r_0": 1.48872,
        "r_A": 0.0488741,
        "a_0_n": 0.555856,
        "a_A_n": -0.000447651,
        "a_0_p": 0.469438,
        "a_A_p": 0.00217113
    }
}