{
    "ECS_p": 0.30243,
    "ECS_n": 0.233969,
    "APower_p": 0.355637,
    "APower_n": 0.142415,
    "RCS_p": 0.0126045,
    "TCS_n": 0.0315849
}