{
    "KDHartreeFock": {
        "V1_0": 59.6515,
        "V1_asymm": 16.3386,
        "V1_A": 0.0101716,
        "V2_0_n": 0.00640257,
        "V2_A_n": -7.22882e-06,
        "V3_0_n": 1.71588e-05,
        "V3_A_n": -3.14322e-08,
        "V2_0_p": 0.00577011,
        "V2_A_p": 1.07682e-05,
        "V3_0_p": 1.10265e-05,
        "V3_A_p": 9.1895e-08,
        "V4_0": 2.03899e-08,
        "r_0": 1.24328,
        "r_A": 0.354726,
        "a_0": 0.749584,
        "a_A": -3.00564e-06
    },
    "KDCoulomb": {
        "r_C_0": 1.17314,
        "r_C_A": 0.309415,
        "r_C_A2": -8.87426
    },
    "KDRealSpinOrbit": {
        "V1_0": 5.34432,
        "V1_A": 0.00572362,
        "V2_0": 0.00612859,
        "r_0": 1.14287,
        "r_A": 0.316704,
        "a_0": 0.556178
    },
    "KDImagSpinOrbit": {
        "W1_0": -3.97144,
        "W2_0": 192.06
    },
    "KDImagVolume": {
        "W1_0_n": 31.3726,
        "W1_A_n": -0.0508464,
        "W1_0_p": 23.0587,
        "W1_A_p": 0.0453917,
        "W2_0": 188.699,
        "W2_A": -0.251335
    },
    "KDImagSurface": {
        "D1_0": 12.9243,
        "D1_asymm": 6.84802,
        "D2_0": 0.0160225,
        "D2_A": 0.00228495,
        "D2_A2": 2.03486,
        "D2_A3": 36.8188,
        "D3_0": 9.6677,
        "r_0": 1.37097,
        "r_A": 0.0210279,
        "a_0_n": 0.538395,
        "a_A_n": 2.62961e-05,
        "a_0_p": 0.492364,
        "a_A_p": 0.00126892
    }
}