{
    "ECS_p": 0.221357,
    "ECS_n": 0.196457,
    "APower_p": 0.313643,
    "APower_n": 0.177688,
    "RCS_p": 0.0117545,
    "TCS_n": 0.0187256
}