{
    "KDHartreeFock": {
        "V1_0": 58.3298,
        "V1_asymm": 12.4408,
        "V1_A": 0.0234598,
        "V2_0_n": 0.00638496,
        "V2_A_n": -1.85571e-06,
        "V3_0_n": 1.42577e-05,
        "V3_A_n": -2.07025e-09,
        "V2_0_p": 0.00750008,
        "V2_A_p": 1.85609e-08,
        "V3_0_p": 2.27382e-05,
        "V3_A_p": -3.53376e-08,
        "V4_0": 1.58341e-08,
        "r_0": 1.31473,
        "r_A": 0.481327,
        "a_0": 0.692357,
        "a_A": 0.000332333
    },
    "KDCoulomb": {
        "r_C_0": 1.21948,
        "r_C_A": -0.027375,
        "r_C_A2": 26.1791
    },
    "KDRealSpinOrbit": {
        "V1_0": 5.7793,
        "V1_A": -0.0011598,
        "V2_0": 0.00108658,
        "r_0": 1.11624,
        "r_A": 0.54117,
        "a_0": 0.632903
    },
    "KDImagSpinOrbit": {
        "W1_0": -2.5921,
        "W2_0": 112.655
    },
    "KDImagVolume": {
        "W1_0_n": 23.7162,
        "W1_A_n": -0.028632,
        "W1_0_p": 19.1759,
        "W1_A_p": 0.0643792,
        "W2_0": 139.59,
        "W2_A": -0.201532
    },
    "KDImagSurface": {
        "D1_0": 22.8504,
        "D1_asymm": 13.2225,
        "D2_0": 0.0296845,
        "D2_A": 0.00786237,
        "D2_A2": -2.93444,
        "D2_A3": 223.02,
        "D3_0": 16.3729,
        "r_0": 1.45769,
        "r_A": 0.0447816,
        "a_0_n": 0.506488,
        "a_A_n": -0.000399578,
        "a_0_p": 0.492972,
        "a_A_p": 0.00129549
    }
}