{
    "ECS_p": 0.339625,
    "ECS_n": 0.232281,
    "APower_p": 0.403047,
    "APower_n": 0.342131,
    "RCS_p": 0.00939136,
    "TCS_n": 0.0305011
}