{
    "KDHartreeFock": {
        "V1_0": 59.3969,
        "V1_asymm": 12.6663,
        "V1_A": 0.0198998,
        "V2_0_n": 0.00778546,
        "V2_A_n": 1.0427e-05,
        "V3_0_n": 2.81049e-05,
        "V3_A_n": 6.49107e-08,
        "V2_0_p": 0.00827019,
        "V2_A_p": -3.19429e-06,
        "V3_0_p": 3.231e-05,
        "V3_A_p": -1.10657e-08,
        "V4_0": 4.15831e-08,
        "r_0": 1.2013,
        "r_A": 0.0959189,
        "a_0": 0.690556,
        "a_A": -0.000396581
    },
    "KDCoulomb": {
        "r_C_0": 1.3232,
        "r_C_A": -0.138573,
        "r_C_A2": 20.612
    },
    "KDRealSpinOrbit": {
        "V1_0": 6.92069,
        "V1_A": 0.0125398,
        "V2_0": 0.0106994,
        "r_0": 1.29939,
        "r_A": 1.1355,
        "a_0": 0.584886
    },
    "KDImagSpinOrbit": {
        "W1_0": -4.47388,
        "W2_0": 167.876
    },
    "KDImagVolume": {
        "W1_0_n": 19.5075,
        "W1_A_n": 0.0138426,
        "W1_0_p": 14.0475,
        "W1_A_p": 0.078601,
        "W2_0": 82.2727,
        "W2_A": 0.210136
    },
    "KDImagSurface": {
        "D1_0": 22.9573,
        "D1_asymm": 11.1854,
        "D2_0": -0.0363939,
        "D2_A": 0.0658851,
        "D2_A2": 14.2203,
        "D2_A3": 616.901,
        "D3_0": 16.3264,
        "r_0": 1.16981,
        "r_A": -0.0223832,
        "a_0_n": 0.533513,
        "a_A_n": 0.000114716,
        "a_0_p": 0.513095,
        "a_A_p": 0.00178905
    }
}