{
    "ECS_p": 0.44968,
    "ECS_n": 0.324863,
    "APower_p": 0.867326,
    "APower_n": 0.724875,
    "RCS_p": 0.0547261,
    "TCS_n": 0.0393382
}