{
    "KDHartreeFock": {
        "V1_0": 56.4507,
        "V1_asymm": 8.21823,
        "V1_A": 0.0275084,
        "V2_0_n": 0.00484148,
        "V2_A_n": -8.15229e-06,
        "V3_0_n": 7.8035e-07,
        "V3_A_n": -7.17393e-09,
        "V2_0_p": 0.00500583,
        "V2_A_p": -3.22672e-07,
        "V3_0_p": 3.12246e-06,
        "V3_A_p": -4.91806e-08,
        "V4_0": -2.95629e-08,
        "r_0": 1.33277,
        "r_A": 0.54211,
        "a_0": 0.657659,
        "a_A": -7.81266e-05
    },
    "KDCoulomb": {
        "r_C_0": 1.27196,
        "r_C_A": 0.839837,
        "r_C_A2": 19.533
    },
    "KDRealSpinOrbit": {
        "V1_0": 9.02619,
        "V1_A": -0.0281702,
        "V2_0": 0.0103323,
        "r_0": 1.17611,
        "r_A": 0.476265,
        "a_0": 0.551772
    },
    "KDImagSpinOrbit": {
        "W1_0": -4.50328,
        "W2_0": 417.393
    },
    "KDImagVolume": {
        "W1_0_n": 18.635,
        "W1_A_n": 0.0251812,
        "W1_0_p": 10.7574,
        "W1_A_p": 0.152119,
        "W2_0": 79.1639,
        "W2_A": 0.157296
    },
    "KDImagSurface": {
        "D1_0": 17.9322,
        "D1_asymm": -3.58461,
        "D2_0": 0.0716917,
        "D2_A": -0.043555,
        "D2_A2": 18.9455,
        "D2_A3": 386.279,
        "D3_0": 15.942,
        "r_0": 1.34601,
        "r_A": 0.0179554,
        "a_0_n": 0.476275,
        "a_A_n": -0.000907065,
        "a_0_p": 0.568205,
        "a_A_p": 0.000932202
    }
}