{
    "ECS_p": 0.358704,
    "ECS_n": 0.34745,
    "APower_p": 0.519834,
    "APower_n": 0.969414,
    "RCS_p": 0.0447748,
    "TCS_n": 0.0404297
}