{
    "KDHartreeFock": {
        "V1_0": 55.8262,
        "V1_asymm": 20.7235,
        "V1_A": 0.00321652,
        "V2_0_n": 0.00546047,
        "V2_A_n": 4.1996e-06,
        "V3_0_n": -4.31227e-07,
        "V3_A_n": 1.82255e-08,
        "V2_0_p": 0.00775279,
        "V2_A_p": -2.8441e-06,
        "V3_0_p": 1.19648e-05,
        "V3_A_p": -2.05161e-08,
        "V4_0": -3.65196e-08,
        "r_0": 1.20251,
        "r_A": 0.000387588,
        "a_0": 0.628184,
        "a_A": -0.000448064
    },
    "KDCoulomb": {
        "r_C_0": 1.17392,
        "r_C_A": -0.186766,
        "r_C_A2": 12.5133
    },
    "KDRealSpinOrbit": {
        "V1_0": 3.92642,
        "V1_A": 0.0145012,
        "V2_0": 0.0016966,
        "r_0": 1.14494,
        "r_A": 0.367988,
        "a_0": 0.552056
    },
    "KDImagSpinOrbit": {
        "W1_0": -1.79174,
        "W2_0": 218.523
    },
    "KDImagVolume": {
        "W1_0_n": 18.2965,
        "W1_A_n": -0.0264649,
        "W1_0_p": 14.7598,
        "W1_A_p": 0.0250236,
        "W2_0": 97.5691,
        "W2_A": -0.224102
    },
    "KDImagSurface": {
        "D1_0": 30.7117,
        "D1_asymm": 12.9932,
        "D2_0": -0.000148015,
        "D2_A": 0.0398635,
        "D2_A2": 4.33227,
        "D2_A3": 286.62,
        "D3_0": 19.0016,
        "r_0": 1.35643,
        "r_A": 0.0284498,
        "a_0_n": 0.559797,
        "a_A_n": 6.76589e-05,
        "a_0_p": 0.50625,
        "a_A_p": 0.00191896
    }
}