{
    "ECS_p": 0.304767,
    "ECS_n": 0.176725,
    "APower_p": 0.465174,
    "APower_n": 0.473151,
    "RCS_p": 0.0174373,
    "TCS_n": 0.021156
}