{
    "KDHartreeFock": {
        "V1_0": 58.022,
        "V1_asymm": 9.92666,
        "V1_A": 0.028889,
        "V2_0_n": 0.00571743,
        "V2_A_n": -5.00913e-06,
        "V3_0_n": 9.3092e-06,
        "V3_A_n": -1.5661e-09,
        "V2_0_p": 0.00420757,
        "V2_A_p": 1.80714e-05,
        "V3_0_p": -3.49318e-06,
        "V3_A_p": 1.30219e-07,
        "V4_0": -1.37225e-08,
        "r_0": 1.33943,
        "r_A": 0.650961,
        "a_0": 0.715679,
        "a_A": 4.56177e-05
    },
    "KDCoulomb": {
        "r_C_0": 1.23573,
        "r_C_A": 1.41905,
        "r_C_A2": 4.334
    },
    "KDRealSpinOrbit": {
        "V1_0": 5.40767,
        "V1_A": 0.0137393,
        "V2_0": 0.00868213,
        "r_0": 1.20223,
        "r_A": 0.568442,
        "a_0": 0.588913
    },
    "KDImagSpinOrbit": {
        "W1_0": -4.19555,
        "W2_0": 221.075
    },
    "KDImagVolume": {
        "W1_0_n": 17.5478,
        "W1_A_n": 0.00756361,
        "W1_0_p": 18.1703,
        "W1_A_p": 0.00249155,
        "W2_0": 103.476,
        "W2_A": -0.0650711
    },
    "KDImagSurface": {
        "D1_0": 18.1354,
        "D1_asymm": 26.5723,
        "D2_0": 0.0267293,
        "D2_A": -0.00154399,
        "D2_A2": 11.5598,
        "D2_A3": 261.118,
        "D3_0": 12.1651,
        "r_0": 1.30746,
        "r_A": 0.00765252,
        "a_0_n": 0.513939,
        "a_A_n": -0.000677101,
        "a_0_p": 0.500889,
        "a_A_p": 0.00146488
    }
}