{
    "ECS_p": 0.271846,
    "ECS_n": 0.199172,
    "APower_p": 0.887995,
    "APower_n": 0.612464,
    "RCS_p": 0.0277828,
    "TCS_n": 0.0434299
}