{
    "KDHartreeFock": {
        "V1_0": 58.5612,
        "V1_asymm": -10.6194,
        "V1_A": 0.04981,
        "V2_0_n": 0.00661651,
        "V2_A_n": 7.2444e-06,
        "V3_0_n": 1.2998e-05,
        "V3_A_n": 6.003e-08,
        "V2_0_p": 0.00863018,
        "V2_A_p": -3.3339e-05,
        "V3_0_p": 2.43955e-05,
        "V3_A_p": -1.95947e-07,
        "V4_0": -1.33893e-08,
        "r_0": 1.24926,
        "r_A": 0.272691,
        "a_0": 0.641705,
        "a_A": -0.000449444
    },
    "KDCoulomb": {
        "r_C_0": 1.17226,
        "r_C_A": 1.50213,
        "r_C_A2": 13.3023
    },
    "KDRealSpinOrbit": {
        "V1_0": 5.32495,
        "V1_A": 0.00171399,
        "V2_0": 0.00431434,
        "r_0": 1.21238,
        "r_A": 0.749524,
        "a_0": 0.571077
    },
    "KDImagSpinOrbit": {
        "W1_0": -1.69417,
        "W2_0": 198.615
    },
    "KDImagVolume": {
        "W1_0_n": 15.7077,
        "W1_A_n": 0.00563587,
        "W1_0_p": 14.7531,
        "W1_A_p": 0.048944,
        "W2_0": 70.0942,
        "W2_A": 0.0172189
    },
    "KDImagSurface": {
        "D1_0": 26.2826,
        "D1_asymm": 21.2326,
        "D2_0": 0.0193804,
        "D2_A": 0.0193407,
        "D2_A2": -11.0449,
        "D2_A3": -33.8945,
        "D3_0": 15.8862,
        "r_0": 1.39753,
        "r_A": 0.014439,
        "a_0_n": 0.540936,
        "a_A_n": 0.000427787,
        "a_0_p": 0.477348,
        "a_A_p": 0.000828014
    }
}