{
    "ECS_p": 0.411472,
    "ECS_n": 0.233655,
    "APower_p": 0.821349,
    "APower_n": 0.89358,
    "RCS_p": 0.023351,
    "TCS_n": 0.0512591
}