{
    "KDHartreeFock": {
        "V1_0": 59.9999,
        "V1_asymm": 22.5522,
        "V1_A": 0.021307,
        "V2_0_n": 0.00721444,
        "V2_A_n": 9.3244e-06,
        "V3_0_n": 2.21391e-05,
        "V3_A_n": 7.50329e-08,
        "V2_0_p": 0.00736496,
        "V2_A_p": 3.90912e-06,
        "V3_0_p": 2.01132e-05,
        "V3_A_p": 3.48862e-08,
        "V4_0": 7.81267e-09,
        "r_0": 1.26557,
        "r_A": 0.398224,
        "a_0": 0.701694,
        "a_A": 0.000106126
    },
    "KDCoulomb": {
        "r_C_0": 1.1737,
        "r_C_A": 0.428731,
        "r_C_A2": 16.0864
    },
    "KDRealSpinOrbit": {
        "V1_0": 4.65931,
        "V1_A": 0.011936,
        "V2_0": 0.00488548,
        "r_0": 1.15448,
        "r_A": 0.530486,
        "a_0": 0.549858
    },
    "KDImagSpinOrbit": {
        "W1_0": -5.30971,
        "W2_0": 291.846
    },
    "KDImagVolume": {
        "W1_0_n": 11.7358,
        "W1_A_n": 0.029604,
        "W1_0_p": 16.5742,
        "W1_A_p": 0.0486739,
        "W2_0": 89.2415,
        "W2_A": -0.160666
    },
    "KDImagSurface": {
        "D1_0": 16.0751,
        "D1_asymm": 12.3111,
        "D2_0": 0.0389293,
        "D2_A": -0.0114825,
        "D2_A2": 0.313588,
        "D2_A3": 194.882,
        "D3_0": 10.4907,
        "r_0": 1.38261,
        "r_A": 0.017412,
        "a_0_n": 0.5293,
        "a_A_n": 0.000626187,
        "a_0_p": 0.467457,
        "a_A_p": 0.000653931
    }
}