{
    "ECS_p": 0.304045,
    "ECS_n": 0.191336,
    "APower_p": 0.329755,
    "APower_n": 0.123728,
    "RCS_p": 0.00759758,
    "TCS_n": 0.0186414
}