{
    "KDHartreeFock": {
        "V1_0": 56.3046,
        "V1_asymm": 8.4968,
        "V1_A": 0.0182248,
        "V2_0_n": 0.00648439,
        "V2_A_n": 5.21632e-06,
        "V3_0_n": 1.02598e-05,
        "V3_A_n": 5.4714e-08,
        "V2_0_p": 0.00509857,
        "V2_A_p": 9.27106e-06,
        "V3_0_p": 1.47438e-07,
        "V3_A_p": 6.90132e-08,
        "V4_0": -2.36029e-08,
        "r_0": 1.26106,
        "r_A": 0.282363,
        "a_0": 0.677826,
        "a_A": 1.72397e-05
    },
    "KDCoulomb": {
        "r_C_0": 1.30086,
        "r_C_A": 0.403687,
        "r_C_A2": -17.8203
    },
    "KDRealSpinOrbit": {
        "V1_0": 7.32163,
        "V1_A": -0.012004,
        "V2_0": 0.0042255,
        "r_0": 1.22653,
        "r_A": 0.797173,
        "a_0": 0.632071
    },
    "KDImagSpinOrbit": {
        "W1_0": -3.2959,
        "W2_0": 113.917
    },
    "KDImagVolume": {
        "W1_0_n": 10.5603,
        "W1_A_n": 0.0566317,
        "W1_0_p": 14.9499,
        "W1_A_p": 0.0271355,
        "W2_0": 52.245,
        "W2_A": 0.231233
    },
    "KDImagSurface": {
        "D1_0": 10.4898,
        "D1_asymm": 4.37556,
        "D2_0": 0.0158386,
        "D2_A": 0.00248052,
        "D2_A2": 8.02381,
        "D2_A3": 31.0536,
        "D3_0": 9.10695,
        "r_0": 1.35306,
        "r_A": 0.00874117,
        "a_0_n": 0.532343,
        "a_A_n": -0.000119184,
        "a_0_p": 0.394689,
        "a_A_p": 0.00214961
    }
}