{
    "ECS_p": 0.601658,
    "ECS_n": 0.202926,
    "APower_p": 0.802733,
    "APower_n": 0.50245,
    "RCS_p": 0.0224226,
    "TCS_n": 0.0240402
}