{
    "KDHartreeFock": {
        "V1_0": 58.8346,
        "V1_asymm": 18.5727,
        "V1_A": 0.0242194,
        "V2_0_n": 0.00533961,
        "V2_A_n": 9.50041e-06,
        "V3_0_n": 1.4746e-07,
        "V3_A_n": 4.24725e-08,
        "V2_0_p": 0.00720846,
        "V2_A_p": -6.17254e-07,
        "V3_0_p": 8.46279e-06,
        "V3_A_p": 5.15327e-08,
        "V4_0": -1.85197e-08,
        "r_0": 1.27524,
        "r_A": 0.439366,
        "a_0": 0.696894,
        "a_A": -0.000115265
    },
    "KDCoulomb": {
        "r_C_0": 1.11343,
        "r_C_A": 1.04261,
        "r_C_A2": 1.8843
    },
    "KDRealSpinOrbit": {
        "V1_0": 7.70938,
        "V1_A": -0.0226156,
        "V2_0": 0.00826821,
        "r_0": 1.16357,
        "r_A": 0.374847,
        "a_0": 0.536864
    },
    "KDImagSpinOrbit": {
        "W1_0": -6.38743,
        "W2_0": 294.216
    },
    "KDImagVolume": {
        "W1_0_n": 22.7842,
        "W1_A_n": 0.0121904,
        "W1_0_p": 19.053,
        "W1_A_p": 0.0243493,
        "W2_0": 88.2238,
        "W2_A": 0.194754
    },
    "KDImagSurface": {
        "D1_0": 27.2087,
        "D1_asymm": 18.3682,
        "D2_0": 0.0264975,
        "D2_A": 0.00723933,
        "D2_A2": 6.05082,
        "D2_A3": 266.569,
        "D3_0": 20.0696,
        "r_0": 1.47279,
        "r_A": 0.0371613,
        "a_0_n": 0.512686,
        "a_A_n": -0.000201487,
        "a_0_p": 0.429348,
        "a_A_p": 0.00170946
    }
}