{
    "ECS_p": 0.616243,
    "ECS_n": 0.452386,
    "APower_p": 0.768095,
    "APower_n": 0.766537,
    "RCS_p": 0.0227174,
    "TCS_n": 0.0299298
}