{
    "KDHartreeFock": {
        "V1_0": 58.8274,
        "V1_asymm": 9.86509,
        "V1_A": 0.039417,
        "V2_0_n": 0.00513623,
        "V2_A_n": 4.02464e-08,
        "V3_0_n": 9.06278e-07,
        "V3_A_n": -4.41872e-09,
        "V2_0_p": 0.00536303,
        "V2_A_p": 1.3525e-05,
        "V3_0_p": 1.00959e-05,
        "V3_A_p": 1.0111e-07,
        "V4_0": -1.01192e-08,
        "r_0": 1.32063,
        "r_A": 0.540068,
        "a_0": 0.732169,
        "a_A": 0.000155505
    },
    "KDCoulomb": {
        "r_C_0": 1.10614,
        "r_C_A": 0.655427,
        "r_C_A2": 2.50511
    },
    "KDRealSpinOrbit": {
        "V1_0": 9.56777,
        "V1_A": -0.0381135,
        "V2_0": 0.0109617,
        "r_0": 1.1459,
        "r_A": 0.0555851,
        "a_0": 0.585504
    },
    "KDImagSpinOrbit": {
        "W1_0": -2.25791,
        "W2_0": 374.547
    },
    "KDImagVolume": {
        "W1_0_n": 20.3571,
        "W1_A_n": -0.0115711,
        "W1_0_p": 17.3132,
        "W1_A_p": -0.0262423,
        "W2_0": 81.247,
        "W2_A": -0.114541
    },
    "KDImagSurface": {
        "D1_0": 10.8475,
        "D1_asymm": 7.91419,
        "D2_0": -0.00758096,
        "D2_A": 0.026781,
        "D2_A2": 1.69431,
        "D2_A3": 302.394,
        "D3_0": 7.34338,
        "r_0": 1.23406,
        "r_A": -0.00792493,
        "a_0_n": 0.61981,
        "a_A_n": 0.00122963,
        "a_0_p": 0.483632,
        "a_A_p": 0.00134536
    }
}