{
    "ECS_p": 0.284178,
    "ECS_n": 0.193869,
    "APower_p": 0.310144,
    "APower_n": 0.183382,
    "RCS_p": 0.0185591,
    "TCS_n": 0.030354
}