{
    "KDHartreeFock": {
        "V1_0": 61.3241,
        "V1_asymm": 10.2451,
        "V1_A": 0.0316471,
        "V2_0_n": 0.00722948,
        "V2_A_n": -8.43794e-07,
        "V3_0_n": 2.56467e-05,
        "V3_A_n": 1.79848e-08,
        "V2_0_p": 0.00730356,
        "V2_A_p": 5.79467e-06,
        "V3_0_p": 2.82542e-05,
        "V3_A_p": 1.74923e-08,
        "V4_0": 3.86659e-08,
        "r_0": 1.274,
        "r_A": 0.489376,
        "a_0": 0.730829,
        "a_A": 7.29374e-05
    },
    "KDCoulomb": {
        "r_C_0": 1.29959,
        "r_C_A": 0.934637,
        "r_C_A2": 23.4736
    },
    "KDRealSpinOrbit": {
        "V1_0": 6.96747,
        "V1_A": -0.00495584,
        "V2_0": 0.00756357,
        "r_0": 1.29701,
        "r_A": 1.13618,
        "a_0": 0.554717
    },
    "KDImagSpinOrbit": {
        "W1_0": -5.28883,
        "W2_0": 248.29
    },
    "KDImagVolume": {
        "W1_0_n": 21.4792,
        "W1_A_n": 0.0114126,
        "W1_0_p": 25.3978,
        "W1_A_p": -0.0194055,
        "W2_0": 102.113,
        "W2_A": -0.0876182
    },
    "KDImagSurface": {
        "D1_0": 20.3489,
        "D1_asymm": 10.7439,
        "D2_0": 0.0429909,
        "D2_A": -0.0121571,
        "D2_A2": 15.5109,
        "D2_A3": 266.068,
        "D3_0": 14.6048,
        "r_0": 1.43419,
        "r_A": 0.0260515,
        "a_0_n": 0.555054,
        "a_A_n": 0.000633147,
        "a_0_p": 0.498057,
        "a_A_p": 0.00122213
    }
}