{
    "ECS_p": 0.322706,
    "ECS_n": 0.24998,
    "APower_p": 0.343888,
    "APower_n": 0.144604,
    "RCS_p": 0.0128215,
    "TCS_n": 0.0361459
}