{
    "KDHartreeFock": {
        "V1_0": 57.4395,
        "V1_asymm": 25.1343,
        "V1_A": 0.0128182,
        "V2_0_n": 0.00547994,
        "V2_A_n": -3.16374e-06,
        "V3_0_n": 6.00571e-06,
        "V3_A_n": -1.52779e-08,
        "V2_0_p": 0.00694732,
        "V2_A_p": 1.2977e-05,
        "V3_0_p": 1.8122e-05,
        "V3_A_p": 5.48144e-08,
        "V4_0": -9.45042e-09,
        "r_0": 1.28994,
        "r_A": 0.383498,
        "a_0": 0.678366,
        "a_A": -0.000172383
    },
    "KDCoulomb": {
        "r_C_0": 0.939205,
        "r_C_A": 2.2025,
        "r_C_A2": 8.87496
    },
    "KDRealSpinOrbit": {
        "V1_0": 5.15009,
        "V1_A": 0.0150632,
        "V2_0": 0.00913334,
        "r_0": 1.27423,
        "r_A": 0.78463,
        "a_0": 0.534077
    },
    "KDImagSpinOrbit": {
        "W1_0": -4.09455,
        "W2_0": 207.441
    },
    "KDImagVolume": {
        "W1_0_n": 19.6143,
        "W1_A_n": 0.00223228,
        "W1_0_p": 15.7403,
        "W1_A_p": 0.0429198,
        "W2_0": 71.9375,
        "W2_A": 0.194595
    },
    "KDImagSurface": {
        "D1_0": 25.528,
        "D1_asymm": 19.9653,
        "D2_0": -0.00273848,
        "D2_A": 0.0338378,
        "D2_A2": 13.6545,
        "D2_A3": 281.572,
        "D3_0": 21.0087,
        "r_0": 1.34779,
        "r_A": 0.0141427,
        "a_0_n": 0.524677,
        "a_A_n": -0.000150899,
        "a_0_p": 0.524098,
        "a_A_p": 0.000273587
    }
}