{
    "ECS_p": 0.39247,
    "ECS_n": 0.349801,
    "APower_p": 0.719344,
    "APower_n": 0.679932,
    "RCS_p": 0.0296847,
    "TCS_n": 0.0549794
}