{
    "KDHartreeFock": {
        "V1_0": 62.6449,
        "V1_asymm": 19.0034,
        "V1_A": 0.0415436,
        "V2_0_n": 0.00310526,
        "V2_A_n": -6.04046e-06,
        "V3_0_n": -1.19852e-05,
        "V3_A_n": -1.28232e-08,
        "V2_0_p": 0.00355682,
        "V2_A_p": 1.42392e-05,
        "V3_0_p": -3.03273e-05,
        "V3_A_p": 1.64024e-07,
        "V4_0": -5.60731e-08,
        "r_0": 1.32057,
        "r_A": 0.803318,
        "a_0": 0.697969,
        "a_A": -6.03032e-05
    },
    "KDCoulomb": {
        "r_C_0": 0.956307,
        "r_C_A": 0.986907,
        "r_C_A2": 7.09417
    },
    "KDRealSpinOrbit": {
        "V1_0": 5.74121,
        "V1_A": -0.0092876,
        "V2_0": 0.00174097,
        "r_0": 1.24178,
        "r_A": 0.885159,
        "a_0": 0.627874
    },
    "KDImagSpinOrbit": {
        "W1_0": -3.15829,
        "W2_0": 228.526
    },
    "KDImagVolume": {
        "W1_0_n": 17.7098,
        "W1_A_n": -0.0271484,
        "W1_0_p": 23.5725,
        "W1_A_p": -0.0072089,
        "W2_0": 76.1966,
        "W2_A": -0.0498435
    },
    "KDImagSurface": {
        "D1_0": 34.0499,
        "D1_asymm": 31.5782,
        "D2_0": -0.00616494,
        "D2_A": 0.054763,
        "D2_A2": 7.60034,
        "D2_A3": 236.757,
        "D3_0": 21.0781,
        "r_0": 1.49723,
        "r_A": 0.0359769,
        "a_0_n": 0.579069,
        "a_A_n": -4.30098e-05,
        "a_0_p": 0.513508,
        "a_A_p": 0.000929533
    }
}