{
    "ECS_p": 0.444383,
    "ECS_n": 0.355027,
    "APower_p": 0.596808,
    "APower_n": 0.390036,
    "RCS_p": 0.0387806,
    "TCS_n": 0.0314164
}