{
    "KDHartreeFock": {
        "V1_0": 58.9497,
        "V1_asymm": 13.1581,
        "V1_A": 0.0284646,
        "V2_0_n": 0.00653266,
        "V2_A_n": -2.1945e-06,
        "V3_0_n": 1.99762e-05,
        "V3_A_n": -1.34141e-08,
        "V2_0_p": 0.00785829,
        "V2_A_p": 2.67655e-06,
        "V3_0_p": 2.33059e-05,
        "V3_A_p": 5.20933e-08,
        "V4_0": 3.65816e-08,
        "r_0": 1.28226,
        "r_A": 0.371646,
        "a_0": 0.659556,
        "a_A": -0.000337586
    },
    "KDCoulomb": {
        "r_C_0": 1.24624,
        "r_C_A": 1.61241,
        "r_C_A2": 10.0973
    },
    "KDRealSpinOrbit": {
        "V1_0": 5.6267,
        "V1_A": -0.00837894,
        "V2_0": 0.00413871,
        "r_0": 1.20934,
        "r_A": 0.573953,
        "a_0": 0.561486
    },
    "KDImagSpinOrbit": {
        "W1_0": -5.0563,
        "W2_0": 390.634
    },
    "KDImagVolume": {
        "W1_0_n": 20.7668,
        "W1_A_n": 0.0208086,
        "W1_0_p": 23.3306,
        "W1_A_p": -0.00595044,
        "W2_0": 125.189,
        "W2_A": 0.198153
    },
    "KDImagSurface": {
        "D1_0": 22.3932,
        "D1_asymm": 32.9207,
        "D2_0": 0.046272,
        "D2_A": -0.0165071,
        "D2_A2": 6.80657,
        "D2_A3": 222.469,
        "D3_0": 16.5751,
        "r_0": 1.42154,
        "r_A": 0.0366078,
        "a_0_n": 0.589628,
        "a_A_n": -0.000587787,
        "a_0_p": 0.477755,
        "a_A_p": 0.00147195
    }
}