{
    "ECS_p": 0.287628,
    "ECS_n": 0.191301,
    "APower_p": 0.343901,
    "APower_n": 0.319263,
    "RCS_p": 0.00345209,
    "TCS_n": 0.0275936
}