{
    "KDHartreeFock": {
        "V1_0": 60.6537,
        "V1_asymm": 13.0443,
        "V1_A": 0.0332744,
        "V2_0_n": 0.00597153,
        "V2_A_n": -6.82877e-06,
        "V3_0_n": 1.68587e-05,
        "V3_A_n": -2.9483e-08,
        "V2_0_p": 0.00931398,
        "V2_A_p": -1.12939e-05,
        "V3_0_p": 4.43026e-05,
        "V3_A_p": -1.29163e-07,
        "V4_0": 3.50122e-08,
        "r_0": 1.33847,
        "r_A": 0.688657,
        "a_0": 0.697866,
        "a_A": 0.000180287
    },
    "KDCoulomb": {
        "r_C_0": 1.15118,
        "r_C_A": 1.17908,
        "r_C_A2": -3.60953
    },
    "KDRealSpinOrbit": {
        "V1_0": 4.19859,
        "V1_A": 0.00954975,
        "V2_0": 0.00195207,
        "r_0": 1.07648,
        "r_A": 0.0557196,
        "a_0": 0.601656
    },
    "KDImagSpinOrbit": {
        "W1_0": -1.84284,
        "W2_0": 204.837
    },
    "KDImagVolume": {
        "W1_0_n": 28.4335,
        "W1_A_n": -0.0391946,
        "W1_0_p": 18.2745,
        "W1_A_p": 0.0227746,
        "W2_0": 146.067,
        "W2_A": -0.117571
    },
    "KDImagSurface": {
        "D1_0": 18.249,
        "D1_asymm": 6.15204,
        "D2_0": 0.00803612,
        "D2_A": 0.0176797,
        "D2_A2": 16.6731,
        "D2_A3": 263.798,
        "D3_0": 17.3895,
        "r_0": 1.35486,
        "r_A": 0.01464,
        "a_0_n": 0.538555,
        "a_A_n": -0.000602888,
        "a_0_p": 0.604319,
        "a_A_p": 0.00095109
    }
}