{
    "ECS_p": 0.291447,
    "ECS_n": 0.148273,
    "APower_p": 0.402273,
    "APower_n": 0.10604,
    "RCS_p": 0.00931882,
    "TCS_n": 0.0272941
}