{
    "KDHartreeFock": {
        "V1_0": 57.9524,
        "V1_asymm": 18.3403,
        "V1_A": 0.0209924,
        "V2_0_n": 0.00642479,
        "V2_A_n": 1.3083e-06,
        "V3_0_n": 1.1964e-05,
        "V3_A_n": 7.59987e-09,
        "V2_0_p": 0.00886145,
        "V2_A_p": -2.06148e-07,
        "V3_0_p": 2.75115e-05,
        "V3_A_p": -2.07318e-08,
        "V4_0": 7.60566e-09,
        "r_0": 1.29474,
        "r_A": 0.346921,
        "a_0": 0.673212,
        "a_A": 0.000270353
    },
    "KDCoulomb": {
        "r_C_0": 1.06467,
        "r_C_A": 0.891082,
        "r_C_A2": 14.7812
    },
    "KDRealSpinOrbit": {
        "V1_0": 5.26005,
        "V1_A": 0.00109459,
        "V2_0": 0.00202477,
        "r_0": 1.19166,
        "r_A": 0.651041,
        "a_0": 0.608796
    },
    "KDImagSpinOrbit": {
        "W1_0": -2.23028,
        "W2_0": 262.281
    },
    "KDImagVolume": {
        "W1_0_n": 17.3662,
        "W1_A_n": -0.00357357,
        "W1_0_p": 15.0841,
        "W1_A_p": 0.0156799,
        "W2_0": 67.1725,
        "W2_A": -0.0407921
    },
    "KDImagSurface": {
        "D1_0": 29.5576,
        "D1_asymm": 7.74423,
        "D2_0": 0.0535632,
        "D2_A": -0.0113847,
        "D2_A2": 16.0672,
        "D2_A3": 282.788,
        "D3_0": 19.2121,
        "r_0": 1.39631,
        "r_A": 0.023436,
        "a_0_n": 0.48218,
        "a_A_n": 0.000141351,
        "a_0_p": 0.482615,
        "a_A_p": 0.000672997
    }
}