{
    "ECS_p": 0.316613,
    "ECS_n": 0.322735,
    "APower_p": 0.88645,
    "APower_n": 0.603477,
    "RCS_p": 0.0453051,
    "TCS_n": 0.0373024
}