{
    "KDHartreeFock": {
        "V1_0": 59.0845,
        "V1_asymm": 17.5416,
        "V1_A": 0.0405301,
        "V2_0_n": 0.00684147,
        "V2_A_n": 1.17297e-05,
        "V3_0_n": 1.49325e-05,
        "V3_A_n": 8.68122e-08,
        "V2_0_p": 0.00722534,
        "V2_A_p": 3.94606e-06,
        "V3_0_p": 2.20412e-05,
        "V3_A_p": -1.96396e-08,
        "V4_0": -1.34509e-08,
        "r_0": 1.32405,
        "r_A": 0.513264,
        "a_0": 0.721208,
        "a_A": 0.000259257
    },
    "KDCoulomb": {
        "r_C_0": 0.925152,
        "r_C_A": -0.0909223,
        "r_C_A2": 23.363
    },
    "KDRealSpinOrbit": {
        "V1_0": 6.36286,
        "V1_A": 0.0172363,
        "V2_0": 0.0133415,
        "r_0": 1.22024,
        "r_A": 0.547839,
        "a_0": 0.495317
    },
    "KDImagSpinOrbit": {
        "W1_0": -6.77242,
        "W2_0": 270.133
    },
    "KDImagVolume": {
        "W1_0_n": 12.1645,
        "W1_A_n": 0.0795999,
        "W1_0_p": 15.8284,
        "W1_A_p": 0.0759763,
        "W2_0": 56.7284,
        "W2_A": 0.5612
    },
    "KDImagSurface": {
        "D1_0": 21.4567,
        "D1_asymm": 9.46368,
        "D2_0": 0.0244844,
        "D2_A": 0.0112973,
        "D2_A2": 0.933071,
        "D2_A3": 87.1449,
        "D3_0": 15.3932,
        "r_0": 1.3364,
        "r_A": 0.019186,
        "a_0_n": 0.606357,
        "a_A_n": 0.000443644,
        "a_0_p": 0.453647,
        "a_A_p": 0.00112572
    }
}