{
    "ECS_p": 0.307014,
    "ECS_n": 0.276436,
    "APower_p": 0.749897,
    "APower_n": 0.708751,
    "RCS_p": 0.027032,
    "TCS_n": 0.0393932
}