{
    "KDHartreeFock": {
        "V1_0": 57.9597,
        "V1_asymm": 18.7549,
        "V1_A": 0.0233084,
        "V2_0_n": 0.00521886,
        "V2_A_n": 4.24072e-06,
        "V3_0_n": 1.2698e-07,
        "V3_A_n": 4.18554e-08,
        "V2_0_p": 0.00778646,
        "V2_A_p": 1.09671e-06,
        "V3_0_p": 1.67875e-05,
        "V3_A_p": 3.68149e-09,
        "V4_0": -2.41222e-08,
        "r_0": 1.23824,
        "r_A": 0.222698,
        "a_0": 0.727129,
        "a_A": -0.000166793
    },
    "KDCoulomb": {
        "r_C_0": 1.14903,
        "r_C_A": 0.655541,
        "r_C_A2": 18.1182
    },
    "KDRealSpinOrbit": {
        "V1_0": 6.67857,
        "V1_A": -0.00214963,
        "V2_0": 0.00536789,
        "r_0": 1.19212,
        "r_A": 0.482514,
        "a_0": 0.529173
    },
    "KDImagSpinOrbit": {
        "W1_0": -0.0137488,
        "W2_0": 204.928
    },
    "KDImagVolume": {
        "W1_0_n": 16.4702,
        "W1_A_n": 0.0584235,
        "W1_0_p": 14.1436,
        "W1_A_p": 0.0670824,
        "W2_0": 72.4547,
        "W2_A": 0.440738
    },
    "KDImagSurface": {
        "D1_0": 21.4292,
        "D1_asymm": 10.0081,
        "D2_0": -0.02793,
        "D2_A": 0.0598325,
        "D2_A2": 8.01396,
        "D2_A3": 319.913,
        "D3_0": 19.0354,
        "r_0": 1.26658,
        "r_A": -0.00448477,
        "a_0_n": 0.625259,
        "a_A_n": -6.04259e-05,
        "a_0_p": 0.501824,
        "a_A_p": 0.00155089
    }
}