{
    "ECS_p": 0.298684,
    "ECS_n": 0.208205,
    "APower_p": 0.951714,
    "APower_n": 0.6347,
    "RCS_p": 0.0317639,
    "TCS_n": 0.0552195
}