{
    "KDHartreeFock": {
        "V1_0": 58.6069,
        "V1_asymm": 16.6161,
        "V1_A": 0.0210432,
        "V2_0_n": 0.00506234,
        "V2_A_n": -1.06562e-05,
        "V3_0_n": 6.9234e-06,
        "V3_A_n": -4.51624e-08,
        "V2_0_p": 0.00557173,
        "V2_A_p": 2.46332e-05,
        "V3_0_p": 1.30555e-05,
        "V3_A_p": 1.42499e-07,
        "V4_0": 1.45648e-08,
        "r_0": 1.31159,
        "r_A": 0.490841,
        "a_0": 0.651139,
        "a_A": -8.09523e-05
    },
    "KDCoulomb": {
        "r_C_0": 0.940111,
        "r_C_A": 0.267666,
        "r_C_A2": 16.8298
    },
    "KDRealSpinOrbit": {
        "V1_0": 6.24986,
        "V1_A": 0.0168831,
        "V2_0": 0.0132835,
        "r_0": 1.26326,
        "r_A": 0.718942,
        "a_0": 0.59974
    },
    "KDImagSpinOrbit": {
        "W1_0": -2.60076,
        "W2_0": 257.125
    },
    "KDImagVolume": {
        "W1_0_n": 21.5486,
        "W1_A_n": 0.0403769,
        "W1_0_p": 14.9865,
        "W1_A_p": 0.0410698,
        "W2_0": 88.9275,
        "W2_A": 0.372243
    },
    "KDImagSurface": {
        "D1_0": 14.7949,
        "D1_asymm": 11.7184,
        "D2_0": -0.0255002,
        "D2_A": 0.0475291,
        "D2_A2": 7.55717,
        "D2_A3": 320.494,
        "D3_0": 14.5686,
        "r_0": 1.37153,
        "r_A": 0.0223278,
        "a_0_n": 0.578816,
        "a_A_n": -0.00053544,
        "a_0_p": 0.503397,
        "a_A_p": 0.00174659
    }
}