{
    "ECS_p": 0.270814,
    "ECS_n": 0.149187,
    "APower_p": 0.363023,
    "APower_n": 0.262114,
    "RCS_p": 0.00889002,
    "TCS_n": 0.0228352
}