{
    "KDHartreeFock": {
        "V1_0": 58.2563,
        "V1_asymm": 18.1897,
        "V1_A": 0.0164125,
        "V2_0_n": 0.00636282,
        "V2_A_n": -7.32537e-08,
        "V3_0_n": 1.12627e-05,
        "V3_A_n": 2.12761e-08,
        "V2_0_p": 0.00759071,
        "V2_A_p": -1.3177e-06,
        "V3_0_p": 1.87711e-05,
        "V3_A_p": -2.69262e-08,
        "V4_0": -3.56262e-09,
        "r_0": 1.25104,
        "r_A": 0.252698,
        "a_0": 0.668464,
        "a_A": -1.63824e-05
    },
    "KDCoulomb": {
        "r_C_0": 1.00158,
        "r_C_A": 0.23716,
        "r_C_A2": 6.63237
    },
    "KDRealSpinOrbit": {
        "V1_0": 6.13759,
        "V1_A": 0.0019475,
        "V2_0": 0.00187743,
        "r_0": 1.23282,
        "r_A": 1.01614,
        "a_0": 0.65363
    },
    "KDImagSpinOrbit": {
        "W1_0": -4.90913,
        "W2_0": 134.58
    },
    "KDImagVolume": {
        "W1_0_n": 18.5811,
        "W1_A_n": 0.0120276,
        "W1_0_p": 19.669,
        "W1_A_p": 0.0169903,
        "W2_0": 85.9806,
        "W2_A": -0.0331735
    },
    "KDImagSurface": {
        "D1_0": 18.3552,
        "D1_asymm": 21.5812,
        "D2_0": 0.0662816,
        "D2_A": -0.0370955,
        "D2_A2": 4.01766,
        "D2_A3": 362.425,
        "D3_0": 16.3056,
        "r_0": 1.31156,
        "r_A": 0.00646697,
        "a_0_n": 0.575057,
        "a_A_n": -0.0002516,
        "a_0_p": 0.535406,
        "a_A_p": 0.000773029
    }
}