{
    "ECS_p": 0.38338,
    "ECS_n": 0.27163,
    "APower_p": 0.766146,
    "APower_n": 0.518402,
    "RCS_p": 0.0414844,
    "TCS_n": 0.0304347
}