{
    "KDHartreeFock": {
        "V1_0": 59.1965,
        "V1_asymm": 13.8112,
        "V1_A": 0.03571,
        "V2_0_n": 0.00647467,
        "V2_A_n": 1.49613e-05,
        "V3_0_n": 8.38661e-06,
        "V3_A_n": 8.51225e-08,
        "V2_0_p": 0.00775385,
        "V2_A_p": 1.83569e-06,
        "V3_0_p": 1.28936e-05,
        "V3_A_p": 4.57645e-08,
        "V4_0": -2.16157e-08,
        "r_0": 1.28044,
        "r_A": 0.426753,
        "a_0": 0.636915,
        "a_A": -0.000481563
    },
    "KDCoulomb": {
        "r_C_0": 1.14124,
        "r_C_A": 2.20389,
        "r_C_A2": -6.18824
    },
    "KDRealSpinOrbit": {
        "V1_0": 6.27774,
        "V1_A": -0.00458676,
        "V2_0": 0.00131475,
        "r_0": 1.15707,
        "r_A": 0.725506,
        "a_0": 0.664792
    },
    "KDImagSpinOrbit": {
        "W1_0": -4.9618,
        "W2_0": 256.047
    },
    "KDImagVolume": {
        "W1_0_n": 23.4954,
        "W1_A_n": 0.00199416,
        "W1_0_p": 25.8935,
        "W1_A_p": 0.0270958,
        "W2_0": 136.998,
        "W2_A": 0.175477
    },
    "KDImagSurface": {
        "D1_0": 20.9891,
        "D1_asymm": -8.85231,
        "D2_0": 0.031758,
        "D2_A": -0.00490401,
        "D2_A2": 20.1888,
        "D2_A3": 317.246,
        "D3_0": 18.9428,
        "r_0": 1.4947,
        "r_A": 0.044426,
        "a_0_n": 0.62744,
        "a_A_n": 0.000467693,
        "a_0_p": 0.418079,
        "a_A_p": 0.00296018
    }
}