{
    "ECS_p": 0.247377,
    "ECS_n": 0.189068,
    "APower_p": 0.433099,
    "APower_n": 0.199149,
    "RCS_p": 0.0166767,
    "TCS_n": 0.0289375
}