{
    "KDHartreeFock": {
        "V1_0": 59.1807,
        "V1_asymm": 10.627,
        "V1_A": 0.0373482,
        "V2_0_n": 0.00590575,
        "V2_A_n": 4.71356e-06,
        "V3_0_n": 9.78112e-06,
        "V3_A_n": 4.5263e-08,
        "V2_0_p": 0.00841985,
        "V2_A_p": -8.94668e-06,
        "V3_0_p": 2.16766e-05,
        "V3_A_p": -6.70369e-08,
        "V4_0": -1.17517e-08,
        "r_0": 1.28743,
        "r_A": 0.432255,
        "a_0": 0.733521,
        "a_A": 0.000219682
    },
    "KDCoulomb": {
        "r_C_0": 1.12391,
        "r_C_A": 0.536476,
        "r_C_A2": 0.203666
    },
    "KDRealSpinOrbit": {
        "V1_0": 6.21615,
        "V1_A": -0.00304299,
        "V2_0": 0.0033455,
        "r_0": 1.239,
        "r_A": 0.710237,
        "a_0": 0.670743
    },
    "KDImagSpinOrbit": {
        "W1_0": -0.879387,
        "W2_0": 516.799
    },
    "KDImagVolume": {
        "W1_0_n": 15.6575,
        "W1_A_n": 0.0451285,
        "W1_0_p": 12.1238,
        "W1_A_p": 0.0642674,
        "W2_0": 116.167,
        "W2_A": 0.12734
    },
    "KDImagSurface": {
        "D1_0": 14.0866,
        "D1_asymm": 2.13415,
        "D2_0": 0.0252572,
        "D2_A": 0.00698945,
        "D2_A2": 4.37248,
        "D2_A3": -213.485,
        "D3_0": 9.54744,
        "r_0": 1.43624,
        "r_A": 0.0372933,
        "a_0_n": 0.560277,
        "a_A_n": 0.000393202,
        "a_0_p": 0.526258,
        "a_A_p": 0.0026127
    }
}