{
    "ECS_p": 0.26477,
    "ECS_n": 0.197167,
    "APower_p": 0.273466,
    "APower_n": 0.18005,
    "RCS_p": 0.0192602,
    "TCS_n": 0.0182714
}