{
    "KDHartreeFock": {
        "V1_0": 58.2604,
        "V1_asymm": 19.6686,
        "V1_A": 0.0206575,
        "V2_0_n": 0.00446611,
        "V2_A_n": -5.72384e-06,
        "V3_0_n": -5.68815e-06,
        "V3_A_n": -2.72276e-08,
        "V2_0_p": 0.00544026,
        "V2_A_p": 1.48544e-05,
        "V3_0_p": 3.9528e-06,
        "V3_A_p": 5.96441e-08,
        "V4_0": -2.97865e-08,
        "r_0": 1.32289,
        "r_A": 0.551188,
        "a_0": 0.706561,
        "a_A": 0.000214096
    },
    "KDCoulomb": {
        "r_C_0": 1.11945,
        "r_C_A": 0.912321,
        "r_C_A2": 15.5069
    },
    "KDRealSpinOrbit": {
        "V1_0": 5.0105,
        "V1_A": 0.0127767,
        "V2_0": 0.00377874,
        "r_0": 1.18668,
        "r_A": 0.621792,
        "a_0": 0.595939
    },
    "KDImagSpinOrbit": {
        "W1_0": -5.65037,
        "W2_0": 310.698
    },
    "KDImagVolume": {
        "W1_0_n": 20.8903,
        "W1_A_n": -0.00370635,
        "W1_0_p": 15.4578,
        "W1_A_p": 0.0248845,
        "W2_0": 92.615,
        "W2_A": -0.051508
    },
    "KDImagSurface": {
        "D1_0": 19.5985,
        "D1_asymm": 17.9319,
        "D2_0": 0.0314633,
        "D2_A": -0.00569199,
        "D2_A2": 4.45212,
        "D2_A3": 211.524,
        "D3_0": 14.8971,
        "r_0": 1.46396,
        "r_A": 0.0422927,
        "a_0_n": 0.504819,
        "a_A_n": -0.000241563,
        "a_0_p": 0.492359,
        "a_A_p": 0.000561808
    }
}