{
    "ECS_p": 0.342371,
    "ECS_n": 0.284105,
    "APower_p": 0.556421,
    "APower_n": 0.588898,
    "RCS_p": 0.0341217,
    "TCS_n": 0.0362155
}