{
    "KDHartreeFock": {
        "V1_0": 58.0879,
        "V1_asymm": 19.6248,
        "V1_A": 0.00984856,
        "V2_0_n": 0.00760259,
        "V2_A_n": 9.43065e-06,
        "V3_0_n": 2.41999e-05,
        "V3_A_n": 6.41479e-08,
        "V2_0_p": 0.00714947,
        "V2_A_p": 9.61739e-06,
        "V3_0_p": 1.90521e-05,
        "V3_A_p": 5.34257e-08,
        "V4_0": 1.17758e-08,
        "r_0": 1.19825,
        "r_A": 0.0451348,
        "a_0": 0.623243,
        "a_A": -0.000961175
    },
    "KDCoulomb": {
        "r_C_0": 1.11557,
        "r_C_A": 1.54769,
        "r_C_A2": 8.33635
    },
    "KDRealSpinOrbit": {
        "V1_0": 7.99701,
        "V1_A": -0.0174401,
        "V2_0": 0.00706307,
        "r_0": 1.22546,
        "r_A": 0.690497,
        "a_0": 0.610273
    },
    "KDImagSpinOrbit": {
        "W1_0": -4.21357,
        "W2_0": 272.518
    },
    "KDImagVolume": {
        "W1_0_n": 9.95488,
        "W1_A_n": 0.0361859,
        "W1_0_p": 13.8239,
        "W1_A_p": 0.0192559,
        "W2_0": 74.919,
        "W2_A": -0.0490934
    },
    "KDImagSurface": {
        "D1_0": 18.0364,
        "D1_asymm": -2.37519,
        "D2_0": 0.0274134,
        "D2_A": -0.00859049,
        "D2_A2": 8.79894,
        "D2_A3": -126.199,
        "D3_0": 18.5788,
        "r_0": 1.40006,
        "r_A": 0.0179662,
        "a_0_n": 0.474946,
        "a_A_n": -0.000104468,
        "a_0_p": 0.457976,
        "a_A_p": 0.00147097
    }
}