{
    "ECS_p": 0.271079,
    "ECS_n": 0.184904,
    "APower_p": 0.283139,
    "APower_n": 0.15191,
    "RCS_p": 0.00830587,
    "TCS_n": 0.0281952
}