{
    "KDHartreeFock": {
        "V1_0": 58.8016,
        "V1_asymm": 15.718,
        "V1_A": 0.0226546,
        "V2_0_n": 0.00623222,
        "V2_A_n": 2.18242e-06,
        "V3_0_n": 4.97928e-06,
        "V3_A_n": 4.70799e-09,
        "V2_0_p": 0.00751198,
        "V2_A_p": -8.25681e-07,
        "V3_0_p": 1.87148e-05,
        "V3_A_p": -2.90542e-08,
        "V4_0": -2.42769e-08,
        "r_0": 1.26236,
        "r_A": 0.305882,
        "a_0": 0.646534,
        "a_A": -0.0002242
    },
    "KDCoulomb": {
        "r_C_0": 1.30138,
        "r_C_A": -1.03482,
        "r_C_A2": -4.17026
    },
    "KDRealSpinOrbit": {
        "V1_0": 6.31674,
        "V1_A": -0.00184143,
        "V2_0": 0.00596755,
        "r_0": 1.26495,
        "r_A": 0.960703,
        "a_0": 0.582037
    },
    "KDImagSpinOrbit": {
        "W1_0": -3.4244,
        "W2_0": 184.344
    },
    "KDImagVolume": {
        "W1_0_n": 20.8957,
        "W1_A_n": 0.00216307,
        "W1_0_p": 19.2428,
        "W1_A_p": 0.0199431,
        "W2_0": 90.0313,
        "W2_A": -0.0254047
    },
    "KDImagSurface": {
        "D1_0": 15.9973,
        "D1_asymm": 7.26096,
        "D2_0": 0.00653142,
        "D2_A": 0.018142,
        "D2_A2": 3.22677,
        "D2_A3": 372.923,
        "D3_0": 13.8406,
        "r_0": 1.38735,
        "r_A": 0.0240193,
        "a_0_n": 0.496307,
        "a_A_n": -0.000234305,
        "a_0_p": 0.531225,
        "a_A_p": 0.000450378
    }
}