{
    "ECS_p": 0.412906,
    "ECS_n": 0.369803,
    "APower_p": 0.853659,
    "APower_n": 0.499641,
    "RCS_p": 0.0316786,
    "TCS_n": 0.0551297
}