{
    "KDHartreeFock": {
        "V1_0": 61.598,
        "V1_asymm": 18.513,
        "V1_A": 0.0470675,
        "V2_0_n": 0.00629847,
        "V2_A_n": 3.23671e-06,
        "V3_0_n": 6.88629e-06,
        "V3_A_n": -1.08898e-09,
        "V2_0_p": 0.00779935,
        "V2_A_p": -2.03004e-06,
        "V3_0_p": 1.94898e-05,
        "V3_A_p": 2.72331e-08,
        "V4_0": -1.00154e-08,
        "r_0": 1.3056,
        "r_A": 0.519485,
        "a_0": 0.685436,
        "a_A": -0.000636655
    },
    "KDCoulomb": {
        "r_C_0": 1.37934,
        "r_C_A": 0.774786,
        "r_C_A2": 15.0552
    },
    "KDRealSpinOrbit": {
        "V1_0": 8.02401,
        "V1_A": 0.00206349,
        "V2_0": 0.0173579,
        "r_0": 1.22835,
        "r_A": 0.363873,
        "a_0": 0.440928
    },
    "KDImagSpinOrbit": {
        "W1_0": -2.43096,
        "W2_0": 231.347
    },
    "KDImagVolume": {
        "W1_0_n": 25.1365,
        "W1_A_n": -0.0518269,
        "W1_0_p": 15.5195,
        "W1_A_p": -0.00641697,
        "W2_0": 91.6691,
        "W2_A": -0.149975
    },
    "KDImagSurface": {
        "D1_0": 17.0814,
        "D1_asymm": 11.1103,
        "D2_0": 0.0541079,
        "D2_A": -0.0293637,
        "D2_A2": 7.70143,
        "D2_A3": 450.938,
        "D3_0": 12.1581,
        "r_0": 1.29226,
        "r_A": 0.00191072,
        "a_0_n": 0.563706,
        "a_A_n": 0.000147571,
        "a_0_p": 0.517764,
        "a_A_p": 0.000214497
    }
}