{
    "ECS_p": 0.263301,
    "ECS_n": 0.217337,
    "APower_p": 0.262637,
    "APower_n": 0.199589,
    "RCS_p": 0.010513,
    "TCS_n": 0.0225388
}