{
    "KDHartreeFock": {
        "V1_0": 59.6641,
        "V1_asymm": 12.2919,
        "V1_A": 0.0244554,
        "V2_0_n": 0.00679259,
        "V2_A_n": 1.25864e-05,
        "V3_0_n": 1.11136e-05,
        "V3_A_n": 5.10873e-08,
        "V2_0_p": 0.00616444,
        "V2_A_p": 3.09818e-06,
        "V3_0_p": 5.69753e-06,
        "V3_A_p": 2.0995e-08,
        "V4_0": -6.92799e-09,
        "r_0": 1.22988,
        "r_A": 0.310588,
        "a_0": 0.734927,
        "a_A": -0.00026034
    },
    "KDCoulomb": {
        "r_C_0": 1.47566,
        "r_C_A": 0.922812,
        "r_C_A2": 25.0775
    },
    "KDRealSpinOrbit": {
        "V1_0": 5.81351,
        "V1_A": 0.00376042,
        "V2_0": 0.0036031,
        "r_0": 1.15021,
        "r_A": 0.363519,
        "a_0": 0.607644
    },
    "KDImagSpinOrbit": {
        "W1_0": -0.279354,
        "W2_0": 276.724
    },
    "KDImagVolume": {
        "W1_0_n": 19.0346,
        "W1_A_n": -0.00395932,
        "W1_0_p": 15.2319,
        "W1_A_p": 0.0534303,
        "W2_0": 67.7769,
        "W2_A": 0.00488439
    },
    "KDImagSurface": {
        "D1_0": 28.71,
        "D1_asymm": 20.2547,
        "D2_0": 0.0377522,
        "D2_A": 0.0295395,
        "D2_A2": 18.1725,
        "D2_A3": -28.368,
        "D3_0": 19.9247,
        "r_0": 1.30628,
        "r_A": -0.000149479,
        "a_0_n": 0.496238,
        "a_A_n": -0.000400257,
        "a_0_p": 0.507507,
        "a_A_p": 0.00103164
    }
}