{
    "ECS_p": 0.511244,
    "ECS_n": 0.301426,
    "APower_p": 0.720289,
    "APower_n": 0.905152,
    "RCS_p": 0.0465541,
    "TCS_n": 0.0271606
}