{
    "KDHartreeFock": {
        "V1_0": 53.3981,
        "V1_asymm": 13.1387,
        "V1_A": 0.0087821,
        "V2_0_n": 0.00426065,
        "V2_A_n": 1.67921e-06,
        "V3_0_n": -9.02476e-06,
        "V3_A_n": 1.9749e-08,
        "V2_0_p": 0.00434883,
        "V2_A_p": 1.24656e-05,
        "V3_0_p": 2.79137e-07,
        "V3_A_p": 2.40963e-08,
        "V4_0": -5.00474e-08,
        "r_0": 1.23769,
        "r_A": 0.138538,
        "a_0": 0.637005,
        "a_A": -0.000633039
    },
    "KDCoulomb": {
        "r_C_0": 1.27921,
        "r_C_A": 0.295716,
        "r_C_A2": 5.53627
    },
    "KDRealSpinOrbit": {
        "V1_0": 2.32257,
        "V1_A": 0.000821301,
        "V2_0": 0.000419901,
        "r_0": 1.10595,
        "r_A": 0.0875616,
        "a_0": 0.672688
    },
    "KDImagSpinOrbit": {
        "W1_0": -6.52765,
        "W2_0": 339.117
    },
    "KDImagVolume": {
        "W1_0_n": 21.9119,
        "W1_A_n": 0.00624078,
        "W1_0_p": 20.6195,
        "W1_A_p": 0.0135489,
        "W2_0": 123.89,
        "W2_A": -0.0675232
    },
    "KDImagSurface": {
        "D1_0": 25.9055,
        "D1_asymm": 4.88589,
        "D2_0": 0.0575921,
        "D2_A": -0.0293949,
        "D2_A2": 23.0366,
        "D2_A3": 495.368,
        "D3_0": 18.6579,
        "r_0": 1.26106,
        "r_A": 0.003645,
        "a_0_n": 0.550865,
        "a_A_n": 0.000190803,
        "a_0_p": 0.483782,
        "a_A_p": 0.00147741
    }
}