{
    "ECS_p": 0.263331,
    "ECS_n": 0.23896,
    "APower_p": 0.384251,
    "APower_n": 0.243199,
    "RCS_p": 0.00866542,
    "TCS_n": 0.0318845
}