{
    "KDHartreeFock": {
        "V1_0": 65.0601,
        "V1_asymm": 15.5975,
        "V1_A": 0.0568671,
        "V2_0_n": 0.00635469,
        "V2_A_n": 5.74611e-07,
        "V3_0_n": 1.58152e-05,
        "V3_A_n": 1.71788e-08,
        "V2_0_p": 0.00692665,
        "V2_A_p": 1.7357e-06,
        "V3_0_p": 2.25669e-05,
        "V3_A_p": 8.15513e-09,
        "V4_0": 1.54305e-08,
        "r_0": 1.31348,
        "r_A": 0.729957,
        "a_0": 0.737628,
        "a_A": -0.000109748
    },
    "KDCoulomb": {
        "r_C_0": 1.29342,
        "r_C_A": 0.431608,
        "r_C_A2": -0.767139
    },
    "KDRealSpinOrbit": {
        "V1_0": 7.37764,
        "V1_A": 0.0120856,
        "V2_0": 0.0122831,
        "r_0": 1.33514,
        "r_A": 1.25618,
        "a_0": 0.567917
    },
    "KDImagSpinOrbit": {
        "W1_0": -7.93368,
        "W2_0": 251.302
    },
    "KDImagVolume": {
        "W1_0_n": 25.2188,
        "W1_A_n": 0.0822346,
        "W1_0_p": 34.3623,
        "W1_A_p": 0.0235544,
        "W2_0": 121.694,
        "W2_A": 0.380264
    },
    "KDImagSurface": {
        "D1_0": 17.5842,
        "D1_asymm": 17.633,
        "D2_0": -0.0224801,
        "D2_A": 0.0460517,
        "D2_A2": 24.5793,
        "D2_A3": 438.397,
        "D3_0": 13.8129,
        "r_0": 1.35749,
        "r_A": 0.0178072,
        "a_0_n": 0.557361,
        "a_A_n": -0.000189625,
        "a_0_p": 0.545023,
        "a_A_p": 0.000955076
    }
}