{
    "ECS_p": 0.551795,
    "ECS_n": 0.2076,
    "APower_p": 0.516865,
    "APower_n": 0.721375,
    "RCS_p": 0.0401166,
    "TCS_n": 0.0368801
}