{
    "KDHartreeFock": {
        "V1_0": 58.2991,
        "V1_asymm": 13.7932,
        "V1_A": 0.0390475,
        "V2_0_n": 0.00464604,
        "V2_A_n": 6.63892e-06,
        "V3_0_n": -6.79291e-06,
        "V3_A_n": 3.54385e-08,
        "V2_0_p": 0.0042534,
        "V2_A_p": 1.23252e-05,
        "V3_0_p": -1.16901e-05,
        "V3_A_p": 1.04203e-07,
        "V4_0": -4.16542e-08,
        "r_0": 1.28544,
        "r_A": 0.485539,
        "a_0": 0.685745,
        "a_A": -0.000304021
    },
    "KDCoulomb": {
        "r_C_0": 1.1905,
        "r_C_A": 0.749773,
        "r_C_A2": 13.914
    },
    "KDRealSpinOrbit": {
        "V1_0": 6.60317,
        "V1_A": -0.0147315,
        "V2_0": 0.00522643,
        "r_0": 1.23176,
        "r_A": 0.722027,
        "a_0": 0.561072
    },
    "KDImagSpinOrbit": {
        "W1_0": -6.70904,
        "W2_0": 317.943
    },
    "KDImagVolume": {
        "W1_0_n": 24.8612,
        "W1_A_n": -0.0186274,
        "W1_0_p": 16.0639,
        "W1_A_p": 0.0130273,
        "W2_0": 73.9298,
        "W2_A": -0.0645931
    },
    "KDImagSurface": {
        "D1_0": 19.1018,
        "D1_asymm": 15.9036,
        "D2_0": 0.0334222,
        "D2_A": 0.018043,
        "D2_A2": 18.9776,
        "D2_A3": -125.58,
        "D3_0": 13.4612,
        "r_0": 1.41071,
        "r_A": 0.0266349,
        "a_0_n": 0.55534,
        "a_A_n": 0.000265404,
        "a_0_p": 0.489218,
        "a_A_p": 0.0016946
    }
}