{
    "ECS_p": 0.287007,
    "ECS_n": 0.181216,
    "APower_p": 0.422891,
    "APower_n": 0.361676,
    "RCS_p": 0.0146033,
    "TCS_n": 0.0266886
}