{
    "KDHartreeFock": {
        "V1_0": 60.4627,
        "V1_asymm": 21.9949,
        "V1_A": 0.0164241,
        "V2_0_n": 0.0059509,
        "V2_A_n": 1.39323e-06,
        "V3_0_n": 5.69143e-06,
        "V3_A_n": 2.62451e-09,
        "V2_0_p": 0.00450542,
        "V2_A_p": 1.64076e-05,
        "V3_0_p": -1.30901e-06,
        "V3_A_p": 9.38102e-08,
        "V4_0": -1.44624e-08,
        "r_0": 1.21261,
        "r_A": 0.281428,
        "a_0": 0.688817,
        "a_A": -0.000515821
    },
    "KDCoulomb": {
        "r_C_0": 0.954478,
        "r_C_A": 0.40941,
        "r_C_A2": 6.93899
    },
    "KDRealSpinOrbit": {
        "V1_0": 6.7219,
        "V1_A": -0.000334807,
        "V2_0": 0.00459047,
        "r_0": 1.23764,
        "r_A": 0.792962,
        "a_0": 0.643325
    },
    "KDImagSpinOrbit": {
        "W1_0": -1.42751,
        "W2_0": 348.091
    },
    "KDImagVolume": {
        "W1_0_n": 20.438,
        "W1_A_n": 0.0125192,
        "W1_0_p": 16.0935,
        "W1_A_p": 0.0204932,
        "W2_0": 79.3991,
        "W2_A": 0.201636
    },
    "KDImagSurface": {
        "D1_0": 15.5103,
        "D1_asymm": 6.02427,
        "D2_0": 0.0226508,
        "D2_A": 0.00452874,
        "D2_A2": 7.66249,
        "D2_A3": -107.012,
        "D3_0": 13.3923,
        "r_0": 1.4645,
        "r_A": 0.0362087,
        "a_0_n": 0.516092,
        "a_A_n": -0.000376099,
        "a_0_p": 0.48045,
        "a_A_p": 0.00177561
    }
}