{
    "ECS_p": 0.426792,
    "ECS_n": 0.265179,
    "APower_p": 0.362253,
    "APower_n": 0.134919,
    "RCS_p": 0.0115601,
    "TCS_n": 0.0257866
}