{
    "KDHartreeFock": {
        "V1_0": 56.8729,
        "V1_asymm": 5.22045,
        "V1_A": 0.0297738,
        "V2_0_n": 0.00695081,
        "V2_A_n": -4.48852e-07,
        "V3_0_n": 2.0917e-05,
        "V3_A_n": 1.91633e-08,
        "V2_0_p": 0.00672956,
        "V2_A_p": 7.27923e-06,
        "V3_0_p": 2.35202e-05,
        "V3_A_p": 4.14797e-09,
        "V4_0": 3.08542e-08,
        "r_0": 1.33323,
        "r_A": 0.498479,
        "a_0": 0.672613,
        "a_A": 0.000323359
    },
    "KDCoulomb": {
        "r_C_0": 1.05125,
        "r_C_A": 1.10132,
        "r_C_A2": -7.90518
    },
    "KDRealSpinOrbit": {
        "V1_0": 2.65585,
        "V1_A": 0.0287876,
        "V2_0": 0.00192192,
        "r_0": 1.16135,
        "r_A": 0.510213,
        "a_0": 0.552679
    },
    "KDImagSpinOrbit": {
        "W1_0": -7.37363,
        "W2_0": 247.469
    },
    "KDImagVolume": {
        "W1_0_n": 24.8345,
        "W1_A_n": -0.0148312,
        "W1_0_p": 21.0178,
        "W1_A_p": 0.0544931,
        "W2_0": 139.043,
        "W2_A": 0.0425893
    },
    "KDImagSurface": {
        "D1_0": 17.8256,
        "D1_asymm": 6.73671,
        "D2_0": 0.0124615,
        "D2_A": 0.0104063,
        "D2_A2": 2.2995,
        "D2_A3": 146.175,
        "D3_0": 13.8737,
        "r_0": 1.25595,
        "r_A": 0.00631991,
        "a_0_n": 0.559813,
        "a_A_n": 0.000218551,
        "a_0_p": 0.489945,
        "a_A_p": 0.00225772
    }
}