{
    "ECS_p": 0.380758,
    "ECS_n": 0.268831,
    "APower_p": 0.676669,
    "APower_n": 0.574949,
    "RCS_p": 0.0324872,
    "TCS_n": 0.0424495
}