{
    "KDHartreeFock": {
        "V1_0": 56.0795,
        "V1_asymm": 15.2127,
        "V1_A": 0.0259256,
        "V2_0_n": 0.00531839,
        "V2_A_n": 2.25435e-06,
        "V3_0_n": 5.99251e-06,
        "V3_A_n": 1.35457e-08,
        "V2_0_p": 0.00643431,
        "V2_A_p": 1.3593e-05,
        "V3_0_p": 1.23723e-05,
        "V3_A_p": 5.38304e-08,
        "V4_0": 4.91144e-09,
        "r_0": 1.32634,
        "r_A": 0.479908,
        "a_0": 0.66405,
        "a_A": -8.80061e-05
    },
    "KDCoulomb": {
        "r_C_0": 1.07011,
        "r_C_A": 1.17997,
        "r_C_A2": 16.4109
    },
    "KDRealSpinOrbit": {
        "V1_0": 2.30485,
        "V1_A": 0.00371973,
        "V2_0": -0.00254542,
        "r_0": 1.26038,
        "r_A": 0.99194,
        "a_0": 0.614986
    },
    "KDImagSpinOrbit": {
        "W1_0": -0.729203,
        "W2_0": 91.821
    },
    "KDImagVolume": {
        "W1_0_n": 16.0608,
        "W1_A_n": 0.0160979,
        "W1_0_p": 17.065,
        "W1_A_p": 0.00174237,
        "W2_0": 97.0645,
        "W2_A": -0.18824
    },
    "KDImagSurface": {
        "D1_0": 31.8435,
        "D1_asymm": -4.62836,
        "D2_0": 0.109629,
        "D2_A": -0.070237,
        "D2_A2": -0.801971,
        "D2_A3": -130.126,
        "D3_0": 19.108,
        "r_0": 1.33307,
        "r_A": 0.0165105,
        "a_0_n": 0.527793,
        "a_A_n": -0.000118329,
        "a_0_p": 0.491121,
        "a_A_p": 0.00108608
    }
}