{
    "ECS_p": 0.361298,
    "ECS_n": 0.171927,
    "APower_p": 0.595652,
    "APower_n": 0.650195,
    "RCS_p": 0.0389448,
    "TCS_n": 0.0443862
}