{
    "KDHartreeFock": {
        "V1_0": 58.6985,
        "V1_asymm": 10.531,
        "V1_A": 0.0386886,
        "V2_0_n": 0.00598262,
        "V2_A_n": -3.13557e-06,
        "V3_0_n": 1.31312e-05,
        "V3_A_n": 4.83377e-09,
        "V2_0_p": 0.00581353,
        "V2_A_p": 1.38553e-05,
        "V3_0_p": 9.33338e-06,
        "V3_A_p": 7.39382e-08,
        "V4_0": 7.77308e-09,
        "r_0": 1.29025,
        "r_A": 0.429428,
        "a_0": 0.664741,
        "a_A": -0.000398856
    },
    "KDCoulomb": {
        "r_C_0": 1.21961,
        "r_C_A": 0.0404723,
        "r_C_A2": 23.1461
    },
    "KDRealSpinOrbit": {
        "V1_0": 2.56061,
        "V1_A": 0.0251101,
        "V2_0": 0.00234493,
        "r_0": 1.27254,
        "r_A": 0.966365,
        "a_0": 0.605657
    },
    "KDImagSpinOrbit": {
        "W1_0": -3.30376,
        "W2_0": 267.75
    },
    "KDImagVolume": {
        "W1_0_n": 26.3252,
        "W1_A_n": -0.0475017,
        "W1_0_p": 24.7401,
        "W1_A_p": -0.0250437,
        "W2_0": 184.844,
        "W2_A": -0.490439
    },
    "KDImagSurface": {
        "D1_0": 19.2195,
        "D1_asymm": 27.5303,
        "D2_0": 0.065067,
        "D2_A": -0.0428316,
        "D2_A2": 13.8097,
        "D2_A3": 273.04,
        "D3_0": 16.4855,
        "r_0": 1.27852,
        "r_A": -0.00683277,
        "a_0_n": 0.590679,
        "a_A_n": -5.84234e-05,
        "a_0_p": 0.479092,
        "a_A_p": 0.000980619
    }
}