{
    "ECS_p": 0.252111,
    "ECS_n": 0.197828,
    "APower_p": 0.366112,
    "APower_n": 0.21117,
    "RCS_p": 0.00595851,
    "TCS_n": 0.0285435
}