{
    "KDHartreeFock": {
        "V1_0": 58.945,
        "V1_asymm": 8.73351,
        "V1_A": 0.0379551,
        "V2_0_n": 0.0069029,
        "V2_A_n": 8.20789e-06,
        "V3_0_n": 1.6588e-05,
        "V3_A_n": 6.13866e-08,
        "V2_0_p": 0.00733655,
        "V2_A_p": 2.08549e-06,
        "V3_0_p": 2.3933e-05,
        "V3_A_p": -1.99715e-08,
        "V4_0": -7.38482e-10,
        "r_0": 1.28774,
        "r_A": 0.439017,
        "a_0": 0.709704,
        "a_A": -5.04827e-05
    },
    "KDCoulomb": {
        "r_C_0": 0.918086,
        "r_C_A": 0.496225,
        "r_C_A2": 42.2851
    },
    "KDRealSpinOrbit": {
        "V1_0": 5.34194,
        "V1_A": -0.000236563,
        "V2_0": 0.00519072,
        "r_0": 1.27328,
        "r_A": 0.930869,
        "a_0": 0.575079
    },
    "KDImagSpinOrbit": {
        "W1_0": -4.14255,
        "W2_0": 247.883
    },
    "KDImagVolume": {
        "W1_0_n": 18.8682,
        "W1_A_n": 0.0122098,
        "W1_0_p": 15.4569,
        "W1_A_p": 0.0272919,
        "W2_0": 92.4791,
        "W2_A": 0.0698405
    },
    "KDImagSurface": {
        "D1_0": 22.7652,
        "D1_asymm": 14.7327,
        "D2_0": 0.106268,
        "D2_A": -0.0763938,
        "D2_A2": 10.8872,
        "D2_A3": 410.251,
        "D3_0": 17.357,
        "r_0": 1.48265,
        "r_A": 0.0398702,
        "a_0_n": 0.480224,
        "a_A_n": -0.000658818,
        "a_0_p": 0.433635,
        "a_A_p": 0.00131571
    }
}