{
    "ECS_p": 0.267916,
    "ECS_n": 0.236847,
    "APower_p": 0.841392,
    "APower_n": 0.645364,
    "RCS_p": 0.0243506,
    "TCS_n": 0.0323969
}