{
    "KDHartreeFock": {
        "V1_0": 61.9331,
        "V1_asymm": 18.5099,
        "V1_A": 0.0227272,
        "V2_0_n": 0.00768382,
        "V2_A_n": 5.42858e-07,
        "V3_0_n": 2.95757e-05,
        "V3_A_n": 1.11625e-10,
        "V2_0_p": 0.00835394,
        "V2_A_p": 3.19361e-06,
        "V3_0_p": 3.50626e-05,
        "V3_A_p": 2.61805e-08,
        "V4_0": 5.69419e-08,
        "r_0": 1.23826,
        "r_A": 0.330695,
        "a_0": 0.640136,
        "a_A": -0.000597939
    },
    "KDCoulomb": {
        "r_C_0": 1.23744,
        "r_C_A": 0.519784,
        "r_C_A2": 18.1407
    },
    "KDRealSpinOrbit": {
        "V1_0": 6.63478,
        "V1_A": 0.00289679,
        "V2_0": 0.00635171,
        "r_0": 1.11614,
        "r_A": 0.43626,
        "a_0": 0.573463
    },
    "KDImagSpinOrbit": {
        "W1_0": -7.39527,
        "W2_0": 446.051
    },
    "KDImagVolume": {
        "W1_0_n": 21.8217,
        "W1_A_n": 0.0415412,
        "W1_0_p": 18.9315,
        "W1_A_p": 0.097481,
        "W2_0": 122.284,
        "W2_A": 0.290364
    },
    "KDImagSurface": {
        "D1_0": 16.2984,
        "D1_asymm": 7.38867,
        "D2_0": 0.064166,
        "D2_A": -0.045416,
        "D2_A2": 5.13989,
        "D2_A3": 434.51,
        "D3_0": 18.1438,
        "r_0": 1.42183,
        "r_A": 0.0308695,
        "a_0_n": 0.565781,
        "a_A_n": -0.000587998,
        "a_0_p": 0.466869,
        "a_A_p": 0.00157965
    }
}