{
    "ECS_p": 0.356256,
    "ECS_n": 0.354738,
    "APower_p": 0.65781,
    "APower_n": 0.447113,
    "RCS_p": 0.0490714,
    "TCS_n": 0.0358348
}