{
    "KDHartreeFock": {
        "V1_0": 59.7094,
        "V1_asymm": 18.7359,
        "V1_A": 0.0296213,
        "V2_0_n": 0.00540361,
        "V2_A_n": -1.91109e-06,
        "V3_0_n": 5.95026e-06,
        "V3_A_n": 3.89913e-09,
        "V2_0_p": 0.00730049,
        "V2_A_p": 2.51604e-06,
        "V3_0_p": 1.56979e-05,
        "V3_A_p": 8.87264e-09,
        "V4_0": -5.26524e-09,
        "r_0": 1.2655,
        "r_A": 0.359709,
        "a_0": 0.635959,
        "a_A": -0.000665779
    },
    "KDCoulomb": {
        "r_C_0": 1.23604,
        "r_C_A": 1.59166,
        "r_C_A2": 20.2165
    },
    "KDRealSpinOrbit": {
        "V1_0": 4.56314,
        "V1_A": -0.00284283,
        "V2_0": -0.00118905,
        "r_0": 1.19045,
        "r_A": 0.743585,
        "a_0": 0.63263
    },
    "KDImagSpinOrbit": {
        "W1_0": -4.78566,
        "W2_0": 144.931
    },
    "KDImagVolume": {
        "W1_0_n": 21.248,
        "W1_A_n": -0.01157,
        "W1_0_p": 26.2168,
        "W1_A_p": 0.00499013,
        "W2_0": 123.426,
        "W2_A": -0.162685
    },
    "KDImagSurface": {
        "D1_0": 27.7695,
        "D1_asymm": 31.9822,
        "D2_0": 0.0306656,
        "D2_A": 0.00506589,
        "D2_A2": 8.38792,
        "D2_A3": 69.2441,
        "D3_0": 19.4775,
        "r_0": 1.37503,
        "r_A": 0.0185744,
        "a_0_n": 0.579081,
        "a_A_n": -0.000165595,
        "a_0_p": 0.495392,
        "a_A_p": 0.000451414
    }
}