{
    "ECS_p": 0.419783,
    "ECS_n": 0.354991,
    "APower_p": 0.800811,
    "APower_n": 0.618371,
    "RCS_p": 0.023355,
    "TCS_n": 0.0316228
}