{
    "KDHartreeFock": {
        "V1_0": 57.9288,
        "V1_asymm": 17.5679,
        "V1_A": 0.0233433,
        "V2_0_n": 0.00563757,
        "V2_A_n": 4.69155e-06,
        "V3_0_n": 8.36695e-06,
        "V3_A_n": 5.37402e-08,
        "V2_0_p": 0.00562015,
        "V2_A_p": 1.13453e-05,
        "V3_0_p": 4.18163e-06,
        "V3_A_p": 7.54502e-08,
        "V4_0": -2.12406e-08,
        "r_0": 1.26804,
        "r_A": 0.362076,
        "a_0": 0.627232,
        "a_A": -0.00050954
    },
    "KDCoulomb": {
        "r_C_0": 1.08724,
        "r_C_A": -0.178223,
        "r_C_A2": -10.1538
    },
    "KDRealSpinOrbit": {
        "V1_0": 5.88355,
        "V1_A": -0.0139506,
        "V2_0": 0.00339812,
        "r_0": 1.29543,
        "r_A": 0.98364,
        "a_0": 0.589128
    },
    "KDImagSpinOrbit": {
        "W1_0": -3.84734,
        "W2_0": 381.382
    },
    "KDImagVolume": {
        "W1_0_n": 10.7541,
        "W1_A_n": 0.0639697,
        "W1_0_p": 14.25,
        "W1_A_p": 0.0130039,
        "W2_0": 75.9049,
        "W2_A": 0.0278016
    },
    "KDImagSurface": {
        "D1_0": 13.6509,
        "D1_asymm": 5.08171,
        "D2_0": 0.0136274,
        "D2_A": 0.00770858,
        "D2_A2": 6.26603,
        "D2_A3": 414.177,
        "D3_0": 13.1615,
        "r_0": 1.4652,
        "r_A": 0.0415406,
        "a_0_n": 0.584951,
        "a_A_n": -0.000190393,
        "a_0_p": 0.476436,
        "a_A_p": 0.00183314
    }
}