{
    "ECS_p": 0.321698,
    "ECS_n": 0.31454,
    "APower_p": 0.547764,
    "APower_n": 0.598302,
    "RCS_p": 0.0287936,
    "TCS_n": 0.0403746
}