{
    "KDHartreeFock": {
        "V1_0": 58.0852,
        "V1_asymm": 14.7176,
        "V1_A": 0.0238893,
        "V2_0_n": 0.00570476,
        "V2_A_n": -2.12061e-06,
        "V3_0_n": 1.35464e-05,
        "V3_A_n": 3.45117e-08,
        "V2_0_p": 0.00560037,
        "V2_A_p": 1.42818e-05,
        "V3_0_p": 9.18107e-06,
        "V3_A_p": 4.83236e-08,
        "V4_0": -7.00251e-09,
        "r_0": 1.29037,
        "r_A": 0.430358,
        "a_0": 0.679901,
        "a_A": -8.11372e-05
    },
    "KDCoulomb": {
        "r_C_0": 1.31039,
        "r_C_A": 0.799262,
        "r_C_A2": 8.06737
    },
    "KDRealSpinOrbit": {
        "V1_0": 5.23647,
        "V1_A": 0.00199995,
        "V2_0": 0.00365624,
        "r_0": 1.1797,
        "r_A": 0.576114,
        "a_0": 0.555381
    },
    "KDImagSpinOrbit": {
        "W1_0": -4.81446,
        "W2_0": 267.079
    },
    "KDImagVolume": {
        "W1_0_n": 4.33437,
        "W1_A_n": 0.0889468,
        "W1_0_p": 17.3505,
        "W1_A_p": 0.0216889,
        "W2_0": 81.2698,
        "W2_A": 0.0873933
    },
    "KDImagSurface": {
        "D1_0": 17.8228,
        "D1_asymm": 19.3616,
        "D2_0": -0.0200269,
        "D2_A": 0.0435392,
        "D2_A2": 1.22924,
        "D2_A3": 225.675,
        "D3_0": 16.9111,
        "r_0": 1.30522,
        "r_A": 0.00903704,
        "a_0_n": 0.558809,
        "a_A_n": -0.000711248,
        "a_0_p": 0.470855,
        "a_A_p": 0.0015045
    }
}