{
    "ECS_p": 0.454683,
    "ECS_n": 0.169973,
    "APower_p": 0.357687,
    "APower_n": 0.222982,
    "RCS_p": 0.00204591,
    "TCS_n": 0.0181765
}