{
    "KDHartreeFock": {
        "V1_0": 58.8815,
        "V1_asymm": 9.79346,
        "V1_A": 0.0344659,
        "V2_0_n": 0.00618107,
        "V2_A_n": 3.69114e-06,
        "V3_0_n": 7.50493e-06,
        "V3_A_n": 3.42313e-08,
        "V2_0_p": 0.00688291,
        "V2_A_p": -6.68294e-07,
        "V3_0_p": 9.31757e-06,
        "V3_A_p": 1.53817e-08,
        "V4_0": -2.13226e-08,
        "r_0": 1.26942,
        "r_A": 0.344417,
        "a_0": 0.689913,
        "a_A": 5.97114e-08
    },
    "KDCoulomb": {
        "r_C_0": 1.0761,
        "r_C_A": 0.282883,
        "r_C_A2": 9.55185
    },
    "KDRealSpinOrbit": {
        "V1_0": 6.24749,
        "V1_A": 0.00703143,
        "V2_0": 0.00506751,
        "r_0": 1.14973,
        "r_A": 0.572307,
        "a_0": 0.706583
    },
    "KDImagSpinOrbit": {
        "W1_0": -2.7723,
        "W2_0": 140.586
    },
    "KDImagVolume": {
        "W1_0_n": 17.7333,
        "W1_A_n": 0.0176165,
        "W1_0_p": 14.3183,
        "W1_A_p": 0.00681792,
        "W2_0": 88.8541,
        "W2_A": 0.116854
    },
    "KDImagSurface": {
        "D1_0": 11.932,
        "D1_asymm": 15.4729,
        "D2_0": 0.015169,
        "D2_A": 0.00632031,
        "D2_A2": 12.7055,
        "D2_A3": 84.5153,
        "D3_0": 10.6488,
        "r_0": 1.38111,
        "r_A": 0.0301411,
        "a_0_n": 0.544931,
        "a_A_n": -0.000939228,
        "a_0_p": 0.516235,
        "a_A_p": 0.00227793
    }
}