{
    "ECS_p": 0.319363,
    "ECS_n": 0.242299,
    "APower_p": 0.378661,
    "APower_n": 0.286784,
    "RCS_p": 0.013354,
    "TCS_n": 0.0246055
}