{
    "KDHartreeFock": {
        "V1_0": 57.7678,
        "V1_asymm": 10.7297,
        "V1_A": 0.0238175,
        "V2_0_n": 0.00603602,
        "V2_A_n": 1.17447e-06,
        "V3_0_n": 1.00202e-05,
        "V3_A_n": 8.47562e-09,
        "V2_0_p": 0.00870715,
        "V2_A_p": -4.10898e-06,
        "V3_0_p": 2.96133e-05,
        "V3_A_p": -5.84492e-08,
        "V4_0": 2.3521e-09,
        "r_0": 1.27077,
        "r_A": 0.289442,
        "a_0": 0.702606,
        "a_A": 0.000163253
    },
    "KDCoulomb": {
        "r_C_0": 1.18486,
        "r_C_A": 0.942838,
        "r_C_A2": 21.164
    },
    "KDRealSpinOrbit": {
        "V1_0": 5.85849,
        "V1_A": 0.0100158,
        "V2_0": 0.00690956,
        "r_0": 1.21824,
        "r_A": 0.792672,
        "a_0": 0.565633
    },
    "KDImagSpinOrbit": {
        "W1_0": -3.77624,
        "W2_0": 203.945
    },
    "KDImagVolume": {
        "W1_0_n": 19.9903,
        "W1_A_n": 0.0222274,
        "W1_0_p": 12.9915,
        "W1_A_p": 0.14145,
        "W2_0": 102.003,
        "W2_A": 0.0676651
    },
    "KDImagSurface": {
        "D1_0": 32.7596,
        "D1_asymm": 30.8884,
        "D2_0": 0.00147644,
        "D2_A": 0.036359,
        "D2_A2": 10.1701,
        "D2_A3": 292.466,
        "D3_0": 20.7819,
        "r_0": 1.36003,
        "r_A": 0.025098,
        "a_0_n": 0.552622,
        "a_A_n": -0.000214483,
        "a_0_p": 0.541864,
        "a_A_p": 0.001331
    }
}