{
    "ECS_p": 0.309304,
    "ECS_n": 0.199129,
    "APower_p": 0.289887,
    "APower_n": 0.200782,
    "RCS_p": 0.0123571,
    "TCS_n": 0.0204772
}