{
    "KDHartreeFock": {
        "V1_0": 59.1755,
        "V1_asymm": 18.1312,
        "V1_A": 0.0281902,
        "V2_0_n": 0.00672409,
        "V2_A_n": 9.27643e-06,
        "V3_0_n": 1.25521e-05,
        "V3_A_n": 5.73932e-08,
        "V2_0_p": 0.00718512,
        "V2_A_p": 1.0656e-06,
        "V3_0_p": 1.46386e-05,
        "V3_A_p": 1.58367e-08,
        "V4_0": -1.56727e-08,
        "r_0": 1.27266,
        "r_A": 0.353744,
        "a_0": 0.693594,
        "a_A": 2.81036e-05
    },
    "KDCoulomb": {
        "r_C_0": 1.22227,
        "r_C_A": -0.159207,
        "r_C_A2": 25.3498
    },
    "KDRealSpinOrbit": {
        "V1_0": 6.41776,
        "V1_A": 0.001545,
        "V2_0": 0.00805921,
        "r_0": 1.21409,
        "r_A": 0.585447,
        "a_0": 0.519255
    },
    "KDImagSpinOrbit": {
        "W1_0": -3.04779,
        "W2_0": 303.615
    },
    "KDImagVolume": {
        "W1_0_n": 16.6795,
        "W1_A_n": 0.00941297,
        "W1_0_p": 14.7103,
        "W1_A_p": 0.00633952,
        "W2_0": 97.8247,
        "W2_A": -0.0495506
    },
    "KDImagSurface": {
        "D1_0": 13.9245,
        "D1_asymm": 11.9462,
        "D2_0": 0.0200344,
        "D2_A": -0.0150594,
        "D2_A2": 20.1058,
        "D2_A3": -107.927,
        "D3_0": 14.2273,
        "r_0": 1.24817,
        "r_A": 0.0145407,
        "a_0_n": 0.592268,
        "a_A_n": -0.000932537,
        "a_0_p": 0.529078,
        "a_A_p": 0.00211172
    }
}