{
    "ECS_p": 0.307776,
    "ECS_n": 0.191391,
    "APower_p": 0.42193,
    "APower_n": 0.305609,
    "RCS_p": 0.0245316,
    "TCS_n": 0.0274792
}