{
    "KDHartreeFock": {
        "V1_0": 55.4362,
        "V1_asymm": 8.64486,
        "V1_A": 0.0313435,
        "V2_0_n": 0.00412939,
        "V2_A_n": 4.34244e-06,
        "V3_0_n": -1.9297e-05,
        "V3_A_n": 6.84633e-09,
        "V2_0_p": 0.003822,
        "V2_A_p": 6.94287e-06,
        "V3_0_p": -2.17521e-05,
        "V3_A_p": 8.12573e-08,
        "V4_0": -7.99091e-08,
        "r_0": 1.26489,
        "r_A": 0.251598,
        "a_0": 0.660982,
        "a_A": -0.000370633
    },
    "KDCoulomb": {
        "r_C_0": 1.25133,
        "r_C_A": 0.876328,
        "r_C_A2": 16.0922
    },
    "KDRealSpinOrbit": {
        "V1_0": 6.46623,
        "V1_A": -0.00765326,
        "V2_0": 0.00226114,
        "r_0": 1.27705,
        "r_A": 0.912025,
        "a_0": 0.627549
    },
    "KDImagSpinOrbit": {
        "W1_0": -2.70254,
        "W2_0": 219.897
    },
    "KDImagVolume": {
        "W1_0_n": 19.2362,
        "W1_A_n": 0.0264715,
        "W1_0_p": 20.0751,
        "W1_A_p": 0.00201047,
        "W2_0": 85.6064,
        "W2_A": 0.421176
    },
    "KDImagSurface": {
        "D1_0": 15.4409,
        "D1_asymm": 18.4137,
        "D2_0": 0.00542709,
        "D2_A": 0.0157456,
        "D2_A2": 5.43175,
        "D2_A3": 368.888,
        "D3_0": 12.2224,
        "r_0": 1.23552,
        "r_A": -0.00996699,
        "a_0_n": 0.555062,
        "a_A_n": -0.000354109,
        "a_0_p": 0.467569,
        "a_A_p": 0.00106305
    }
}