{
    "ECS_p": 0.358713,
    "ECS_n": 0.289609,
    "APower_p": 0.805126,
    "APower_n": 0.576528,
    "RCS_p": 0.0479336,
    "TCS_n": 0.0333134
}