{
    "KDHartreeFock": {
        "V1_0": 59.718,
        "V1_asymm": 5.95129,
        "V1_A": 0.0385717,
        "V2_0_n": 0.00764198,
        "V2_A_n": 7.783e-06,
        "V3_0_n": 1.98255e-05,
        "V3_A_n": 4.99551e-08,
        "V2_0_p": 0.00854992,
        "V2_A_p": -1.85035e-05,
        "V3_0_p": 2.29443e-05,
        "V3_A_p": -6.16523e-08,
        "V4_0": 2.76045e-09,
        "r_0": 1.2743,
        "r_A": 0.274212,
        "a_0": 0.675518,
        "a_A": 0.000147444
    },
    "KDCoulomb": {
        "r_C_0": 1.06959,
        "r_C_A": 1.46126,
        "r_C_A2": 19.491
    },
    "KDRealSpinOrbit": {
        "V1_0": 5.75598,
        "V1_A": -0.0212686,
        "V2_0": 0.0010202,
        "r_0": 1.24635,
        "r_A": 0.914666,
        "a_0": 0.646128
    },
    "KDImagSpinOrbit": {
        "W1_0": -2.02662,
        "W2_0": 131.72
    },
    "KDImagVolume": {
        "W1_0_n": 12.3498,
        "W1_A_n": 0.0431265,
        "W1_0_p": 17.4608,
        "W1_A_p": -0.00303811,
        "W2_0": 76.3003,
        "W2_A": -0.106008
    },
    "KDImagSurface": {
        "D1_0": 12.2144,
        "D1_asymm": 15.3726,
        "D2_0": 0.0554768,
        "D2_A": -0.0321263,
        "D2_A2": 13.4756,
        "D2_A3": 312.984,
        "D3_0": 4.33407,
        "r_0": 1.37337,
        "r_A": 0.0133804,
        "a_0_n": 0.6114,
        "a_A_n": 0.00132214,
        "a_0_p": 0.430761,
        "a_A_p": 0.00096794
    }
}