{
    "ECS_p": 0.320618,
    "ECS_n": 0.340266,
    "APower_p": 0.574058,
    "APower_n": 0.408721,
    "RCS_p": 0.0212256,
    "TCS_n": 0.0407247
}