{
    "KDHartreeFock": {
        "V1_0": 55.3447,
        "V1_asymm": 13.141,
        "V1_A": 0.0121285,
        "V2_0_n": 0.0054427,
        "V2_A_n": -2.34517e-06,
        "V3_0_n": 7.11234e-06,
        "V3_A_n": 1.96144e-08,
        "V2_0_p": 0.00816473,
        "V2_A_p": -1.04198e-06,
        "V3_0_p": 2.01285e-05,
        "V3_A_p": -2.08712e-08,
        "V4_0": -1.11496e-08,
        "r_0": 1.26377,
        "r_A": 0.209569,
        "a_0": 0.629747,
        "a_A": -0.000193105
    },
    "KDCoulomb": {
        "r_C_0": 1.17558,
        "r_C_A": 1.51353,
        "r_C_A2": -2.21704
    },
    "KDRealSpinOrbit": {
        "V1_0": 4.55187,
        "V1_A": 0.00699399,
        "V2_0": 0.00153117,
        "r_0": 1.22544,
        "r_A": 0.868865,
        "a_0": 0.603928
    },
    "KDImagSpinOrbit": {
        "W1_0": -10.5475,
        "W2_0": 544.705
    },
    "KDImagVolume": {
        "W1_0_n": 15.3737,
        "W1_A_n": 0.015927,
        "W1_0_p": 14.9138,
        "W1_A_p": 0.0194804,
        "W2_0": 65.3518,
        "W2_A": -0.059311
    },
    "KDImagSurface": {
        "D1_0": 27.0035,
        "D1_asymm": 40.4531,
        "D2_0": 0.0632084,
        "D2_A": -0.0188396,
        "D2_A2": 14.9612,
        "D2_A3": 227.545,
        "D3_0": 16.8306,
        "r_0": 1.37422,
        "r_A": 0.01142,
        "a_0_n": 0.5313,
        "a_A_n": -6.64034e-05,
        "a_0_p": 0.515427,
        "a_A_p": 0.000466403
    }
}