{
    "ECS_p": 0.406234,
    "ECS_n": 0.346366,
    "APower_p": 0.735485,
    "APower_n": 0.513777,
    "RCS_p": 0.0498504,
    "TCS_n": 0.0298877
}