{
    "KDHartreeFock": {
        "V1_0": 62.1661,
        "V1_asymm": 2.379,
        "V1_A": 0.057831,
        "V2_0_n": 0.00619061,
        "V2_A_n": -8.80757e-07,
        "V3_0_n": 1.35172e-05,
        "V3_A_n": 2.14198e-08,
        "V2_0_p": 0.00784265,
        "V2_A_p": -1.51997e-05,
        "V3_0_p": 2.04665e-05,
        "V3_A_p": -1.03921e-07,
        "V4_0": -4.76952e-09,
        "r_0": 1.33764,
        "r_A": 0.632355,
        "a_0": 0.609229,
        "a_A": -0.000233986
    },
    "KDCoulomb": {
        "r_C_0": 1.04525,
        "r_C_A": 0.734966,
        "r_C_A2": 17.3482
    },
    "KDRealSpinOrbit": {
        "V1_0": 3.01823,
        "V1_A": 0.00700166,
        "V2_0": -0.00163442,
        "r_0": 1.20864,
        "r_A": 0.751694,
        "a_0": 0.580436
    },
    "KDImagSpinOrbit": {
        "W1_0": -3.02837,
        "W2_0": 252.59
    },
    "KDImagVolume": {
        "W1_0_n": 11.0111,
        "W1_A_n": 0.0100495,
        "W1_0_p": 16.3126,
        "W1_A_p": 0.0140212,
        "W2_0": 85.6732,
        "W2_A": -0.04196
    },
    "KDImagSurface": {
        "D1_0": 24.6678,
        "D1_asymm": 6.18262,
        "D2_0": 0.00261392,
        "D2_A": 0.0284231,
        "D2_A2": 11.5707,
        "D2_A3": 266.417,
        "D3_0": 18.8428,
        "r_0": 1.39128,
        "r_A": 0.0208448,
        "a_0_n": 0.542647,
        "a_A_n": 0.000457175,
        "a_0_p": 0.494912,
        "a_A_p": 0.00092438
    }
}