{
    "ECS_p": 0.35219,
    "ECS_n": 0.258179,
    "APower_p": 0.631193,
    "APower_n": 0.650907,
    "RCS_p": 0.0262027,
    "TCS_n": 0.0424813
}