{
    "KDHartreeFock": {
        "V1_0": 60.9235,
        "V1_asymm": 4.10391,
        "V1_A": 0.0544916,
        "V2_0_n": 0.00819565,
        "V2_A_n": 1.92173e-05,
        "V3_0_n": 2.38255e-05,
        "V3_A_n": 1.09124e-07,
        "V2_0_p": 0.00735984,
        "V2_A_p": -6.32158e-06,
        "V3_0_p": 1.87414e-05,
        "V3_A_p": 6.44499e-09,
        "V4_0": 1.63536e-08,
        "r_0": 1.29834,
        "r_A": 0.466952,
        "a_0": 0.697945,
        "a_A": -2.61585e-05
    },
    "KDCoulomb": {
        "r_C_0": 1.35103,
        "r_C_A": 2.16163,
        "r_C_A2": 19.2767
    },
    "KDRealSpinOrbit": {
        "V1_0": 5.24428,
        "V1_A": 0.00469794,
        "V2_0": 0.00717916,
        "r_0": 1.10944,
        "r_A": 0.174082,
        "a_0": 0.574289
    },
    "KDImagSpinOrbit": {
        "W1_0": -4.18064,
        "W2_0": 215.943
    },
    "KDImagVolume": {
        "W1_0_n": 24.3196,
        "W1_A_n": 0.0397614,
        "W1_0_p": 22.3726,
        "W1_A_p": 0.0402726,
        "W2_0": 141.49,
        "W2_A": 0.250683
    },
    "KDImagSurface": {
        "D1_0": 13.0978,
        "D1_asymm": 15.9528,
        "D2_0": 0.0513007,
        "D2_A": -0.0333764,
        "D2_A2": 18.4087,
        "D2_A3": 440.912,
        "D3_0": 9.87734,
        "r_0": 1.37999,
        "r_A": 0.0193955,
        "a_0_n": 0.580127,
        "a_A_n": 0.000392415,
        "a_0_p": 0.458383,
        "a_A_p": 0.00135814
    }
}