{
    "ECS_p": 0.360778,
    "ECS_n": 0.168612,
    "APower_p": 0.769438,
    "APower_n": 0.767501,
    "RCS_p": 0.0325873,
    "TCS_n": 0.0506749
}