{
    "KDHartreeFock": {
        "V1_0": 60.7686,
        "V1_asymm": 23.0545,
        "V1_A": 0.0283027,
        "V2_0_n": 0.00552255,
        "V2_A_n": 2.28234e-06,
        "V3_0_n": 5.1999e-06,
        "V3_A_n": 3.32189e-09,
        "V2_0_p": 0.00722352,
        "V2_A_p": -3.58192e-06,
        "V3_0_p": 1.46861e-05,
        "V3_A_p": -9.06407e-09,
        "V4_0": -1.45043e-08,
        "r_0": 1.18533,
        "r_A": 0.0708647,
        "a_0": 0.626175,
        "a_A": -0.000717778
    },
    "KDCoulomb": {
        "r_C_0": 1.24292,
        "r_C_A": 0.272338,
        "r_C_A2": 2.63913
    },
    "KDRealSpinOrbit": {
        "V1_0": 3.69399,
        "V1_A": -0.0029197,
        "V2_0": 0.00206483,
        "r_0": 1.20774,
        "r_A": 0.736322,
        "a_0": 0.589972
    },
    "KDImagSpinOrbit": {
        "W1_0": -6.47193,
        "W2_0": 325.074
    },
    "KDImagVolume": {
        "W1_0_n": 19.9552,
        "W1_A_n": 0.0781647,
        "W1_0_p": 18.0216,
        "W1_A_p": 0.0742655,
        "W2_0": 103.076,
        "W2_A": 0.260039
    },
    "KDImagSurface": {
        "D1_0": 31.2426,
        "D1_asymm": 37.4835,
        "D2_0": -0.0283352,
        "D2_A": 0.0610713,
        "D2_A2": 3.87419,
        "D2_A3": 232.776,
        "D3_0": 21.7332,
        "r_0": 1.23076,
        "r_A": 0.000244665,
        "a_0_n": 0.528211,
        "a_A_n": -0.000893209,
        "a_0_p": 0.498196,
        "a_A_p": 0.0016896
    }
}