{
    "ECS_p": 0.195677,
    "ECS_n": 0.226378,
    "APower_p": 0.381864,
    "APower_n": 0.314679,
    "RCS_p": 0.0144863,
    "TCS_n": 0.0306373
}