{
    "KDHartreeFock": {
        "V1_0": 59.6714,
        "V1_asymm": 5.2052,
        "V1_A": 0.0287802,
        "V2_0_n": 0.00637913,
        "V2_A_n": 5.08885e-07,
        "V3_0_n": 9.73758e-06,
        "V3_A_n": 1.79817e-08,
        "V2_0_p": 0.00450229,
        "V2_A_p": 9.81481e-06,
        "V3_0_p": -3.55213e-06,
        "V3_A_p": 6.99245e-08,
        "V4_0": -1.73305e-08,
        "r_0": 1.25475,
        "r_A": 0.350776,
        "a_0": 0.708479,
        "a_A": 0.000127536
    },
    "KDCoulomb": {
        "r_C_0": 1.22063,
        "r_C_A": -0.201407,
        "r_C_A2": 22.9241
    },
    "KDRealSpinOrbit": {
        "V1_0": 5.51849,
        "V1_A": 0.00205276,
        "V2_0": 0.00131182,
        "r_0": 1.17706,
        "r_A": 0.732169,
        "a_0": 0.6375
    },
    "KDImagSpinOrbit": {
        "W1_0": -1.06458,
        "W2_0": 159.632
    },
    "KDImagVolume": {
        "W1_0_n": 15.1769,
        "W1_A_n": 0.030596,
        "W1_0_p": 20.9473,
        "W1_A_p": 0.0508477,
        "W2_0": 107.723,
        "W2_A": 0.150254
    },
    "KDImagSurface": {
        "D1_0": 14.5248,
        "D1_asymm": -0.782442,
        "D2_0": 0.0229251,
        "D2_A": -0.00511167,
        "D2_A2": 17.6651,
        "D2_A3": 336.125,
        "D3_0": 13.4092,
        "r_0": 1.31969,
        "r_A": 0.0158215,
        "a_0_n": 0.541803,
        "a_A_n": -0.000205057,
        "a_0_p": 0.479099,
        "a_A_p": 0.00201251
    }
}