{
    "ECS_p": 0.289532,
    "ECS_n": 0.211272,
    "APower_p": 0.391368,
    "APower_n": 0.183454,
    "RCS_p": 0.0253195,
    "TCS_n": 0.0240276
}