{
    "KDHartreeFock": {
        "V1_0": 57.3987,
        "V1_asymm": 14.939,
        "V1_A": 0.0322726,
        "V2_0_n": 0.00606001,
        "V2_A_n": 2.6999e-06,
        "V3_0_n": 6.48917e-06,
        "V3_A_n": 2.03921e-09,
        "V2_0_p": 0.0076581,
        "V2_A_p": 4.63853e-06,
        "V3_0_p": 2.00248e-05,
        "V3_A_p": 2.06163e-08,
        "V4_0": -5.33953e-09,
        "r_0": 1.30857,
        "r_A": 0.408231,
        "a_0": 0.707703,
        "a_A": 0.000100244
    },
    "KDCoulomb": {
        "r_C_0": 1.23491,
        "r_C_A": 0.702571,
        "r_C_A2": 7.88491
    },
    "KDRealSpinOrbit": {
        "V1_0": 7.06613,
        "V1_A": -0.00752055,
        "V2_0": 0.00829175,
        "r_0": 1.26099,
        "r_A": 0.729675,
        "a_0": 0.514278
    },
    "KDImagSpinOrbit": {
        "W1_0": -5.04663,
        "W2_0": 335.174
    },
    "KDImagVolume": {
        "W1_0_n": 20.0622,
        "W1_A_n": 0.000877249,
        "W1_0_p": 10.3843,
        "W1_A_p": 0.0239905,
        "W2_0": 94.9995,
        "W2_A": -0.0537226
    },
    "KDImagSurface": {
        "D1_0": 12.9006,
        "D1_asymm": 5.77786,
        "D2_0": 0.0282104,
        "D2_A": -0.00741315,
        "D2_A2": 12.8719,
        "D2_A3": 416.168,
        "D3_0": 9.36411,
        "r_0": 1.35273,
        "r_A": 0.0236148,
        "a_0_n": 0.586345,
        "a_A_n": 0.000421223,
        "a_0_p": 0.523551,
        "a_A_p": 0.00135528
    }
}