{
    "ECS_p": 0.377909,
    "ECS_n": 0.28991,
    "APower_p": 0.848298,
    "APower_n": 0.650586,
    "RCS_p": 0.031566,
    "TCS_n": 0.0483368
}