{
    "KDHartreeFock": {
        "V1_0": 63.3847,
        "V1_asymm": 10.5659,
        "V1_A": 0.0426912,
        "V2_0_n": 0.00443123,
        "V2_A_n": -1.93492e-05,
        "V3_0_n": -1.36966e-06,
        "V3_A_n": -4.14773e-08,
        "V2_0_p": 0.00497152,
        "V2_A_p": 8.55836e-06,
        "V3_0_p": 6.45776e-07,
        "V3_A_p": 1.72309e-08,
        "V4_0": -3.86736e-08,
        "r_0": 1.31046,
        "r_A": 0.65909,
        "a_0": 0.687976,
        "a_A": -0.000286378
    },
    "KDCoulomb": {
        "r_C_0": 1.29645,
        "r_C_A": -0.32813,
        "r_C_A2": 10.876
    },
    "KDRealSpinOrbit": {
        "V1_0": 4.14389,
        "V1_A": 0.013316,
        "V2_0": 0.00556104,
        "r_0": 1.13204,
        "r_A": 0.450328,
        "a_0": 0.540766
    },
    "KDImagSpinOrbit": {
        "W1_0": -4.56253,
        "W2_0": 202.718
    },
    "KDImagVolume": {
        "W1_0_n": 18.0452,
        "W1_A_n": 0.0182905,
        "W1_0_p": 16.3979,
        "W1_A_p": 0.0395098,
        "W2_0": 83.7853,
        "W2_A": -0.186253
    },
    "KDImagSurface": {
        "D1_0": 24.7247,
        "D1_asymm": 9.9254,
        "D2_0": 0.0519991,
        "D2_A": -0.0190788,
        "D2_A2": 3.5491,
        "D2_A3": 179.146,
        "D3_0": 20.6077,
        "r_0": 1.09047,
        "r_A": -0.0412782,
        "a_0_n": 0.631077,
        "a_A_n": 0.000247797,
        "a_0_p": 0.503763,
        "a_A_p": 0.00108101
    }
}