{
    "ECS_p": 0.405372,
    "ECS_n": 0.313877,
    "APower_p": 0.617412,
    "APower_n": 0.622437,
    "RCS_p": 0.0501258,
    "TCS_n": 0.0413295
}