{
    "KDHartreeFock": {
        "V1_0": 56.9722,
        "V1_asymm": 10.9623,
        "V1_A": 0.0174394,
        "V2_0_n": 0.00442364,
        "V2_A_n": -9.33727e-07,
        "V3_0_n": -7.67834e-06,
        "V3_A_n": -6.14096e-10,
        "V2_0_p": 0.00469178,
        "V2_A_p": 1.05309e-05,
        "V3_0_p": -5.71678e-06,
        "V3_A_p": 4.05952e-08,
        "V4_0": -5.44086e-08,
        "r_0": 1.30238,
        "r_A": 0.524614,
        "a_0": 0.704417,
        "a_A": 0.00012851
    },
    "KDCoulomb": {
        "r_C_0": 1.26634,
        "r_C_A": 0.700881,
        "r_C_A2": 20.7198
    },
    "KDRealSpinOrbit": {
        "V1_0": 5.7918,
        "V1_A": -0.00162549,
        "V2_0": 0.00395427,
        "r_0": 1.21352,
        "r_A": 0.698955,
        "a_0": 0.579584
    },
    "KDImagSpinOrbit": {
        "W1_0": -3.31175,
        "W2_0": 144.359
    },
    "KDImagVolume": {
        "W1_0_n": 21.7965,
        "W1_A_n": -0.0419009,
        "W1_0_p": 19.9099,
        "W1_A_p": 0.0554121,
        "W2_0": 105.45,
        "W2_A": 0.0240661
    },
    "KDImagSurface": {
        "D1_0": 14.1182,
        "D1_asymm": 3.64472,
        "D2_0": 0.0277123,
        "D2_A": -0.0055344,
        "D2_A2": 6.51389,
        "D2_A3": 225.118,
        "D3_0": 12.0404,
        "r_0": 1.53223,
        "r_A": 0.0599524,
        "a_0_n": 0.637104,
        "a_A_n": 0.000674796,
        "a_0_p": 0.45444,
        "a_A_p": 0.00214159
    }
}