{
    "ECS_p": 0.297875,
    "ECS_n": 0.209631,
    "APower_p": 0.275106,
    "APower_n": 0.165918,
    "RCS_p": 0.00887935,
    "TCS_n": 0.0224432
}