{
    "KDHartreeFock": {
        "V1_0": 56.7585,
        "V1_asymm": 16.9145,
        "V1_A": 0.0175038,
        "V2_0_n": 0.00665169,
        "V2_A_n": 5.14042e-06,
        "V3_0_n": 1.20211e-05,
        "V3_A_n": 3.99204e-08,
        "V2_0_p": 0.00586967,
        "V2_A_p": 1.08971e-05,
        "V3_0_p": 6.90353e-06,
        "V3_A_p": 7.42397e-08,
        "V4_0": -1.2148e-08,
        "r_0": 1.26074,
        "r_A": 0.304198,
        "a_0": 0.735098,
        "a_A": 8.40864e-05
    },
    "KDCoulomb": {
        "r_C_0": 1.22307,
        "r_C_A": 1.51752,
        "r_C_A2": 35.1593
    },
    "KDRealSpinOrbit": {
        "V1_0": 5.60204,
        "V1_A": 0.0122264,
        "V2_0": 0.00532023,
        "r_0": 1.28996,
        "r_A": 0.995676,
        "a_0": 0.563434
    },
    "KDImagSpinOrbit": {
        "W1_0": -2.59962,
        "W2_0": 265.923
    },
    "KDImagVolume": {
        "W1_0_n": 18.4979,
        "W1_A_n": 0.0056256,
        "W1_0_p": 13.3194,
        "W1_A_p": 0.0487061,
        "W2_0": 107.101,
        "W2_A": 0.0380493
    },
    "KDImagSurface": {
        "D1_0": 14.6255,
        "D1_asymm": 3.78047,
        "D2_0": 0.0676882,
        "D2_A": -0.04951,
        "D2_A2": 14.0788,
        "D2_A3": 234.629,
        "D3_0": 13.08,
        "r_0": 1.26853,
        "r_A": 0.00788855,
        "a_0_n": 0.512837,
        "a_A_n": -0.000638777,
        "a_0_p": 0.493133,
        "a_A_p": 0.00222557
    }
}