{
    "ECS_p": 0.259538,
    "ECS_n": 0.340846,
    "APower_p": 0.575292,
    "APower_n": 0.460955,
    "RCS_p": 0.0461519,
    "TCS_n": 0.0460916
}