{
    "KDHartreeFock": {
        "V1_0": 57.0609,
        "V1_asymm": 17.3734,
        "V1_A": 0.0188658,
        "V2_0_n": 0.00432155,
        "V2_A_n": -1.54365e-06,
        "V3_0_n": -1.09896e-05,
        "V3_A_n": -3.67608e-08,
        "V2_0_p": 0.00671823,
        "V2_A_p": 2.774e-06,
        "V3_0_p": 1.16488e-05,
        "V3_A_p": 6.52204e-09,
        "V4_0": -4.32347e-08,
        "r_0": 1.27437,
        "r_A": 0.375875,
        "a_0": 0.727681,
        "a_A": 8.06685e-05
    },
    "KDCoulomb": {
        "r_C_0": 1.32856,
        "r_C_A": 2.08217,
        "r_C_A2": 24.5466
    },
    "KDRealSpinOrbit": {
        "V1_0": 5.54295,
        "V1_A": 0.001064,
        "V2_0": 0.00576234,
        "r_0": 1.17096,
        "r_A": 0.413345,
        "a_0": 0.597721
    },
    "KDImagSpinOrbit": {
        "W1_0": -0.76777,
        "W2_0": 221.476
    },
    "KDImagVolume": {
        "W1_0_n": 20.7134,
        "W1_A_n": -0.0338298,
        "W1_0_p": 11.5307,
        "W1_A_p": 0.0306529,
        "W2_0": 67.3504,
        "W2_A": -0.049683
    },
    "KDImagSurface": {
        "D1_0": 33.2152,
        "D1_asymm": 22.4111,
        "D2_0": 0.0690092,
        "D2_A": -0.027174,
        "D2_A2": 1.11597,
        "D2_A3": 246.747,
        "D3_0": 18.4623,
        "r_0": 1.29809,
        "r_A": -0.00134633,
        "a_0_n": 0.609049,
        "a_A_n": 0.000994167,
        "a_0_p": 0.526629,
        "a_A_p": 0.000188319
    }
}