{
    "ECS_p": 0.440231,
    "ECS_n": 0.386712,
    "APower_p": 0.664604,
    "APower_n": 0.780783,
    "RCS_p": 0.0531101,
    "TCS_n": 0.0269308
}