{
    "KDHartreeFock": {
        "V1_0": 59.2379,
        "V1_asymm": 7.93851,
        "V1_A": 0.0389304,
        "V2_0_n": 0.00496525,
        "V2_A_n": -1.85775e-06,
        "V3_0_n": -2.67347e-06,
        "V3_A_n": -1.42668e-08,
        "V2_0_p": 0.00544625,
        "V2_A_p": 9.12879e-06,
        "V3_0_p": 3.76235e-06,
        "V3_A_p": 4.18995e-08,
        "V4_0": -2.26544e-08,
        "r_0": 1.32619,
        "r_A": 0.513914,
        "a_0": 0.646093,
        "a_A": 6.41161e-05
    },
    "KDCoulomb": {
        "r_C_0": 1.11964,
        "r_C_A": 0.647045,
        "r_C_A2": 11.7824
    },
    "KDRealSpinOrbit": {
        "V1_0": 4.15291,
        "V1_A": 0.00723628,
        "V2_0": 0.00186878,
        "r_0": 1.21238,
        "r_A": 0.705352,
        "a_0": 0.606703
    },
    "KDImagSpinOrbit": {
        "W1_0": -4.77424,
        "W2_0": 284.288
    },
    "KDImagVolume": {
        "W1_0_n": 22.119,
        "W1_A_n": -0.0189999,
        "W1_0_p": 17.5593,
        "W1_A_p": 0.0196658,
        "W2_0": 73.1696,
        "W2_A": 0.0797002
    },
    "KDImagSurface": {
        "D1_0": 26.3574,
        "D1_asymm": 22.4389,
        "D2_0": 0.0298973,
        "D2_A": 0.0112032,
        "D2_A2": 20.7733,
        "D2_A3": -2.4232,
        "D3_0": 20.6705,
        "r_0": 1.25757,
        "r_A": 0.0149921,
        "a_0_n": 0.634335,
        "a_A_n": -0.0002071,
        "a_0_p": 0.466703,
        "a_A_p": 0.00207969
    }
}