{
    "ECS_p": 0.267771,
    "ECS_n": 0.158956,
    "APower_p": 0.245297,
    "APower_n": 0.216688,
    "RCS_p": 0.019456,
    "TCS_n": 0.0186189
}