{
    "KDHartreeFock": {
        "V1_0": 59.8975,
        "V1_asymm": 8.70393,
        "V1_A": 0.0430179,
        "V2_0_n": 0.00508202,
        "V2_A_n": 3.5159e-06,
        "V3_0_n": -5.07087e-06,
        "V3_A_n": 5.38525e-09,
        "V2_0_p": 0.00490466,
        "V2_A_p": 5.4593e-06,
        "V3_0_p": -3.35117e-06,
        "V3_A_p": 6.04903e-08,
        "V4_0": -3.61027e-08,
        "r_0": 1.29562,
        "r_A": 0.540616,
        "a_0": 0.705395,
        "a_A": 0.000130099
    },
    "KDCoulomb": {
        "r_C_0": 1.25461,
        "r_C_A": -0.790199,
        "r_C_A2": 2.99359
    },
    "KDRealSpinOrbit": {
        "V1_0": 6.09712,
        "V1_A": 0.00411949,
        "V2_0": 0.00584239,
        "r_0": 1.11744,
        "r_A": 0.371835,
        "a_0": 0.596895
    },
    "KDImagSpinOrbit": {
        "W1_0": -9.98053,
        "W2_0": 298.983
    },
    "KDImagVolume": {
        "W1_0_n": 29.0246,
        "W1_A_n": 0.00737882,
        "W1_0_p": 23.1429,
        "W1_A_p": 0.0383595,
        "W2_0": 137.408,
        "W2_A": 0.0963825
    },
    "KDImagSurface": {
        "D1_0": 10.4683,
        "D1_asymm": 3.74662,
        "D2_0": 0.0351214,
        "D2_A": -0.0212091,
        "D2_A2": 15.1154,
        "D2_A3": 409.325,
        "D3_0": 10.1661,
        "r_0": 1.37469,
        "r_A": 0.0174854,
        "a_0_n": 0.604915,
        "a_A_n": 0.000178911,
        "a_0_p": 0.514064,
        "a_A_p": 0.00216684
    }
}