{
    "ECS_p": 0.341943,
    "ECS_n": 0.328984,
    "APower_p": 0.630109,
    "APower_n": 0.638974,
    "RCS_p": 0.0489883,
    "TCS_n": 0.0422563
}