{
    "KDHartreeFock": {
        "V1_0": 59.3215,
        "V1_asymm": -3.63193,
        "V1_A": 0.0524039,
        "V2_0_n": 0.00487503,
        "V2_A_n": -2.14112e-06,
        "V3_0_n": -2.01941e-06,
        "V3_A_n": 1.1657e-08,
        "V2_0_p": 0.00400368,
        "V2_A_p": 3.68601e-06,
        "V3_0_p": -2.37556e-05,
        "V3_A_p": 9.10278e-08,
        "V4_0": -4.08303e-08,
        "r_0": 1.30751,
        "r_A": 0.535514,
        "a_0": 0.691568,
        "a_A": 2.2244e-05
    },
    "KDCoulomb": {
        "r_C_0": 1.34853,
        "r_C_A": 0.359423,
        "r_C_A2": 15.8468
    },
    "KDRealSpinOrbit": {
        "V1_0": 5.63496,
        "V1_A": 0.0211907,
        "V2_0": 0.0063361,
        "r_0": 1.23364,
        "r_A": 0.570515,
        "a_0": 0.593874
    },
    "KDImagSpinOrbit": {
        "W1_0": -1.75839,
        "W2_0": 220.339
    },
    "KDImagVolume": {
        "W1_0_n": 17.3571,
        "W1_A_n": 0.0194032,
        "W1_0_p": 22.4504,
        "W1_A_p": -0.021261,
        "W2_0": 78.906,
        "W2_A": -0.029241
    },
    "KDImagSurface": {
        "D1_0": 18.1792,
        "D1_asymm": 20.2502,
        "D2_0": 0.0293893,
        "D2_A": 0.00474432,
        "D2_A2": 18.9631,
        "D2_A3": 107.019,
        "D3_0": 12.4181,
        "r_0": 1.28685,
        "r_A": 0.000820954,
        "a_0_n": 0.602067,
        "a_A_n": 0.000650953,
        "a_0_p": 0.489791,
        "a_A_p": 0.00150241
    }
}