{
    "ECS_p": 0.266753,
    "ECS_n": 0.173709,
    "APower_p": 0.350677,
    "APower_n": 0.301561,
    "RCS_p": 0.0010939,
    "TCS_n": 0.0273843
}