{
    "KDHartreeFock": {
        "V1_0": 61.5654,
        "V1_asymm": 10.7751,
        "V1_A": 0.0428499,
        "V2_0_n": 0.00682321,
        "V2_A_n": 8.85721e-06,
        "V3_0_n": 1.61456e-05,
        "V3_A_n": 5.49548e-08,
        "V2_0_p": 0.00544583,
        "V2_A_p": 7.72232e-06,
        "V3_0_p": 1.24456e-05,
        "V3_A_p": 3.21409e-08,
        "V4_0": 1.37714e-08,
        "r_0": 1.27637,
        "r_A": 0.46133,
        "a_0": 0.711406,
        "a_A": -0.000161468
    },
    "KDCoulomb": {
        "r_C_0": 1.19724,
        "r_C_A": 0.633655,
        "r_C_A2": 10.3533
    },
    "KDRealSpinOrbit": {
        "V1_0": 6.74028,
        "V1_A": 0.00423497,
        "V2_0": 0.00687581,
        "r_0": 1.2236,
        "r_A": 0.812706,
        "a_0": 0.56603
    },
    "KDImagSpinOrbit": {
        "W1_0": -10.8768,
        "W2_0": 310.862
    },
    "KDImagVolume": {
        "W1_0_n": 24.0301,
        "W1_A_n": 0.0488329,
        "W1_0_p": 20.1156,
        "W1_A_p": 0.117879,
        "W2_0": 116.997,
        "W2_A": 0.318614
    },
    "KDImagSurface": {
        "D1_0": 18.5968,
        "D1_asymm": 0.807271,
        "D2_0": 0.0125921,
        "D2_A": 0.00998957,
        "D2_A2": 6.859,
        "D2_A3": 243.639,
        "D3_0": 15.397,
        "r_0": 1.3527,
        "r_A": 0.0127946,
        "a_0_n": 0.48834,
        "a_A_n": 1.09335e-05,
        "a_0_p": 0.40596,
        "a_A_p": 0.00199091
    }
}