{
    "ECS_p": 0.265165,
    "ECS_n": 0.173382,
    "APower_p": 0.578322,
    "APower_n": 0.23824,
    "RCS_p": 0.0164332,
    "TCS_n": 0.0230679
}