{
    "KDHartreeFock": {
        "V1_0": 58.561,
        "V1_asymm": 8.53448,
        "V1_A": 0.0364016,
        "V2_0_n": 0.00648298,
        "V2_A_n": 8.10864e-06,
        "V3_0_n": 9.24747e-06,
        "V3_A_n": 6.1997e-08,
        "V2_0_p": 0.00504247,
        "V2_A_p": 5.45128e-06,
        "V3_0_p": -6.31167e-06,
        "V3_A_p": 7.23898e-08,
        "V4_0": -2.37462e-08,
        "r_0": 1.28923,
        "r_A": 0.441764,
        "a_0": 0.718317,
        "a_A": 7.90527e-05
    },
    "KDCoulomb": {
        "r_C_0": 1.10883,
        "r_C_A": 0.649543,
        "r_C_A2": 3.00003
    },
    "KDRealSpinOrbit": {
        "V1_0": 7.11693,
        "V1_A": -0.003893,
        "V2_0": 0.00523312,
        "r_0": 1.14879,
        "r_A": 0.191578,
        "a_0": 0.557239
    },
    "KDImagSpinOrbit": {
        "W1_0": -0.909974,
        "W2_0": 301.738
    },
    "KDImagVolume": {
        "W1_0_n": 15.9004,
        "W1_A_n": 0.056147,
        "W1_0_p": 16.0716,
        "W1_A_p": 0.0686152,
        "W2_0": 102.569,
        "W2_A": 0.238896
    },
    "KDImagSurface": {
        "D1_0": 14.3455,
        "D1_asymm": 0.933417,
        "D2_0": -0.0339231,
        "D2_A": 0.0522956,
        "D2_A2": 2.1604,
        "D2_A3": 329.885,
        "D3_0": 11.4747,
        "r_0": 1.322,
        "r_A": 0.00611281,
        "a_0_n": 0.528833,
        "a_A_n": 0.00017548,
        "a_0_p": 0.427643,
        "a_A_p": 0.00166661
    }
}