{
    "ECS_p": 0.406702,
    "ECS_n": 0.147168,
    "APower_p": 1.04725,
    "APower_n": 0.503799,
    "RCS_p": 0.0691092,
    "TCS_n": 0.0341523
}