{
    "KDHartreeFock": {
        "V1_0": 59.3189,
        "V1_asymm": 11.1145,
        "V1_A": 0.0357649,
        "V2_0_n": 0.00440522,
        "V2_A_n": -1.74344e-07,
        "V3_0_n": -7.37977e-06,
        "V3_A_n": -4.39337e-09,
        "V2_0_p": 0.00546839,
        "V2_A_p": 2.89519e-06,
        "V3_0_p": 3.58889e-06,
        "V3_A_p": 8.69111e-08,
        "V4_0": -4.72377e-08,
        "r_0": 1.25451,
        "r_A": 0.295036,
        "a_0": 0.63528,
        "a_A": -0.000473711
    },
    "KDCoulomb": {
        "r_C_0": 1.20121,
        "r_C_A": 0.964746,
        "r_C_A2": 26.4323
    },
    "KDRealSpinOrbit": {
        "V1_0": 12.3186,
        "V1_A": -0.0450977,
        "V2_0": 0.0257347,
        "r_0": 1.25418,
        "r_A": 0.708252,
        "a_0": 0.537415
    },
    "KDImagSpinOrbit": {
        "W1_0": -2.3817,
        "W2_0": 551.12
    },
    "KDImagVolume": {
        "W1_0_n": 24.9023,
        "W1_A_n": -0.0244977,
        "W1_0_p": 25.5005,
        "W1_A_p": 0.0512738,
        "W2_0": 104.553,
        "W2_A": 0.17879
    },
    "KDImagSurface": {
        "D1_0": 33.9645,
        "D1_asymm": 20.7228,
        "D2_0": 0.00676932,
        "D2_A": 0.0382336,
        "D2_A2": 12.7282,
        "D2_A3": 231.478,
        "D3_0": 19.9572,
        "r_0": 1.41837,
        "r_A": 0.0340936,
        "a_0_n": 0.553191,
        "a_A_n": -0.000131588,
        "a_0_p": 0.506689,
        "a_A_p": 0.00215659
    }
}