{
    "ECS_p": 0.354933,
    "ECS_n": 0.15245,
    "APower_p": 0.46674,
    "APower_n": 0.0669545,
    "RCS_p": 0.015778,
    "TCS_n": 0.0222981
}