{
    "KDHartreeFock": {
        "V1_0": 56.4338,
        "V1_asymm": 12.5233,
        "V1_A": 0.00894974,
        "V2_0_n": 0.00675227,
        "V2_A_n": 3.27799e-07,
        "V3_0_n": 1.46526e-05,
        "V3_A_n": -4.10658e-09,
        "V2_0_p": 0.00601341,
        "V2_A_p": 1.31849e-05,
        "V3_0_p": 1.52757e-05,
        "V3_A_p": 5.9611e-08,
        "V4_0": 1.92912e-09,
        "r_0": 1.25007,
        "r_A": 0.230706,
        "a_0": 0.717154,
        "a_A": -2.0153e-05
    },
    "KDCoulomb": {
        "r_C_0": 1.28352,
        "r_C_A": 0.17068,
        "r_C_A2": -4.12241
    },
    "KDRealSpinOrbit": {
        "V1_0": 5.98462,
        "V1_A": 0.00820836,
        "V2_0": 0.0113523,
        "r_0": 1.23797,
        "r_A": 0.806569,
        "a_0": 0.551875
    },
    "KDImagSpinOrbit": {
        "W1_0": -3.18067,
        "W2_0": 126.2
    },
    "KDImagVolume": {
        "W1_0_n": 19.0776,
        "W1_A_n": -0.0129396,
        "W1_0_p": 14.8027,
        "W1_A_p": 0.0262748,
        "W2_0": 96.4875,
        "W2_A": -0.104075
    },
    "KDImagSurface": {
        "D1_0": 21.2422,
        "D1_asymm": 0.961573,
        "D2_0": 0.0621641,
        "D2_A": -0.0341009,
        "D2_A2": 8.61817,
        "D2_A3": 275.33,
        "D3_0": 15.394,
        "r_0": 1.28611,
        "r_A": 0.00444034,
        "a_0_n": 0.532391,
        "a_A_n": 0.00038664,
        "a_0_p": 0.468586,
        "a_A_p": 0.00131103
    }
}