{
    "ECS_p": 0.337159,
    "ECS_n": 0.244437,
    "APower_p": 0.815956,
    "APower_n": 0.681014,
    "RCS_p": 0.0348099,
    "TCS_n": 0.0281305
}