{
    "KDHartreeFock": {
        "V1_0": 56.7683,
        "V1_asymm": 20.0776,
        "V1_A": 0.0223786,
        "V2_0_n": 0.00446089,
        "V2_A_n": -5.57395e-06,
        "V3_0_n": -6.87303e-06,
        "V3_A_n": -1.85768e-08,
        "V2_0_p": 0.00466051,
        "V2_A_p": 2.20411e-05,
        "V3_0_p": -1.32657e-05,
        "V3_A_p": 1.50153e-07,
        "V4_0": -4.36629e-08,
        "r_0": 1.34214,
        "r_A": 0.553636,
        "a_0": 0.671597,
        "a_A": -5.67832e-05
    },
    "KDCoulomb": {
        "r_C_0": 1.12545,
        "r_C_A": -0.218183,
        "r_C_A2": 10.6352
    },
    "KDRealSpinOrbit": {
        "V1_0": 5.29869,
        "V1_A": -0.00637896,
        "V2_0": 0.00276834,
        "r_0": 1.33484,
        "r_A": 0.992612,
        "a_0": 0.519614
    },
    "KDImagSpinOrbit": {
        "W1_0": -1.44116,
        "W2_0": 110.671
    },
    "KDImagVolume": {
        "W1_0_n": 20.8523,
        "W1_A_n": -0.021502,
        "W1_0_p": 22.5717,
        "W1_A_p": -0.0550924,
        "W2_0": 124.464,
        "W2_A": -0.19477
    },
    "KDImagSurface": {
        "D1_0": 13.9205,
        "D1_asymm": 10.5909,
        "D2_0": 0.0180559,
        "D2_A": 0.000687214,
        "D2_A2": -7.814,
        "D2_A3": 324.901,
        "D3_0": 8.12398,
        "r_0": 1.43664,
        "r_A": 0.039121,
        "a_0_n": 0.516396,
        "a_A_n": -0.000103281,
        "a_0_p": 0.463012,
        "a_A_p": 0.00061642
    }
}