{
    "ECS_p": 0.495634,
    "ECS_n": 0.510989,
    "APower_p": 0.712836,
    "APower_n": 0.686929,
    "RCS_p": 0.0496883,
    "TCS_n": 0.0348043
}