{
    "KDHartreeFock": {
        "V1_0": 59.6154,
        "V1_asymm": 10.0905,
        "V1_A": 0.0418435,
        "V2_0_n": 0.00448413,
        "V2_A_n": -8.39957e-06,
        "V3_0_n": 6.11511e-07,
        "V3_A_n": -2.74444e-09,
        "V2_0_p": 0.00668289,
        "V2_A_p": 3.72202e-06,
        "V3_0_p": 1.1483e-05,
        "V3_A_p": -2.11554e-09,
        "V4_0": -1.21396e-08,
        "r_0": 1.39042,
        "r_A": 0.819431,
        "a_0": 0.673841,
        "a_A": 9.84573e-05
    },
    "KDCoulomb": {
        "r_C_0": 1.13584,
        "r_C_A": 1.72395,
        "r_C_A2": 3.34249
    },
    "KDRealSpinOrbit": {
        "V1_0": 3.6306,
        "V1_A": 0.0162192,
        "V2_0": -0.000437331,
        "r_0": 1.10465,
        "r_A": 0.390444,
        "a_0": 0.644351
    },
    "KDImagSpinOrbit": {
        "W1_0": -4.34005,
        "W2_0": 210.942
    },
    "KDImagVolume": {
        "W1_0_n": 25.933,
        "W1_A_n": -0.0636566,
        "W1_0_p": 23.749,
        "W1_A_p": -0.00916709,
        "W2_0": 112.218,
        "W2_A": -0.194082
    },
    "KDImagSurface": {
        "D1_0": 26.4339,
        "D1_asymm": 34.2137,
        "D2_0": -0.0162557,
        "D2_A": 0.0511214,
        "D2_A2": -8.70818,
        "D2_A3": -173.075,
        "D3_0": 17.8375,
        "r_0": 1.39261,
        "r_A": 0.0200924,
        "a_0_n": 0.531688,
        "a_A_n": 4.25604e-05,
        "a_0_p": 0.530018,
        "a_A_p": -0.000160796
    }
}