{
    "ECS_p": 0.291077,
    "ECS_n": 0.194305,
    "APower_p": 0.433259,
    "APower_n": 0.29032,
    "RCS_p": 0.0145446,
    "TCS_n": 0.0268887
}