{
    "KDHartreeFock": {
        "V1_0": 60.3381,
        "V1_asymm": 1.40593,
        "V1_A": 0.0351233,
        "V2_0_n": 0.00769472,
        "V2_A_n": -6.75735e-06,
        "V3_0_n": 2.85361e-05,
        "V3_A_n": -4.60698e-08,
        "V2_0_p": 0.00736926,
        "V2_A_p": -7.13441e-06,
        "V3_0_p": 2.82578e-05,
        "V3_A_p": -4.45401e-08,
        "V4_0": 5.2865e-08,
        "r_0": 1.28642,
        "r_A": 0.443389,
        "a_0": 0.692111,
        "a_A": -8.70156e-05
    },
    "KDCoulomb": {
        "r_C_0": 1.06999,
        "r_C_A": -0.316528,
        "r_C_A2": 20.5207
    },
    "KDRealSpinOrbit": {
        "V1_0": 4.85514,
        "V1_A": 0.0107685,
        "V2_0": 0.00367523,
        "r_0": 1.2277,
        "r_A": 0.751138,
        "a_0": 0.656275
    },
    "KDImagSpinOrbit": {
        "W1_0": -3.38548,
        "W2_0": 311.786
    },
    "KDImagVolume": {
        "W1_0_n": 23.7554,
        "W1_A_n": -0.0529105,
        "W1_0_p": 15.4806,
        "W1_A_p": 0.00296987,
        "W2_0": 99.1652,
        "W2_A": 0.111509
    },
    "KDImagSurface": {
        "D1_0": 15.6955,
        "D1_asymm": 8.23417,
        "D2_0": 0.0173439,
        "D2_A": 0.00136484,
        "D2_A2": 7.79705,
        "D2_A3": 113.352,
        "D3_0": 12.3838,
        "r_0": 1.38529,
        "r_A": 0.0291683,
        "a_0_n": 0.493931,
        "a_A_n": -0.000495531,
        "a_0_p": 0.497057,
        "a_A_p": 0.00173296
    }
}