{
    "ECS_p": 0.284307,
    "ECS_n": 0.17637,
    "APower_p": 0.392256,
    "APower_n": 0.218988,
    "RCS_p": 0.00454872,
    "TCS_n": 0.0253345
}