{
    "KDHartreeFock": {
        "V1_0": 57.0806,
        "V1_asymm": 12.5394,
        "V1_A": 0.031747,
        "V2_0_n": 0.00640069,
        "V2_A_n": 3.2429e-06,
        "V3_0_n": 9.81593e-06,
        "V3_A_n": 4.43097e-09,
        "V2_0_p": 0.00719228,
        "V2_A_p": -6.27932e-06,
        "V3_0_p": 1.74571e-05,
        "V3_A_p": -3.9867e-08,
        "V4_0": -2.93444e-11,
        "r_0": 1.26197,
        "r_A": 0.276946,
        "a_0": 0.662604,
        "a_A": -0.000479899
    },
    "KDCoulomb": {
        "r_C_0": 1.17912,
        "r_C_A": 1.66777,
        "r_C_A2": 18.0964
    },
    "KDRealSpinOrbit": {
        "V1_0": 5.03605,
        "V1_A": 0.00758098,
        "V2_0": 0.00285529,
        "r_0": 1.28313,
        "r_A": 0.923628,
        "a_0": 0.610252
    },
    "KDImagSpinOrbit": {
        "W1_0": -3.14141,
        "W2_0": 203.286
    },
    "KDImagVolume": {
        "W1_0_n": 21.8541,
        "W1_A_n": -0.0151415,
        "W1_0_p": 18.5449,
        "W1_A_p": 0.0164028,
        "W2_0": 107.192,
        "W2_A": 0.0939555
    },
    "KDImagSurface": {
        "D1_0": 16.183,
        "D1_asymm": 7.94096,
        "D2_0": 0.0188833,
        "D2_A": 0.00197429,
        "D2_A2": 16.0697,
        "D2_A3": 199.538,
        "D3_0": 14.6046,
        "r_0": 1.29905,
        "r_A": -0.00122273,
        "a_0_n": 0.473463,
        "a_A_n": -0.000671415,
        "a_0_p": 0.419251,
        "a_A_p": 0.00242007
    }
}