{
    "ECS_p": 0.265026,
    "ECS_n": 0.206123,
    "APower_p": 0.441401,
    "APower_n": 0.304797,
    "RCS_p": 0.00832827,
    "TCS_n": 0.0220994
}