{
    "KDHartreeFock": {
        "V1_0": 57.2392,
        "V1_asymm": 8.22682,
        "V1_A": 0.0290445,
        "V2_0_n": 0.00693591,
        "V2_A_n": 8.76731e-06,
        "V3_0_n": 1.53048e-05,
        "V3_A_n": 4.94033e-08,
        "V2_0_p": 0.00635604,
        "V2_A_p": 7.67974e-07,
        "V3_0_p": 1.30345e-05,
        "V3_A_p": 1.84691e-09,
        "V4_0": 4.24012e-09,
        "r_0": 1.27608,
        "r_A": 0.338256,
        "a_0": 0.70871,
        "a_A": 0.000281352
    },
    "KDCoulomb": {
        "r_C_0": 1.14741,
        "r_C_A": 1.04745,
        "r_C_A2": 10.0741
    },
    "KDRealSpinOrbit": {
        "V1_0": 6.00896,
        "V1_A": -0.000922301,
        "V2_0": 0.00493573,
        "r_0": 1.16439,
        "r_A": 0.430851,
        "a_0": 0.566944
    },
    "KDImagSpinOrbit": {
        "W1_0": -4.71756,
        "W2_0": 163.609
    },
    "KDImagVolume": {
        "W1_0_n": 23.0638,
        "W1_A_n": 0.0190549,
        "W1_0_p": 20.6334,
        "W1_A_p": 0.0749777,
        "W2_0": 141.064,
        "W2_A": 0.0662294
    },
    "KDImagSurface": {
        "D1_0": 14.4139,
        "D1_asymm": 10.3475,
        "D2_0": -0.0325477,
        "D2_A": 0.0516199,
        "D2_A2": 18.3891,
        "D2_A3": 387.565,
        "D3_0": 13.64,
        "r_0": 1.29866,
        "r_A": 0.00337156,
        "a_0_n": 0.545771,
        "a_A_n": -0.000271354,
        "a_0_p": 0.493707,
        "a_A_p": 0.00107759
    }
}