{
    "ECS_p": 0.245309,
    "ECS_n": 0.203937,
    "APower_p": 0.364909,
    "APower_n": 0.172344,
    "RCS_p": 0.0142426,
    "TCS_n": 0.0297983
}