{
    "KDHartreeFock": {
        "V1_0": 62.0522,
        "V1_asymm": 16.8314,
        "V1_A": 0.0408779,
        "V2_0_n": 0.00657582,
        "V2_A_n": 4.5496e-06,
        "V3_0_n": 1.1501e-05,
        "V3_A_n": 1.5335e-08,
        "V2_0_p": 0.00671863,
        "V2_A_p": 3.44883e-06,
        "V3_0_p": 1.38876e-05,
        "V3_A_p": 3.03418e-08,
        "V4_0": 5.29371e-09,
        "r_0": 1.2703,
        "r_A": 0.473035,
        "a_0": 0.701873,
        "a_A": -0.000284443
    },
    "KDCoulomb": {
        "r_C_0": 1.14191,
        "r_C_A": 0.250889,
        "r_C_A2": 11.33
    },
    "KDRealSpinOrbit": {
        "V1_0": 5.89148,
        "V1_A": 0.00481763,
        "V2_0": 0.00160984,
        "r_0": 1.2562,
        "r_A": 1.08574,
        "a_0": 0.734566
    },
    "KDImagSpinOrbit": {
        "W1_0": -7.60391,
        "W2_0": 255.038
    },
    "KDImagVolume": {
        "W1_0_n": 31.2706,
        "W1_A_n": -0.0199087,
        "W1_0_p": 18.0873,
        "W1_A_p": 0.138637,
        "W2_0": 137.138,
        "W2_A": 0.312895
    },
    "KDImagSurface": {
        "D1_0": 15.4474,
        "D1_asymm": 2.89458,
        "D2_0": 0.0613857,
        "D2_A": -0.0406114,
        "D2_A2": -6.46296,
        "D2_A3": -47.8008,
        "D3_0": 16.1488,
        "r_0": 1.34143,
        "r_A": 0.0125742,
        "a_0_n": 0.535041,
        "a_A_n": -0.000791508,
        "a_0_p": 0.522681,
        "a_A_p": 0.0014719
    }
}