{
    "ECS_p": 0.606573,
    "ECS_n": 0.498284,
    "APower_p": 0.659443,
    "APower_n": 0.61232,
    "RCS_p": 0.0269327,
    "TCS_n": 0.0281983
}