{
    "KDHartreeFock": {
        "V1_0": 61.0743,
        "V1_asymm": 22.593,
        "V1_A": 0.0294491,
        "V2_0_n": 0.00666792,
        "V2_A_n": 7.95e-06,
        "V3_0_n": 1.63294e-05,
        "V3_A_n": 4.85887e-08,
        "V2_0_p": 0.00617762,
        "V2_A_p": 7.71435e-06,
        "V3_0_p": 1.09871e-05,
        "V3_A_p": 6.37976e-08,
        "V4_0": 1.0682e-08,
        "r_0": 1.24356,
        "r_A": 0.33023,
        "a_0": 0.682293,
        "a_A": -0.000373869
    },
    "KDCoulomb": {
        "r_C_0": 0.96925,
        "r_C_A": -0.197587,
        "r_C_A2": 8.05432
    },
    "KDRealSpinOrbit": {
        "V1_0": 3.26902,
        "V1_A": 0.0178357,
        "V2_0": 0.00488602,
        "r_0": 1.14614,
        "r_A": 0.246341,
        "a_0": 0.529866
    },
    "KDImagSpinOrbit": {
        "W1_0": -3.05427,
        "W2_0": 158.691
    },
    "KDImagVolume": {
        "W1_0_n": 26.1954,
        "W1_A_n": -0.0139662,
        "W1_0_p": 22.0958,
        "W1_A_p": 0.0311307,
        "W2_0": 149.967,
        "W2_A": 0.0035626
    },
    "KDImagSurface": {
        "D1_0": 17.648,
        "D1_asymm": 14.5489,
        "D2_0": 0.0213408,
        "D2_A": -0.00190352,
        "D2_A2": 16.1693,
        "D2_A3": 216.418,
        "D3_0": 14.9908,
        "r_0": 1.23071,
        "r_A": 0.00283894,
        "a_0_n": 0.586771,
        "a_A_n": -0.000529312,
        "a_0_p": 0.481284,
        "a_A_p": 0.00147176
    }
}