{
    "ECS_p": 0.241747,
    "ECS_n": 0.186,
    "APower_p": 0.340978,
    "APower_n": 0.234885,
    "RCS_p": 0.017605,
    "TCS_n": 0.0430978
}