{
    "KDHartreeFock": {
        "V1_0": 59.8997,
        "V1_asymm": 14.6519,
        "V1_A": 0.010628,
        "V2_0_n": 0.00649158,
        "V2_A_n": -4.98893e-06,
        "V3_0_n": 1.61692e-05,
        "V3_A_n": -5.37576e-09,
        "V2_0_p": 0.00675693,
        "V2_A_p": 6.28778e-06,
        "V3_0_p": 1.85011e-05,
        "V3_A_p": 3.7787e-08,
        "V4_0": 2.23112e-08,
        "r_0": 1.23129,
        "r_A": 0.348752,
        "a_0": 0.708792,
        "a_A": -5.3545e-05
    },
    "KDCoulomb": {
        "r_C_0": 1.24427,
        "r_C_A": 0.424811,
        "r_C_A2": 12.9739
    },
    "KDRealSpinOrbit": {
        "V1_0": 5.80428,
        "V1_A": 0.00655343,
        "V2_0": 0.00293896,
        "r_0": 1.30864,
        "r_A": 1.22945,
        "a_0": 0.607021
    },
    "KDImagSpinOrbit": {
        "W1_0": -1.9193,
        "W2_0": 108.907
    },
    "KDImagVolume": {
        "W1_0_n": 21.1571,
        "W1_A_n": 0.0217602,
        "W1_0_p": 16.1394,
        "W1_A_p": 0.0922145,
        "W2_0": 78.1556,
        "W2_A": 0.595284
    },
    "KDImagSurface": {
        "D1_0": 11.1187,
        "D1_asymm": 1.38243,
        "D2_0": 0.0108915,
        "D2_A": 0.00927241,
        "D2_A2": 12.4329,
        "D2_A3": 57.7293,
        "D3_0": 11.8812,
        "r_0": 1.4403,
        "r_A": 0.0348,
        "a_0_n": 0.557805,
        "a_A_n": 4.56536e-05,
        "a_0_p": 0.524497,
        "a_A_p": 0.00151086
    }
}