{
    "ECS_p": 0.50675,
    "ECS_n": 0.522131,
    "APower_p": 0.612065,
    "APower_n": 0.709061,
    "RCS_p": 0.0398935,
    "TCS_n": 0.04024
}