{
    "KDHartreeFock": {
        "V1_0": 64.0672,
        "V1_asymm": 15.7359,
        "V1_A": 0.0540562,
        "V2_0_n": 0.00751736,
        "V2_A_n": 1.00087e-05,
        "V3_0_n": 2.23531e-05,
        "V3_A_n": 7.09334e-08,
        "V2_0_p": 0.00791406,
        "V2_A_p": 5.76091e-07,
        "V3_0_p": 2.19878e-05,
        "V3_A_p": 6.07121e-09,
        "V4_0": 8.07228e-09,
        "r_0": 1.26636,
        "r_A": 0.364719,
        "a_0": 0.589609,
        "a_A": -0.000837001
    },
    "KDCoulomb": {
        "r_C_0": 1.21014,
        "r_C_A": 2.2785,
        "r_C_A2": 26.7433
    },
    "KDRealSpinOrbit": {
        "V1_0": 1.96632,
        "V1_A": 0.0231093,
        "V2_0": 0.00449468,
        "r_0": 1.14753,
        "r_A": 0.324013,
        "a_0": 0.574282
    },
    "KDImagSpinOrbit": {
        "W1_0": -4.33229,
        "W2_0": 173.658
    },
    "KDImagVolume": {
        "W1_0_n": 18.8835,
        "W1_A_n": 0.0118522,
        "W1_0_p": 18.6204,
        "W1_A_p": 0.0227779,
        "W2_0": 132.902,
        "W2_A": -0.278895
    },
    "KDImagSurface": {
        "D1_0": 23.5132,
        "D1_asymm": 18.8909,
        "D2_0": 0.0310797,
        "D2_A": -0.00617959,
        "D2_A2": 9.50742,
        "D2_A3": 269.595,
        "D3_0": 19.5457,
        "r_0": 1.29302,
        "r_A": 0.0121509,
        "a_0_n": 0.54877,
        "a_A_n": -0.000184556,
        "a_0_p": 0.485647,
        "a_A_p": 0.00149235
    }
}