{
    "ECS_p": 0.238877,
    "ECS_n": 0.178646,
    "APower_p": 0.47808,
    "APower_n": 0.107755,
    "RCS_p": 0.0331019,
    "TCS_n": 0.0216431
}