{
    "KDHartreeFock": {
        "V1_0": 58.0442,
        "V1_asymm": 15.5117,
        "V1_A": 0.0147381,
        "V2_0_n": 0.00629166,
        "V2_A_n": -8.92259e-06,
        "V3_0_n": 1.80131e-05,
        "V3_A_n": -3.65281e-08,
        "V2_0_p": 0.00808006,
        "V2_A_p": 4.6844e-06,
        "V3_0_p": 3.18875e-05,
        "V3_A_p": -1.85027e-08,
        "V4_0": 3.01604e-08,
        "r_0": 1.29039,
        "r_A": 0.385914,
        "a_0": 0.687753,
        "a_A": 0.000209
    },
    "KDCoulomb": {
        "r_C_0": 1.12858,
        "r_C_A": 0.372395,
        "r_C_A2": 7.1825
    },
    "KDRealSpinOrbit": {
        "V1_0": 5.29241,
        "V1_A": 0.00920095,
        "V2_0": 0.00438342,
        "r_0": 1.27098,
        "r_A": 1.04407,
        "a_0": 0.552753
    },
    "KDImagSpinOrbit": {
        "W1_0": -1.29191,
        "W2_0": 171.732
    },
    "KDImagVolume": {
        "W1_0_n": 22.9762,
        "W1_A_n": -5.64224e-05,
        "W1_0_p": 25.9853,
        "W1_A_p": 0.00848308,
        "W2_0": 154.923,
        "W2_A": -0.268163
    },
    "KDImagSurface": {
        "D1_0": 19.4103,
        "D1_asymm": 8.53675,
        "D2_0": 0.0251194,
        "D2_A": 0.00121645,
        "D2_A2": 2.93351,
        "D2_A3": 306.709,
        "D3_0": 13.9645,
        "r_0": 1.37959,
        "r_A": 0.0294912,
        "a_0_n": 0.516215,
        "a_A_n": -0.000392018,
        "a_0_p": 0.473207,
        "a_A_p": 0.00192096
    }
}