{
    "ECS_p": 0.254121,
    "ECS_n": 0.191137,
    "APower_p": 0.321707,
    "APower_n": 0.390822,
    "RCS_p": 0.0283726,
    "TCS_n": 0.0361834
}