{
    "KDHartreeFock": {
        "V1_0": 59.1437,
        "V1_asymm": 10.0273,
        "V1_A": 0.031949,
        "V2_0_n": 0.00681396,
        "V2_A_n": 2.0736e-06,
        "V3_0_n": 9.45704e-06,
        "V3_A_n": -5.32552e-10,
        "V2_0_p": 0.00554667,
        "V2_A_p": 4.50146e-06,
        "V3_0_p": 8.29989e-06,
        "V3_A_p": -7.03963e-09,
        "V4_0": -9.58331e-09,
        "r_0": 1.2803,
        "r_A": 0.410583,
        "a_0": 0.702695,
        "a_A": 1.77151e-05
    },
    "KDCoulomb": {
        "r_C_0": 1.29836,
        "r_C_A": 0.66911,
        "r_C_A2": 20.2017
    },
    "KDRealSpinOrbit": {
        "V1_0": 5.6098,
        "V1_A": 0.00424142,
        "V2_0": 0.00139033,
        "r_0": 1.18288,
        "r_A": 0.637001,
        "a_0": 0.645422
    },
    "KDImagSpinOrbit": {
        "W1_0": -1.43593,
        "W2_0": 52.2456
    },
    "KDImagVolume": {
        "W1_0_n": 18.9947,
        "W1_A_n": 0.00392398,
        "W1_0_p": 11.0265,
        "W1_A_p": 0.0830643,
        "W2_0": 110.525,
        "W2_A": 0.158786
    },
    "KDImagSurface": {
        "D1_0": 9.84108,
        "D1_asymm": 9.58291,
        "D2_0": 0.0615261,
        "D2_A": -0.0513671,
        "D2_A2": 11.893,
        "D2_A3": 314.045,
        "D3_0": 8.47531,
        "r_0": 1.29411,
        "r_A": 0.00999834,
        "a_0_n": 0.575324,
        "a_A_n": -0.000332652,
        "a_0_p": 0.485845,
        "a_A_p": 0.00171693
    }
}