{
    "ECS_p": 0.682673,
    "ECS_n": 0.273609,
    "APower_p": 0.722194,
    "APower_n": 0.689625,
    "RCS_p": 0.0369318,
    "TCS_n": 0.0291705
}