{
    "KDHartreeFock": {
        "V1_0": 59.2607,
        "V1_asymm": 13.0498,
        "V1_A": 0.0361982,
        "V2_0_n": 0.00566419,
        "V2_A_n": 2.19043e-07,
        "V3_0_n": 5.0476e-06,
        "V3_A_n": 2.75871e-08,
        "V2_0_p": 0.0047343,
        "V2_A_p": 1.20157e-05,
        "V3_0_p": -1.09226e-06,
        "V3_A_p": 4.98318e-08,
        "V4_0": -2.17612e-08,
        "r_0": 1.40991,
        "r_A": 0.908622,
        "a_0": 0.739554,
        "a_A": 0.000691229
    },
    "KDCoulomb": {
        "r_C_0": 1.14293,
        "r_C_A": -0.864092,
        "r_C_A2": 12.9512
    },
    "KDRealSpinOrbit": {
        "V1_0": 3.91762,
        "V1_A": 0.0129329,
        "V2_0": 0.00193978,
        "r_0": 1.29486,
        "r_A": 1.04933,
        "a_0": 0.595224
    },
    "KDImagSpinOrbit": {
        "W1_0": -3.38523,
        "W2_0": 149.242
    },
    "KDImagVolume": {
        "W1_0_n": 20.645,
        "W1_A_n": -0.028231,
        "W1_0_p": 20.9281,
        "W1_A_p": -0.00762283,
        "W2_0": 98.3247,
        "W2_A": -0.120731
    },
    "KDImagSurface": {
        "D1_0": 29.3863,
        "D1_asymm": 6.70086,
        "D2_0": -0.0493085,
        "D2_A": 0.0837406,
        "D2_A2": 23.9759,
        "D2_A3": 274.387,
        "D3_0": 21.0906,
        "r_0": 1.46358,
        "r_A": 0.0431166,
        "a_0_n": 0.552075,
        "a_A_n": 5.36237e-05,
        "a_0_p": 0.474201,
        "a_A_p": 0.000302876
    }
}