{
    "ECS_p": 0.492243,
    "ECS_n": 0.412539,
    "APower_p": 0.57615,
    "APower_n": 0.595029,
    "RCS_p": 0.0406319,
    "TCS_n": 0.0399251
}