{
    "KDHartreeFock": {
        "V1_0": 64.7474,
        "V1_asymm": 18.5048,
        "V1_A": 0.0491511,
        "V2_0_n": 0.0076634,
        "V2_A_n": 1.637e-05,
        "V3_0_n": 2.26892e-05,
        "V3_A_n": 9.96944e-08,
        "V2_0_p": 0.00691855,
        "V2_A_p": -5.49209e-06,
        "V3_0_p": 1.14092e-05,
        "V3_A_p": -5.3865e-10,
        "V4_0": 5.17228e-09,
        "r_0": 1.21657,
        "r_A": 0.296262,
        "a_0": 0.693173,
        "a_A": -0.000421171
    },
    "KDCoulomb": {
        "r_C_0": 1.29657,
        "r_C_A": -0.754849,
        "r_C_A2": -3.81051
    },
    "KDRealSpinOrbit": {
        "V1_0": 6.07112,
        "V1_A": -0.00118139,
        "V2_0": 0.0070762,
        "r_0": 1.18572,
        "r_A": 0.370161,
        "a_0": 0.506852
    },
    "KDImagSpinOrbit": {
        "W1_0": -1.52813,
        "W2_0": 261.425
    },
    "KDImagVolume": {
        "W1_0_n": 15.0155,
        "W1_A_n": 0.0401502,
        "W1_0_p": 17.3865,
        "W1_A_p": 0.0151711,
        "W2_0": 88.442,
        "W2_A": 0.207927
    },
    "KDImagSurface": {
        "D1_0": 13.4144,
        "D1_asymm": 18.9684,
        "D2_0": 0.049505,
        "D2_A": -0.0295931,
        "D2_A2": 3.5128,
        "D2_A3": 423.651,
        "D3_0": 12.2976,
        "r_0": 1.29924,
        "r_A": 0.0086086,
        "a_0_n": 0.58925,
        "a_A_n": -0.000386264,
        "a_0_p": 0.499477,
        "a_A_p": 0.000731592
    }
}