{
    "ECS_p": 0.292076,
    "ECS_n": 0.219969,
    "APower_p": 0.327232,
    "APower_n": 0.0939762,
    "RCS_p": 0.0126255,
    "TCS_n": 0.0320119
}