{
    "KDHartreeFock": {
        "V1_0": 58.3876,
        "V1_asymm": 12.3041,
        "V1_A": 0.0290476,
        "V2_0_n": 0.00565445,
        "V2_A_n": -9.91189e-07,
        "V3_0_n": 9.18652e-06,
        "V3_A_n": 8.76345e-09,
        "V2_0_p": 0.00520499,
        "V2_A_p": 1.04037e-05,
        "V3_0_p": 8.914e-06,
        "V3_A_p": 2.63771e-08,
        "V4_0": -5.47581e-09,
        "r_0": 1.27609,
        "r_A": 0.428048,
        "a_0": 0.68528,
        "a_A": -0.000144997
    },
    "KDCoulomb": {
        "r_C_0": 1.13326,
        "r_C_A": 0.407352,
        "r_C_A2": 7.28188
    },
    "KDRealSpinOrbit": {
        "V1_0": 4.49414,
        "V1_A": 0.0132429,
        "V2_0": 0.00443028,
        "r_0": 1.18327,
        "r_A": 0.630217,
        "a_0": 0.569707
    },
    "KDImagSpinOrbit": {
        "W1_0": -6.40426,
        "W2_0": 317.396
    },
    "KDImagVolume": {
        "W1_0_n": 22.7618,
        "W1_A_n": 0.0246211,
        "W1_0_p": 26.5262,
        "W1_A_p": 0.0441511,
        "W2_0": 155.655,
        "W2_A": -0.0551456
    },
    "KDImagSurface": {
        "D1_0": 18.1095,
        "D1_asymm": 12.4398,
        "D2_0": 0.0247426,
        "D2_A": -0.00866028,
        "D2_A2": 16.8509,
        "D2_A3": -36.5677,
        "D3_0": 15.8194,
        "r_0": 1.328,
        "r_A": 0.00516272,
        "a_0_n": 0.602342,
        "a_A_n": 0.000175372,
        "a_0_p": 0.492121,
        "a_A_p": 0.00159417
    }
}