{
    "ECS_p": 0.28334,
    "ECS_n": 0.169436,
    "APower_p": 0.72891,
    "APower_n": 0.523689,
    "RCS_p": 0.0306203,
    "TCS_n": 0.0379481
}