{
    "KDHartreeFock": {
        "V1_0": 65.504,
        "V1_asymm": 8.16847,
        "V1_A": 0.0656573,
        "V2_0_n": 0.00881922,
        "V2_A_n": 7.09308e-06,
        "V3_0_n": 3.98784e-05,
        "V3_A_n": 2.19198e-08,
        "V2_0_p": 0.0101741,
        "V2_A_p": -1.43251e-05,
        "V3_0_p": 5.32208e-05,
        "V3_A_p": -8.77026e-08,
        "V4_0": 7.70773e-08,
        "r_0": 1.30665,
        "r_A": 0.576574,
        "a_0": 0.662909,
        "a_A": -0.000293603
    },
    "KDCoulomb": {
        "r_C_0": 1.26814,
        "r_C_A": 0.868267,
        "r_C_A2": 25.4667
    },
    "KDRealSpinOrbit": {
        "V1_0": 5.34654,
        "V1_A": 0.0247573,
        "V2_0": 0.0144484,
        "r_0": 1.34628,
        "r_A": 1.31435,
        "a_0": 0.541408
    },
    "KDImagSpinOrbit": {
        "W1_0": -3.32856,
        "W2_0": 188.449
    },
    "KDImagVolume": {
        "W1_0_n": 20.7369,
        "W1_A_n": 0.0333242,
        "W1_0_p": 23.3982,
        "W1_A_p": 0.0488242,
        "W2_0": 92.6503,
        "W2_A": 0.545269
    },
    "KDImagSurface": {
        "D1_0": 21.7061,
        "D1_asymm": 7.52622,
        "D2_0": -0.0115803,
        "D2_A": 0.0395707,
        "D2_A2": 12.8287,
        "D2_A3": 393.9,
        "D3_0": 18.74,
        "r_0": 1.17824,
        "r_A": -0.0205541,
        "a_0_n": 0.598687,
        "a_A_n": 0.000119583,
        "a_0_p": 0.541303,
        "a_A_p": 0.00146652
    }
}