{
    "ECS_p": 0.409498,
    "ECS_n": 0.219404,
    "APower_p": 0.575203,
    "APower_n": 0.423489,
    "RCS_p": 0.0428979,
    "TCS_n": 0.0592657
}