{
    "KDHartreeFock": {
        "V1_0": 61.8187,
        "V1_asymm": 9.21533,
        "V1_A": 0.0440742,
        "V2_0_n": 0.00657443,
        "V2_A_n": -4.76776e-06,
        "V3_0_n": 1.77256e-05,
        "V3_A_n": -1.42314e-08,
        "V2_0_p": 0.00693419,
        "V2_A_p": 5.53653e-06,
        "V3_0_p": 1.44703e-05,
        "V3_A_p": 7.00963e-08,
        "V4_0": 1.02535e-08,
        "r_0": 1.32019,
        "r_A": 0.59143,
        "a_0": 0.649881,
        "a_A": -2.46133e-05
    },
    "KDCoulomb": {
        "r_C_0": 1.23875,
        "r_C_A": 0.792074,
        "r_C_A2": 29.1931
    },
    "KDRealSpinOrbit": {
        "V1_0": 4.35232,
        "V1_A": 0.018775,
        "V2_0": 0.00748303,
        "r_0": 1.18873,
        "r_A": 0.550785,
        "a_0": 0.536587
    },
    "KDImagSpinOrbit": {
        "W1_0": -6.66309,
        "W2_0": 338.424
    },
    "KDImagVolume": {
        "W1_0_n": 19.5011,
        "W1_A_n": 0.0344086,
        "W1_0_p": 22.6582,
        "W1_A_p": 0.0482422,
        "W2_0": 98.6815,
        "W2_A": 0.536878
    },
    "KDImagSurface": {
        "D1_0": 19.2764,
        "D1_asymm": 13.904,
        "D2_0": 0.0803626,
        "D2_A": -0.0577532,
        "D2_A2": 4.13898,
        "D2_A3": 233.678,
        "D3_0": 18.6748,
        "r_0": 1.32463,
        "r_A": 0.0141368,
        "a_0_n": 0.589134,
        "a_A_n": -0.000916195,
        "a_0_p": 0.478391,
        "a_A_p": 0.00180479
    }
}