{
    "ECS_p": 0.314102,
    "ECS_n": 0.196598,
    "APower_p": 0.392611,
    "APower_n": 0.182176,
    "RCS_p": 0.0180064,
    "TCS_n": 0.0300391
}