{
    "KDHartreeFock": {
        "V1_0": 57.0598,
        "V1_asymm": 16.1536,
        "V1_A": 0.0165345,
        "V2_0_n": 0.00556489,
        "V2_A_n": 3.79455e-06,
        "V3_0_n": 4.81409e-07,
        "V3_A_n": 2.33632e-08,
        "V2_0_p": 0.0066527,
        "V2_A_p": -1.02006e-05,
        "V3_0_p": 9.46862e-06,
        "V3_A_p": -6.4007e-08,
        "V4_0": -2.29095e-08,
        "r_0": 1.2958,
        "r_A": 0.476741,
        "a_0": 0.728465,
        "a_A": 0.000246155
    },
    "KDCoulomb": {
        "r_C_0": 1.17462,
        "r_C_A": 0.559047,
        "r_C_A2": -8.87084
    },
    "KDRealSpinOrbit": {
        "V1_0": 8.18728,
        "V1_A": -0.0228555,
        "V2_0": 0.00471152,
        "r_0": 1.21473,
        "r_A": 0.637494,
        "a_0": 0.58182
    },
    "KDImagSpinOrbit": {
        "W1_0": -3.21519,
        "W2_0": 243.091
    },
    "KDImagVolume": {
        "W1_0_n": 18.263,
        "W1_A_n": 0.0346062,
        "W1_0_p": 8.98301,
        "W1_A_p": 0.148065,
        "W2_0": 66.2662,
        "W2_A": 0.144846
    },
    "KDImagSurface": {
        "D1_0": 11.8743,
        "D1_asymm": 14.3648,
        "D2_0": 0.0340516,
        "D2_A": -0.0149396,
        "D2_A2": 7.67423,
        "D2_A3": 365.057,
        "D3_0": 9.48554,
        "r_0": 1.34557,
        "r_A": 0.0160668,
        "a_0_n": 0.541121,
        "a_A_n": -0.00055568,
        "a_0_p": 0.627781,
        "a_A_p": -0.00113047
    }
}