{
    "ECS_p": 0.394317,
    "ECS_n": 0.323158,
    "APower_p": 0.563209,
    "APower_n": 0.416022,
    "RCS_p": 0.0337574,
    "TCS_n": 0.0237034
}