{
    "KDHartreeFock": {
        "V1_0": 57.3529,
        "V1_asymm": 22.7923,
        "V1_A": 0.0163314,
        "V2_0_n": 0.00525218,
        "V2_A_n": 9.1595e-06,
        "V3_0_n": 9.67166e-07,
        "V3_A_n": 4.96448e-08,
        "V2_0_p": 0.00395939,
        "V2_A_p": 2.276e-05,
        "V3_0_p": -8.70194e-06,
        "V3_A_p": 1.71973e-07,
        "V4_0": -1.87583e-08,
        "r_0": 1.24779,
        "r_A": 0.291382,
        "a_0": 0.665302,
        "a_A": -0.000606699
    },
    "KDCoulomb": {
        "r_C_0": 1.10712,
        "r_C_A": 1.53196,
        "r_C_A2": 3.57074
    },
    "KDRealSpinOrbit": {
        "V1_0": 5.21191,
        "V1_A": 0.00389962,
        "V2_0": 0.0053766,
        "r_0": 1.16292,
        "r_A": 0.41368,
        "a_0": 0.594495
    },
    "KDImagSpinOrbit": {
        "W1_0": -4.26641,
        "W2_0": 262.547
    },
    "KDImagVolume": {
        "W1_0_n": 20.2288,
        "W1_A_n": -0.00565774,
        "W1_0_p": 13.9919,
        "W1_A_p": 0.0259032,
        "W2_0": 68.9682,
        "W2_A": 0.00433886
    },
    "KDImagSurface": {
        "D1_0": 20.1247,
        "D1_asymm": 12.4684,
        "D2_0": -0.00147869,
        "D2_A": 0.0305026,
        "D2_A2": 11.8506,
        "D2_A3": 394.892,
        "D3_0": 13.7758,
        "r_0": 1.34636,
        "r_A": 0.0164193,
        "a_0_n": 0.626369,
        "a_A_n": 0.000594745,
        "a_0_p": 0.486702,
        "a_A_p": 0.000500928
    }
}