{
    "ECS_p": 0.290476,
    "ECS_n": 0.220873,
    "APower_p": 0.376127,
    "APower_n": 0.235029,
    "RCS_p": 0.0167384,
    "TCS_n": 0.0235491
}