{
    "KDHartreeFock": {
        "V1_0": 61.2679,
        "V1_asymm": 14.3816,
        "V1_A": 0.0395806,
        "V2_0_n": 0.00672711,
        "V2_A_n": 6.97778e-06,
        "V3_0_n": 1.01028e-05,
        "V3_A_n": 2.50811e-08,
        "V2_0_p": 0.00709432,
        "V2_A_p": 4.49754e-06,
        "V3_0_p": 1.43401e-05,
        "V3_A_p": 5.18887e-08,
        "V4_0": -1.31436e-08,
        "r_0": 1.2666,
        "r_A": 0.412088,
        "a_0": 0.691445,
        "a_A": -0.000150216
    },
    "KDCoulomb": {
        "r_C_0": 1.22341,
        "r_C_A": 0.56228,
        "r_C_A2": 36.0916
    },
    "KDRealSpinOrbit": {
        "V1_0": 7.44588,
        "V1_A": -0.00789161,
        "V2_0": 0.00520473,
        "r_0": 1.12077,
        "r_A": 0.487148,
        "a_0": 0.603415
    },
    "KDImagSpinOrbit": {
        "W1_0": -4.12203,
        "W2_0": 132.405
    },
    "KDImagVolume": {
        "W1_0_n": 25.3363,
        "W1_A_n": -0.0432058,
        "W1_0_p": 31.2907,
        "W1_A_p": -0.0481756,
        "W2_0": 132.716,
        "W2_A": -0.221183
    },
    "KDImagSurface": {
        "D1_0": 15.1526,
        "D1_asymm": 13.0088,
        "D2_0": -0.0323804,
        "D2_A": 0.0531382,
        "D2_A2": 4.04663,
        "D2_A3": 505.684,
        "D3_0": 11.5446,
        "r_0": 1.39942,
        "r_A": 0.0203856,
        "a_0_n": 0.511421,
        "a_A_n": -8.44315e-05,
        "a_0_p": 0.464016,
        "a_A_p": 0.00141339
    }
}