{
    "ECS_p": 0.415468,
    "ECS_n": 0.333471,
    "APower_p": 0.744351,
    "APower_n": 0.548949,
    "RCS_p": 0.0137259,
    "TCS_n": 0.0249698
}