{
    "KDHartreeFock": {
        "V1_0": 55.1788,
        "V1_asymm": 16.3121,
        "V1_A": 0.00956219,
        "V2_0_n": 0.00430576,
        "V2_A_n": -8.28193e-07,
        "V3_0_n": -7.92831e-06,
        "V3_A_n": -4.38741e-09,
        "V2_0_p": 0.00517634,
        "V2_A_p": 1.52607e-05,
        "V3_0_p": 3.14506e-06,
        "V3_A_p": 6.20462e-08,
        "V4_0": -3.70485e-08,
        "r_0": 1.29494,
        "r_A": 0.392799,
        "a_0": 0.663638,
        "a_A": 2.81056e-05
    },
    "KDCoulomb": {
        "r_C_0": 1.28659,
        "r_C_A": 0.619667,
        "r_C_A2": -7.31747
    },
    "KDRealSpinOrbit": {
        "V1_0": 5.16313,
        "V1_A": 0.00442535,
        "V2_0": 0.00590949,
        "r_0": 1.21789,
        "r_A": 0.711493,
        "a_0": 0.535541
    },
    "KDImagSpinOrbit": {
        "W1_0": -2.6202,
        "W2_0": 129.639
    },
    "KDImagVolume": {
        "W1_0_n": 21.3334,
        "W1_A_n": 0.0225974,
        "W1_0_p": 19.275,
        "W1_A_p": 0.0125465,
        "W2_0": 106.89,
        "W2_A": 0.050191
    },
    "KDImagSurface": {
        "D1_0": 19.396,
        "D1_asymm": -1.04049,
        "D2_0": 0.0385228,
        "D2_A": -0.0147341,
        "D2_A2": 19.2488,
        "D2_A3": 381.17,
        "D3_0": 15.4451,
        "r_0": 1.30502,
        "r_A": 0.00724668,
        "a_0_n": 0.57534,
        "a_A_n": 0.000540985,
        "a_0_p": 0.453328,
        "a_A_p": 0.00166922
    }
}