{
    "ECS_p": 0.234078,
    "ECS_n": 0.288164,
    "APower_p": 0.618704,
    "APower_n": 0.501745,
    "RCS_p": 0.0350437,
    "TCS_n": 0.0525052
}