{
    "KDHartreeFock": {
        "V1_0": 61.9402,
        "V1_asymm": 7.07583,
        "V1_A": 0.0487174,
        "V2_0_n": 0.00706535,
        "V2_A_n": -7.39574e-06,
        "V3_0_n": 2.23372e-05,
        "V3_A_n": -4.00467e-08,
        "V2_0_p": 0.00574501,
        "V2_A_p": 9.64835e-06,
        "V3_0_p": 1.25334e-05,
        "V3_A_p": 5.38519e-08,
        "V4_0": 3.03555e-08,
        "r_0": 1.29081,
        "r_A": 0.482776,
        "a_0": 0.685376,
        "a_A": -0.000429152
    },
    "KDCoulomb": {
        "r_C_0": 0.944046,
        "r_C_A": 0.637805,
        "r_C_A2": -1.31836
    },
    "KDRealSpinOrbit": {
        "V1_0": 5.07571,
        "V1_A": 0.00316034,
        "V2_0": 0.00230972,
        "r_0": 1.21445,
        "r_A": 0.655949,
        "a_0": 0.638158
    },
    "KDImagSpinOrbit": {
        "W1_0": -3.83184,
        "W2_0": 209.5
    },
    "KDImagVolume": {
        "W1_0_n": 17.6475,
        "W1_A_n": -0.0262162,
        "W1_0_p": 20.6175,
        "W1_A_p": -0.021935,
        "W2_0": 116.307,
        "W2_A": -0.144983
    },
    "KDImagSurface": {
        "D1_0": 18.3472,
        "D1_asymm": 18.1589,
        "D2_0": -0.00380207,
        "D2_A": 0.0310975,
        "D2_A2": 5.85546,
        "D2_A3": 242.655,
        "D3_0": 15.163,
        "r_0": 1.26788,
        "r_A": 0.00575279,
        "a_0_n": 0.591739,
        "a_A_n": -0.000927795,
        "a_0_p": 0.545271,
        "a_A_p": 0.0009823
    }
}