{
    "ECS_p": 0.19568,
    "ECS_n": 0.215112,
    "APower_p": 0.371785,
    "APower_n": 0.0898822,
    "RCS_p": 0.000134313,
    "TCS_n": 0.0278683
}