{
    "KDHartreeFock": {
        "V1_0": 60.7485,
        "V1_asymm": 12.5563,
        "V1_A": 0.0380868,
        "V2_0_n": 0.00752903,
        "V2_A_n": -6.21926e-07,
        "V3_0_n": 2.48733e-05,
        "V3_A_n": 1.09843e-08,
        "V2_0_p": 0.00851425,
        "V2_A_p": 2.99017e-07,
        "V3_0_p": 3.12047e-05,
        "V3_A_p": -5.15445e-09,
        "V4_0": 2.89038e-08,
        "r_0": 1.3029,
        "r_A": 0.456578,
        "a_0": 0.700902,
        "a_A": -8.47673e-05
    },
    "KDCoulomb": {
        "r_C_0": 1.13085,
        "r_C_A": 1.08152,
        "r_C_A2": 0.660411
    },
    "KDRealSpinOrbit": {
        "V1_0": 6.37224,
        "V1_A": -0.00659423,
        "V2_0": 0.00588341,
        "r_0": 1.23695,
        "r_A": 0.716081,
        "a_0": 0.537993
    },
    "KDImagSpinOrbit": {
        "W1_0": -4.49037,
        "W2_0": 304.729
    },
    "KDImagVolume": {
        "W1_0_n": 18.9747,
        "W1_A_n": 0.012475,
        "W1_0_p": 16.1323,
        "W1_A_p": 0.0166268,
        "W2_0": 87.569,
        "W2_A": 0.24392
    },
    "KDImagSurface": {
        "D1_0": 15.8103,
        "D1_asymm": 13.277,
        "D2_0": 0.0508675,
        "D2_A": -0.0280051,
        "D2_A2": 10.8468,
        "D2_A3": 373.293,
        "D3_0": 11.2821,
        "r_0": 1.2649,
        "r_A": -0.000954085,
        "a_0_n": 0.534563,
        "a_A_n": -0.000169722,
        "a_0_p": 0.491376,
        "a_A_p": 0.00141003
    }
}