{
    "ECS_p": 0.313637,
    "ECS_n": 0.216883,
    "APower_p": 0.532123,
    "APower_n": 0.406212,
    "RCS_p": 0.0339246,
    "TCS_n": 0.0330565
}