{
    "KDHartreeFock": {
        "V1_0": 58.1548,
        "V1_asymm": 10.5717,
        "V1_A": 0.011217,
        "V2_0_n": 0.00418198,
        "V2_A_n": -1.53155e-05,
        "V3_0_n": -4.1915e-06,
        "V3_A_n": -6.72548e-08,
        "V2_0_p": 0.00543005,
        "V2_A_p": 1.18642e-05,
        "V3_0_p": 1.89202e-06,
        "V3_A_p": 8.22146e-08,
        "V4_0": -2.74347e-08,
        "r_0": 1.27154,
        "r_A": 0.411281,
        "a_0": 0.669312,
        "a_A": -0.000109085
    },
    "KDCoulomb": {
        "r_C_0": 1.12227,
        "r_C_A": 0.860759,
        "r_C_A2": -7.29167
    },
    "KDRealSpinOrbit": {
        "V1_0": 5.88085,
        "V1_A": 0.0031488,
        "V2_0": 0.00446132,
        "r_0": 1.18897,
        "r_A": 0.651297,
        "a_0": 0.612485
    },
    "KDImagSpinOrbit": {
        "W1_0": -3.37429,
        "W2_0": 177.499
    },
    "KDImagVolume": {
        "W1_0_n": 23.5252,
        "W1_A_n": -0.0451471,
        "W1_0_p": 19.0926,
        "W1_A_p": 0.00360691,
        "W2_0": 98.4488,
        "W2_A": -0.20567
    },
    "KDImagSurface": {
        "D1_0": 25.7118,
        "D1_asymm": 21.4978,
        "D2_0": 0.0664273,
        "D2_A": -0.0313937,
        "D2_A2": 3.12782,
        "D2_A3": 224.817,
        "D3_0": 19.5807,
        "r_0": 1.44628,
        "r_A": 0.0352284,
        "a_0_n": 0.592764,
        "a_A_n": 0.00022121,
        "a_0_p": 0.500987,
        "a_A_p": 0.00161363
    }
}