{
    "ECS_p": 0.455555,
    "ECS_n": 0.313121,
    "APower_p": 0.660007,
    "APower_n": 0.446936,
    "RCS_p": 0.0363528,
    "TCS_n": 0.0391133
}