{
    "KDHartreeFock": {
        "V1_0": 55.7646,
        "V1_asymm": 8.35678,
        "V1_A": 0.0234205,
        "V2_0_n": 0.00539224,
        "V2_A_n": -7.18261e-06,
        "V3_0_n": 5.58814e-06,
        "V3_A_n": -4.29307e-08,
        "V2_0_p": 0.00538578,
        "V2_A_p": 4.11807e-06,
        "V3_0_p": 7.87971e-06,
        "V3_A_p": -9.67225e-09,
        "V4_0": -5.55415e-09,
        "r_0": 1.35795,
        "r_A": 0.611402,
        "a_0": 0.664918,
        "a_A": -7.32887e-05
    },
    "KDCoulomb": {
        "r_C_0": 1.12697,
        "r_C_A": -0.583124,
        "r_C_A2": 37.4796
    },
    "KDRealSpinOrbit": {
        "V1_0": 4.05021,
        "V1_A": -0.00361091,
        "V2_0": -0.000624835,
        "r_0": 1.25674,
        "r_A": 0.813632,
        "a_0": 0.577559
    },
    "KDImagSpinOrbit": {
        "W1_0": -3.32535,
        "W2_0": 320.674
    },
    "KDImagVolume": {
        "W1_0_n": 19.3537,
        "W1_A_n": -0.0641662,
        "W1_0_p": 17.1281,
        "W1_A_p": -0.0153166,
        "W2_0": 100.228,
        "W2_A": -0.291047
    },
    "KDImagSurface": {
        "D1_0": 22.5253,
        "D1_asymm": 10.7022,
        "D2_0": 0.0363113,
        "D2_A": -0.00634302,
        "D2_A2": 15.8528,
        "D2_A3": 350.53,
        "D3_0": 15.6869,
        "r_0": 1.38768,
        "r_A": 0.0224063,
        "a_0_n": 0.540577,
        "a_A_n": 0.00040591,
        "a_0_p": 0.453952,
        "a_A_p": 0.000980384
    }
}