{
    "ECS_p": 0.413868,
    "ECS_n": 0.240253,
    "APower_p": 0.649016,
    "APower_n": 0.607226,
    "RCS_p": 0.0321048,
    "TCS_n": 0.0342559
}