{
    "KDHartreeFock": {
        "V1_0": 57.8549,
        "V1_asymm": 29.1319,
        "V1_A": 0.0117239,
        "V2_0_n": 0.00591629,
        "V2_A_n": 1.82528e-06,
        "V3_0_n": 6.11228e-06,
        "V3_A_n": 2.8307e-08,
        "V2_0_p": 0.00743436,
        "V2_A_p": 9.92098e-06,
        "V3_0_p": 1.05366e-05,
        "V3_A_p": 9.62713e-08,
        "V4_0": -1.89961e-08,
        "r_0": 1.32873,
        "r_A": 0.55776,
        "a_0": 0.718602,
        "a_A": 0.000217608
    },
    "KDCoulomb": {
        "r_C_0": 1.25748,
        "r_C_A": -0.209125,
        "r_C_A2": 16.0967
    },
    "KDRealSpinOrbit": {
        "V1_0": 6.65297,
        "V1_A": 0.00516593,
        "V2_0": 0.0109699,
        "r_0": 1.20242,
        "r_A": 0.610938,
        "a_0": 0.552771
    },
    "KDImagSpinOrbit": {
        "W1_0": -2.49909,
        "W2_0": 151.124
    },
    "KDImagVolume": {
        "W1_0_n": 17.6481,
        "W1_A_n": 0.00475327,
        "W1_0_p": 13.4293,
        "W1_A_p": 0.0184866,
        "W2_0": 68.8162,
        "W2_A": -0.0434127
    },
    "KDImagSurface": {
        "D1_0": 11.8702,
        "D1_asymm": 10.4589,
        "D2_0": 0.0183606,
        "D2_A": 0.000950474,
        "D2_A2": 13.3858,
        "D2_A3": 140.225,
        "D3_0": 8.76103,
        "r_0": 1.33059,
        "r_A": 0.0175507,
        "a_0_n": 0.585747,
        "a_A_n": 1.26604e-05,
        "a_0_p": 0.518873,
        "a_A_p": -0.000214382
    }
}