{
    "ECS_p": 0.284956,
    "ECS_n": 0.203863,
    "APower_p": 0.384343,
    "APower_n": 0.166075,
    "RCS_p": 0.0339683,
    "TCS_n": 0.0238031
}