{
    "KDHartreeFock": {
        "V1_0": 60.8719,
        "V1_asymm": 6.2849,
        "V1_A": 0.034323,
        "V2_0_n": 0.00690998,
        "V2_A_n": 4.46934e-06,
        "V3_0_n": 2.02514e-05,
        "V3_A_n": 3.08941e-08,
        "V2_0_p": 0.00639825,
        "V2_A_p": 1.10889e-06,
        "V3_0_p": 1.69658e-05,
        "V3_A_p": 3.00447e-08,
        "V4_0": 2.35727e-08,
        "r_0": 1.26217,
        "r_A": 0.448961,
        "a_0": 0.721557,
        "a_A": 4.18378e-05
    },
    "KDCoulomb": {
        "r_C_0": 0.87273,
        "r_C_A": 0.0154716,
        "r_C_A2": 18.9512
    },
    "KDRealSpinOrbit": {
        "V1_0": 5.21524,
        "V1_A": 0.0006996,
        "V2_0": 0.00506417,
        "r_0": 1.18918,
        "r_A": 0.570534,
        "a_0": 0.571281
    },
    "KDImagSpinOrbit": {
        "W1_0": -3.60017,
        "W2_0": 208.672
    },
    "KDImagVolume": {
        "W1_0_n": 25.3335,
        "W1_A_n": 0.0182585,
        "W1_0_p": 25.5042,
        "W1_A_p": 0.0478819,
        "W2_0": 154.541,
        "W2_A": -0.0442553
    },
    "KDImagSurface": {
        "D1_0": 11.5169,
        "D1_asymm": 3.22554,
        "D2_0": -0.0269449,
        "D2_A": 0.0434025,
        "D2_A2": 1.6934,
        "D2_A3": 264.861,
        "D3_0": 12.7265,
        "r_0": 1.36453,
        "r_A": 0.0245509,
        "a_0_n": 0.599004,
        "a_A_n": -0.000297741,
        "a_0_p": 0.498857,
        "a_A_p": 0.00292416
    }
}