{
    "ECS_p": 0.293817,
    "ECS_n": 0.220927,
    "APower_p": 0.412857,
    "APower_n": 0.252028,
    "RCS_p": 0.00593404,
    "TCS_n": 0.0387543
}