{
    "KDHartreeFock": {
        "V1_0": 59.6864,
        "V1_asymm": 17.6293,
        "V1_A": 0.0230369,
        "V2_0_n": 0.00720857,
        "V2_A_n": 2.68897e-06,
        "V3_0_n": 2.21428e-05,
        "V3_A_n": 1.27606e-08,
        "V2_0_p": 0.00664284,
        "V2_A_p": 9.41701e-06,
        "V3_0_p": 1.98351e-05,
        "V3_A_p": 8.76613e-08,
        "V4_0": 3.54147e-08,
        "r_0": 1.28211,
        "r_A": 0.48414,
        "a_0": 0.720479,
        "a_A": 2.90666e-05
    },
    "KDCoulomb": {
        "r_C_0": 1.1497,
        "r_C_A": -0.390353,
        "r_C_A2": 2.41193
    },
    "KDRealSpinOrbit": {
        "V1_0": 8.07336,
        "V1_A": -0.00990789,
        "V2_0": 0.00811307,
        "r_0": 1.20324,
        "r_A": 0.780947,
        "a_0": 0.572146
    },
    "KDImagSpinOrbit": {
        "W1_0": -6.58286,
        "W2_0": 207.55
    },
    "KDImagVolume": {
        "W1_0_n": 22.9933,
        "W1_A_n": 0.036676,
        "W1_0_p": 23.2766,
        "W1_A_p": 0.0225415,
        "W2_0": 102.79,
        "W2_A": 0.0363572
    },
    "KDImagSurface": {
        "D1_0": 19.3754,
        "D1_asymm": 13.1244,
        "D2_0": 0.0923259,
        "D2_A": -0.0619816,
        "D2_A2": 10.0473,
        "D2_A3": 286.778,
        "D3_0": 17.7515,
        "r_0": 1.44595,
        "r_A": 0.0346145,
        "a_0_n": 0.606926,
        "a_A_n": -0.00051766,
        "a_0_p": 0.508683,
        "a_A_p": 0.00229893
    }
}