{
    "ECS_p": 0.223112,
    "ECS_n": 0.156377,
    "APower_p": 0.432572,
    "APower_n": 0.175503,
    "RCS_p": 0.0115143,
    "TCS_n": 0.02809
}