{
    "KDHartreeFock": {
        "V1_0": 58.2241,
        "V1_asymm": 18.6737,
        "V1_A": 0.0142926,
        "V2_0_n": 0.00509337,
        "V2_A_n": -1.01938e-06,
        "V3_0_n": 1.9803e-08,
        "V3_A_n": -8.64041e-10,
        "V2_0_p": 0.0054276,
        "V2_A_p": 1.19756e-05,
        "V3_0_p": 2.16744e-06,
        "V3_A_p": 8.70209e-08,
        "V4_0": -1.85745e-08,
        "r_0": 1.25875,
        "r_A": 0.33698,
        "a_0": 0.671954,
        "a_A": -0.000130268
    },
    "KDCoulomb": {
        "r_C_0": 1.13152,
        "r_C_A": 0.575476,
        "r_C_A2": 24.4724
    },
    "KDRealSpinOrbit": {
        "V1_0": 5.22083,
        "V1_A": -0.000981146,
        "V2_0": 0.00177181,
        "r_0": 1.09594,
        "r_A": 0.413796,
        "a_0": 0.670092
    },
    "KDImagSpinOrbit": {
        "W1_0": -3.13611,
        "W2_0": 145.274
    },
    "KDImagVolume": {
        "W1_0_n": 23.9647,
        "W1_A_n": 0.0415459,
        "W1_0_p": 17.5562,
        "W1_A_p": 0.101177,
        "W2_0": 148.53,
        "W2_A": 0.116366
    },
    "KDImagSurface": {
        "D1_0": 20.8559,
        "D1_asymm": 18.7808,
        "D2_0": 0.0259165,
        "D2_A": -0.0183442,
        "D2_A2": -0.852412,
        "D2_A3": 231.761,
        "D3_0": 16.0035,
        "r_0": 1.43074,
        "r_A": 0.0441046,
        "a_0_n": 0.466249,
        "a_A_n": -0.00117913,
        "a_0_p": 0.503711,
        "a_A_p": 0.00123887
    }
}