{
    "ECS_p": 0.343913,
    "ECS_n": 0.319632,
    "APower_p": 0.639915,
    "APower_n": 0.766795,
    "RCS_p": 0.0256217,
    "TCS_n": 0.0340014
}