{
    "KDHartreeFock": {
        "V1_0": 55.8437,
        "V1_asymm": 4.43947,
        "V1_A": 0.0240194,
        "V2_0_n": 0.00576055,
        "V2_A_n": -6.11194e-07,
        "V3_0_n": 1.02743e-05,
        "V3_A_n": 2.8073e-08,
        "V2_0_p": 0.00651133,
        "V2_A_p": 3.42601e-07,
        "V3_0_p": 1.29287e-05,
        "V3_A_p": -2.37221e-10,
        "V4_0": -5.05249e-09,
        "r_0": 1.29586,
        "r_A": 0.386275,
        "a_0": 0.660002,
        "a_A": 0.000117122
    },
    "KDCoulomb": {
        "r_C_0": 1.32778,
        "r_C_A": 1.21572,
        "r_C_A2": 13.5112
    },
    "KDRealSpinOrbit": {
        "V1_0": 5.4839,
        "V1_A": -0.00296762,
        "V2_0": 0.00228693,
        "r_0": 1.21093,
        "r_A": 0.605828,
        "a_0": 0.566109
    },
    "KDImagSpinOrbit": {
        "W1_0": -2.70025,
        "W2_0": 348.389
    },
    "KDImagVolume": {
        "W1_0_n": 17.4688,
        "W1_A_n": 0.0602318,
        "W1_0_p": 15.7515,
        "W1_A_p": 0.0463824,
        "W2_0": 141.547,
        "W2_A": 0.0791157
    },
    "KDImagSurface": {
        "D1_0": 11.8063,
        "D1_asymm": 15.3739,
        "D2_0": 0.0223696,
        "D2_A": -0.00626008,
        "D2_A2": 10.5605,
        "D2_A3": 177.857,
        "D3_0": 6.68557,
        "r_0": 1.43586,
        "r_A": 0.0274232,
        "a_0_n": 0.567462,
        "a_A_n": 0.000517701,
        "a_0_p": 0.473908,
        "a_A_p": 0.00179047
    }
}