{
    "ECS_p": 0.308707,
    "ECS_n": 0.280479,
    "APower_p": 0.562783,
    "APower_n": 0.614199,
    "RCS_p": 0.0458814,
    "TCS_n": 0.0377172
}