{
    "KDHartreeFock": {
        "V1_0": 57.0371,
        "V1_asymm": 12.5029,
        "V1_A": 0.0210244,
        "V2_0_n": 0.00640263,
        "V2_A_n": 5.66709e-06,
        "V3_0_n": 1.41057e-05,
        "V3_A_n": 4.18829e-08,
        "V2_0_p": 0.00735281,
        "V2_A_p": 1.4142e-06,
        "V3_0_p": 1.87723e-05,
        "V3_A_p": 1.37623e-08,
        "V4_0": 3.05252e-09,
        "r_0": 1.20626,
        "r_A": 0.065359,
        "a_0": 0.667972,
        "a_A": -0.000721272
    },
    "KDCoulomb": {
        "r_C_0": 1.0954,
        "r_C_A": 1.04574,
        "r_C_A2": 30.6237
    },
    "KDRealSpinOrbit": {
        "V1_0": 5.30231,
        "V1_A": -0.00481238,
        "V2_0": 0.00338526,
        "r_0": 1.23449,
        "r_A": 0.679997,
        "a_0": 0.54075
    },
    "KDImagSpinOrbit": {
        "W1_0": -2.89674,
        "W2_0": 253.007
    },
    "KDImagVolume": {
        "W1_0_n": 14.0537,
        "W1_A_n": 0.0334787,
        "W1_0_p": 14.3844,
        "W1_A_p": 0.0290461,
        "W2_0": 66.0118,
        "W2_A": 0.223196
    },
    "KDImagSurface": {
        "D1_0": 19.3874,
        "D1_asymm": 26.2639,
        "D2_0": 0.0594453,
        "D2_A": -0.0259085,
        "D2_A2": 9.65155,
        "D2_A3": 350.934,
        "D3_0": 12.7536,
        "r_0": 1.23138,
        "r_A": -0.0187019,
        "a_0_n": 0.564386,
        "a_A_n": 0.000408233,
        "a_0_p": 0.449142,
        "a_A_p": 0.00127809
    }
}