{
    "ECS_p": 0.395013,
    "ECS_n": 0.265838,
    "APower_p": 0.75466,
    "APower_n": 0.664415,
    "RCS_p": 0.0344448,
    "TCS_n": 0.0342746
}