{
    "KDHartreeFock": {
        "V1_0": 56.2405,
        "V1_asymm": 14.4823,
        "V1_A": 0.0114209,
        "V2_0_n": 0.00601588,
        "V2_A_n": 1.61017e-06,
        "V3_0_n": 5.48951e-06,
        "V3_A_n": 1.19331e-08,
        "V2_0_p": 0.00692576,
        "V2_A_p": 7.00505e-06,
        "V3_0_p": 1.15983e-05,
        "V3_A_p": 6.19773e-08,
        "V4_0": -2.18578e-08,
        "r_0": 1.23598,
        "r_A": 0.121289,
        "a_0": 0.652788,
        "a_A": -0.00029923
    },
    "KDCoulomb": {
        "r_C_0": 1.39517,
        "r_C_A": 0.477579,
        "r_C_A2": 6.14791
    },
    "KDRealSpinOrbit": {
        "V1_0": 6.12868,
        "V1_A": -0.0140775,
        "V2_0": 0.00405295,
        "r_0": 1.18429,
        "r_A": 0.64449,
        "a_0": 0.57928
    },
    "KDImagSpinOrbit": {
        "W1_0": -2.94944,
        "W2_0": 234.537
    },
    "KDImagVolume": {
        "W1_0_n": 18.3581,
        "W1_A_n": 0.0224422,
        "W1_0_p": 14.4271,
        "W1_A_p": 0.038258,
        "W2_0": 100.671,
        "W2_A": 0.149625
    },
    "KDImagSurface": {
        "D1_0": 22.1676,
        "D1_asymm": 26.5653,
        "D2_0": 0.0357725,
        "D2_A": -0.00934808,
        "D2_A2": 15.2216,
        "D2_A3": 258.494,
        "D3_0": 16.851,
        "r_0": 1.29515,
        "r_A": 0.011393,
        "a_0_n": 0.557613,
        "a_A_n": -0.00045855,
        "a_0_p": 0.525898,
        "a_A_p": 0.000863649
    }
}