{
    "ECS_p": 0.323309,
    "ECS_n": 0.315832,
    "APower_p": 0.828163,
    "APower_n": 0.734358,
    "RCS_p": 0.0425697,
    "TCS_n": 0.0564644
}