{
    "KDHartreeFock": {
        "V1_0": 59.6782,
        "V1_asymm": 18.115,
        "V1_A": 0.0418874,
        "V2_0_n": 0.00561296,
        "V2_A_n": 4.03183e-06,
        "V3_0_n": 6.72428e-06,
        "V3_A_n": 2.07109e-08,
        "V2_0_p": 0.00602564,
        "V2_A_p": 1.08652e-05,
        "V3_0_p": 4.34872e-06,
        "V3_A_p": 1.09753e-07,
        "V4_0": -1.20287e-08,
        "r_0": 1.34121,
        "r_A": 0.674991,
        "a_0": 0.659051,
        "a_A": 3.86093e-05
    },
    "KDCoulomb": {
        "r_C_0": 1.07968,
        "r_C_A": 0.441144,
        "r_C_A2": 4.88209
    },
    "KDRealSpinOrbit": {
        "V1_0": 7.83132,
        "V1_A": -0.0299197,
        "V2_0": 0.00662058,
        "r_0": 1.24177,
        "r_A": 0.771619,
        "a_0": 0.591722
    },
    "KDImagSpinOrbit": {
        "W1_0": -2.34562,
        "W2_0": 329.619
    },
    "KDImagVolume": {
        "W1_0_n": 22.8928,
        "W1_A_n": 0.00659273,
        "W1_0_p": 28.1026,
        "W1_A_p": -0.0137655,
        "W2_0": 121.616,
        "W2_A": 0.156368
    },
    "KDImagSurface": {
        "D1_0": 25.3813,
        "D1_asymm": 15.8036,
        "D2_0": 0.0451888,
        "D2_A": -0.0149554,
        "D2_A2": 6.22171,
        "D2_A3": 215.607,
        "D3_0": 24.9188,
        "r_0": 1.42077,
        "r_A": 0.0293381,
        "a_0_n": 0.580968,
        "a_A_n": -0.00146349,
        "a_0_p": 0.506141,
        "a_A_p": 0.00177523
    }
}