{
    "ECS_p": 0.441134,
    "ECS_n": 0.351401,
    "APower_p": 0.69053,
    "APower_n": 0.614196,
    "RCS_p": 0.0298986,
    "TCS_n": 0.0247315
}