{
    "KDHartreeFock": {
        "V1_0": 60.8598,
        "V1_asymm": 16.6002,
        "V1_A": 0.027151,
        "V2_0_n": 0.00628711,
        "V2_A_n": -3.41599e-06,
        "V3_0_n": 1.48369e-05,
        "V3_A_n": -2.97676e-09,
        "V2_0_p": 0.00793439,
        "V2_A_p": -3.22992e-06,
        "V3_0_p": 1.45903e-05,
        "V3_A_p": 7.40894e-09,
        "V4_0": 6.73107e-09,
        "r_0": 1.24389,
        "r_A": 0.315492,
        "a_0": 0.624773,
        "a_A": -0.00064817
    },
    "KDCoulomb": {
        "r_C_0": 1.09895,
        "r_C_A": 0.64401,
        "r_C_A2": 13.1117
    },
    "KDRealSpinOrbit": {
        "V1_0": 3.59578,
        "V1_A": 2.15763e-05,
        "V2_0": -0.000410059,
        "r_0": 1.23263,
        "r_A": 0.677195,
        "a_0": 0.610019
    },
    "KDImagSpinOrbit": {
        "W1_0": -1.79023,
        "W2_0": 180.848
    },
    "KDImagVolume": {
        "W1_0_n": 13.9449,
        "W1_A_n": 0.0428753,
        "W1_0_p": 17.1625,
        "W1_A_p": 0.0380292,
        "W2_0": 87.2087,
        "W2_A": 0.228622
    },
    "KDImagSurface": {
        "D1_0": 14.8501,
        "D1_asymm": 3.65288,
        "D2_0": 0.0179998,
        "D2_A": 0.00740021,
        "D2_A2": 5.64047,
        "D2_A3": 51.8361,
        "D3_0": 12.7101,
        "r_0": 1.37554,
        "r_A": 0.0180352,
        "a_0_n": 0.529441,
        "a_A_n": -0.000425884,
        "a_0_p": 0.547458,
        "a_A_p": 0.000216263
    }
}