{
    "ECS_p": 0.336351,
    "ECS_n": 0.247784,
    "APower_p": 0.527776,
    "APower_n": 0.78208,
    "RCS_p": 0.0217847,
    "TCS_n": 0.0304566
}