{
    "KDHartreeFock": {
        "V1_0": 58.3555,
        "V1_asymm": 14.8575,
        "V1_A": 0.030866,
        "V2_0_n": 0.00559377,
        "V2_A_n": -4.00912e-06,
        "V3_0_n": 1.15961e-05,
        "V3_A_n": -1.8001e-10,
        "V2_0_p": 0.00515294,
        "V2_A_p": 1.74509e-05,
        "V3_0_p": 7.1163e-06,
        "V3_A_p": 1.09411e-07,
        "V4_0": 1.70198e-09,
        "r_0": 1.30822,
        "r_A": 0.483472,
        "a_0": 0.637279,
        "a_A": -0.000486595
    },
    "KDCoulomb": {
        "r_C_0": 1.41934,
        "r_C_A": -0.0479266,
        "r_C_A2": 6.1884
    },
    "KDRealSpinOrbit": {
        "V1_0": 5.19298,
        "V1_A": -0.000261844,
        "V2_0": 0.00557492,
        "r_0": 1.21825,
        "r_A": 0.696893,
        "a_0": 0.556218
    },
    "KDImagSpinOrbit": {
        "W1_0": -2.18972,
        "W2_0": 227.879
    },
    "KDImagVolume": {
        "W1_0_n": 16.0131,
        "W1_A_n": 0.0319396,
        "W1_0_p": 20.5874,
        "W1_A_p": -0.0134386,
        "W2_0": 113.684,
        "W2_A": 0.215041
    },
    "KDImagSurface": {
        "D1_0": 16.2304,
        "D1_asymm": 12.057,
        "D2_0": 0.0100891,
        "D2_A": 0.0089597,
        "D2_A2": 7.48949,
        "D2_A3": 281.955,
        "D3_0": 13.5425,
        "r_0": 1.41566,
        "r_A": 0.0364355,
        "a_0_n": 0.526978,
        "a_A_n": -0.000342503,
        "a_0_p": 0.43507,
        "a_A_p": 0.00172537
    }
}