{
    "ECS_p": 0.311579,
    "ECS_n": 0.155131,
    "APower_p": 0.273153,
    "APower_n": 0.270985,
    "RCS_p": 0.0148064,
    "TCS_n": 0.0263526
}