{
    "KDHartreeFock": {
        "V1_0": 57.5753,
        "V1_asymm": 7.29011,
        "V1_A": 0.0261848,
        "V2_0_n": 0.00572746,
        "V2_A_n": -1.41249e-06,
        "V3_0_n": 1.73462e-07,
        "V3_A_n": -8.86964e-09,
        "V2_0_p": 0.00548029,
        "V2_A_p": 5.19758e-06,
        "V3_0_p": 3.29406e-06,
        "V3_A_p": 5.68916e-09,
        "V4_0": -3.28885e-08,
        "r_0": 1.26051,
        "r_A": 0.299871,
        "a_0": 0.687082,
        "a_A": -2.41286e-05
    },
    "KDCoulomb": {
        "r_C_0": 1.23399,
        "r_C_A": 0.587604,
        "r_C_A2": 26.3519
    },
    "KDRealSpinOrbit": {
        "V1_0": 5.90917,
        "V1_A": 0.000170764,
        "V2_0": 0.00356871,
        "r_0": 1.29647,
        "r_A": 1.11984,
        "a_0": 0.641306
    },
    "KDImagSpinOrbit": {
        "W1_0": -6.33881,
        "W2_0": 352.138
    },
    "KDImagVolume": {
        "W1_0_n": 17.9147,
        "W1_A_n": 0.00882311,
        "W1_0_p": 15.361,
        "W1_A_p": 0.0389461,
        "W2_0": 56.6898,
        "W2_A": 0.098519
    },
    "KDImagSurface": {
        "D1_0": 11.8014,
        "D1_asymm": 12.9867,
        "D2_0": 0.0237747,
        "D2_A": 0.00532549,
        "D2_A2": -1.5096,
        "D2_A3": 213.112,
        "D3_0": 10.6614,
        "r_0": 1.47311,
        "r_A": 0.0434451,
        "a_0_n": 0.541141,
        "a_A_n": -0.00056873,
        "a_0_p": 0.471342,
        "a_A_p": 0.00190041
    }
}