{
    "ECS_p": 0.422326,
    "ECS_n": 0.253894,
    "APower_p": 0.721479,
    "APower_n": 0.510185,
    "RCS_p": 0.0486537,
    "TCS_n": 0.0489667
}