{
    "KDHartreeFock": {
        "V1_0": 57.5923,
        "V1_asymm": 20.1575,
        "V1_A": 0.0139035,
        "V2_0_n": 0.00701655,
        "V2_A_n": 2.56883e-06,
        "V3_0_n": 1.79045e-05,
        "V3_A_n": 1.37402e-08,
        "V2_0_p": 0.00612273,
        "V2_A_p": 1.5637e-05,
        "V3_0_p": 1.30106e-05,
        "V3_A_p": 1.15595e-07,
        "V4_0": 2.55078e-08,
        "r_0": 1.25408,
        "r_A": 0.269205,
        "a_0": 0.663992,
        "a_A": -0.000515593
    },
    "KDCoulomb": {
        "r_C_0": 1.39588,
        "r_C_A": 0.936725,
        "r_C_A2": 16.4247
    },
    "KDRealSpinOrbit": {
        "V1_0": 4.55115,
        "V1_A": 0.0234407,
        "V2_0": 0.00740005,
        "r_0": 1.21061,
        "r_A": 0.598387,
        "a_0": 0.613041
    },
    "KDImagSpinOrbit": {
        "W1_0": -4.27231,
        "W2_0": 155.713
    },
    "KDImagVolume": {
        "W1_0_n": 22.7255,
        "W1_A_n": 0.00758304,
        "W1_0_p": 13.9924,
        "W1_A_p": 0.065364,
        "W2_0": 81.5907,
        "W2_A": 0.229102
    },
    "KDImagSurface": {
        "D1_0": 15.5311,
        "D1_asymm": 18.9311,
        "D2_0": 0.0160005,
        "D2_A": 0.00639323,
        "D2_A2": 1.91038,
        "D2_A3": 362.618,
        "D3_0": 11.1112,
        "r_0": 1.25313,
        "r_A": 0.000916023,
        "a_0_n": 0.572322,
        "a_A_n": 1.22404e-05,
        "a_0_p": 0.506049,
        "a_A_p": 0.000820037
    }
}