{
    "ECS_p": 0.233676,
    "ECS_n": 0.218686,
    "APower_p": 0.31049,
    "APower_n": 0.158466,
    "RCS_p": 0.00916504,
    "TCS_n": 0.0214425
}