{
    "KDHartreeFock": {
        "V1_0": 56.4611,
        "V1_asymm": 10.1308,
        "V1_A": 0.0226715,
        "V2_0_n": 0.00540578,
        "V2_A_n": -3.31834e-06,
        "V3_0_n": 2.45077e-06,
        "V3_A_n": -3.96047e-09,
        "V2_0_p": 0.00580974,
        "V2_A_p": 4.70761e-06,
        "V3_0_p": 4.84734e-06,
        "V3_A_p": 1.50088e-08,
        "V4_0": -2.85442e-08,
        "r_0": 1.29352,
        "r_A": 0.391486,
        "a_0": 0.667427,
        "a_A": -1.52148e-05
    },
    "KDCoulomb": {
        "r_C_0": 1.40246,
        "r_C_A": 1.57755,
        "r_C_A2": 0.449292
    },
    "KDRealSpinOrbit": {
        "V1_0": 3.98288,
        "V1_A": 0.0191678,
        "V2_0": 0.00480675,
        "r_0": 1.17592,
        "r_A": 0.477405,
        "a_0": 0.552645
    },
    "KDImagSpinOrbit": {
        "W1_0": -7.41699,
        "W2_0": 326.382
    },
    "KDImagVolume": {
        "W1_0_n": 18.475,
        "W1_A_n": 0.0339792,
        "W1_0_p": 15.1912,
        "W1_A_p": 0.0696064,
        "W2_0": 132.115,
        "W2_A": 0.125685
    },
    "KDImagSurface": {
        "D1_0": 12.3517,
        "D1_asymm": 15.048,
        "D2_0": 0.0488087,
        "D2_A": -0.0346253,
        "D2_A2": 6.80643,
        "D2_A3": 298.941,
        "D3_0": 12.071,
        "r_0": 1.38484,
        "r_A": 0.032933,
        "a_0_n": 0.533384,
        "a_A_n": -0.00105058,
        "a_0_p": 0.52658,
        "a_A_p": 0.00133362
    }
}