{
    "ECS_p": 0.31599,
    "ECS_n": 0.467298,
    "APower_p": 0.784746,
    "APower_n": 0.69939,
    "RCS_p": 0.0373992,
    "TCS_n": 0.0298303
}