{
    "KDHartreeFock": {
        "V1_0": 56.8755,
        "V1_asymm": 13.1841,
        "V1_A": 0.0232992,
        "V2_0_n": 0.0068301,
        "V2_A_n": 1.0357e-05,
        "V3_0_n": 1.47946e-05,
        "V3_A_n": 4.60642e-08,
        "V2_0_p": 0.00691339,
        "V2_A_p": 7.6043e-06,
        "V3_0_p": 2.14712e-05,
        "V3_A_p": 6.53392e-08,
        "V4_0": 1.36489e-08,
        "r_0": 1.30884,
        "r_A": 0.450749,
        "a_0": 0.685454,
        "a_A": 7.4524e-05
    },
    "KDCoulomb": {
        "r_C_0": 1.20744,
        "r_C_A": 1.71295,
        "r_C_A2": 5.44906
    },
    "KDRealSpinOrbit": {
        "V1_0": 6.57956,
        "V1_A": -0.0205522,
        "V2_0": 0.0100371,
        "r_0": 1.23616,
        "r_A": 0.83714,
        "a_0": 0.541044
    },
    "KDImagSpinOrbit": {
        "W1_0": -2.62896,
        "W2_0": 162.289
    },
    "KDImagVolume": {
        "W1_0_n": 21.312,
        "W1_A_n": -0.0162952,
        "W1_0_p": 15.395,
        "W1_A_p": -0.00463524,
        "W2_0": 83.8208,
        "W2_A": -0.0956784
    },
    "KDImagSurface": {
        "D1_0": 25.1621,
        "D1_asymm": 23.3913,
        "D2_0": 0.0298087,
        "D2_A": 0.00179096,
        "D2_A2": 6.17635,
        "D2_A3": 102.244,
        "D3_0": 18.3137,
        "r_0": 1.44346,
        "r_A": 0.0322473,
        "a_0_n": 0.551431,
        "a_A_n": 0.000275884,
        "a_0_p": 0.436404,
        "a_A_p": 0.00125749
    }
}