{
    "ECS_p": 0.404502,
    "ECS_n": 0.312612,
    "APower_p": 0.790798,
    "APower_n": 0.746223,
    "RCS_p": 0.0353701,
    "TCS_n": 0.0484054
}