{
    "KDHartreeFock": {
        "V1_0": 63.288,
        "V1_asymm": 24.8655,
        "V1_A": 0.0383887,
        "V2_0_n": 0.00616279,
        "V2_A_n": 1.33825e-05,
        "V3_0_n": 9.82159e-06,
        "V3_A_n": 7.3682e-08,
        "V2_0_p": 0.0072168,
        "V2_A_p": -8.32606e-07,
        "V3_0_p": 1.28156e-05,
        "V3_A_p": 2.62555e-08,
        "V4_0": -1.50545e-08,
        "r_0": 1.17473,
        "r_A": 0.107928,
        "a_0": 0.609889,
        "a_A": -0.00107224
    },
    "KDCoulomb": {
        "r_C_0": 1.08692,
        "r_C_A": 0.270267,
        "r_C_A2": 21.8743
    },
    "KDRealSpinOrbit": {
        "V1_0": 5.79634,
        "V1_A": -0.00489988,
        "V2_0": 0.00505929,
        "r_0": 1.23872,
        "r_A": 0.783715,
        "a_0": 0.573445
    },
    "KDImagSpinOrbit": {
        "W1_0": -1.5519,
        "W2_0": 279.772
    },
    "KDImagVolume": {
        "W1_0_n": 20.0899,
        "W1_A_n": 0.0801105,
        "W1_0_p": 25.8493,
        "W1_A_p": 0.0321657,
        "W2_0": 139.782,
        "W2_A": 0.113069
    },
    "KDImagSurface": {
        "D1_0": 21.2076,
        "D1_asymm": 14.0459,
        "D2_0": -0.00836505,
        "D2_A": 0.0335265,
        "D2_A2": 12.1564,
        "D2_A3": 279.517,
        "D3_0": 15.6348,
        "r_0": 1.14905,
        "r_A": -0.0129499,
        "a_0_n": 0.677107,
        "a_A_n": 0.00105676,
        "a_0_p": 0.538362,
        "a_A_p": 0.00164119
    }
}