{
    "ECS_p": 0.322449,
    "ECS_n": 0.179916,
    "APower_p": 0.372038,
    "APower_n": 0.281647,
    "RCS_p": 0.016909,
    "TCS_n": 0.0270733
}