{
    "KDHartreeFock": {
        "V1_0": 60.7185,
        "V1_asymm": 16.6572,
        "V1_A": 0.0300621,
        "V2_0_n": 0.00662166,
        "V2_A_n": 3.3715e-06,
        "V3_0_n": 1.56977e-05,
        "V3_A_n": 4.77113e-08,
        "V2_0_p": 0.00971888,
        "V2_A_p": -1.31751e-05,
        "V3_0_p": 2.58352e-05,
        "V3_A_p": -7.14859e-08,
        "V4_0": -3.93851e-09,
        "r_0": 1.23559,
        "r_A": 0.281479,
        "a_0": 0.698291,
        "a_A": -0.000161547
    },
    "KDCoulomb": {
        "r_C_0": 1.18429,
        "r_C_A": -0.612769,
        "r_C_A2": 29.5027
    },
    "KDRealSpinOrbit": {
        "V1_0": 6.73544,
        "V1_A": -0.00702365,
        "V2_0": 0.00287481,
        "r_0": 1.18157,
        "r_A": 0.531542,
        "a_0": 0.605124
    },
    "KDImagSpinOrbit": {
        "W1_0": -1.97235,
        "W2_0": 336.953
    },
    "KDImagVolume": {
        "W1_0_n": 11.848,
        "W1_A_n": 0.0607297,
        "W1_0_p": 8.32804,
        "W1_A_p": 0.0659179,
        "W2_0": 55.3323,
        "W2_A": 0.191702
    },
    "KDImagSurface": {
        "D1_0": 20.6127,
        "D1_asymm": 7.90115,
        "D2_0": -0.0440965,
        "D2_A": 0.0763242,
        "D2_A2": 6.4783,
        "D2_A3": 571.67,
        "D3_0": 16.5451,
        "r_0": 1.31334,
        "r_A": 0.00458899,
        "a_0_n": 0.489719,
        "a_A_n": -0.000515608,
        "a_0_p": 0.567695,
        "a_A_p": 0.00149762
    }
}