{
    "ECS_p": 0.26222,
    "ECS_n": 0.225706,
    "APower_p": 0.350657,
    "APower_n": 0.28057,
    "RCS_p": 0.00333141,
    "TCS_n": 0.0198666
}