{
    "KDHartreeFock": {
        "V1_0": 59.2697,
        "V1_asymm": 11.7671,
        "V1_A": 0.0317845,
        "V2_0_n": 0.00699923,
        "V2_A_n": 2.60823e-06,
        "V3_0_n": 1.73348e-05,
        "V3_A_n": 1.95573e-08,
        "V2_0_p": 0.00644883,
        "V2_A_p": 8.95774e-06,
        "V3_0_p": 1.37679e-05,
        "V3_A_p": 6.16595e-08,
        "V4_0": 1.21464e-08,
        "r_0": 1.32312,
        "r_A": 0.544528,
        "a_0": 0.72049,
        "a_A": 0.000361723
    },
    "KDCoulomb": {
        "r_C_0": 0.985957,
        "r_C_A": 0.700506,
        "r_C_A2": 10.8124
    },
    "KDRealSpinOrbit": {
        "V1_0": 6.30703,
        "V1_A": -0.0117525,
        "V2_0": 0.00439941,
        "r_0": 1.2125,
        "r_A": 0.554709,
        "a_0": 0.568047
    },
    "KDImagSpinOrbit": {
        "W1_0": -2.51106,
        "W2_0": 106.831
    },
    "KDImagVolume": {
        "W1_0_n": 24.7023,
        "W1_A_n": -0.0281271,
        "W1_0_p": 15.4454,
        "W1_A_p": 0.00510413,
        "W2_0": 137.888,
        "W2_A": -0.275792
    },
    "KDImagSurface": {
        "D1_0": 16.991,
        "D1_asymm": 21.6848,
        "D2_0": 0.0148283,
        "D2_A": 0.0060345,
        "D2_A2": 7.0337,
        "D2_A3": 273.896,
        "D3_0": 13.9339,
        "r_0": 1.31993,
        "r_A": 0.0152302,
        "a_0_n": 0.55161,
        "a_A_n": -0.000432895,
        "a_0_p": 0.551483,
        "a_A_p": 0.000411792
    }
}