{
    "ECS_p": 0.216242,
    "ECS_n": 0.144048,
    "APower_p": 0.216128,
    "APower_n": 0.138868,
    "RCS_p": 0.0155637,
    "TCS_n": 0.0342864
}