{
    "KDHartreeFock": {
        "V1_0": 58.1633,
        "V1_asymm": 12.6277,
        "V1_A": 0.0224372,
        "V2_0_n": 0.00633812,
        "V2_A_n": 5.60594e-06,
        "V3_0_n": 6.34129e-06,
        "V3_A_n": 3.97738e-08,
        "V2_0_p": 0.0068601,
        "V2_A_p": 1.83344e-06,
        "V3_0_p": 1.10748e-05,
        "V3_A_p": 1.87167e-08,
        "V4_0": -2.09774e-08,
        "r_0": 1.26661,
        "r_A": 0.354864,
        "a_0": 0.703067,
        "a_A": 1.51441e-05
    },
    "KDCoulomb": {
        "r_C_0": 1.26583,
        "r_C_A": 0.956037,
        "r_C_A2": 8.38726
    },
    "KDRealSpinOrbit": {
        "V1_0": 6.21756,
        "V1_A": 3.83153e-05,
        "V2_0": 0.00287632,
        "r_0": 1.20855,
        "r_A": 0.779243,
        "a_0": 0.616594
    },
    "KDImagSpinOrbit": {
        "W1_0": -2.49322,
        "W2_0": 152.801
    },
    "KDImagVolume": {
        "W1_0_n": 21.0053,
        "W1_A_n": -0.00864375,
        "W1_0_p": 18.8305,
        "W1_A_p": 0.00913639,
        "W2_0": 87.3242,
        "W2_A": -0.112195
    },
    "KDImagSurface": {
        "D1_0": 17.8083,
        "D1_asymm": 19.5596,
        "D2_0": 0.0288431,
        "D2_A": -0.00959679,
        "D2_A2": 10.0595,
        "D2_A3": -317.792,
        "D3_0": 13.5668,
        "r_0": 1.41989,
        "r_A": 0.0237485,
        "a_0_n": 0.515615,
        "a_A_n": 5.56712e-06,
        "a_0_p": 0.492994,
        "a_A_p": 0.000973427
    }
}