{
    "ECS_p": 0.620776,
    "ECS_n": 0.238726,
    "APower_p": 0.970397,
    "APower_n": 0.551897,
    "RCS_p": 0.0391059,
    "TCS_n": 0.0373723
}