{
    "KDHartreeFock": {
        "V1_0": 62.4487,
        "V1_asymm": 16.3743,
        "V1_A": 0.0425469,
        "V2_0_n": 0.00858879,
        "V2_A_n": 5.63246e-06,
        "V3_0_n": 3.54019e-05,
        "V3_A_n": 5.59614e-08,
        "V2_0_p": 0.00804142,
        "V2_A_p": 6.79361e-06,
        "V3_0_p": 2.87233e-05,
        "V3_A_p": 5.01678e-08,
        "V4_0": 4.16637e-08,
        "r_0": 1.30091,
        "r_A": 0.450489,
        "a_0": 0.634142,
        "a_A": -0.000287102
    },
    "KDCoulomb": {
        "r_C_0": 1.21579,
        "r_C_A": 0.703491,
        "r_C_A2": 15.9706
    },
    "KDRealSpinOrbit": {
        "V1_0": 4.86062,
        "V1_A": -0.016714,
        "V2_0": 0.000346085,
        "r_0": 1.27244,
        "r_A": 1.05834,
        "a_0": 0.570511
    },
    "KDImagSpinOrbit": {
        "W1_0": -1.06973,
        "W2_0": 365.109
    },
    "KDImagVolume": {
        "W1_0_n": 9.26952,
        "W1_A_n": 0.0780773,
        "W1_0_p": 13.0042,
        "W1_A_p": 0.0648926,
        "W2_0": 63.3598,
        "W2_A": 0.442815
    },
    "KDImagSurface": {
        "D1_0": 24.5227,
        "D1_asymm": 1.08394,
        "D2_0": 0.0547088,
        "D2_A": -0.027814,
        "D2_A2": 10.0982,
        "D2_A3": 377.743,
        "D3_0": 25.1723,
        "r_0": 1.23419,
        "r_A": 0.00189358,
        "a_0_n": 0.556807,
        "a_A_n": -0.00124886,
        "a_0_p": 0.490608,
        "a_A_p": 0.00232623
    }
}