{
    "ECS_p": 0.419143,
    "ECS_n": 0.243741,
    "APower_p": 0.36469,
    "APower_n": 0.291185,
    "RCS_p": 0.0051918,
    "TCS_n": 0.0316177
}