{
    "KDHartreeFock": {
        "V1_0": 58.8058,
        "V1_asymm": 12.9679,
        "V1_A": 0.0134604,
        "V2_0_n": 0.00753392,
        "V2_A_n": 2.87608e-06,
        "V3_0_n": 2.57524e-05,
        "V3_A_n": 3.12298e-08,
        "V2_0_p": 0.0100443,
        "V2_A_p": -1.12945e-05,
        "V3_0_p": 4.33588e-05,
        "V3_A_p": -9.12936e-08,
        "V4_0": 3.24322e-08,
        "r_0": 1.21218,
        "r_A": 0.159997,
        "a_0": 0.70646,
        "a_A": -0.000240851
    },
    "KDCoulomb": {
        "r_C_0": 1.09202,
        "r_C_A": 0.549887,
        "r_C_A2": -21.6375
    },
    "KDRealSpinOrbit": {
        "V1_0": 5.28646,
        "V1_A": -0.0024323,
        "V2_0": 0.00458224,
        "r_0": 1.27388,
        "r_A": 0.993501,
        "a_0": 0.545013
    },
    "KDImagSpinOrbit": {
        "W1_0": -5.28667,
        "W2_0": 338.715
    },
    "KDImagVolume": {
        "W1_0_n": 22.3122,
        "W1_A_n": 0.0405966,
        "W1_0_p": 26.6164,
        "W1_A_p": 0.0932566,
        "W2_0": 148.766,
        "W2_A": 0.0532676
    },
    "KDImagSurface": {
        "D1_0": 27.1586,
        "D1_asymm": 15.2601,
        "D2_0": -0.00315746,
        "D2_A": 0.038867,
        "D2_A2": 5.95313,
        "D2_A3": 332.589,
        "D3_0": 16.0857,
        "r_0": 1.31064,
        "r_A": 0.0145842,
        "a_0_n": 0.541909,
        "a_A_n": 0.000222352,
        "a_0_p": 0.54363,
        "a_A_p": 0.00184586
    }
}