{
    "ECS_p": 0.204084,
    "ECS_n": 0.279231,
    "APower_p": 0.352358,
    "APower_n": 0.26822,
    "RCS_p": 0.00291118,
    "TCS_n": 0.0302027
}