{
    "KDHartreeFock": {
        "V1_0": 59.6244,
        "V1_asymm": 14.0874,
        "V1_A": 0.0276185,
        "V2_0_n": 0.00585918,
        "V2_A_n": 3.58891e-06,
        "V3_0_n": 9.54543e-06,
        "V3_A_n": 2.58514e-08,
        "V2_0_p": 0.00936898,
        "V2_A_p": -1.70612e-05,
        "V3_0_p": 2.99029e-05,
        "V3_A_p": -1.07844e-07,
        "V4_0": -2.04946e-09,
        "r_0": 1.25595,
        "r_A": 0.278111,
        "a_0": 0.681128,
        "a_A": 1.99952e-05
    },
    "KDCoulomb": {
        "r_C_0": 1.22944,
        "r_C_A": -0.821129,
        "r_C_A2": 23.6694
    },
    "KDRealSpinOrbit": {
        "V1_0": 6.99271,
        "V1_A": -0.00721904,
        "V2_0": 0.00254718,
        "r_0": 1.24583,
        "r_A": 1.11886,
        "a_0": 0.604424
    },
    "KDImagSpinOrbit": {
        "W1_0": -1.34553,
        "W2_0": 211.923
    },
    "KDImagVolume": {
        "W1_0_n": 19.6718,
        "W1_A_n": -0.0103425,
        "W1_0_p": 23.4725,
        "W1_A_p": -0.0292234,
        "W2_0": 127.573,
        "W2_A": -0.356022
    },
    "KDImagSurface": {
        "D1_0": 15.678,
        "D1_asymm": 21.0143,
        "D2_0": 0.0753476,
        "D2_A": -0.0502768,
        "D2_A2": 3.64246,
        "D2_A3": 214.994,
        "D3_0": 10.7397,
        "r_0": 1.42638,
        "r_A": 0.0328442,
        "a_0_n": 0.568553,
        "a_A_n": 2.37533e-05,
        "a_0_p": 0.472655,
        "a_A_p": 0.0016129
    }
}