{
    "ECS_p": 0.316006,
    "ECS_n": 0.204655,
    "APower_p": 0.523321,
    "APower_n": 0.676224,
    "RCS_p": 0.0312771,
    "TCS_n": 0.0341567
}