{
    "KDHartreeFock": {
        "V1_0": 58.9685,
        "V1_asymm": 6.60045,
        "V1_A": 0.0374828,
        "V2_0_n": 0.00605019,
        "V2_A_n": -2.73815e-06,
        "V3_0_n": 1.21029e-05,
        "V3_A_n": 6.83133e-09,
        "V2_0_p": 0.00713684,
        "V2_A_p": 3.21469e-06,
        "V3_0_p": 1.72874e-05,
        "V3_A_p": 1.36884e-08,
        "V4_0": -1.77252e-09,
        "r_0": 1.28705,
        "r_A": 0.418053,
        "a_0": 0.631781,
        "a_A": -0.00064469
    },
    "KDCoulomb": {
        "r_C_0": 1.48799,
        "r_C_A": 1.55146,
        "r_C_A2": 32.2536
    },
    "KDRealSpinOrbit": {
        "V1_0": 5.35089,
        "V1_A": -0.000264768,
        "V2_0": 0.00786671,
        "r_0": 1.31234,
        "r_A": 0.935612,
        "a_0": 0.528794
    },
    "KDImagSpinOrbit": {
        "W1_0": -6.71176,
        "W2_0": 277.829
    },
    "KDImagVolume": {
        "W1_0_n": 22.0649,
        "W1_A_n": 0.0118864,
        "W1_0_p": 23.6961,
        "W1_A_p": -0.0155472,
        "W2_0": 130.827,
        "W2_A": -0.16936
    },
    "KDImagSurface": {
        "D1_0": 19.0909,
        "D1_asymm": 12.0062,
        "D2_0": 0.0144114,
        "D2_A": 0.0104228,
        "D2_A2": 12.2764,
        "D2_A3": 359.385,
        "D3_0": 17.7423,
        "r_0": 1.26314,
        "r_A": 0.000451494,
        "a_0_n": 0.650328,
        "a_A_n": 0.000565682,
        "a_0_p": 0.50331,
        "a_A_p": 0.00140097
    }
}