{
    "ECS_p": 0.352518,
    "ECS_n": 0.292122,
    "APower_p": 0.585413,
    "APower_n": 0.466138,
    "RCS_p": 0.0313237,
    "TCS_n": 0.0293299
}