{
    "KDHartreeFock": {
        "V1_0": 59.4704,
        "V1_asymm": 14.7699,
        "V1_A": 0.0265733,
        "V2_0_n": 0.00527812,
        "V2_A_n": 1.33629e-06,
        "V3_0_n": -1.24237e-06,
        "V3_A_n": 1.17337e-09,
        "V2_0_p": 0.00611695,
        "V2_A_p": 8.59261e-06,
        "V3_0_p": 6.91153e-06,
        "V3_A_p": 3.65758e-08,
        "V4_0": -2.85162e-08,
        "r_0": 1.26705,
        "r_A": 0.378591,
        "a_0": 0.665491,
        "a_A": -0.000330402
    },
    "KDCoulomb": {
        "r_C_0": 1.24655,
        "r_C_A": 1.20102,
        "r_C_A2": 23.8701
    },
    "KDRealSpinOrbit": {
        "V1_0": 5.07816,
        "V1_A": -0.00610404,
        "V2_0": 0.0018879,
        "r_0": 1.31666,
        "r_A": 1.05127,
        "a_0": 0.551208
    },
    "KDImagSpinOrbit": {
        "W1_0": -2.45285,
        "W2_0": 192.048
    },
    "KDImagVolume": {
        "W1_0_n": 21.4312,
        "W1_A_n": -0.0171235,
        "W1_0_p": 13.751,
        "W1_A_p": 0.0295484,
        "W2_0": 86.6814,
        "W2_A": 0.107809
    },
    "KDImagSurface": {
        "D1_0": 19.117,
        "D1_asymm": 8.80589,
        "D2_0": 0.0261207,
        "D2_A": 0.00412336,
        "D2_A2": -5.37631,
        "D2_A3": 313.651,
        "D3_0": 15.895,
        "r_0": 1.4129,
        "r_A": 0.0370031,
        "a_0_n": 0.478854,
        "a_A_n": -0.000983413,
        "a_0_p": 0.438,
        "a_A_p": 0.00243374
    }
}