{
    "ECS_p": 0.375511,
    "ECS_n": 0.276039,
    "APower_p": 0.63872,
    "APower_n": 0.450973,
    "RCS_p": 0.0572208,
    "TCS_n": 0.0284878
}