{
    "KDHartreeFock": {
        "V1_0": 61.765,
        "V1_asymm": 8.86774,
        "V1_A": 0.039103,
        "V2_0_n": 0.00677085,
        "V2_A_n": -5.22922e-06,
        "V3_0_n": 2.11143e-05,
        "V3_A_n": 1.89815e-09,
        "V2_0_p": 0.008347,
        "V2_A_p": -7.62173e-06,
        "V3_0_p": 2.8668e-05,
        "V3_A_p": -6.88954e-08,
        "V4_0": 2.24928e-08,
        "r_0": 1.29534,
        "r_A": 0.496032,
        "a_0": 0.665003,
        "a_A": -0.000284681
    },
    "KDCoulomb": {
        "r_C_0": 1.27433,
        "r_C_A": 1.11124,
        "r_C_A2": 15.2267
    },
    "KDRealSpinOrbit": {
        "V1_0": 4.76169,
        "V1_A": 0.0081621,
        "V2_0": 0.00175417,
        "r_0": 1.1767,
        "r_A": 0.575488,
        "a_0": 0.595954
    },
    "KDImagSpinOrbit": {
        "W1_0": -1.87902,
        "W2_0": 425.515
    },
    "KDImagVolume": {
        "W1_0_n": 22.3745,
        "W1_A_n": 0.00533442,
        "W1_0_p": 25.663,
        "W1_A_p": 0.0257548,
        "W2_0": 164.99,
        "W2_A": -0.213255
    },
    "KDImagSurface": {
        "D1_0": 17.5903,
        "D1_asymm": 5.37887,
        "D2_0": 0.0228497,
        "D2_A": 0.0186,
        "D2_A2": 5.13723,
        "D2_A3": -101.476,
        "D3_0": 14.4128,
        "r_0": 1.3239,
        "r_A": 0.0153516,
        "a_0_n": 0.596883,
        "a_A_n": -7.58115e-06,
        "a_0_p": 0.530351,
        "a_A_p": 0.0015275
    }
}