{
    "ECS_p": 0.201499,
    "ECS_n": 0.258473,
    "APower_p": 0.426113,
    "APower_n": 0.185557,
    "RCS_p": 0.00687122,
    "TCS_n": 0.0335131
}