{
    "KDHartreeFock": {
        "V1_0": 60.952,
        "V1_asymm": 18.8828,
        "V1_A": 0.0237264,
        "V2_0_n": 0.00742212,
        "V2_A_n": 9.05992e-06,
        "V3_0_n": 1.89805e-05,
        "V3_A_n": 5.02624e-08,
        "V2_0_p": 0.0072163,
        "V2_A_p": 2.93012e-06,
        "V3_0_p": 2.19938e-05,
        "V3_A_p": -2.60598e-08,
        "V4_0": 1.18623e-08,
        "r_0": 1.29134,
        "r_A": 0.477744,
        "a_0": 0.675636,
        "a_A": 0.000146824
    },
    "KDCoulomb": {
        "r_C_0": 1.25942,
        "r_C_A": 1.02249,
        "r_C_A2": 25.4475
    },
    "KDRealSpinOrbit": {
        "V1_0": 6.26667,
        "V1_A": 0.00812372,
        "V2_0": 0.00562395,
        "r_0": 1.20352,
        "r_A": 0.858249,
        "a_0": 0.562911
    },
    "KDImagSpinOrbit": {
        "W1_0": -2.07278,
        "W2_0": 153.598
    },
    "KDImagVolume": {
        "W1_0_n": 21.8645,
        "W1_A_n": 0.101022,
        "W1_0_p": 17.2959,
        "W1_A_p": 0.156824,
        "W2_0": 159.519,
        "W2_A": 0.456439
    },
    "KDImagSurface": {
        "D1_0": 11.2742,
        "D1_asymm": 3.46691,
        "D2_0": 0.0117033,
        "D2_A": -0.000606704,
        "D2_A2": -1.54121,
        "D2_A3": 216.462,
        "D3_0": 11.1658,
        "r_0": 1.47153,
        "r_A": 0.058169,
        "a_0_n": 0.612215,
        "a_A_n": -0.000111233,
        "a_0_p": 0.467482,
        "a_A_p": 0.00254154
    }
}