{
    "ECS_p": 0.293817,
    "ECS_n": 0.27645,
    "APower_p": 0.612745,
    "APower_n": 0.642362,
    "RCS_p": 0.0287362,
    "TCS_n": 0.0663918
}