{
    "KDHartreeFock": {
        "V1_0": 56.1401,
        "V1_asymm": 13.6188,
        "V1_A": 0.00860056,
        "V2_0_n": 0.00521691,
        "V2_A_n": -4.2107e-06,
        "V3_0_n": 5.60007e-06,
        "V3_A_n": -2.48647e-08,
        "V2_0_p": 0.0067394,
        "V2_A_p": 8.89374e-06,
        "V3_0_p": 1.67377e-05,
        "V3_A_p": 4.48568e-08,
        "V4_0": 3.01464e-09,
        "r_0": 1.21917,
        "r_A": 0.079865,
        "a_0": 0.594756,
        "a_A": -0.000836046
    },
    "KDCoulomb": {
        "r_C_0": 1.0902,
        "r_C_A": 0.204515,
        "r_C_A2": -8.57495
    },
    "KDRealSpinOrbit": {
        "V1_0": 4.88636,
        "V1_A": 0.00664678,
        "V2_0": 0.00367821,
        "r_0": 1.30929,
        "r_A": 1.03306,
        "a_0": 0.544432
    },
    "KDImagSpinOrbit": {
        "W1_0": -3.76585,
        "W2_0": 305.268
    },
    "KDImagVolume": {
        "W1_0_n": 20.8733,
        "W1_A_n": -0.00348529,
        "W1_0_p": 19.8818,
        "W1_A_p": -0.00653737,
        "W2_0": 119.893,
        "W2_A": -0.270097
    },
    "KDImagSurface": {
        "D1_0": 21.1607,
        "D1_asymm": 4.56907,
        "D2_0": 0.00032503,
        "D2_A": 0.0268292,
        "D2_A2": 6.90348,
        "D2_A3": 422.305,
        "D3_0": 18.3844,
        "r_0": 1.37906,
        "r_A": 0.016746,
        "a_0_n": 0.530297,
        "a_A_n": 8.36892e-05,
        "a_0_p": 0.470315,
        "a_A_p": 0.00107638
    }
}