{
    "ECS_p": 0.265855,
    "ECS_n": 0.172981,
    "APower_p": 0.524407,
    "APower_n": 0.259202,
    "RCS_p": 0.0167682,
    "TCS_n": 0.0218787
}