{
    "KDHartreeFock": {
        "V1_0": 56.7229,
        "V1_asymm": 6.08402,
        "V1_A": 0.0286875,
        "V2_0_n": 0.00649938,
        "V2_A_n": 1.09494e-05,
        "V3_0_n": 1.28225e-05,
        "V3_A_n": 7.98328e-08,
        "V2_0_p": 0.00611877,
        "V2_A_p": -4.24194e-06,
        "V3_0_p": 2.02971e-05,
        "V3_A_p": -1.14138e-07,
        "V4_0": -1.15187e-08,
        "r_0": 1.27963,
        "r_A": 0.314352,
        "a_0": 0.696449,
        "a_A": 0.000385449
    },
    "KDCoulomb": {
        "r_C_0": 1.27618,
        "r_C_A": 1.23357,
        "r_C_A2": 28.3139
    },
    "KDRealSpinOrbit": {
        "V1_0": 13.1342,
        "V1_A": -0.0110733,
        "V2_0": 0.0310763,
        "r_0": 1.19861,
        "r_A": 0.493902,
        "a_0": 0.593068
    },
    "KDImagSpinOrbit": {
        "W1_0": -0.222538,
        "W2_0": 168.002
    },
    "KDImagVolume": {
        "W1_0_n": 12.8266,
        "W1_A_n": 0.0933957,
        "W1_0_p": 14.4616,
        "W1_A_p": 0.0903004,
        "W2_0": 51.9587,
        "W2_A": 0.54553
    },
    "KDImagSurface": {
        "D1_0": 27.2555,
        "D1_asymm": 28.5372,
        "D2_0": 0.0529675,
        "D2_A": -0.0165113,
        "D2_A2": 5.96787,
        "D2_A3": 226.24,
        "D3_0": 17.6839,
        "r_0": 1.25425,
        "r_A": 0.00283857,
        "a_0_n": 0.506267,
        "a_A_n": -0.000726388,
        "a_0_p": 0.482905,
        "a_A_p": 0.00222235
    }
}