{
    "ECS_p": 0.260105,
    "ECS_n": 0.237684,
    "APower_p": 0.386221,
    "APower_n": 0.282617,
    "RCS_p": 0.0262262,
    "TCS_n": 0.0373741
}