{
    "KDHartreeFock": {
        "V1_0": 62.8972,
        "V1_asymm": 12.0983,
        "V1_A": 0.0307455,
        "V2_0_n": 0.00730124,
        "V2_A_n": -6.15141e-06,
        "V3_0_n": 2.36144e-05,
        "V3_A_n": -3.51838e-08,
        "V2_0_p": 0.00939978,
        "V2_A_p": -1.89184e-05,
        "V3_0_p": 3.61403e-05,
        "V3_A_p": -9.52798e-08,
        "V4_0": 3.52513e-08,
        "r_0": 1.23934,
        "r_A": 0.309158,
        "a_0": 0.700721,
        "a_A": 0.000167768
    },
    "KDCoulomb": {
        "r_C_0": 1.22718,
        "r_C_A": 0.518597,
        "r_C_A2": -1.3738
    },
    "KDRealSpinOrbit": {
        "V1_0": 6.22412,
        "V1_A": -0.00389274,
        "V2_0": 0.00366127,
        "r_0": 1.18616,
        "r_A": 0.668491,
        "a_0": 0.560509
    },
    "KDImagSpinOrbit": {
        "W1_0": -1.55091,
        "W2_0": 328.49
    },
    "KDImagVolume": {
        "W1_0_n": 21.1029,
        "W1_A_n": -0.0269906,
        "W1_0_p": 19.3231,
        "W1_A_p": 0.0226838,
        "W2_0": 81.6915,
        "W2_A": -0.116132
    },
    "KDImagSurface": {
        "D1_0": 15.5649,
        "D1_asymm": 7.15672,
        "D2_0": 0.051706,
        "D2_A": -0.0236642,
        "D2_A2": 14.3766,
        "D2_A3": 212.627,
        "D3_0": 13.4059,
        "r_0": 1.27624,
        "r_A": 0.000769326,
        "a_0_n": 0.552942,
        "a_A_n": 0.000145311,
        "a_0_p": 0.449181,
        "a_A_p": 0.00238477
    }
}