{
    "ECS_p": 0.36967,
    "ECS_n": 0.284199,
    "APower_p": 0.758371,
    "APower_n": 0.460832,
    "RCS_p": 0.0372804,
    "TCS_n": 0.0408663
}