{
    "KDHartreeFock": {
        "V1_0": 58.7826,
        "V1_asymm": 12.1173,
        "V1_A": 0.0357803,
        "V2_0_n": 0.00488484,
        "V2_A_n": 1.32089e-06,
        "V3_0_n": -2.40948e-06,
        "V3_A_n": 9.07113e-09,
        "V2_0_p": 0.00620877,
        "V2_A_p": 5.55221e-06,
        "V3_0_p": 2.16917e-06,
        "V3_A_p": 4.74005e-08,
        "V4_0": -2.85968e-08,
        "r_0": 1.32584,
        "r_A": 0.59945,
        "a_0": 0.658059,
        "a_A": -0.000279991
    },
    "KDCoulomb": {
        "r_C_0": 1.44117,
        "r_C_A": -0.353067,
        "r_C_A2": 16.7252
    },
    "KDRealSpinOrbit": {
        "V1_0": 6.38282,
        "V1_A": -0.00990954,
        "V2_0": 0.00139582,
        "r_0": 1.16402,
        "r_A": 0.649926,
        "a_0": 0.667148
    },
    "KDImagSpinOrbit": {
        "W1_0": -5.01373,
        "W2_0": 368.177
    },
    "KDImagVolume": {
        "W1_0_n": 20.9169,
        "W1_A_n": -0.0130362,
        "W1_0_p": 17.8809,
        "W1_A_p": 0.00923535,
        "W2_0": 49.6608,
        "W2_A": 0.256078
    },
    "KDImagSurface": {
        "D1_0": 28.8956,
        "D1_asymm": 3.11434,
        "D2_0": 0.0271298,
        "D2_A": 0.0236059,
        "D2_A2": 12.2755,
        "D2_A3": 114.786,
        "D3_0": 20.7585,
        "r_0": 1.47407,
        "r_A": 0.0380551,
        "a_0_n": 0.557616,
        "a_A_n": 0.000169651,
        "a_0_p": 0.536068,
        "a_A_p": 0.00130033
    }
}