{
    "ECS_p": 0.42174,
    "ECS_n": 0.298047,
    "APower_p": 0.375305,
    "APower_n": 0.482965,
    "RCS_p": 0.0450427,
    "TCS_n": 0.0329508
}