{
    "KDHartreeFock": {
        "V1_0": 62.2984,
        "V1_asymm": 11.5544,
        "V1_A": 0.05308,
        "V2_0_n": 0.00681507,
        "V2_A_n": 7.45068e-07,
        "V3_0_n": 1.3525e-05,
        "V3_A_n": -7.12747e-09,
        "V2_0_p": 0.00658228,
        "V2_A_p": 4.35888e-06,
        "V3_0_p": 1.63075e-05,
        "V3_A_p": 2.71355e-08,
        "V4_0": 1.11791e-08,
        "r_0": 1.30439,
        "r_A": 0.545256,
        "a_0": 0.663735,
        "a_A": -0.000374354
    },
    "KDCoulomb": {
        "r_C_0": 0.940962,
        "r_C_A": 1.49256,
        "r_C_A2": 20.9325
    },
    "KDRealSpinOrbit": {
        "V1_0": 5.22037,
        "V1_A": -0.00498861,
        "V2_0": 0.00424046,
        "r_0": 1.19852,
        "r_A": 0.552451,
        "a_0": 0.596588
    },
    "KDImagSpinOrbit": {
        "W1_0": -4.72808,
        "W2_0": 251.776
    },
    "KDImagVolume": {
        "W1_0_n": 23.4265,
        "W1_A_n": 0.0372942,
        "W1_0_p": 19.8429,
        "W1_A_p": 0.0326514,
        "W2_0": 112.819,
        "W2_A": 0.49187
    },
    "KDImagSurface": {
        "D1_0": 13.6472,
        "D1_asymm": -1.24199,
        "D2_0": 0.0156718,
        "D2_A": -0.018543,
        "D2_A2": 16.9024,
        "D2_A3": -31.9177,
        "D3_0": 12.8666,
        "r_0": 1.21739,
        "r_A": -0.00986601,
        "a_0_n": 0.598171,
        "a_A_n": 0.00012751,
        "a_0_p": 0.551901,
        "a_A_p": 0.00100982
    }
}