{
    "ECS_p": 0.311309,
    "ECS_n": 0.208528,
    "APower_p": 0.451946,
    "APower_n": 0.342554,
    "RCS_p": 0.00757392,
    "TCS_n": 0.026284
}