{
    "KDHartreeFock": {
        "V1_0": 59.6392,
        "V1_asymm": 19.1077,
        "V1_A": 0.00757473,
        "V2_0_n": 0.0075266,
        "V2_A_n": 5.30786e-07,
        "V3_0_n": 2.85189e-05,
        "V3_A_n": 1.8974e-08,
        "V2_0_p": 0.00793129,
        "V2_A_p": 2.61212e-07,
        "V3_0_p": 3.50807e-05,
        "V3_A_p": -3.14341e-08,
        "V4_0": 4.40892e-08,
        "r_0": 1.21034,
        "r_A": 0.125718,
        "a_0": 0.725532,
        "a_A": 0.000298042
    },
    "KDCoulomb": {
        "r_C_0": 1.19005,
        "r_C_A": 0.469029,
        "r_C_A2": 11.4687
    },
    "KDRealSpinOrbit": {
        "V1_0": 7.1589,
        "V1_A": 0.00943017,
        "V2_0": 0.0109962,
        "r_0": 1.19429,
        "r_A": 0.741583,
        "a_0": 0.565329
    },
    "KDImagSpinOrbit": {
        "W1_0": -3.51186,
        "W2_0": 154.423
    },
    "KDImagVolume": {
        "W1_0_n": 27.3675,
        "W1_A_n": 0.00853674,
        "W1_0_p": 33.6948,
        "W1_A_p": -0.00400455,
        "W2_0": 202.924,
        "W2_A": -0.326108
    },
    "KDImagSurface": {
        "D1_0": 20.4313,
        "D1_asymm": 24.1824,
        "D2_0": 0.0238334,
        "D2_A": 0.00406831,
        "D2_A2": 13.4474,
        "D2_A3": 52.8689,
        "D3_0": 14.0133,
        "r_0": 1.30764,
        "r_A": 0.0173217,
        "a_0_n": 0.573878,
        "a_A_n": -8.88725e-05,
        "a_0_p": 0.521191,
        "a_A_p": 0.00122803
    }
}