{
    "ECS_p": 0.334289,
    "ECS_n": 0.215566,
    "APower_p": 0.368254,
    "APower_n": 0.115821,
    "RCS_p": 0.0157305,
    "TCS_n": 0.0447166
}