{
    "KDHartreeFock": {
        "V1_0": 56.881,
        "V1_asymm": 2.47626,
        "V1_A": 0.035796,
        "V2_0_n": 0.00590225,
        "V2_A_n": 1.322e-06,
        "V3_0_n": 8.51904e-06,
        "V3_A_n": 1.50458e-09,
        "V2_0_p": 0.00473079,
        "V2_A_p": 1.32929e-05,
        "V3_0_p": -2.09413e-06,
        "V3_A_p": 8.23677e-08,
        "V4_0": 1.74171e-09,
        "r_0": 1.32252,
        "r_A": 0.503244,
        "a_0": 0.695647,
        "a_A": 0.000116673
    },
    "KDCoulomb": {
        "r_C_0": 1.24266,
        "r_C_A": 0.533648,
        "r_C_A2": 13.2894
    },
    "KDRealSpinOrbit": {
        "V1_0": 6.10136,
        "V1_A": -0.00846542,
        "V2_0": 0.0013439,
        "r_0": 1.26065,
        "r_A": 0.800946,
        "a_0": 0.608561
    },
    "KDImagSpinOrbit": {
        "W1_0": -1.40988,
        "W2_0": 125.55
    },
    "KDImagVolume": {
        "W1_0_n": 22.693,
        "W1_A_n": -0.0139339,
        "W1_0_p": 20.77,
        "W1_A_p": -0.00726449,
        "W2_0": 139.145,
        "W2_A": 0.0851923
    },
    "KDImagSurface": {
        "D1_0": 12.7643,
        "D1_asymm": 6.79115,
        "D2_0": 0.0123428,
        "D2_A": 0.00491643,
        "D2_A2": 8.93575,
        "D2_A3": 112.753,
        "D3_0": 9.25616,
        "r_0": 1.37122,
        "r_A": 0.0222494,
        "a_0_n": 0.526168,
        "a_A_n": 7.71712e-06,
        "a_0_p": 0.483518,
        "a_A_p": 0.00200764
    }
}