{
    "ECS_p": 0.362645,
    "ECS_n": 0.193464,
    "APower_p": 0.25471,
    "APower_n": 0.317536,
    "RCS_p": 0.0348661,
    "TCS_n": 0.0193401
}