{
    "KDHartreeFock": {
        "V1_0": 57.9602,
        "V1_asymm": 15.9539,
        "V1_A": 0.0291919,
        "V2_0_n": 0.0063228,
        "V2_A_n": 6.30867e-06,
        "V3_0_n": 6.97831e-06,
        "V3_A_n": 3.49947e-08,
        "V2_0_p": 0.0063918,
        "V2_A_p": -5.84618e-07,
        "V3_0_p": 7.55324e-06,
        "V3_A_p": -2.4366e-09,
        "V4_0": -2.36342e-08,
        "r_0": 1.28927,
        "r_A": 0.405335,
        "a_0": 0.740531,
        "a_A": 0.000416202
    },
    "KDCoulomb": {
        "r_C_0": 1.06836,
        "r_C_A": 0.837624,
        "r_C_A2": 20.4763
    },
    "KDRealSpinOrbit": {
        "V1_0": 7.03377,
        "V1_A": -0.00796616,
        "V2_0": 0.00569151,
        "r_0": 1.15679,
        "r_A": 0.398135,
        "a_0": 0.580793
    },
    "KDImagSpinOrbit": {
        "W1_0": -5.49335,
        "W2_0": 191.557
    },
    "KDImagVolume": {
        "W1_0_n": 20.9719,
        "W1_A_n": -0.00234337,
        "W1_0_p": 19.9218,
        "W1_A_p": 0.0882457,
        "W2_0": 111.901,
        "W2_A": -0.0416472
    },
    "KDImagSurface": {
        "D1_0": 17.7913,
        "D1_asymm": -2.42679,
        "D2_0": 0.0293896,
        "D2_A": -0.0021995,
        "D2_A2": 24.0029,
        "D2_A3": 232.07,
        "D3_0": 15.1695,
        "r_0": 1.28559,
        "r_A": 0.0117662,
        "a_0_n": 0.555351,
        "a_A_n": 7.64816e-05,
        "a_0_p": 0.501356,
        "a_A_p": 0.00228972
    }
}