{
    "ECS_p": 0.227592,
    "ECS_n": 0.144336,
    "APower_p": 0.419119,
    "APower_n": 0.146916,
    "RCS_p": 0.0241482,
    "TCS_n": 0.022648
}