{
    "KDHartreeFock": {
        "V1_0": 58.5944,
        "V1_asymm": 7.93192,
        "V1_A": 0.0132135,
        "V2_0_n": 0.00768441,
        "V2_A_n": -2.34364e-07,
        "V3_0_n": 2.91144e-05,
        "V3_A_n": 1.47779e-08,
        "V2_0_p": 0.00642035,
        "V2_A_p": 3.66147e-06,
        "V3_0_p": 1.69688e-05,
        "V3_A_p": 9.0369e-09,
        "V4_0": 4.3202e-08,
        "r_0": 1.25568,
        "r_A": 0.348509,
        "a_0": 0.662667,
        "a_A": -0.000141719
    },
    "KDCoulomb": {
        "r_C_0": 1.1696,
        "r_C_A": 0.361413,
        "r_C_A2": 29.3883
    },
    "KDRealSpinOrbit": {
        "V1_0": 5.90069,
        "V1_A": 0.00844933,
        "V2_0": 0.00458074,
        "r_0": 1.02466,
        "r_A": -0.0718661,
        "a_0": 0.605463
    },
    "KDImagSpinOrbit": {
        "W1_0": -1.11459,
        "W2_0": 104.268
    },
    "KDImagVolume": {
        "W1_0_n": 22.2876,
        "W1_A_n": -0.00629921,
        "W1_0_p": 22.0673,
        "W1_A_p": 0.0577781,
        "W2_0": 128.523,
        "W2_A": 0.0182159
    },
    "KDImagSurface": {
        "D1_0": 12.5112,
        "D1_asymm": 8.1368,
        "D2_0": 0.0181588,
        "D2_A": -0.00119226,
        "D2_A2": 20.8473,
        "D2_A3": 2.91221,
        "D3_0": 11.3718,
        "r_0": 1.30204,
        "r_A": 0.015294,
        "a_0_n": 0.606706,
        "a_A_n": 1.60605e-05,
        "a_0_p": 0.584413,
        "a_A_p": 0.00231967
    }
}