{
    "ECS_p": 0.280486,
    "ECS_n": 0.189875,
    "APower_p": 0.361179,
    "APower_n": 0.29095,
    "RCS_p": 0.0345108,
    "TCS_n": 0.0295678
}