{
    "KDHartreeFock": {
        "V1_0": 59.7765,
        "V1_asymm": 21.0496,
        "V1_A": 0.0143125,
        "V2_0_n": 0.00562564,
        "V2_A_n": 2.40701e-06,
        "V3_0_n": 4.23423e-06,
        "V3_A_n": 1.98678e-08,
        "V2_0_p": 0.0062702,
        "V2_A_p": -3.74529e-08,
        "V3_0_p": 7.02727e-06,
        "V3_A_p": -1.15588e-08,
        "V4_0": -2.9259e-08,
        "r_0": 1.25924,
        "r_A": 0.434673,
        "a_0": 0.728317,
        "a_A": 1.66359e-05
    },
    "KDCoulomb": {
        "r_C_0": 1.11197,
        "r_C_A": 1.23176,
        "r_C_A2": 12.2081
    },
    "KDRealSpinOrbit": {
        "V1_0": 6.71458,
        "V1_A": -0.00622342,
        "V2_0": 0.00290795,
        "r_0": 1.27002,
        "r_A": 1.04671,
        "a_0": 0.612098
    },
    "KDImagSpinOrbit": {
        "W1_0": -4.87233,
        "W2_0": 185.178
    },
    "KDImagVolume": {
        "W1_0_n": 18.4252,
        "W1_A_n": -0.0253854,
        "W1_0_p": 30.7157,
        "W1_A_p": -0.0256202,
        "W2_0": 101.796,
        "W2_A": -0.2295
    },
    "KDImagSurface": {
        "D1_0": 20.8765,
        "D1_asymm": 11.4467,
        "D2_0": 0.0248992,
        "D2_A": 0.00962128,
        "D2_A2": 4.83742,
        "D2_A3": 344.396,
        "D3_0": 15.7364,
        "r_0": 1.39124,
        "r_A": 0.0205725,
        "a_0_n": 0.594741,
        "a_A_n": 0.000594356,
        "a_0_p": 0.514233,
        "a_A_p": 0.000562474
    }
}