{
    "ECS_p": 0.32213,
    "ECS_n": 0.208144,
    "APower_p": 0.37481,
    "APower_n": 0.129916,
    "RCS_p": 0.00824947,
    "TCS_n": 0.0254058
}