{
    "KDHartreeFock": {
        "V1_0": 59.6026,
        "V1_asymm": 9.46032,
        "V1_A": 0.0376523,
        "V2_0_n": 0.00650338,
        "V2_A_n": 2.71339e-06,
        "V3_0_n": 8.25545e-06,
        "V3_A_n": 6.16534e-09,
        "V2_0_p": 0.00656694,
        "V2_A_p": 3.95272e-06,
        "V3_0_p": 1.04588e-05,
        "V3_A_p": 1.4452e-08,
        "V4_0": -1.72477e-08,
        "r_0": 1.25318,
        "r_A": 0.277607,
        "a_0": 0.701139,
        "a_A": -0.000196488
    },
    "KDCoulomb": {
        "r_C_0": 1.35952,
        "r_C_A": 1.49972,
        "r_C_A2": 16.069
    },
    "KDRealSpinOrbit": {
        "V1_0": 6.1635,
        "V1_A": -0.00288712,
        "V2_0": 0.00252918,
        "r_0": 1.26658,
        "r_A": 0.929314,
        "a_0": 0.611206
    },
    "KDImagSpinOrbit": {
        "W1_0": -1.5879,
        "W2_0": 317.141
    },
    "KDImagVolume": {
        "W1_0_n": 17.8082,
        "W1_A_n": -0.0064635,
        "W1_0_p": 15.1372,
        "W1_A_p": 0.028219,
        "W2_0": 87.7005,
        "W2_A": 0.0748267
    },
    "KDImagSurface": {
        "D1_0": 16.3135,
        "D1_asymm": 7.46182,
        "D2_0": 0.0191304,
        "D2_A": 0.00482209,
        "D2_A2": 3.54221,
        "D2_A3": 214.127,
        "D3_0": 13.1779,
        "r_0": 1.18615,
        "r_A": -0.0138128,
        "a_0_n": 0.548666,
        "a_A_n": -6.59679e-05,
        "a_0_p": 0.554275,
        "a_A_p": 0.00111742
    }
}