{
    "ECS_p": 0.566078,
    "ECS_n": 0.186876,
    "APower_p": 0.859695,
    "APower_n": 0.632686,
    "RCS_p": 0.0184895,
    "TCS_n": 0.0381234
}