{
    "KDHartreeFock": {
        "V1_0": 56.6071,
        "V1_asymm": 12.2599,
        "V1_A": 0.0175021,
        "V2_0_n": 0.00441205,
        "V2_A_n": -1.50954e-06,
        "V3_0_n": -9.43633e-06,
        "V3_A_n": 4.46207e-09,
        "V2_0_p": 0.00484765,
        "V2_A_p": 1.01557e-05,
        "V3_0_p": -7.77075e-06,
        "V3_A_p": 8.11798e-08,
        "V4_0": -5.41484e-08,
        "r_0": 1.26269,
        "r_A": 0.371253,
        "a_0": 0.668239,
        "a_A": -0.000438759
    },
    "KDCoulomb": {
        "r_C_0": 1.43836,
        "r_C_A": 0.277642,
        "r_C_A2": 5.80272
    },
    "KDRealSpinOrbit": {
        "V1_0": 5.83937,
        "V1_A": -0.0012401,
        "V2_0": 0.00272011,
        "r_0": 1.16758,
        "r_A": 0.596919,
        "a_0": 0.635852
    },
    "KDImagSpinOrbit": {
        "W1_0": -6.00073,
        "W2_0": 273.163
    },
    "KDImagVolume": {
        "W1_0_n": 21.0011,
        "W1_A_n": -0.00506243,
        "W1_0_p": 21.827,
        "W1_A_p": -0.0132597,
        "W2_0": 92.7773,
        "W2_A": -0.0917776
    },
    "KDImagSurface": {
        "D1_0": 26.8652,
        "D1_asymm": 19.8377,
        "D2_0": 0.0398981,
        "D2_A": 0.000784647,
        "D2_A2": 3.24588,
        "D2_A3": -67.1404,
        "D3_0": 20.8036,
        "r_0": 1.36722,
        "r_A": 0.0145529,
        "a_0_n": 0.528127,
        "a_A_n": -0.000147322,
        "a_0_p": 0.503096,
        "a_A_p": 0.00136545
    }
}