{
    "ECS_p": 0.630766,
    "ECS_n": 0.256932,
    "APower_p": 0.682494,
    "APower_n": 0.540525,
    "RCS_p": 0.0440605,
    "TCS_n": 0.0279737
}