{
    "KDHartreeFock": {
        "V1_0": 58.298,
        "V1_asymm": 13.2869,
        "V1_A": 0.0326446,
        "V2_0_n": 0.00377559,
        "V2_A_n": -3.3773e-07,
        "V3_0_n": -1.04377e-05,
        "V3_A_n": 1.9244e-08,
        "V2_0_p": 0.00567634,
        "V2_A_p": 1.16251e-05,
        "V3_0_p": -1.10884e-06,
        "V3_A_p": 1.31087e-07,
        "V4_0": -5.14631e-08,
        "r_0": 1.28651,
        "r_A": 0.441344,
        "a_0": 0.662311,
        "a_A": -0.000546392
    },
    "KDCoulomb": {
        "r_C_0": 1.27791,
        "r_C_A": 2.12087,
        "r_C_A2": 32.7403
    },
    "KDRealSpinOrbit": {
        "V1_0": 7.44832,
        "V1_A": 0.00050038,
        "V2_0": 0.0226589,
        "r_0": 1.12798,
        "r_A": 0.235042,
        "a_0": 0.479584
    },
    "KDImagSpinOrbit": {
        "W1_0": -2.91449,
        "W2_0": 256.722
    },
    "KDImagVolume": {
        "W1_0_n": 18.0503,
        "W1_A_n": 0.0291197,
        "W1_0_p": 13.9491,
        "W1_A_p": 0.0293433,
        "W2_0": 68.9697,
        "W2_A": 0.177697
    },
    "KDImagSurface": {
        "D1_0": 23.4145,
        "D1_asymm": 11.5448,
        "D2_0": -0.0434686,
        "D2_A": 0.0760066,
        "D2_A2": 6.83616,
        "D2_A3": 330.391,
        "D3_0": 17.4922,
        "r_0": 1.40726,
        "r_A": 0.030093,
        "a_0_n": 0.517202,
        "a_A_n": -0.000551148,
        "a_0_p": 0.42873,
        "a_A_p": 0.00199653
    }
}