{
    "ECS_p": 0.267351,
    "ECS_n": 0.315255,
    "APower_p": 0.928599,
    "APower_n": 0.702396,
    "RCS_p": 0.0304799,
    "TCS_n": 0.0477665
}