{
    "KDHartreeFock": {
        "V1_0": 60.841,
        "V1_asymm": 13.8069,
        "V1_A": 0.0322413,
        "V2_0_n": 0.00559021,
        "V2_A_n": -3.46554e-06,
        "V3_0_n": 1.00062e-05,
        "V3_A_n": 2.86436e-08,
        "V2_0_p": 0.00649894,
        "V2_A_p": 1.18463e-05,
        "V3_0_p": 1.59235e-05,
        "V3_A_p": 6.36042e-08,
        "V4_0": -1.09253e-08,
        "r_0": 1.30223,
        "r_A": 0.543808,
        "a_0": 0.700528,
        "a_A": 8.89282e-05
    },
    "KDCoulomb": {
        "r_C_0": 1.28739,
        "r_C_A": 0.346145,
        "r_C_A2": -8.95914
    },
    "KDRealSpinOrbit": {
        "V1_0": 4.33243,
        "V1_A": 0.0428968,
        "V2_0": 0.0122208,
        "r_0": 1.22074,
        "r_A": 0.96344,
        "a_0": 0.620423
    },
    "KDImagSpinOrbit": {
        "W1_0": -4.64432,
        "W2_0": 163.515
    },
    "KDImagVolume": {
        "W1_0_n": 18.8605,
        "W1_A_n": 0.0407333,
        "W1_0_p": 23.6096,
        "W1_A_p": -0.017315,
        "W2_0": 147.335,
        "W2_A": -0.321348
    },
    "KDImagSurface": {
        "D1_0": 18.8441,
        "D1_asymm": 17.1001,
        "D2_0": 0.0199091,
        "D2_A": 0.00695246,
        "D2_A2": 8.81541,
        "D2_A3": 216.329,
        "D3_0": 14.7015,
        "r_0": 1.29228,
        "r_A": 0.00915766,
        "a_0_n": 0.568087,
        "a_A_n": 0.0002351,
        "a_0_p": 0.524481,
        "a_A_p": 0.00165803
    }
}