{
    "ECS_p": 0.413031,
    "ECS_n": 0.317394,
    "APower_p": 0.7383,
    "APower_n": 0.653223,
    "RCS_p": 0.0561928,
    "TCS_n": 0.0508936
}