{
    "KDHartreeFock": {
        "V1_0": 58.5691,
        "V1_asymm": 10.917,
        "V1_A": 0.0327465,
        "V2_0_n": 0.0061697,
        "V2_A_n": 7.65294e-06,
        "V3_0_n": 9.58896e-06,
        "V3_A_n": 4.25761e-08,
        "V2_0_p": 0.0058227,
        "V2_A_p": 1.34864e-05,
        "V3_0_p": 1.00775e-05,
        "V3_A_p": 1.07499e-07,
        "V4_0": -3.5801e-09,
        "r_0": 1.29978,
        "r_A": 0.470962,
        "a_0": 0.679665,
        "a_A": -0.000123813
    },
    "KDCoulomb": {
        "r_C_0": 1.40929,
        "r_C_A": 0.793745,
        "r_C_A2": -17.3957
    },
    "KDRealSpinOrbit": {
        "V1_0": 5.70246,
        "V1_A": 0.0100212,
        "V2_0": 0.00956073,
        "r_0": 1.06395,
        "r_A": 0.175063,
        "a_0": 0.562537
    },
    "KDImagSpinOrbit": {
        "W1_0": -5.98366,
        "W2_0": 162.141
    },
    "KDImagVolume": {
        "W1_0_n": 18.004,
        "W1_A_n": 0.0193293,
        "W1_0_p": 18.4117,
        "W1_A_p": 0.00134602,
        "W2_0": 56.9243,
        "W2_A": 0.00203931
    },
    "KDImagSurface": {
        "D1_0": 25.6886,
        "D1_asymm": 23.8976,
        "D2_0": 0.0390556,
        "D2_A": 0.00175182,
        "D2_A2": 19.3652,
        "D2_A3": 331.709,
        "D3_0": 18.8815,
        "r_0": 1.42626,
        "r_A": 0.0325871,
        "a_0_n": 0.532688,
        "a_A_n": -0.000619098,
        "a_0_p": 0.492465,
        "a_A_p": 0.00111275
    }
}