{
    "ECS_p": 0.503826,
    "ECS_n": 0.36711,
    "APower_p": 0.566514,
    "APower_n": 0.626375,
    "RCS_p": 0.040602,
    "TCS_n": 0.0393806
}