{
    "KDHartreeFock": {
        "V1_0": 59.3219,
        "V1_asymm": 7.72955,
        "V1_A": 0.0360882,
        "V2_0_n": 0.0039177,
        "V2_A_n": -6.18675e-06,
        "V3_0_n": -1.64756e-05,
        "V3_A_n": -1.28112e-08,
        "V2_0_p": 0.00662939,
        "V2_A_p": -7.17595e-06,
        "V3_0_p": -1.32927e-06,
        "V3_A_p": -3.66459e-08,
        "V4_0": -6.35646e-08,
        "r_0": 1.21024,
        "r_A": 0.133388,
        "a_0": 0.663311,
        "a_A": -0.000569144
    },
    "KDCoulomb": {
        "r_C_0": 1.19197,
        "r_C_A": 0.954226,
        "r_C_A2": -3.37855
    },
    "KDRealSpinOrbit": {
        "V1_0": 5.13798,
        "V1_A": -0.000462457,
        "V2_0": 0.00284451,
        "r_0": 1.22353,
        "r_A": 0.612365,
        "a_0": 0.530912
    },
    "KDImagSpinOrbit": {
        "W1_0": -0.508626,
        "W2_0": 273.927
    },
    "KDImagVolume": {
        "W1_0_n": 19.8593,
        "W1_A_n": -0.000862387,
        "W1_0_p": 16.2477,
        "W1_A_p": 0.0322877,
        "W2_0": 69.2457,
        "W2_A": -0.0965194
    },
    "KDImagSurface": {
        "D1_0": 29.8961,
        "D1_asymm": 26.133,
        "D2_0": -0.0139882,
        "D2_A": 0.059053,
        "D2_A2": 17.1875,
        "D2_A3": 401.974,
        "D3_0": 18.7377,
        "r_0": 1.28189,
        "r_A": -0.00447588,
        "a_0_n": 0.563504,
        "a_A_n": 0.000367835,
        "a_0_p": 0.470269,
        "a_A_p": 0.00104494
    }
}