{
    "ECS_p": 0.250879,
    "ECS_n": 0.247081,
    "APower_p": 0.416766,
    "APower_n": 0.164122,
    "RCS_p": 0.00414783,
    "TCS_n": 0.0263339
}