{
    "KDHartreeFock": {
        "V1_0": 61.7895,
        "V1_asymm": 15.2604,
        "V1_A": 0.0371621,
        "V2_0_n": 0.00677446,
        "V2_A_n": 4.99354e-06,
        "V3_0_n": 1.75314e-05,
        "V3_A_n": 2.91964e-08,
        "V2_0_p": 0.0100043,
        "V2_A_p": -1.94058e-05,
        "V3_0_p": 3.84923e-05,
        "V3_A_p": -1.3376e-07,
        "V4_0": 1.73997e-08,
        "r_0": 1.20866,
        "r_A": 0.15793,
        "a_0": 0.654051,
        "a_A": -0.000447666
    },
    "KDCoulomb": {
        "r_C_0": 1.22644,
        "r_C_A": -0.378474,
        "r_C_A2": 27.0967
    },
    "KDRealSpinOrbit": {
        "V1_0": 5.85067,
        "V1_A": 0.0069273,
        "V2_0": 0.00562719,
        "r_0": 1.25061,
        "r_A": 0.985853,
        "a_0": 0.601415
    },
    "KDImagSpinOrbit": {
        "W1_0": -0.793074,
        "W2_0": 53.1831
    },
    "KDImagVolume": {
        "W1_0_n": 18.0727,
        "W1_A_n": 0.0116346,
        "W1_0_p": 7.85622,
        "W1_A_p": 0.102353,
        "W2_0": 61.1723,
        "W2_A": 0.0684581
    },
    "KDImagSurface": {
        "D1_0": 25.2377,
        "D1_asymm": 37.6907,
        "D2_0": 0.00886254,
        "D2_A": 0.0286818,
        "D2_A2": -1.59047,
        "D2_A3": -194.554,
        "D3_0": 19.7202,
        "r_0": 1.33644,
        "r_A": 0.00358918,
        "a_0_n": 0.534695,
        "a_A_n": -0.000341291,
        "a_0_p": 0.522653,
        "a_A_p": 0.00110058
    }
}