{
    "ECS_p": 0.289386,
    "ECS_n": 0.220967,
    "APower_p": 0.325968,
    "APower_n": 0.104915,
    "RCS_p": 0.0213151,
    "TCS_n": 0.0220299
}