{
    "KDHartreeFock": {
        "V1_0": 58.9468,
        "V1_asymm": 9.10389,
        "V1_A": 0.0369169,
        "V2_0_n": 0.00710847,
        "V2_A_n": 9.00451e-06,
        "V3_0_n": 1.90588e-05,
        "V3_A_n": 6.83384e-08,
        "V2_0_p": 0.00592341,
        "V2_A_p": -3.51421e-07,
        "V3_0_p": 1.58993e-05,
        "V3_A_p": -3.05332e-08,
        "V4_0": 1.51915e-09,
        "r_0": 1.28816,
        "r_A": 0.412866,
        "a_0": 0.690388,
        "a_A": 0.000157758
    },
    "KDCoulomb": {
        "r_C_0": 1.26379,
        "r_C_A": -0.44413,
        "r_C_A2": 18.5068
    },
    "KDRealSpinOrbit": {
        "V1_0": 6.11239,
        "V1_A": -0.002954,
        "V2_0": 0.01024,
        "r_0": 1.12424,
        "r_A": 0.20793,
        "a_0": 0.578548
    },
    "KDImagSpinOrbit": {
        "W1_0": -4.8847,
        "W2_0": 223.172
    },
    "KDImagVolume": {
        "W1_0_n": 15.567,
        "W1_A_n": 0.0460473,
        "W1_0_p": 15.822,
        "W1_A_p": 0.184991,
        "W2_0": 80.3108,
        "W2_A": 0.28336
    },
    "KDImagSurface": {
        "D1_0": 24.4977,
        "D1_asymm": 9.51177,
        "D2_0": 0.064803,
        "D2_A": -0.0294838,
        "D2_A2": 1.43376,
        "D2_A3": 235.448,
        "D3_0": 15.8984,
        "r_0": 1.36483,
        "r_A": 0.0205049,
        "a_0_n": 0.517439,
        "a_A_n": -0.000370925,
        "a_0_p": 0.448631,
        "a_A_p": 0.00212344
    }
}