{
    "ECS_p": 0.257474,
    "ECS_n": 0.189868,
    "APower_p": 0.21862,
    "APower_n": 0.319201,
    "RCS_p": 0.0156894,
    "TCS_n": 0.0279287
}