{
    "KDHartreeFock": {
        "V1_0": 57.808,
        "V1_asymm": 12.5719,
        "V1_A": 0.0290501,
        "V2_0_n": 0.00508293,
        "V2_A_n": -3.64797e-07,
        "V3_0_n": 2.23869e-06,
        "V3_A_n": 3.18641e-08,
        "V2_0_p": 0.00627683,
        "V2_A_p": 6.04974e-06,
        "V3_0_p": 1.02531e-05,
        "V3_A_p": 4.84743e-08,
        "V4_0": -3.11369e-08,
        "r_0": 1.31214,
        "r_A": 0.501289,
        "a_0": 0.662786,
        "a_A": -0.000263245
    },
    "KDCoulomb": {
        "r_C_0": 1.28349,
        "r_C_A": -0.350005,
        "r_C_A2": 21.899
    },
    "KDRealSpinOrbit": {
        "V1_0": 6.68848,
        "V1_A": -0.00243966,
        "V2_0": 0.0111397,
        "r_0": 1.15959,
        "r_A": 0.510728,
        "a_0": 0.530882
    },
    "KDImagSpinOrbit": {
        "W1_0": -2.64512,
        "W2_0": 149.738
    },
    "KDImagVolume": {
        "W1_0_n": 15.3941,
        "W1_A_n": 0.0445374,
        "W1_0_p": 15.6524,
        "W1_A_p": 0.0303856,
        "W2_0": 82.6626,
        "W2_A": 0.170833
    },
    "KDImagSurface": {
        "D1_0": 21.8432,
        "D1_asymm": 13.8101,
        "D2_0": 0.0300759,
        "D2_A": -0.0057517,
        "D2_A2": 10.5825,
        "D2_A3": -34.9594,
        "D3_0": 17.1055,
        "r_0": 1.49949,
        "r_A": 0.0506209,
        "a_0_n": 0.511862,
        "a_A_n": -0.000631216,
        "a_0_p": 0.500604,
        "a_A_p": 0.00157693
    }
}