{
    "ECS_p": 0.315917,
    "ECS_n": 0.189673,
    "APower_p": 0.427993,
    "APower_n": 0.0832728,
    "RCS_p": 0.0181371,
    "TCS_n": 0.018372
}