{
    "KDHartreeFock": {
        "V1_0": 59.015,
        "V1_asymm": 9.60015,
        "V1_A": 0.0297764,
        "V2_0_n": 0.00578681,
        "V2_A_n": -9.22208e-07,
        "V3_0_n": 8.69442e-06,
        "V3_A_n": 1.2219e-08,
        "V2_0_p": 0.0069982,
        "V2_A_p": -7.73297e-06,
        "V3_0_p": 9.53325e-06,
        "V3_A_p": -2.8313e-08,
        "V4_0": -1.58653e-08,
        "r_0": 1.25073,
        "r_A": 0.308179,
        "a_0": 0.687811,
        "a_A": -0.000250268
    },
    "KDCoulomb": {
        "r_C_0": 1.12409,
        "r_C_A": 1.39422,
        "r_C_A2": 17.8415
    },
    "KDRealSpinOrbit": {
        "V1_0": 5.79982,
        "V1_A": -0.00417341,
        "V2_0": 0.00203206,
        "r_0": 1.18898,
        "r_A": 0.657638,
        "a_0": 0.658445
    },
    "KDImagSpinOrbit": {
        "W1_0": -4.80162,
        "W2_0": 323.379
    },
    "KDImagVolume": {
        "W1_0_n": 14.1527,
        "W1_A_n": 0.0167605,
        "W1_0_p": 20.1093,
        "W1_A_p": -0.000166113,
        "W2_0": 84.4894,
        "W2_A": 0.0822042
    },
    "KDImagSurface": {
        "D1_0": 16.2754,
        "D1_asymm": 3.91938,
        "D2_0": 0.0621372,
        "D2_A": -0.0389017,
        "D2_A2": 10.4154,
        "D2_A3": 448.851,
        "D3_0": 13.6495,
        "r_0": 1.40632,
        "r_A": 0.0328358,
        "a_0_n": 0.542713,
        "a_A_n": -6.16961e-05,
        "a_0_p": 0.458341,
        "a_A_p": 0.00236817
    }
}