{
    "ECS_p": 0.354089,
    "ECS_n": 0.351291,
    "APower_p": 0.627153,
    "APower_n": 0.707533,
    "RCS_p": 0.0207443,
    "TCS_n": 0.048879
}