{
    "KDHartreeFock": {
        "V1_0": 61.9346,
        "V1_asymm": 12.862,
        "V1_A": 0.0429479,
        "V2_0_n": 0.00613902,
        "V2_A_n": -3.93218e-06,
        "V3_0_n": 1.5378e-05,
        "V3_A_n": -7.29915e-09,
        "V2_0_p": 0.00665756,
        "V2_A_p": 1.20502e-06,
        "V3_0_p": 1.88093e-05,
        "V3_A_p": 2.22548e-08,
        "V4_0": 2.3646e-08,
        "r_0": 1.29383,
        "r_A": 0.519349,
        "a_0": 0.678697,
        "a_A": -0.000155273
    },
    "KDCoulomb": {
        "r_C_0": 1.21073,
        "r_C_A": 1.49302,
        "r_C_A2": 2.59157
    },
    "KDRealSpinOrbit": {
        "V1_0": 4.46469,
        "V1_A": 0.00814403,
        "V2_0": 0.00801564,
        "r_0": 1.18433,
        "r_A": 0.481513,
        "a_0": 0.532351
    },
    "KDImagSpinOrbit": {
        "W1_0": -4.43748,
        "W2_0": 260.972
    },
    "KDImagVolume": {
        "W1_0_n": 27.696,
        "W1_A_n": 0.010865,
        "W1_0_p": 17.4612,
        "W1_A_p": 0.0788339,
        "W2_0": 108.183,
        "W2_A": 0.193752
    },
    "KDImagSurface": {
        "D1_0": 16.9293,
        "D1_asymm": 18.0486,
        "D2_0": 0.0230965,
        "D2_A": 0.00164437,
        "D2_A2": 1.29291,
        "D2_A3": 284.474,
        "D3_0": 10.1512,
        "r_0": 1.23335,
        "r_A": -0.00438525,
        "a_0_n": 0.567783,
        "a_A_n": -0.00012091,
        "a_0_p": 0.530675,
        "a_A_p": 0.000836446
    }
}