{
    "ECS_p": 0.389798,
    "ECS_n": 0.331434,
    "APower_p": 0.517896,
    "APower_n": 0.661069,
    "RCS_p": 0.0338874,
    "TCS_n": 0.0295015
}