{
    "KDHartreeFock": {
        "V1_0": 58.9063,
        "V1_asymm": 15.8773,
        "V1_A": 0.0284447,
        "V2_0_n": 0.00646928,
        "V2_A_n": 6.93825e-06,
        "V3_0_n": 1.14176e-05,
        "V3_A_n": 4.93013e-08,
        "V2_0_p": 0.00435794,
        "V2_A_p": 1.08891e-05,
        "V3_0_p": -2.15885e-06,
        "V3_A_p": 4.98972e-08,
        "V4_0": -1.67e-08,
        "r_0": 1.25997,
        "r_A": 0.352906,
        "a_0": 0.688491,
        "a_A": -0.000228263
    },
    "KDCoulomb": {
        "r_C_0": 0.970421,
        "r_C_A": 0.773202,
        "r_C_A2": 20.414
    },
    "KDRealSpinOrbit": {
        "V1_0": 6.12868,
        "V1_A": -0.00515907,
        "V2_0": 0.00409843,
        "r_0": 1.11777,
        "r_A": 0.282174,
        "a_0": 0.599139
    },
    "KDImagSpinOrbit": {
        "W1_0": -4.85102,
        "W2_0": 201.617
    },
    "KDImagVolume": {
        "W1_0_n": 14.7675,
        "W1_A_n": 0.0765659,
        "W1_0_p": 14.8751,
        "W1_A_p": 0.150587,
        "W2_0": 87.4384,
        "W2_A": 0.63087
    },
    "KDImagSurface": {
        "D1_0": 13.8394,
        "D1_asymm": 12.8931,
        "D2_0": 0.0188675,
        "D2_A": 0.00919896,
        "D2_A2": 2.00302,
        "D2_A3": 17.5982,
        "D3_0": 8.80184,
        "r_0": 1.3293,
        "r_A": 0.0148676,
        "a_0_n": 0.533394,
        "a_A_n": -0.000483333,
        "a_0_p": 0.472016,
        "a_A_p": 0.00125158
    }
}