{
    "ECS_p": 0.328011,
    "ECS_n": 0.232923,
    "APower_p": 0.917144,
    "APower_n": 0.70227,
    "RCS_p": 0.0655271,
    "TCS_n": 0.0336863
}