{
    "KDHartreeFock": {
        "V1_0": 61.1598,
        "V1_asymm": 21.8931,
        "V1_A": 0.0244836,
        "V2_0_n": 0.00708566,
        "V2_A_n": 1.97412e-06,
        "V3_0_n": 2.08464e-05,
        "V3_A_n": 2.35028e-08,
        "V2_0_p": 0.00649565,
        "V2_A_p": 1.19008e-05,
        "V3_0_p": 1.12015e-05,
        "V3_A_p": 7.70947e-08,
        "V4_0": 6.19074e-09,
        "r_0": 1.32676,
        "r_A": 0.690683,
        "a_0": 0.69955,
        "a_A": -0.000309579
    },
    "KDCoulomb": {
        "r_C_0": 1.32709,
        "r_C_A": 0.984894,
        "r_C_A2": 27.7882
    },
    "KDRealSpinOrbit": {
        "V1_0": 8.71388,
        "V1_A": -0.0211703,
        "V2_0": 0.00255145,
        "r_0": 1.31799,
        "r_A": 1.30421,
        "a_0": 0.653111
    },
    "KDImagSpinOrbit": {
        "W1_0": -6.88985,
        "W2_0": 395.414
    },
    "KDImagVolume": {
        "W1_0_n": 8.28051,
        "W1_A_n": 0.022521,
        "W1_0_p": 23.7677,
        "W1_A_p": -0.0283522,
        "W2_0": 82.7718,
        "W2_A": -0.127288
    },
    "KDImagSurface": {
        "D1_0": 43.7263,
        "D1_asymm": 8.38336,
        "D2_0": 0.0140077,
        "D2_A": 0.0320064,
        "D2_A2": 6.65171,
        "D2_A3": 230.431,
        "D3_0": 23.6809,
        "r_0": 1.36301,
        "r_A": 0.016766,
        "a_0_n": 0.50471,
        "a_A_n": -0.00037313,
        "a_0_p": 0.455561,
        "a_A_p": 0.000457908
    }
}