{
    "ECS_p": 0.295406,
    "ECS_n": 0.234465,
    "APower_p": 0.354041,
    "APower_n": 0.19749,
    "RCS_p": 0.0110849,
    "TCS_n": 0.0210536
}