{
    "KDHartreeFock": {
        "V1_0": 60.1036,
        "V1_asymm": 18.492,
        "V1_A": 0.0246878,
        "V2_0_n": 0.00539709,
        "V2_A_n": -2.50765e-06,
        "V3_0_n": 1.58974e-06,
        "V3_A_n": -1.01518e-08,
        "V2_0_p": 0.0074151,
        "V2_A_p": 2.67798e-06,
        "V3_0_p": 1.31205e-05,
        "V3_A_p": 4.36679e-09,
        "V4_0": -2.30574e-08,
        "r_0": 1.2303,
        "r_A": 0.220051,
        "a_0": 0.664967,
        "a_A": -0.000526958
    },
    "KDCoulomb": {
        "r_C_0": 1.18189,
        "r_C_A": 0.174551,
        "r_C_A2": 15.0782
    },
    "KDRealSpinOrbit": {
        "V1_0": 4.98817,
        "V1_A": 0.0193352,
        "V2_0": 0.00413492,
        "r_0": 1.2732,
        "r_A": 0.996821,
        "a_0": 0.588888
    },
    "KDImagSpinOrbit": {
        "W1_0": -2.73017,
        "W2_0": 137.411
    },
    "KDImagVolume": {
        "W1_0_n": 22.8793,
        "W1_A_n": 0.00434026,
        "W1_0_p": 11.7278,
        "W1_A_p": 0.189664,
        "W2_0": 116.741,
        "W2_A": 0.162941
    },
    "KDImagSurface": {
        "D1_0": 26.7806,
        "D1_asymm": 30.4282,
        "D2_0": 0.0278661,
        "D2_A": 0.0051684,
        "D2_A2": 12.2628,
        "D2_A3": 295.813,
        "D3_0": 17.0573,
        "r_0": 1.29268,
        "r_A": 0.00467887,
        "a_0_n": 0.527751,
        "a_A_n": -0.000507687,
        "a_0_p": 0.521006,
        "a_A_p": 0.000975792
    }
}