{
    "ECS_p": 0.363632,
    "ECS_n": 0.23387,
    "APower_p": 0.907766,
    "APower_n": 0.784659,
    "RCS_p": 0.0282511,
    "TCS_n": 0.0307229
}