{
    "KDHartreeFock": {
        "V1_0": 61.5119,
        "V1_asymm": 12.2043,
        "V1_A": 0.0420134,
        "V2_0_n": 0.00797851,
        "V2_A_n": 1.12654e-05,
        "V3_0_n": 3.13305e-05,
        "V3_A_n": 5.81463e-08,
        "V2_0_p": 0.00828238,
        "V2_A_p": -1.64106e-05,
        "V3_0_p": 3.55194e-05,
        "V3_A_p": -1.11919e-07,
        "V4_0": 5.48181e-08,
        "r_0": 1.19779,
        "r_A": 0.0548536,
        "a_0": 0.650357,
        "a_A": -0.000222212
    },
    "KDCoulomb": {
        "r_C_0": 1.02382,
        "r_C_A": 0.18368,
        "r_C_A2": 20.0848
    },
    "KDRealSpinOrbit": {
        "V1_0": 7.02917,
        "V1_A": 0.0133971,
        "V2_0": 0.0142828,
        "r_0": 1.31981,
        "r_A": 0.960494,
        "a_0": 0.559169
    },
    "KDImagSpinOrbit": {
        "W1_0": -0.582995,
        "W2_0": 211.268
    },
    "KDImagVolume": {
        "W1_0_n": 17.4638,
        "W1_A_n": 0.00887098,
        "W1_0_p": 11.9927,
        "W1_A_p": 0.0911861,
        "W2_0": 60.4847,
        "W2_A": 0.0443968
    },
    "KDImagSurface": {
        "D1_0": 25.7093,
        "D1_asymm": 29.8547,
        "D2_0": 0.0308589,
        "D2_A": 0.00504669,
        "D2_A2": 12.744,
        "D2_A3": 225.2,
        "D3_0": 22.72,
        "r_0": 1.37838,
        "r_A": 0.0198129,
        "a_0_n": 0.509556,
        "a_A_n": -0.000805888,
        "a_0_p": 0.453763,
        "a_A_p": 0.0011065
    }
}