{
    "ECS_p": 0.189862,
    "ECS_n": 0.194302,
    "APower_p": 0.379639,
    "APower_n": 0.292039,
    "RCS_p": 0.017333,
    "TCS_n": 0.0312339
}