{
    "KDHartreeFock": {
        "V1_0": 56.7918,
        "V1_asymm": 16.3224,
        "V1_A": 0.0179029,
        "V2_0_n": 0.00622092,
        "V2_A_n": 4.44076e-06,
        "V3_0_n": 7.55989e-06,
        "V3_A_n": 3.55507e-08,
        "V2_0_p": 0.00657001,
        "V2_A_p": 8.74138e-06,
        "V3_0_p": 8.9843e-06,
        "V3_A_p": 3.97873e-08,
        "V4_0": -2.37684e-08,
        "r_0": 1.28152,
        "r_A": 0.305692,
        "a_0": 0.666802,
        "a_A": 0.000113969
    },
    "KDCoulomb": {
        "r_C_0": 1.18654,
        "r_C_A": 1.4307,
        "r_C_A2": -18.0206
    },
    "KDRealSpinOrbit": {
        "V1_0": 6.03633,
        "V1_A": 0.000158998,
        "V2_0": 0.00465507,
        "r_0": 1.1805,
        "r_A": 0.488899,
        "a_0": 0.58574
    },
    "KDImagSpinOrbit": {
        "W1_0": -5.0168,
        "W2_0": 159.692
    },
    "KDImagVolume": {
        "W1_0_n": 15.3188,
        "W1_A_n": 0.0230642,
        "W1_0_p": 10.4223,
        "W1_A_p": 0.120896,
        "W2_0": 77.3068,
        "W2_A": 0.0757524
    },
    "KDImagSurface": {
        "D1_0": 12.9734,
        "D1_asymm": 8.13117,
        "D2_0": 0.0225339,
        "D2_A": -0.0020512,
        "D2_A2": 28.238,
        "D2_A3": 135.004,
        "D3_0": 10.2475,
        "r_0": 1.28424,
        "r_A": 0.0043935,
        "a_0_n": 0.557925,
        "a_A_n": 0.000237048,
        "a_0_p": 0.548528,
        "a_A_p": 0.000586382
    }
}