{
    "ECS_p": 0.445384,
    "ECS_n": 0.241792,
    "APower_p": 0.707885,
    "APower_n": 0.466575,
    "RCS_p": 0.0506784,
    "TCS_n": 0.0484815
}