{
    "KDHartreeFock": {
        "V1_0": 56.5232,
        "V1_asymm": 9.51442,
        "V1_A": 0.0233655,
        "V2_0_n": 0.00631331,
        "V2_A_n": 4.45854e-06,
        "V3_0_n": 8.86933e-06,
        "V3_A_n": 4.14294e-11,
        "V2_0_p": 0.00616473,
        "V2_A_p": 1.23008e-05,
        "V3_0_p": 1.21582e-05,
        "V3_A_p": 5.66915e-08,
        "V4_0": 4.33259e-09,
        "r_0": 1.30116,
        "r_A": 0.400938,
        "a_0": 0.661354,
        "a_A": -1.84263e-06
    },
    "KDCoulomb": {
        "r_C_0": 1.34079,
        "r_C_A": 0.760892,
        "r_C_A2": 10.4222
    },
    "KDRealSpinOrbit": {
        "V1_0": 4.93164,
        "V1_A": -0.0125143,
        "V2_0": 0.00292178,
        "r_0": 1.15808,
        "r_A": 0.139192,
        "a_0": 0.562046
    },
    "KDImagSpinOrbit": {
        "W1_0": -3.1908,
        "W2_0": 288.478
    },
    "KDImagVolume": {
        "W1_0_n": 14.9867,
        "W1_A_n": 0.0546781,
        "W1_0_p": 14.5007,
        "W1_A_p": 0.0357662,
        "W2_0": 68.0197,
        "W2_A": 0.0916046
    },
    "KDImagSurface": {
        "D1_0": 33.5022,
        "D1_asymm": 35.2481,
        "D2_0": 0.0481815,
        "D2_A": -0.00895488,
        "D2_A2": 2.77671,
        "D2_A3": -6.03494,
        "D3_0": 16.5879,
        "r_0": 1.26981,
        "r_A": -0.0058763,
        "a_0_n": 0.553006,
        "a_A_n": 0.000738126,
        "a_0_p": 0.432394,
        "a_A_p": 0.00219941
    }
}