{
    "ECS_p": 0.357153,
    "ECS_n": 0.37539,
    "APower_p": 0.672727,
    "APower_n": 0.505216,
    "RCS_p": 0.0402818,
    "TCS_n": 0.0353799
}