{
    "KDHartreeFock": {
        "V1_0": 59.8189,
        "V1_asymm": 10.3126,
        "V1_A": 0.0263354,
        "V2_0_n": 0.00814786,
        "V2_A_n": 5.3095e-06,
        "V3_0_n": 2.832e-05,
        "V3_A_n": 3.13789e-08,
        "V2_0_p": 0.00751775,
        "V2_A_p": 3.00479e-06,
        "V3_0_p": 2.39781e-05,
        "V3_A_p": 2.07698e-08,
        "V4_0": 2.91649e-08,
        "r_0": 1.28723,
        "r_A": 0.421545,
        "a_0": 0.716764,
        "a_A": 3.2918e-05
    },
    "KDCoulomb": {
        "r_C_0": 1.19397,
        "r_C_A": 0.422545,
        "r_C_A2": -5.68151
    },
    "KDRealSpinOrbit": {
        "V1_0": 6.25352,
        "V1_A": 0.00777139,
        "V2_0": 0.00912625,
        "r_0": 1.15882,
        "r_A": 0.201413,
        "a_0": 0.476398
    },
    "KDImagSpinOrbit": {
        "W1_0": -8.12528,
        "W2_0": 434.431
    },
    "KDImagVolume": {
        "W1_0_n": 20.0013,
        "W1_A_n": 0.0458788,
        "W1_0_p": 18.1705,
        "W1_A_p": 0.0498352,
        "W2_0": 140.879,
        "W2_A": 0.141552
    },
    "KDImagSurface": {
        "D1_0": 13.4121,
        "D1_asymm": 9.27138,
        "D2_0": 0.016581,
        "D2_A": 0.00270039,
        "D2_A2": 5.31276,
        "D2_A3": 100.754,
        "D3_0": 11.682,
        "r_0": 1.39267,
        "r_A": 0.0284865,
        "a_0_n": 0.536737,
        "a_A_n": -0.000296157,
        "a_0_p": 0.497341,
        "a_A_p": 0.00117766
    }
}