{
    "ECS_p": 0.4226,
    "ECS_n": 0.24582,
    "APower_p": 0.863503,
    "APower_n": 0.624798,
    "RCS_p": 0.04339,
    "TCS_n": 0.0411636
}