{
    "KDHartreeFock": {
        "V1_0": 57.8462,
        "V1_asymm": 1.05447,
        "V1_A": 0.0362106,
        "V2_0_n": 0.0058625,
        "V2_A_n": -1.02429e-06,
        "V3_0_n": 7.87171e-06,
        "V3_A_n": 7.34972e-09,
        "V2_0_p": 0.00666581,
        "V2_A_p": -3.62041e-06,
        "V3_0_p": 1.30137e-05,
        "V3_A_p": 3.0353e-08,
        "V4_0": -8.19219e-09,
        "r_0": 1.26868,
        "r_A": 0.279467,
        "a_0": 0.629278,
        "a_A": -4.75752e-05
    },
    "KDCoulomb": {
        "r_C_0": 1.14453,
        "r_C_A": -0.146055,
        "r_C_A2": -10.5759
    },
    "KDRealSpinOrbit": {
        "V1_0": 4.53719,
        "V1_A": -0.0156607,
        "V2_0": 0.00451163,
        "r_0": 1.15545,
        "r_A": 0.578858,
        "a_0": 0.538293
    },
    "KDImagSpinOrbit": {
        "W1_0": -4.99841,
        "W2_0": 272.801
    },
    "KDImagVolume": {
        "W1_0_n": 15.8936,
        "W1_A_n": 0.111651,
        "W1_0_p": 12.2852,
        "W1_A_p": 0.125224,
        "W2_0": 38.1719,
        "W2_A": 0.9968
    },
    "KDImagSurface": {
        "D1_0": 28.2389,
        "D1_asymm": 4.35363,
        "D2_0": 0.019854,
        "D2_A": 0.0156352,
        "D2_A2": 11.4391,
        "D2_A3": 93.3651,
        "D3_0": 19.1832,
        "r_0": 1.54961,
        "r_A": 0.0544099,
        "a_0_n": 0.491483,
        "a_A_n": 0.000211095,
        "a_0_p": 0.396536,
        "a_A_p": 0.0020871
    }
}