{
    "ECS_p": 0.31677,
    "ECS_n": 0.374317,
    "APower_p": 0.668041,
    "APower_n": 0.797707,
    "RCS_p": 0.0163036,
    "TCS_n": 0.0384651
}