{
    "KDHartreeFock": {
        "V1_0": 60.9298,
        "V1_asymm": 29.0438,
        "V1_A": 0.0231247,
        "V2_0_n": 0.00645506,
        "V2_A_n": 3.30782e-06,
        "V3_0_n": 1.33623e-05,
        "V3_A_n": 2.53667e-08,
        "V2_0_p": 0.00838865,
        "V2_A_p": 3.66847e-06,
        "V3_0_p": 2.28182e-05,
        "V3_A_p": 5.71178e-08,
        "V4_0": 3.60894e-09,
        "r_0": 1.19812,
        "r_A": 0.116603,
        "a_0": 0.6257,
        "a_A": -0.000774097
    },
    "KDCoulomb": {
        "r_C_0": 1.11588,
        "r_C_A": 2.09732,
        "r_C_A2": 15.6466
    },
    "KDRealSpinOrbit": {
        "V1_0": 5.30313,
        "V1_A": -0.00903724,
        "V2_0": 0.00425554,
        "r_0": 1.17132,
        "r_A": 0.573323,
        "a_0": 0.566277
    },
    "KDImagSpinOrbit": {
        "W1_0": -4.29266,
        "W2_0": 285.96
    },
    "KDImagVolume": {
        "W1_0_n": 19.6259,
        "W1_A_n": 0.0455953,
        "W1_0_p": 13.7973,
        "W1_A_p": 0.065213,
        "W2_0": 73.7768,
        "W2_A": 0.37679
    },
    "KDImagSurface": {
        "D1_0": 12.931,
        "D1_asymm": 9.53863,
        "D2_0": -0.0459814,
        "D2_A": 0.0709424,
        "D2_A2": 5.62031,
        "D2_A3": 313.793,
        "D3_0": 13.6861,
        "r_0": 1.23556,
        "r_A": -0.00518183,
        "a_0_n": 0.591229,
        "a_A_n": -0.00035379,
        "a_0_p": 0.594875,
        "a_A_p": 0.00144571
    }
}