{
    "ECS_p": 0.463918,
    "ECS_n": 0.290457,
    "APower_p": 0.705795,
    "APower_n": 0.76639,
    "RCS_p": 0.0541204,
    "TCS_n": 0.0362589
}