{
    "KDHartreeFock": {
        "V1_0": 60.993,
        "V1_asymm": 19.5679,
        "V1_A": 0.0251166,
        "V2_0_n": 0.00417017,
        "V2_A_n": -1.26698e-05,
        "V3_0_n": -2.5801e-06,
        "V3_A_n": -3.85897e-08,
        "V2_0_p": 0.00507772,
        "V2_A_p": 1.71119e-05,
        "V3_0_p": 4.19667e-06,
        "V3_A_p": 6.36067e-08,
        "V4_0": -2.83879e-08,
        "r_0": 1.31006,
        "r_A": 0.613871,
        "a_0": 0.672042,
        "a_A": -0.000103598
    },
    "KDCoulomb": {
        "r_C_0": 1.2704,
        "r_C_A": 0.81465,
        "r_C_A2": 34.3234
    },
    "KDRealSpinOrbit": {
        "V1_0": 2.33133,
        "V1_A": 0.0216698,
        "V2_0": 0.00395696,
        "r_0": 1.21692,
        "r_A": 0.74949,
        "a_0": 0.55115
    },
    "KDImagSpinOrbit": {
        "W1_0": -1.56168,
        "W2_0": 45.1745
    },
    "KDImagVolume": {
        "W1_0_n": 22.2437,
        "W1_A_n": -0.00875195,
        "W1_0_p": 19.7588,
        "W1_A_p": 0.0464015,
        "W2_0": 104.33,
        "W2_A": 0.0170825
    },
    "KDImagSurface": {
        "D1_0": 23.2394,
        "D1_asymm": -19.2655,
        "D2_0": -0.00529258,
        "D2_A": 0.0284272,
        "D2_A2": 1.86364,
        "D2_A3": 234.322,
        "D3_0": 23.1411,
        "r_0": 1.42773,
        "r_A": 0.0470299,
        "a_0_n": 0.609031,
        "a_A_n": -0.00024239,
        "a_0_p": 0.467272,
        "a_A_p": 0.00209311
    }
}