{
    "ECS_p": 0.410517,
    "ECS_n": 0.328097,
    "APower_p": 0.760439,
    "APower_n": 0.667515,
    "RCS_p": 0.0678927,
    "TCS_n": 0.0382016
}