{
    "KDHartreeFock": {
        "V1_0": 61.3937,
        "V1_asymm": 16.732,
        "V1_A": 0.0368574,
        "V2_0_n": 0.00665136,
        "V2_A_n": 2.76428e-06,
        "V3_0_n": 2.24299e-05,
        "V3_A_n": 3.55262e-08,
        "V2_0_p": 0.00666849,
        "V2_A_p": 5.35151e-06,
        "V3_0_p": 1.93069e-05,
        "V3_A_p": 4.72226e-08,
        "V4_0": 3.17429e-08,
        "r_0": 1.30353,
        "r_A": 0.587198,
        "a_0": 0.631649,
        "a_A": -0.000679194
    },
    "KDCoulomb": {
        "r_C_0": 1.24609,
        "r_C_A": 1.36402,
        "r_C_A2": -5.72796
    },
    "KDRealSpinOrbit": {
        "V1_0": 3.26867,
        "V1_A": -0.00902661,
        "V2_0": -0.00254535,
        "r_0": 1.35886,
        "r_A": 1.49126,
        "a_0": 0.613566
    },
    "KDImagSpinOrbit": {
        "W1_0": -3.05244,
        "W2_0": 239.157
    },
    "KDImagVolume": {
        "W1_0_n": 17.0577,
        "W1_A_n": 0.0277112,
        "W1_0_p": 31.6674,
        "W1_A_p": -0.042127,
        "W2_0": 110.362,
        "W2_A": 0.147201
    },
    "KDImagSurface": {
        "D1_0": 22.1299,
        "D1_asymm": 14.7294,
        "D2_0": -0.0479619,
        "D2_A": 0.0734253,
        "D2_A2": 13.3824,
        "D2_A3": 472.188,
        "D3_0": 15.0451,
        "r_0": 1.53372,
        "r_A": 0.0603555,
        "a_0_n": 0.566051,
        "a_A_n": 0.000120705,
        "a_0_p": 0.433564,
        "a_A_p": 0.00190077
    }
}