{
    "ECS_p": 0.458076,
    "ECS_n": 0.228183,
    "APower_p": 0.630167,
    "APower_n": 0.553916,
    "RCS_p": 0.0267549,
    "TCS_n": 0.031367
}