{
    "KDHartreeFock": {
        "V1_0": 61.0921,
        "V1_asymm": 17.1131,
        "V1_A": 0.0350704,
        "V2_0_n": 0.00650601,
        "V2_A_n": -1.90965e-06,
        "V3_0_n": 1.73968e-05,
        "V3_A_n": 2.53824e-09,
        "V2_0_p": 0.00578401,
        "V2_A_p": 1.7264e-05,
        "V3_0_p": 1.48859e-05,
        "V3_A_p": 6.89961e-08,
        "V4_0": 2.45523e-08,
        "r_0": 1.32442,
        "r_A": 0.579525,
        "a_0": 0.678824,
        "a_A": -0.000160513
    },
    "KDCoulomb": {
        "r_C_0": 1.11944,
        "r_C_A": 0.967527,
        "r_C_A2": -4.43214
    },
    "KDRealSpinOrbit": {
        "V1_0": 4.72774,
        "V1_A": 0.00223717,
        "V2_0": 0.000975113,
        "r_0": 1.1473,
        "r_A": 0.3567,
        "a_0": 0.607267
    },
    "KDImagSpinOrbit": {
        "W1_0": -0.395887,
        "W2_0": 337.477
    },
    "KDImagVolume": {
        "W1_0_n": 18.3839,
        "W1_A_n": -0.00282422,
        "W1_0_p": 13.0111,
        "W1_A_p": 0.0384656,
        "W2_0": 108.237,
        "W2_A": -0.117847
    },
    "KDImagSurface": {
        "D1_0": 15.0265,
        "D1_asymm": 13.8197,
        "D2_0": 0.00363254,
        "D2_A": 0.0142598,
        "D2_A2": 1.22752,
        "D2_A3": 312.642,
        "D3_0": 12.0591,
        "r_0": 1.15035,
        "r_A": -0.011872,
        "a_0_n": 0.548403,
        "a_A_n": -0.0010164,
        "a_0_p": 0.563825,
        "a_A_p": 0.000402529
    }
}