{
    "ECS_p": 0.47871,
    "ECS_n": 0.363912,
    "APower_p": 0.857603,
    "APower_n": 0.530905,
    "RCS_p": 0.0259778,
    "TCS_n": 0.0373274
}