{
    "KDHartreeFock": {
        "V1_0": 58.3009,
        "V1_asymm": 21.8366,
        "V1_A": 0.0109979,
        "V2_0_n": 0.00465126,
        "V2_A_n": -9.03681e-06,
        "V3_0_n": -4.93174e-07,
        "V3_A_n": -4.77524e-08,
        "V2_0_p": 0.00657942,
        "V2_A_p": 1.1088e-05,
        "V3_0_p": 9.86346e-06,
        "V3_A_p": 9.29794e-08,
        "V4_0": -1.39253e-08,
        "r_0": 1.27299,
        "r_A": 0.411013,
        "a_0": 0.66695,
        "a_A": -0.000177897
    },
    "KDCoulomb": {
        "r_C_0": 1.15821,
        "r_C_A": 0.58057,
        "r_C_A2": 7.53121
    },
    "KDRealSpinOrbit": {
        "V1_0": 7.63941,
        "V1_A": -0.030637,
        "V2_0": 0.00329612,
        "r_0": 1.21402,
        "r_A": 0.76096,
        "a_0": 0.547512
    },
    "KDImagSpinOrbit": {
        "W1_0": -3.82002,
        "W2_0": 465.131
    },
    "KDImagVolume": {
        "W1_0_n": 20.4048,
        "W1_A_n": -0.0166477,
        "W1_0_p": 16.3562,
        "W1_A_p": -0.000441349,
        "W2_0": 69.4877,
        "W2_A": -0.099038
    },
    "KDImagSurface": {
        "D1_0": 10.5736,
        "D1_asymm": -13.4237,
        "D2_0": 0.0285403,
        "D2_A": -0.00300531,
        "D2_A2": 1.9669,
        "D2_A3": 285.854,
        "D3_0": 9.94518,
        "r_0": 1.58372,
        "r_A": 0.0635527,
        "a_0_n": 0.563974,
        "a_A_n": 0.000476301,
        "a_0_p": 0.487891,
        "a_A_p": 0.00268261
    }
}