{
    "ECS_p": 0.454686,
    "ECS_n": 0.250974,
    "APower_p": 0.850551,
    "APower_n": 0.745145,
    "RCS_p": 0.0644341,
    "TCS_n": 0.0433731
}