{
    "KDHartreeFock": {
        "V1_0": 58.425,
        "V1_asymm": 21.2714,
        "V1_A": 0.00906506,
        "V2_0_n": 0.00894827,
        "V2_A_n": 1.79747e-05,
        "V3_0_n": 3.20131e-05,
        "V3_A_n": 1.06155e-07,
        "V2_0_p": 0.00868078,
        "V2_A_p": 3.98027e-07,
        "V3_0_p": 2.52009e-05,
        "V3_A_p": 3.18723e-08,
        "V4_0": 2.46585e-08,
        "r_0": 1.17551,
        "r_A": -0.0673623,
        "a_0": 0.618876,
        "a_A": -0.000596741
    },
    "KDCoulomb": {
        "r_C_0": 1.35569,
        "r_C_A": 0.244014,
        "r_C_A2": 8.97102
    },
    "KDRealSpinOrbit": {
        "V1_0": 5.75418,
        "V1_A": 0.0117837,
        "V2_0": 0.00815282,
        "r_0": 1.24279,
        "r_A": 0.888405,
        "a_0": 0.550009
    },
    "KDImagSpinOrbit": {
        "W1_0": -3.74276,
        "W2_0": 97.409
    },
    "KDImagVolume": {
        "W1_0_n": 17.0279,
        "W1_A_n": 0.0924926,
        "W1_0_p": 21.7519,
        "W1_A_p": 0.0917477,
        "W2_0": 118.95,
        "W2_A": 0.324139
    },
    "KDImagSurface": {
        "D1_0": 18.5407,
        "D1_asymm": 14.688,
        "D2_0": 0.0295092,
        "D2_A": -0.00413091,
        "D2_A2": 10.0048,
        "D2_A3": 382.804,
        "D3_0": 16.0789,
        "r_0": 1.25179,
        "r_A": 0.00830885,
        "a_0_n": 0.588392,
        "a_A_n": -0.000304812,
        "a_0_p": 0.530572,
        "a_A_p": 0.00189537
    }
}