{
    "ECS_p": 0.400398,
    "ECS_n": 0.297508,
    "APower_p": 0.699867,
    "APower_n": 0.619655,
    "RCS_p": 0.0223585,
    "TCS_n": 0.0514662
}