{
    "KDHartreeFock": {
        "V1_0": 62.2729,
        "V1_asymm": 7.19477,
        "V1_A": 0.0613385,
        "V2_0_n": 0.00853651,
        "V2_A_n": 3.47027e-06,
        "V3_0_n": 3.32707e-05,
        "V3_A_n": 2.74951e-08,
        "V2_0_p": 0.00819739,
        "V2_A_p": -1.4299e-06,
        "V3_0_p": 3.47239e-05,
        "V3_A_p": -7.22131e-08,
        "V4_0": 5.07232e-08,
        "r_0": 1.37414,
        "r_A": 0.726581,
        "a_0": 0.673904,
        "a_A": -0.000171484
    },
    "KDCoulomb": {
        "r_C_0": 1.13522,
        "r_C_A": -0.162683,
        "r_C_A2": 19.3502
    },
    "KDRealSpinOrbit": {
        "V1_0": 4.66285,
        "V1_A": 0.00242475,
        "V2_0": 0.00514194,
        "r_0": 1.33073,
        "r_A": 1.03653,
        "a_0": 0.536495
    },
    "KDImagSpinOrbit": {
        "W1_0": -7.71032,
        "W2_0": 401.016
    },
    "KDImagVolume": {
        "W1_0_n": 25.7361,
        "W1_A_n": 0.0130991,
        "W1_0_p": 17.7502,
        "W1_A_p": 0.0360131,
        "W2_0": 105.549,
        "W2_A": 0.323687
    },
    "KDImagSurface": {
        "D1_0": 34.3705,
        "D1_asymm": 9.09415,
        "D2_0": 0.0547493,
        "D2_A": -0.0269809,
        "D2_A2": 15.6637,
        "D2_A3": 335.087,
        "D3_0": 23.2812,
        "r_0": 1.26274,
        "r_A": 0.00822565,
        "a_0_n": 0.446584,
        "a_A_n": -0.000938216,
        "a_0_p": 0.432702,
        "a_A_p": 0.00170268
    }
}