{
    "ECS_p": 0.251782,
    "ECS_n": 0.17149,
    "APower_p": 0.46247,
    "APower_n": 0.234378,
    "RCS_p": 0.0226738,
    "TCS_n": 0.0295232
}