{
    "KDHartreeFock": {
        "V1_0": 58.5196,
        "V1_asymm": 13.6466,
        "V1_A": 0.0304327,
        "V2_0_n": 0.00663143,
        "V2_A_n": 6.58054e-06,
        "V3_0_n": 1.33079e-05,
        "V3_A_n": 2.15281e-08,
        "V2_0_p": 0.00813629,
        "V2_A_p": -9.24664e-06,
        "V3_0_p": 2.94826e-05,
        "V3_A_p": -7.40236e-08,
        "V4_0": 7.1485e-09,
        "r_0": 1.27125,
        "r_A": 0.324641,
        "a_0": 0.695945,
        "a_A": 8.07268e-05
    },
    "KDCoulomb": {
        "r_C_0": 1.28357,
        "r_C_A": 0.59666,
        "r_C_A2": 2.49991
    },
    "KDRealSpinOrbit": {
        "V1_0": 5.17679,
        "V1_A": 0.0219965,
        "V2_0": 0.011635,
        "r_0": 1.24375,
        "r_A": 0.765977,
        "a_0": 0.5295
    },
    "KDImagSpinOrbit": {
        "W1_0": -5.74675,
        "W2_0": 267.26
    },
    "KDImagVolume": {
        "W1_0_n": 21.5297,
        "W1_A_n": 0.000687456,
        "W1_0_p": 19.5983,
        "W1_A_p": 0.0116251,
        "W2_0": 88.5331,
        "W2_A": 0.113491
    },
    "KDImagSurface": {
        "D1_0": 21.1529,
        "D1_asymm": 22.7882,
        "D2_0": 0.00277077,
        "D2_A": 0.0249639,
        "D2_A2": 4.7429,
        "D2_A3": 291.762,
        "D3_0": 17.0824,
        "r_0": 1.23744,
        "r_A": 0.00622741,
        "a_0_n": 0.589218,
        "a_A_n": -0.000453343,
        "a_0_p": 0.542211,
        "a_A_p": 0.0011649
    }
}