{
    "ECS_p": 0.448138,
    "ECS_n": 0.191658,
    "APower_p": 0.589339,
    "APower_n": 0.639988,
    "RCS_p": 0.00877522,
    "TCS_n": 0.0393129
}