{
    "KDHartreeFock": {
        "V1_0": 61.7047,
        "V1_asymm": 15.6477,
        "V1_A": 0.0448519,
        "V2_0_n": 0.00550304,
        "V2_A_n": 7.71163e-06,
        "V3_0_n": 6.53769e-06,
        "V3_A_n": 3.78554e-08,
        "V2_0_p": 0.0057646,
        "V2_A_p": 3.48529e-06,
        "V3_0_p": 1.01622e-05,
        "V3_A_p": 4.57087e-08,
        "V4_0": 1.53953e-09,
        "r_0": 1.27438,
        "r_A": 0.451048,
        "a_0": 0.630439,
        "a_A": -0.000744924
    },
    "KDCoulomb": {
        "r_C_0": 1.18036,
        "r_C_A": 1.11723,
        "r_C_A2": -5.10296
    },
    "KDRealSpinOrbit": {
        "V1_0": 7.62933,
        "V1_A": 0.00701827,
        "V2_0": 0.0167204,
        "r_0": 1.22636,
        "r_A": 0.644617,
        "a_0": 0.57309
    },
    "KDImagSpinOrbit": {
        "W1_0": -2.34281,
        "W2_0": 187.446
    },
    "KDImagVolume": {
        "W1_0_n": 24.0042,
        "W1_A_n": 0.00487334,
        "W1_0_p": 19.9213,
        "W1_A_p": -0.00514789,
        "W2_0": 118.012,
        "W2_A": 0.0229843
    },
    "KDImagSurface": {
        "D1_0": 13.8831,
        "D1_asymm": 13.2406,
        "D2_0": 0.0432931,
        "D2_A": -0.0255824,
        "D2_A2": 14.7359,
        "D2_A3": 330.103,
        "D3_0": 13.0812,
        "r_0": 1.36292,
        "r_A": 0.0251177,
        "a_0_n": 0.486661,
        "a_A_n": -0.00120783,
        "a_0_p": 0.478721,
        "a_A_p": 0.00183729
    }
}