{
    "ECS_p": 0.274821,
    "ECS_n": 0.157623,
    "APower_p": 0.28087,
    "APower_n": 0.312664,
    "RCS_p": 0.00563654,
    "TCS_n": 0.0230909
}