{
    "KDHartreeFock": {
        "V1_0": 59.3776,
        "V1_asymm": 16.2059,
        "V1_A": 0.0210183,
        "V2_0_n": 0.00694922,
        "V2_A_n": 2.89147e-06,
        "V3_0_n": 2.11042e-05,
        "V3_A_n": 4.64273e-08,
        "V2_0_p": 0.00602393,
        "V2_A_p": 1.05012e-05,
        "V3_0_p": 1.44864e-05,
        "V3_A_p": 7.56283e-08,
        "V4_0": 6.94196e-09,
        "r_0": 1.24882,
        "r_A": 0.320033,
        "a_0": 0.693069,
        "a_A": -0.000134968
    },
    "KDCoulomb": {
        "r_C_0": 1.26479,
        "r_C_A": 0.527799,
        "r_C_A2": 10.7186
    },
    "KDRealSpinOrbit": {
        "V1_0": 7.32728,
        "V1_A": -0.0003876,
        "V2_0": 0.0105998,
        "r_0": 1.21935,
        "r_A": 0.773145,
        "a_0": 0.553117
    },
    "KDImagSpinOrbit": {
        "W1_0": -6.27747,
        "W2_0": 245.446
    },
    "KDImagVolume": {
        "W1_0_n": 13.538,
        "W1_A_n": 0.0413405,
        "W1_0_p": 20.5764,
        "W1_A_p": 0.0180562,
        "W2_0": 106.712,
        "W2_A": -0.0239753
    },
    "KDImagSurface": {
        "D1_0": 16.0284,
        "D1_asymm": 15.9553,
        "D2_0": 0.0250676,
        "D2_A": -0.00116958,
        "D2_A2": 18.409,
        "D2_A3": 288.751,
        "D3_0": 12.5824,
        "r_0": 1.3765,
        "r_A": 0.0233872,
        "a_0_n": 0.560233,
        "a_A_n": -0.000350934,
        "a_0_p": 0.521298,
        "a_A_p": 0.000855229
    }
}