{
    "ECS_p": 0.342598,
    "ECS_n": 0.22171,
    "APower_p": 0.268312,
    "APower_n": 0.199759,
    "RCS_p": 0.0130672,
    "TCS_n": 0.0452864
}