{
    "KDHartreeFock": {
        "V1_0": 59.2491,
        "V1_asymm": 19.4709,
        "V1_A": 0.0248148,
        "V2_0_n": 0.00723793,
        "V2_A_n": 1.22944e-05,
        "V3_0_n": 1.98065e-05,
        "V3_A_n": 5.86326e-08,
        "V2_0_p": 0.00741407,
        "V2_A_p": -8.44669e-07,
        "V3_0_p": 2.23029e-05,
        "V3_A_p": -7.97898e-09,
        "V4_0": 1.70241e-08,
        "r_0": 1.23065,
        "r_A": 0.245778,
        "a_0": 0.707686,
        "a_A": -0.000198327
    },
    "KDCoulomb": {
        "r_C_0": 1.36094,
        "r_C_A": 1.28977,
        "r_C_A2": 26.0006
    },
    "KDRealSpinOrbit": {
        "V1_0": 7.48676,
        "V1_A": -0.0113751,
        "V2_0": 0.00635606,
        "r_0": 1.21473,
        "r_A": 0.798227,
        "a_0": 0.640218
    },
    "KDImagSpinOrbit": {
        "W1_0": -11.0016,
        "W2_0": 356.717
    },
    "KDImagVolume": {
        "W1_0_n": 29.9112,
        "W1_A_n": -0.0174999,
        "W1_0_p": 23.948,
        "W1_A_p": 0.0677829,
        "W2_0": 183.92,
        "W2_A": -0.0503634
    },
    "KDImagSurface": {
        "D1_0": 15.7774,
        "D1_asymm": 14.3106,
        "D2_0": -0.00469977,
        "D2_A": 0.0258837,
        "D2_A2": 11.6342,
        "D2_A3": 257.436,
        "D3_0": 12.3519,
        "r_0": 1.328,
        "r_A": 0.0104441,
        "a_0_n": 0.584927,
        "a_A_n": 0.000124144,
        "a_0_p": 0.546315,
        "a_A_p": 0.000607308
    }
}